datetime,AE,AL
2024-05-06 00:00:00,749.0,-468.0
2024-05-06 00:01:00,686.0,-480.0
2024-05-06 00:02:00,690.0,-462.0
2024-05-06 00:03:00,718.0,-427.0
2024-05-06 00:04:00,721.0,-408.0
2024-05-06 00:05:00,677.0,-417.0
2024-05-06 00:06:00,708.0,-460.0
2024-05-06 00:07:00,762.0,-471.0
2024-05-06 00:08:00,736.0,-434.0
2024-05-06 00:09:00,700.0,-391.0
2024-05-06 00:10:00,695.0,-384.0
2024-05-06 00:11:00,754.0,-460.0
2024-05-06 00:12:00,777.0,-499.0
2024-05-06 00:13:00,702.0,-423.0
2024-05-06 00:14:00,730.0,-427.0
2024-05-06 00:15:00,811.0,-465.0
2024-05-06 00:16:00,803.0,-481.0
2024-05-06 00:17:00,756.0,-462.0
2024-05-06 00:18:00,803.0,-474.0
2024-05-06 00:19:00,843.0,-468.0
2024-05-06 00:20:00,767.0,-417.0
2024-05-06 00:21:00,702.0,-389.0
2024-05-06 00:22:00,711.0,-363.0
2024-05-06 00:23:00,722.0,-389.0
2024-05-06 00:24:00,750.0,-385.0
2024-05-06 00:25:00,724.0,-343.0
2024-05-06 00:26:00,728.0,-345.0
2024-05-06 00:27:00,786.0,-386.0
2024-05-06 00:28:00,805.0,-411.0
2024-05-06 00:29:00,824.0,-431.0
2024-05-06 00:30:00,863.0,-468.0
2024-05-06 00:31:00,873.0,-468.0
2024-05-06 00:32:00,846.0,-426.0
2024-05-06 00:33:00,839.0,-417.0
2024-05-06 00:34:00,813.0,-394.0
2024-05-06 00:35:00,789.0,-375.0
2024-05-06 00:36:00,779.0,-364.0
2024-05-06 00:37:00,789.0,-369.0
2024-05-06 00:38:00,782.0,-346.0
2024-05-06 00:39:00,785.0,-328.0
2024-05-06 00:40:00,777.0,-320.0
2024-05-06 00:41:00,756.0,-322.0
2024-05-06 00:42:00,740.0,-318.0
2024-05-06 00:43:00,744.0,-322.0
2024-05-06 00:44:00,756.0,-332.0
2024-05-06 00:45:00,770.0,-347.0
2024-05-06 00:46:00,789.0,-380.0
2024-05-06 00:47:00,787.0,-380.0
2024-05-06 00:48:00,784.0,-374.0
2024-05-06 00:49:00,761.0,-352.0
2024-05-06 00:50:00,736.0,-332.0
2024-05-06 00:51:00,715.0,-315.0
2024-05-06 00:52:00,692.0,-290.0
2024-05-06 00:53:00,702.0,-301.0
2024-05-06 00:54:00,707.0,-312.0
2024-05-06 00:55:00,730.0,-341.0
2024-05-06 00:56:00,786.0,-398.0
2024-05-06 00:57:00,787.0,-401.0
2024-05-06 00:58:00,760.0,-393.0
2024-05-06 00:59:00,747.0,-391.0
2024-05-06 01:00:00,740.0,-396.0
2024-05-06 01:01:00,718.0,-383.0
2024-05-06 01:02:00,705.0,-367.0
2024-05-06 01:03:00,733.0,-388.0
2024-05-06 01:04:00,716.0,-375.0
2024-05-06 01:05:00,725.0,-380.0
2024-05-06 01:06:00,748.0,-394.0
2024-05-06 01:07:00,752.0,-397.0
2024-05-06 01:08:00,767.0,-408.0
2024-05-06 01:09:00,846.0,-480.0
2024-05-06 01:10:00,883.0,-520.0
2024-05-06 01:11:00,896.0,-546.0
2024-05-06 01:12:00,898.0,-563.0
2024-05-06 01:13:00,869.0,-550.0
2024-05-06 01:14:00,847.0,-543.0
2024-05-06 01:15:00,800.0,-515.0
2024-05-06 01:16:00,752.0,-488.0
2024-05-06 01:17:00,677.0,-435.0
2024-05-06 01:18:00,626.0,-399.0
2024-05-06 01:19:00,579.0,-359.0
2024-05-06 01:20:00,549.0,-335.0
2024-05-06 01:21:00,509.0,-302.0
2024-05-06 01:22:00,473.0,-268.0
2024-05-06 01:23:00,471.0,-267.0
2024-05-06 01:24:00,452.0,-257.0
2024-05-06 01:25:00,428.0,-244.0
2024-05-06 01:26:00,411.0,-236.0
2024-05-06 01:27:00,404.0,-235.0
2024-05-06 01:28:00,390.0,-233.0
2024-05-06 01:29:00,368.0,-228.0
2024-05-06 01:30:00,349.0,-221.0
2024-05-06 01:31:00,333.0,-210.0
2024-05-06 01:32:00,306.0,-192.0
2024-05-06 01:33:00,275.0,-172.0
2024-05-06 01:34:00,232.0,-146.0
2024-05-06 01:35:00,196.0,-127.0
2024-05-06 01:36:00,169.0,-113.0
2024-05-06 01:37:00,152.0,-103.0
2024-05-06 01:38:00,149.0,-100.0
2024-05-06 01:39:00,145.0,-96.0
2024-05-06 01:40:00,140.0,-91.0
2024-05-06 01:41:00,141.0,-92.0
2024-05-06 01:42:00,144.0,-92.0
2024-05-06 01:43:00,145.0,-91.0
2024-05-06 01:44:00,144.0,-91.0
2024-05-06 01:45:00,140.0,-87.0
2024-05-06 01:46:00,136.0,-80.0
2024-05-06 01:47:00,130.0,-74.0
2024-05-06 01:48:00,125.0,-71.0
2024-05-06 01:49:00,123.0,-71.0
2024-05-06 01:50:00,121.0,-70.0
2024-05-06 01:51:00,124.0,-68.0
2024-05-06 01:52:00,129.0,-69.0
2024-05-06 01:53:00,115.0,-69.0
2024-05-06 01:54:00,115.0,-73.0
2024-05-06 01:55:00,120.0,-76.0
2024-05-06 01:56:00,133.0,-81.0
2024-05-06 01:57:00,146.0,-83.0
2024-05-06 01:58:00,154.0,-81.0
2024-05-06 01:59:00,157.0,-74.0
2024-05-06 02:00:00,149.0,-71.0
2024-05-06 02:01:00,146.0,-70.0
2024-05-06 02:02:00,135.0,-69.0
2024-05-06 02:03:00,124.0,-65.0
2024-05-06 02:04:00,116.0,-62.0
2024-05-06 02:05:00,114.0,-64.0
2024-05-06 02:06:00,115.0,-66.0
2024-05-06 02:07:00,120.0,-65.0
2024-05-06 02:08:00,113.0,-59.0
2024-05-06 02:09:00,99.0,-50.0
2024-05-06 02:10:00,87.0,-46.0
2024-05-06 02:11:00,87.0,-45.0
2024-05-06 02:12:00,81.0,-44.0
2024-05-06 02:13:00,76.0,-42.0
2024-05-06 02:14:00,72.0,-41.0
2024-05-06 02:15:00,79.0,-41.0
2024-05-06 02:16:00,82.0,-43.0
2024-05-06 02:17:00,83.0,-47.0
2024-05-06 02:18:00,96.0,-53.0
2024-05-06 02:19:00,92.0,-54.0
2024-05-06 02:20:00,90.0,-54.0
2024-05-06 02:21:00,92.0,-57.0
2024-05-06 02:22:00,101.0,-59.0
2024-05-06 02:23:00,114.0,-61.0
2024-05-06 02:24:00,120.0,-62.0
2024-05-06 02:25:00,117.0,-61.0
2024-05-06 02:26:00,110.0,-63.0
2024-05-06 02:27:00,107.0,-65.0
2024-05-06 02:28:00,110.0,-67.0
2024-05-06 02:29:00,117.0,-69.0
2024-05-06 02:30:00,123.0,-73.0
2024-05-06 02:31:00,130.0,-77.0
2024-05-06 02:32:00,130.0,-79.0
2024-05-06 02:33:00,131.0,-80.0
2024-05-06 02:34:00,130.0,-79.0
2024-05-06 02:35:00,127.0,-78.0
2024-05-06 02:36:00,127.0,-78.0
2024-05-06 02:37:00,132.0,-80.0
2024-05-06 02:38:00,134.0,-81.0
2024-05-06 02:39:00,134.0,-82.0
2024-05-06 02:40:00,136.0,-84.0
2024-05-06 02:41:00,134.0,-83.0
2024-05-06 02:42:00,127.0,-82.0
2024-05-06 02:43:00,125.0,-81.0
2024-05-06 02:44:00,126.0,-81.0
2024-05-06 02:45:00,126.0,-81.0
2024-05-06 02:46:00,126.0,-80.0
2024-05-06 02:47:00,130.0,-79.0
2024-05-06 02:48:00,136.0,-80.0
2024-05-06 02:49:00,139.0,-79.0
2024-05-06 02:50:00,138.0,-75.0
2024-05-06 02:51:00,124.0,-68.0
2024-05-06 02:52:00,112.0,-66.0
2024-05-06 02:53:00,108.0,-65.0
2024-05-06 02:54:00,106.0,-59.0
2024-05-06 02:55:00,107.0,-56.0
2024-05-06 02:56:00,109.0,-57.0
2024-05-06 02:57:00,113.0,-59.0
2024-05-06 02:58:00,118.0,-60.0
2024-05-06 02:59:00,117.0,-57.0
2024-05-06 03:00:00,114.0,-55.0
2024-05-06 03:01:00,115.0,-56.0
2024-05-06 03:02:00,120.0,-58.0
2024-05-06 03:03:00,126.0,-59.0
2024-05-06 03:04:00,126.0,-57.0
2024-05-06 03:05:00,116.0,-52.0
2024-05-06 03:06:00,105.0,-48.0
2024-05-06 03:07:00,98.0,-47.0
2024-05-06 03:08:00,100.0,-51.0
2024-05-06 03:09:00,108.0,-55.0
2024-05-06 03:10:00,115.0,-58.0
2024-05-06 03:11:00,112.0,-57.0
2024-05-06 03:12:00,110.0,-56.0
2024-05-06 03:13:00,109.0,-56.0
2024-05-06 03:14:00,109.0,-57.0
2024-05-06 03:15:00,114.0,-59.0
2024-05-06 03:16:00,118.0,-60.0
2024-05-06 03:17:00,118.0,-60.0
2024-05-06 03:18:00,113.0,-55.0
2024-05-06 03:19:00,110.0,-55.0
2024-05-06 03:20:00,110.0,-57.0
2024-05-06 03:21:00,114.0,-60.0
2024-05-06 03:22:00,121.0,-64.0
2024-05-06 03:23:00,121.0,-63.0
2024-05-06 03:24:00,121.0,-63.0
2024-05-06 03:25:00,121.0,-64.0
2024-05-06 03:26:00,120.0,-64.0
2024-05-06 03:27:00,119.0,-62.0
2024-05-06 03:28:00,115.0,-60.0
2024-05-06 03:29:00,107.0,-58.0
2024-05-06 03:30:00,109.0,-60.0
2024-05-06 03:31:00,118.0,-60.0
2024-05-06 03:32:00,121.0,-55.0
2024-05-06 03:33:00,105.0,-46.0
2024-05-06 03:34:00,84.0,-40.0
2024-05-06 03:35:00,77.0,-39.0
2024-05-06 03:36:00,84.0,-39.0
2024-05-06 03:37:00,97.0,-43.0
2024-05-06 03:38:00,101.0,-46.0
2024-05-06 03:39:00,99.0,-46.0
2024-05-06 03:40:00,94.0,-43.0
2024-05-06 03:41:00,88.0,-39.0
2024-05-06 03:42:00,83.0,-38.0
2024-05-06 03:43:00,83.0,-39.0
2024-05-06 03:44:00,86.0,-41.0
2024-05-06 03:45:00,87.0,-40.0
2024-05-06 03:46:00,80.0,-36.0
2024-05-06 03:47:00,74.0,-37.0
2024-05-06 03:48:00,67.0,-36.0
2024-05-06 03:49:00,66.0,-35.0
2024-05-06 03:50:00,74.0,-34.0
2024-05-06 03:51:00,78.0,-33.0
2024-05-06 03:52:00,75.0,-34.0
2024-05-06 03:53:00,75.0,-35.0
2024-05-06 03:54:00,81.0,-40.0
2024-05-06 03:55:00,80.0,-38.0
2024-05-06 03:56:00,81.0,-37.0
2024-05-06 03:57:00,80.0,-37.0
2024-05-06 03:58:00,78.0,-33.0
2024-05-06 03:59:00,87.0,-35.0
2024-05-06 04:00:00,82.0,-29.0
2024-05-06 04:01:00,76.0,-34.0
2024-05-06 04:02:00,69.0,-37.0
2024-05-06 04:03:00,77.0,-46.0
2024-05-06 04:04:00,95.0,-53.0
2024-05-06 04:05:00,103.0,-46.0
2024-05-06 04:06:00,91.0,-32.0
2024-05-06 04:07:00,83.0,-32.0
2024-05-06 04:08:00,78.0,-34.0
2024-05-06 04:09:00,78.0,-37.0
2024-05-06 04:10:00,78.0,-37.0
2024-05-06 04:11:00,78.0,-37.0
2024-05-06 04:12:00,83.0,-43.0
2024-05-06 04:13:00,80.0,-43.0
2024-05-06 04:14:00,74.0,-40.0
2024-05-06 04:15:00,70.0,-34.0
2024-05-06 04:16:00,74.0,-33.0
2024-05-06 04:17:00,73.0,-34.0
2024-05-06 04:18:00,71.0,-35.0
2024-05-06 04:19:00,72.0,-38.0
2024-05-06 04:20:00,70.0,-38.0
2024-05-06 04:21:00,73.0,-43.0
2024-05-06 04:22:00,76.0,-44.0
2024-05-06 04:23:00,78.0,-43.0
2024-05-06 04:24:00,74.0,-40.0
2024-05-06 04:25:00,72.0,-43.0
2024-05-06 04:26:00,72.0,-48.0
2024-05-06 04:27:00,83.0,-61.0
2024-05-06 04:28:00,86.0,-62.0
2024-05-06 04:29:00,95.0,-61.0
2024-05-06 04:30:00,88.0,-51.0
2024-05-06 04:31:00,72.0,-40.0
2024-05-06 04:32:00,75.0,-43.0
2024-05-06 04:33:00,75.0,-43.0
2024-05-06 04:34:00,81.0,-49.0
2024-05-06 04:35:00,83.0,-51.0
2024-05-06 04:36:00,81.0,-52.0
2024-05-06 04:37:00,77.0,-49.0
2024-05-06 04:38:00,73.0,-44.0
2024-05-06 04:39:00,72.0,-42.0
2024-05-06 04:40:00,78.0,-45.0
2024-05-06 04:41:00,81.0,-46.0
2024-05-06 04:42:00,78.0,-46.0
2024-05-06 04:43:00,69.0,-41.0
2024-05-06 04:44:00,72.0,-43.0
2024-05-06 04:45:00,80.0,-45.0
2024-05-06 04:46:00,92.0,-50.0
2024-05-06 04:47:00,91.0,-50.0
2024-05-06 04:48:00,83.0,-49.0
2024-05-06 04:49:00,78.0,-46.0
2024-05-06 04:50:00,81.0,-48.0
2024-05-06 04:51:00,84.0,-48.0
2024-05-06 04:52:00,92.0,-48.0
2024-05-06 04:53:00,88.0,-49.0
2024-05-06 04:54:00,81.0,-54.0
2024-05-06 04:55:00,83.0,-60.0
2024-05-06 04:56:00,101.0,-69.0
2024-05-06 04:57:00,116.0,-75.0
2024-05-06 04:58:00,107.0,-66.0
2024-05-06 04:59:00,109.0,-70.0
2024-05-06 05:00:00,108.0,-71.0
2024-05-06 05:01:00,108.0,-68.0
2024-05-06 05:02:00,106.0,-66.0
2024-05-06 05:03:00,110.0,-73.0
2024-05-06 05:04:00,108.0,-77.0
2024-05-06 05:05:00,102.0,-73.0
2024-05-06 05:06:00,106.0,-76.0
2024-05-06 05:07:00,109.0,-75.0
2024-05-06 05:08:00,105.0,-73.0
2024-05-06 05:09:00,101.0,-72.0
2024-05-06 05:10:00,99.0,-69.0
2024-05-06 05:11:00,99.0,-68.0
2024-05-06 05:12:00,104.0,-73.0
2024-05-06 05:13:00,115.0,-84.0
2024-05-06 05:14:00,127.0,-98.0
2024-05-06 05:15:00,156.0,-127.0
2024-05-06 05:16:00,169.0,-139.0
2024-05-06 05:17:00,187.0,-155.0
2024-05-06 05:18:00,175.0,-145.0
2024-05-06 05:19:00,188.0,-158.0
2024-05-06 05:20:00,217.0,-183.0
2024-05-06 05:21:00,192.0,-159.0
2024-05-06 05:22:00,185.0,-160.0
2024-05-06 05:23:00,189.0,-165.0
2024-05-06 05:24:00,198.0,-166.0
2024-05-06 05:25:00,222.0,-185.0
2024-05-06 05:26:00,234.0,-178.0
2024-05-06 05:27:00,224.0,-145.0
2024-05-06 05:28:00,228.0,-135.0
2024-05-06 05:29:00,224.0,-120.0
2024-05-06 05:30:00,215.0,-96.0
2024-05-06 05:31:00,209.0,-81.0
2024-05-06 05:32:00,213.0,-85.0
2024-05-06 05:33:00,209.0,-86.0
2024-05-06 05:34:00,203.0,-80.0
2024-05-06 05:35:00,199.0,-71.0
2024-05-06 05:36:00,194.0,-67.0
2024-05-06 05:37:00,185.0,-71.0
2024-05-06 05:38:00,188.0,-80.0
2024-05-06 05:39:00,185.0,-83.0
2024-05-06 05:40:00,172.0,-80.0
2024-05-06 05:41:00,171.0,-78.0
2024-05-06 05:42:00,173.0,-72.0
2024-05-06 05:43:00,174.0,-69.0
2024-05-06 05:44:00,184.0,-77.0
2024-05-06 05:45:00,185.0,-79.0
2024-05-06 05:46:00,179.0,-70.0
2024-05-06 05:47:00,186.0,-64.0
2024-05-06 05:48:00,192.0,-73.0
2024-05-06 05:49:00,187.0,-77.0
2024-05-06 05:50:00,182.0,-72.0
2024-05-06 05:51:00,181.0,-70.0
2024-05-06 05:52:00,181.0,-81.0
2024-05-06 05:53:00,182.0,-82.0
2024-05-06 05:54:00,189.0,-81.0
2024-05-06 05:55:00,179.0,-70.0
2024-05-06 05:56:00,165.0,-58.0
2024-05-06 05:57:00,165.0,-57.0
2024-05-06 05:58:00,159.0,-57.0
2024-05-06 05:59:00,152.0,-57.0
2024-05-06 06:00:00,142.0,-58.0
2024-05-06 06:01:00,137.0,-55.0
2024-05-06 06:02:00,141.0,-51.0
2024-05-06 06:03:00,156.0,-53.0
2024-05-06 06:04:00,162.0,-52.0
2024-05-06 06:05:00,173.0,-62.0
2024-05-06 06:06:00,182.0,-67.0
2024-05-06 06:07:00,202.0,-69.0
2024-05-06 06:08:00,212.0,-72.0
2024-05-06 06:09:00,205.0,-73.0
2024-05-06 06:10:00,188.0,-65.0
2024-05-06 06:11:00,167.0,-61.0
2024-05-06 06:12:00,148.0,-57.0
2024-05-06 06:13:00,133.0,-50.0
2024-05-06 06:14:00,152.0,-56.0
2024-05-06 06:15:00,178.0,-58.0
2024-05-06 06:16:00,184.0,-50.0
2024-05-06 06:17:00,191.0,-60.0
2024-05-06 06:18:00,176.0,-56.0
2024-05-06 06:19:00,170.0,-58.0
2024-05-06 06:20:00,172.0,-58.0
2024-05-06 06:21:00,178.0,-59.0
2024-05-06 06:22:00,182.0,-53.0
2024-05-06 06:23:00,185.0,-51.0
2024-05-06 06:24:00,204.0,-67.0
2024-05-06 06:25:00,233.0,-84.0
2024-05-06 06:26:00,238.0,-81.0
2024-05-06 06:27:00,228.0,-66.0
2024-05-06 06:28:00,214.0,-54.0
2024-05-06 06:29:00,208.0,-47.0
2024-05-06 06:30:00,203.0,-42.0
2024-05-06 06:31:00,202.0,-38.0
2024-05-06 06:32:00,214.0,-38.0
2024-05-06 06:33:00,234.0,-44.0
2024-05-06 06:34:00,244.0,-47.0
2024-05-06 06:35:00,244.0,-46.0
2024-05-06 06:36:00,249.0,-47.0
2024-05-06 06:37:00,253.0,-44.0
2024-05-06 06:38:00,254.0,-45.0
2024-05-06 06:39:00,250.0,-43.0
2024-05-06 06:40:00,248.0,-49.0
2024-05-06 06:41:00,244.0,-48.0
2024-05-06 06:42:00,248.0,-47.0
2024-05-06 06:43:00,241.0,-45.0
2024-05-06 06:44:00,237.0,-45.0
2024-05-06 06:45:00,246.0,-47.0
2024-05-06 06:46:00,258.0,-45.0
2024-05-06 06:47:00,249.0,-42.0
2024-05-06 06:48:00,242.0,-40.0
2024-05-06 06:49:00,247.0,-41.0
2024-05-06 06:50:00,264.0,-55.0
2024-05-06 06:51:00,267.0,-51.0
2024-05-06 06:52:00,267.0,-50.0
2024-05-06 06:53:00,282.0,-65.0
2024-05-06 06:54:00,278.0,-61.0
2024-05-06 06:55:00,276.0,-56.0
2024-05-06 06:56:00,283.0,-63.0
2024-05-06 06:57:00,284.0,-64.0
2024-05-06 06:58:00,272.0,-62.0
2024-05-06 06:59:00,261.0,-64.0
2024-05-06 07:00:00,249.0,-59.0
2024-05-06 07:01:00,238.0,-52.0
2024-05-06 07:02:00,235.0,-50.0
2024-05-06 07:03:00,231.0,-47.0
2024-05-06 07:04:00,211.0,-42.0
2024-05-06 07:05:00,187.0,-42.0
2024-05-06 07:06:00,153.0,-37.0
2024-05-06 07:07:00,132.0,-37.0
2024-05-06 07:08:00,126.0,-41.0
2024-05-06 07:09:00,117.0,-36.0
2024-05-06 07:10:00,118.0,-40.0
2024-05-06 07:11:00,134.0,-53.0
2024-05-06 07:12:00,133.0,-51.0
2024-05-06 07:13:00,136.0,-55.0
2024-05-06 07:14:00,137.0,-55.0
2024-05-06 07:15:00,134.0,-54.0
2024-05-06 07:16:00,136.0,-56.0
2024-05-06 07:17:00,131.0,-55.0
2024-05-06 07:18:00,129.0,-58.0
2024-05-06 07:19:00,134.0,-66.0
2024-05-06 07:20:00,130.0,-67.0
2024-05-06 07:21:00,130.0,-72.0
2024-05-06 07:22:00,123.0,-75.0
2024-05-06 07:23:00,104.0,-65.0
2024-05-06 07:24:00,90.0,-51.0
2024-05-06 07:25:00,69.0,-35.0
2024-05-06 07:26:00,58.0,-23.0
2024-05-06 07:27:00,70.0,-29.0
2024-05-06 07:28:00,83.0,-37.0
2024-05-06 07:29:00,81.0,-37.0
2024-05-06 07:30:00,80.0,-38.0
2024-05-06 07:31:00,79.0,-36.0
2024-05-06 07:32:00,93.0,-49.0
2024-05-06 07:33:00,106.0,-65.0
2024-05-06 07:34:00,111.0,-76.0
2024-05-06 07:35:00,106.0,-74.0
2024-05-06 07:36:00,102.0,-71.0
2024-05-06 07:37:00,105.0,-74.0
2024-05-06 07:38:00,109.0,-78.0
2024-05-06 07:39:00,114.0,-84.0
2024-05-06 07:40:00,116.0,-86.0
2024-05-06 07:41:00,123.0,-90.0
2024-05-06 07:42:00,124.0,-91.0
2024-05-06 07:43:00,118.0,-86.0
2024-05-06 07:44:00,109.0,-77.0
2024-05-06 07:45:00,103.0,-69.0
2024-05-06 07:46:00,103.0,-67.0
2024-05-06 07:47:00,96.0,-57.0
2024-05-06 07:48:00,94.0,-56.0
2024-05-06 07:49:00,86.0,-52.0
2024-05-06 07:50:00,84.0,-50.0
2024-05-06 07:51:00,78.0,-43.0
2024-05-06 07:52:00,76.0,-43.0
2024-05-06 07:53:00,73.0,-43.0
2024-05-06 07:54:00,72.0,-43.0
2024-05-06 07:55:00,75.0,-44.0
2024-05-06 07:56:00,78.0,-47.0
2024-05-06 07:57:00,70.0,-39.0
2024-05-06 07:58:00,74.0,-43.0
2024-05-06 07:59:00,71.0,-43.0
2024-05-06 08:00:00,76.0,-45.0
2024-05-06 08:01:00,80.0,-46.0
2024-05-06 08:02:00,82.0,-51.0
2024-05-06 08:03:00,90.0,-60.0
2024-05-06 08:04:00,84.0,-50.0
2024-05-06 08:05:00,75.0,-43.0
2024-05-06 08:06:00,76.0,-46.0
2024-05-06 08:07:00,75.0,-45.0
2024-05-06 08:08:00,70.0,-41.0
2024-05-06 08:09:00,65.0,-37.0
2024-05-06 08:10:00,65.0,-37.0
2024-05-06 08:11:00,70.0,-41.0
2024-05-06 08:12:00,79.0,-46.0
2024-05-06 08:13:00,84.0,-47.0
2024-05-06 08:14:00,84.0,-45.0
2024-05-06 08:15:00,81.0,-41.0
2024-05-06 08:16:00,80.0,-40.0
2024-05-06 08:17:00,81.0,-44.0
2024-05-06 08:18:00,82.0,-47.0
2024-05-06 08:19:00,85.0,-49.0
2024-05-06 08:20:00,89.0,-50.0
2024-05-06 08:21:00,93.0,-50.0
2024-05-06 08:22:00,94.0,-48.0
2024-05-06 08:23:00,98.0,-47.0
2024-05-06 08:24:00,107.0,-47.0
2024-05-06 08:25:00,105.0,-43.0
2024-05-06 08:26:00,102.0,-38.0
2024-05-06 08:27:00,98.0,-36.0
2024-05-06 08:28:00,96.0,-34.0
2024-05-06 08:29:00,107.0,-32.0
2024-05-06 08:30:00,130.0,-32.0
2024-05-06 08:31:00,145.0,-33.0
2024-05-06 08:32:00,148.0,-37.0
2024-05-06 08:33:00,152.0,-37.0
2024-05-06 08:34:00,152.0,-36.0
2024-05-06 08:35:00,149.0,-36.0
2024-05-06 08:36:00,157.0,-37.0
2024-05-06 08:37:00,168.0,-34.0
2024-05-06 08:38:00,170.0,-31.0
2024-05-06 08:39:00,170.0,-29.0
2024-05-06 08:40:00,168.0,-28.0
2024-05-06 08:41:00,167.0,-33.0
2024-05-06 08:42:00,157.0,-36.0
2024-05-06 08:43:00,151.0,-35.0
2024-05-06 08:44:00,149.0,-31.0
2024-05-06 08:45:00,142.0,-25.0
2024-05-06 08:46:00,139.0,-18.0
2024-05-06 08:47:00,159.0,-14.0
2024-05-06 08:48:00,168.0,-10.0
2024-05-06 08:49:00,156.0,-7.0
2024-05-06 08:50:00,143.0,-9.0
2024-05-06 08:51:00,118.0,-9.0
2024-05-06 08:52:00,116.0,-11.0
2024-05-06 08:53:00,113.0,-14.0
2024-05-06 08:54:00,113.0,-20.0
2024-05-06 08:55:00,110.0,-23.0
2024-05-06 08:56:00,105.0,-22.0
2024-05-06 08:57:00,112.0,-19.0
2024-05-06 08:58:00,106.0,-16.0
2024-05-06 08:59:00,96.0,-19.0
2024-05-06 09:00:00,96.0,-20.0
2024-05-06 09:01:00,98.0,-23.0
2024-05-06 09:02:00,89.0,-19.0
2024-05-06 09:03:00,82.0,-21.0
2024-05-06 09:04:00,86.0,-29.0
2024-05-06 09:05:00,87.0,-32.0
2024-05-06 09:06:00,75.0,-20.0
2024-05-06 09:07:00,74.0,-20.0
2024-05-06 09:08:00,69.0,-18.0
2024-05-06 09:09:00,72.0,-21.0
2024-05-06 09:10:00,81.0,-30.0
2024-05-06 09:11:00,83.0,-34.0
2024-05-06 09:12:00,79.0,-29.0
2024-05-06 09:13:00,74.0,-23.0
2024-05-06 09:14:00,81.0,-30.0
2024-05-06 09:15:00,88.0,-37.0
2024-05-06 09:16:00,91.0,-39.0
2024-05-06 09:17:00,91.0,-37.0
2024-05-06 09:18:00,91.0,-35.0
2024-05-06 09:19:00,99.0,-42.0
2024-05-06 09:20:00,104.0,-48.0
2024-05-06 09:21:00,103.0,-50.0
2024-05-06 09:22:00,106.0,-54.0
2024-05-06 09:23:00,104.0,-50.0
2024-05-06 09:24:00,109.0,-55.0
2024-05-06 09:25:00,114.0,-60.0
2024-05-06 09:26:00,123.0,-65.0
2024-05-06 09:27:00,124.0,-63.0
2024-05-06 09:28:00,122.0,-58.0
2024-05-06 09:29:00,126.0,-59.0
2024-05-06 09:30:00,129.0,-62.0
2024-05-06 09:31:00,120.0,-52.0
2024-05-06 09:32:00,131.0,-61.0
2024-05-06 09:33:00,147.0,-77.0
2024-05-06 09:34:00,149.0,-78.0
2024-05-06 09:35:00,140.0,-68.0
2024-05-06 09:36:00,150.0,-76.0
2024-05-06 09:37:00,146.0,-69.0
2024-05-06 09:38:00,137.0,-59.0
2024-05-06 09:39:00,140.0,-60.0
2024-05-06 09:40:00,138.0,-57.0
2024-05-06 09:41:00,127.0,-49.0
2024-05-06 09:42:00,121.0,-45.0
2024-05-06 09:43:00,121.0,-45.0
2024-05-06 09:44:00,121.0,-45.0
2024-05-06 09:45:00,125.0,-46.0
2024-05-06 09:46:00,130.0,-47.0
2024-05-06 09:47:00,133.0,-49.0
2024-05-06 09:48:00,137.0,-53.0
2024-05-06 09:49:00,134.0,-52.0
2024-05-06 09:50:00,130.0,-49.0
2024-05-06 09:51:00,131.0,-53.0
2024-05-06 09:52:00,126.0,-50.0
2024-05-06 09:53:00,116.0,-40.0
2024-05-06 09:54:00,111.0,-35.0
2024-05-06 09:55:00,114.0,-35.0
2024-05-06 09:56:00,114.0,-34.0
2024-05-06 09:57:00,113.0,-32.0
2024-05-06 09:58:00,110.0,-27.0
2024-05-06 09:59:00,113.0,-30.0
2024-05-06 10:00:00,115.0,-31.0
2024-05-06 10:01:00,113.0,-31.0
2024-05-06 10:02:00,119.0,-37.0
2024-05-06 10:03:00,130.0,-46.0
2024-05-06 10:04:00,132.0,-50.0
2024-05-06 10:05:00,133.0,-49.0
2024-05-06 10:06:00,131.0,-46.0
2024-05-06 10:07:00,130.0,-43.0
2024-05-06 10:08:00,147.0,-42.0
2024-05-06 10:09:00,159.0,-40.0
2024-05-06 10:10:00,168.0,-39.0
2024-05-06 10:11:00,175.0,-39.0
2024-05-06 10:12:00,177.0,-36.0
2024-05-06 10:13:00,177.0,-35.0
2024-05-06 10:14:00,174.0,-39.0
2024-05-06 10:15:00,192.0,-46.0
2024-05-06 10:16:00,193.0,-48.0
2024-05-06 10:17:00,201.0,-45.0
2024-05-06 10:18:00,238.0,-51.0
2024-05-06 10:19:00,257.0,-53.0
2024-05-06 10:20:00,252.0,-47.0
2024-05-06 10:21:00,269.0,-51.0
2024-05-06 10:22:00,282.0,-56.0
2024-05-06 10:23:00,287.0,-44.0
2024-05-06 10:24:00,289.0,-39.0
2024-05-06 10:25:00,284.0,-37.0
2024-05-06 10:26:00,299.0,-43.0
2024-05-06 10:27:00,299.0,-37.0
2024-05-06 10:28:00,299.0,-26.0
2024-05-06 10:29:00,311.0,-32.0
2024-05-06 10:30:00,326.0,-40.0
2024-05-06 10:31:00,332.0,-43.0
2024-05-06 10:32:00,335.0,-42.0
2024-05-06 10:33:00,342.0,-46.0
2024-05-06 10:34:00,364.0,-42.0
2024-05-06 10:35:00,345.0,-38.0
2024-05-06 10:36:00,335.0,-40.0
2024-05-06 10:37:00,315.0,-38.0
2024-05-06 10:38:00,293.0,-39.0
2024-05-06 10:39:00,274.0,-36.0
2024-05-06 10:40:00,278.0,-34.0
2024-05-06 10:41:00,288.0,-37.0
2024-05-06 10:42:00,305.0,-47.0
2024-05-06 10:43:00,315.0,-51.0
2024-05-06 10:44:00,313.0,-57.0
2024-05-06 10:45:00,290.0,-60.0
2024-05-06 10:46:00,272.0,-57.0
2024-05-06 10:47:00,249.0,-47.0
2024-05-06 10:48:00,238.0,-33.0
2024-05-06 10:49:00,240.0,-40.0
2024-05-06 10:50:00,233.0,-33.0
2024-05-06 10:51:00,260.0,-42.0
2024-05-06 10:52:00,285.0,-71.0
2024-05-06 10:53:00,305.0,-95.0
2024-05-06 10:54:00,311.0,-115.0
2024-05-06 10:55:00,334.0,-109.0
2024-05-06 10:56:00,320.0,-89.0
2024-05-06 10:57:00,329.0,-92.0
2024-05-06 10:58:00,337.0,-98.0
2024-05-06 10:59:00,332.0,-96.0
2024-05-06 11:00:00,338.0,-109.0
2024-05-06 11:01:00,333.0,-116.0
2024-05-06 11:02:00,336.0,-118.0
2024-05-06 11:03:00,355.0,-123.0
2024-05-06 11:04:00,399.0,-145.0
2024-05-06 11:05:00,519.0,-254.0
2024-05-06 11:06:00,572.0,-319.0
2024-05-06 11:07:00,573.0,-335.0
2024-05-06 11:08:00,588.0,-364.0
2024-05-06 11:09:00,608.0,-403.0
2024-05-06 11:10:00,696.0,-487.0
2024-05-06 11:11:00,766.0,-539.0
2024-05-06 11:12:00,764.0,-503.0
2024-05-06 11:13:00,718.0,-433.0
2024-05-06 11:14:00,682.0,-409.0
2024-05-06 11:15:00,652.0,-418.0
2024-05-06 11:16:00,616.0,-412.0
2024-05-06 11:17:00,572.0,-387.0
2024-05-06 11:18:00,559.0,-382.0
2024-05-06 11:19:00,568.0,-388.0
2024-05-06 11:20:00,540.0,-367.0
2024-05-06 11:21:00,521.0,-356.0
2024-05-06 11:22:00,506.0,-350.0
2024-05-06 11:23:00,491.0,-335.0
2024-05-06 11:24:00,470.0,-315.0
2024-05-06 11:25:00,440.0,-293.0
2024-05-06 11:26:00,416.0,-279.0
2024-05-06 11:27:00,387.0,-261.0
2024-05-06 11:28:00,357.0,-240.0
2024-05-06 11:29:00,352.0,-230.0
2024-05-06 11:30:00,354.0,-231.0
2024-05-06 11:31:00,364.0,-220.0
2024-05-06 11:32:00,344.0,-182.0
2024-05-06 11:33:00,302.0,-151.0
2024-05-06 11:34:00,258.0,-126.0
2024-05-06 11:35:00,233.0,-112.0
2024-05-06 11:36:00,226.0,-111.0
2024-05-06 11:37:00,215.0,-110.0
2024-05-06 11:38:00,219.0,-108.0
2024-05-06 11:39:00,266.0,-123.0
2024-05-06 11:40:00,280.0,-144.0
2024-05-06 11:41:00,302.0,-179.0
2024-05-06 11:42:00,289.0,-179.0
2024-05-06 11:43:00,279.0,-182.0
2024-05-06 11:44:00,293.0,-193.0
2024-05-06 11:45:00,320.0,-204.0
2024-05-06 11:46:00,344.0,-205.0
2024-05-06 11:47:00,351.0,-195.0
2024-05-06 11:48:00,334.0,-178.0
2024-05-06 11:49:00,328.0,-181.0
2024-05-06 11:50:00,314.0,-179.0
2024-05-06 11:51:00,314.0,-185.0
2024-05-06 11:52:00,305.0,-183.0
2024-05-06 11:53:00,279.0,-163.0
2024-05-06 11:54:00,254.0,-138.0
2024-05-06 11:55:00,229.0,-120.0
2024-05-06 11:56:00,214.0,-117.0
2024-05-06 11:57:00,214.0,-115.0
2024-05-06 11:58:00,212.0,-112.0
2024-05-06 11:59:00,208.0,-107.0
2024-05-06 12:00:00,207.0,-111.0
2024-05-06 12:01:00,201.0,-114.0
2024-05-06 12:02:00,197.0,-109.0
2024-05-06 12:03:00,195.0,-105.0
2024-05-06 12:04:00,186.0,-96.0
2024-05-06 12:05:00,170.0,-82.0
2024-05-06 12:06:00,157.0,-67.0
2024-05-06 12:07:00,162.0,-66.0
2024-05-06 12:08:00,164.0,-68.0
2024-05-06 12:09:00,153.0,-66.0
2024-05-06 12:10:00,142.0,-60.0
2024-05-06 12:11:00,132.0,-54.0
2024-05-06 12:12:00,130.0,-46.0
2024-05-06 12:13:00,126.0,-38.0
2024-05-06 12:14:00,123.0,-30.0
2024-05-06 12:15:00,112.0,-23.0
2024-05-06 12:16:00,98.0,-15.0
2024-05-06 12:17:00,94.0,-13.0
2024-05-06 12:18:00,88.0,-10.0
2024-05-06 12:19:00,93.0,-13.0
2024-05-06 12:20:00,114.0,-19.0
2024-05-06 12:21:00,139.0,-26.0
2024-05-06 12:22:00,159.0,-32.0
2024-05-06 12:23:00,160.0,-34.0
2024-05-06 12:24:00,140.0,-31.0
2024-05-06 12:25:00,117.0,-26.0
2024-05-06 12:26:00,96.0,-16.0
2024-05-06 12:27:00,88.0,-3.0
2024-05-06 12:28:00,91.0,-2.0
2024-05-06 12:29:00,94.0,-4.0
2024-05-06 12:30:00,97.0,-7.0
2024-05-06 12:31:00,98.0,-4.0
2024-05-06 12:32:00,102.0,-6.0
2024-05-06 12:33:00,108.0,-14.0
2024-05-06 12:34:00,115.0,-29.0
2024-05-06 12:35:00,110.0,-31.0
2024-05-06 12:36:00,100.0,-23.0
2024-05-06 12:37:00,90.0,-12.0
2024-05-06 12:38:00,95.0,-10.0
2024-05-06 12:39:00,92.0,-6.0
2024-05-06 12:40:00,94.0,-9.0
2024-05-06 12:41:00,96.0,-12.0
2024-05-06 12:42:00,97.0,-12.0
2024-05-06 12:43:00,97.0,-12.0
2024-05-06 12:44:00,103.0,-17.0
2024-05-06 12:45:00,110.0,-24.0
2024-05-06 12:46:00,115.0,-29.0
2024-05-06 12:47:00,119.0,-28.0
2024-05-06 12:48:00,119.0,-24.0
2024-05-06 12:49:00,135.0,-36.0
2024-05-06 12:50:00,127.0,-25.0
2024-05-06 12:51:00,118.0,-15.0
2024-05-06 12:52:00,119.0,-17.0
2024-05-06 12:53:00,122.0,-18.0
2024-05-06 12:54:00,116.0,-12.0
2024-05-06 12:55:00,125.0,-24.0
2024-05-06 12:56:00,150.0,-21.0
2024-05-06 12:57:00,159.0,-27.0
2024-05-06 12:58:00,135.0,-28.0
2024-05-06 12:59:00,159.0,-27.0
2024-05-06 13:00:00,164.0,-24.0
2024-05-06 13:01:00,151.0,-32.0
2024-05-06 13:02:00,201.0,-56.0
2024-05-06 13:03:00,261.0,-88.0
2024-05-06 13:04:00,338.0,-137.0
2024-05-06 13:05:00,314.0,-125.0
2024-05-06 13:06:00,341.0,-160.0
2024-05-06 13:07:00,372.0,-182.0
2024-05-06 13:08:00,326.0,-138.0
2024-05-06 13:09:00,307.0,-135.0
2024-05-06 13:10:00,273.0,-97.0
2024-05-06 13:11:00,316.0,-138.0
2024-05-06 13:12:00,344.0,-171.0
2024-05-06 13:13:00,340.0,-169.0
2024-05-06 13:14:00,318.0,-148.0
2024-05-06 13:15:00,311.0,-142.0
2024-05-06 13:16:00,310.0,-138.0
2024-05-06 13:17:00,305.0,-133.0
2024-05-06 13:18:00,297.0,-125.0
2024-05-06 13:19:00,297.0,-128.0
2024-05-06 13:20:00,298.0,-132.0
2024-05-06 13:21:00,294.0,-129.0
2024-05-06 13:22:00,288.0,-123.0
2024-05-06 13:23:00,291.0,-122.0
2024-05-06 13:24:00,287.0,-118.0
2024-05-06 13:25:00,276.0,-113.0
2024-05-06 13:26:00,275.0,-110.0
2024-05-06 13:27:00,288.0,-113.0
2024-05-06 13:28:00,315.0,-121.0
2024-05-06 13:29:00,322.0,-131.0
2024-05-06 13:30:00,320.0,-134.0
2024-05-06 13:31:00,324.0,-137.0
2024-05-06 13:32:00,325.0,-137.0
2024-05-06 13:33:00,339.0,-149.0
2024-05-06 13:34:00,339.0,-157.0
2024-05-06 13:35:00,335.0,-153.0
2024-05-06 13:36:00,320.0,-143.0
2024-05-06 13:37:00,304.0,-129.0
2024-05-06 13:38:00,294.0,-121.0
2024-05-06 13:39:00,290.0,-129.0
2024-05-06 13:40:00,304.0,-149.0
2024-05-06 13:41:00,317.0,-162.0
2024-05-06 13:42:00,330.0,-165.0
2024-05-06 13:43:00,333.0,-158.0
2024-05-06 13:44:00,330.0,-150.0
2024-05-06 13:45:00,317.0,-140.0
2024-05-06 13:46:00,319.0,-148.0
2024-05-06 13:47:00,323.0,-150.0
2024-05-06 13:48:00,323.0,-151.0
2024-05-06 13:49:00,323.0,-151.0
2024-05-06 13:50:00,317.0,-144.0
2024-05-06 13:51:00,308.0,-140.0
2024-05-06 13:52:00,301.0,-136.0
2024-05-06 13:53:00,295.0,-132.0
2024-05-06 13:54:00,291.0,-128.0
2024-05-06 13:55:00,295.0,-132.0
2024-05-06 13:56:00,308.0,-146.0
2024-05-06 13:57:00,317.0,-158.0
2024-05-06 13:58:00,313.0,-156.0
2024-05-06 13:59:00,301.0,-146.0
2024-05-06 14:00:00,281.0,-130.0
2024-05-06 14:01:00,262.0,-117.0
2024-05-06 14:02:00,248.0,-105.0
2024-05-06 14:03:00,242.0,-105.0
2024-05-06 14:04:00,252.0,-118.0
2024-05-06 14:05:00,260.0,-129.0
2024-05-06 14:06:00,271.0,-136.0
2024-05-06 14:07:00,270.0,-130.0
2024-05-06 14:08:00,261.0,-120.0
2024-05-06 14:09:00,248.0,-108.0
2024-05-06 14:10:00,234.0,-97.0
2024-05-06 14:11:00,218.0,-87.0
2024-05-06 14:12:00,209.0,-80.0
2024-05-06 14:13:00,201.0,-77.0
2024-05-06 14:14:00,195.0,-74.0
2024-05-06 14:15:00,187.0,-65.0
2024-05-06 14:16:00,187.0,-62.0
2024-05-06 14:17:00,192.0,-64.0
2024-05-06 14:18:00,190.0,-63.0
2024-05-06 14:19:00,183.0,-60.0
2024-05-06 14:20:00,171.0,-51.0
2024-05-06 14:21:00,155.0,-42.0
2024-05-06 14:22:00,136.0,-26.0
2024-05-06 14:23:00,120.0,-13.0
2024-05-06 14:24:00,112.0,-8.0
2024-05-06 14:25:00,115.0,-13.0
2024-05-06 14:26:00,114.0,-11.0
2024-05-06 14:27:00,116.0,-13.0
2024-05-06 14:28:00,119.0,-17.0
2024-05-06 14:29:00,126.0,-22.0
2024-05-06 14:30:00,130.0,-21.0
2024-05-06 14:31:00,129.0,-20.0
2024-05-06 14:32:00,127.0,-19.0
2024-05-06 14:33:00,125.0,-20.0
2024-05-06 14:34:00,122.0,-24.0
2024-05-06 14:35:00,117.0,-27.0
2024-05-06 14:36:00,118.0,-30.0
2024-05-06 14:37:00,128.0,-39.0
2024-05-06 14:38:00,140.0,-47.0
2024-05-06 14:39:00,152.0,-53.0
2024-05-06 14:40:00,146.0,-51.0
2024-05-06 14:41:00,133.0,-42.0
2024-05-06 14:42:00,130.0,-42.0
2024-05-06 14:43:00,125.0,-45.0
2024-05-06 14:44:00,125.0,-47.0
2024-05-06 14:45:00,129.0,-48.0
2024-05-06 14:46:00,133.0,-50.0
2024-05-06 14:47:00,134.0,-52.0
2024-05-06 14:48:00,129.0,-50.0
2024-05-06 14:49:00,116.0,-44.0
2024-05-06 14:50:00,109.0,-42.0
2024-05-06 14:51:00,110.0,-41.0
2024-05-06 14:52:00,114.0,-39.0
2024-05-06 14:53:00,118.0,-37.0
2024-05-06 14:54:00,116.0,-32.0
2024-05-06 14:55:00,113.0,-28.0
2024-05-06 14:56:00,114.0,-32.0
2024-05-06 14:57:00,120.0,-46.0
2024-05-06 14:58:00,120.0,-53.0
2024-05-06 14:59:00,121.0,-56.0
2024-05-06 15:00:00,129.0,-56.0
2024-05-06 15:01:00,137.0,-53.0
2024-05-06 15:02:00,139.0,-46.0
2024-05-06 15:03:00,139.0,-43.0
2024-05-06 15:04:00,133.0,-39.0
2024-05-06 15:05:00,122.0,-33.0
2024-05-06 15:06:00,112.0,-31.0
2024-05-06 15:07:00,108.0,-32.0
2024-05-06 15:08:00,104.0,-27.0
2024-05-06 15:09:00,113.0,-28.0
2024-05-06 15:10:00,120.0,-26.0
2024-05-06 15:11:00,128.0,-26.0
2024-05-06 15:12:00,127.0,-23.0
2024-05-06 15:13:00,119.0,-19.0
2024-05-06 15:14:00,116.0,-17.0
2024-05-06 15:15:00,115.0,-19.0
2024-05-06 15:16:00,117.0,-25.0
2024-05-06 15:17:00,112.0,-29.0
2024-05-06 15:18:00,105.0,-30.0
2024-05-06 15:19:00,103.0,-29.0
2024-05-06 15:20:00,101.0,-28.0
2024-05-06 15:21:00,96.0,-22.0
2024-05-06 15:22:00,95.0,-17.0
2024-05-06 15:23:00,94.0,-14.0
2024-05-06 15:24:00,93.0,-14.0
2024-05-06 15:25:00,86.0,-9.0
2024-05-06 15:26:00,83.0,-7.0
2024-05-06 15:27:00,90.0,-13.0
2024-05-06 15:28:00,98.0,-21.0
2024-05-06 15:29:00,96.0,-22.0
2024-05-06 15:30:00,92.0,-21.0
2024-05-06 15:31:00,88.0,-20.0
2024-05-06 15:32:00,91.0,-22.0
2024-05-06 15:33:00,101.0,-25.0
2024-05-06 15:34:00,115.0,-30.0
2024-05-06 15:35:00,129.0,-35.0
2024-05-06 15:36:00,151.0,-46.0
2024-05-06 15:37:00,169.0,-54.0
2024-05-06 15:38:00,174.0,-62.0
2024-05-06 15:39:00,172.0,-64.0
2024-05-06 15:40:00,171.0,-58.0
2024-05-06 15:41:00,181.0,-60.0
2024-05-06 15:42:00,188.0,-61.0
2024-05-06 15:43:00,190.0,-63.0
2024-05-06 15:44:00,182.0,-60.0
2024-05-06 15:45:00,169.0,-52.0
2024-05-06 15:46:00,166.0,-50.0
2024-05-06 15:47:00,167.0,-52.0
2024-05-06 15:48:00,172.0,-57.0
2024-05-06 15:49:00,171.0,-55.0
2024-05-06 15:50:00,167.0,-53.0
2024-05-06 15:51:00,165.0,-52.0
2024-05-06 15:52:00,157.0,-45.0
2024-05-06 15:53:00,147.0,-36.0
2024-05-06 15:54:00,150.0,-36.0
2024-05-06 15:55:00,157.0,-42.0
2024-05-06 15:56:00,151.0,-39.0
2024-05-06 15:57:00,144.0,-32.0
2024-05-06 15:58:00,141.0,-29.0
2024-05-06 15:59:00,132.0,-20.0
2024-05-06 16:00:00,126.0,-17.0
2024-05-06 16:01:00,127.0,-21.0
2024-05-06 16:02:00,128.0,-27.0
2024-05-06 16:03:00,127.0,-32.0
2024-05-06 16:04:00,124.0,-36.0
2024-05-06 16:05:00,122.0,-39.0
2024-05-06 16:06:00,128.0,-49.0
2024-05-06 16:07:00,128.0,-54.0
2024-05-06 16:08:00,122.0,-50.0
2024-05-06 16:09:00,115.0,-44.0
2024-05-06 16:10:00,108.0,-41.0
2024-05-06 16:11:00,105.0,-40.0
2024-05-06 16:12:00,104.0,-40.0
2024-05-06 16:13:00,104.0,-38.0
2024-05-06 16:14:00,112.0,-40.0
2024-05-06 16:15:00,115.0,-38.0
2024-05-06 16:16:00,121.0,-41.0
2024-05-06 16:17:00,127.0,-48.0
2024-05-06 16:18:00,134.0,-56.0
2024-05-06 16:19:00,137.0,-60.0
2024-05-06 16:20:00,137.0,-61.0
2024-05-06 16:21:00,136.0,-59.0
2024-05-06 16:22:00,133.0,-56.0
2024-05-06 16:23:00,122.0,-45.0
2024-05-06 16:24:00,114.0,-36.0
2024-05-06 16:25:00,112.0,-35.0
2024-05-06 16:26:00,120.0,-40.0
2024-05-06 16:27:00,118.0,-37.0
2024-05-06 16:28:00,122.0,-41.0
2024-05-06 16:29:00,126.0,-45.0
2024-05-06 16:30:00,128.0,-47.0
2024-05-06 16:31:00,129.0,-49.0
2024-05-06 16:32:00,131.0,-53.0
2024-05-06 16:33:00,141.0,-63.0
2024-05-06 16:34:00,142.0,-62.0
2024-05-06 16:35:00,142.0,-61.0
2024-05-06 16:36:00,156.0,-74.0
2024-05-06 16:37:00,146.0,-67.0
2024-05-06 16:38:00,144.0,-64.0
2024-05-06 16:39:00,140.0,-61.0
2024-05-06 16:40:00,132.0,-56.0
2024-05-06 16:41:00,123.0,-51.0
2024-05-06 16:42:00,116.0,-45.0
2024-05-06 16:43:00,112.0,-41.0
2024-05-06 16:44:00,112.0,-41.0
2024-05-06 16:45:00,109.0,-38.0
2024-05-06 16:46:00,107.0,-33.0
2024-05-06 16:47:00,105.0,-28.0
2024-05-06 16:48:00,102.0,-23.0
2024-05-06 16:49:00,99.0,-17.0
2024-05-06 16:50:00,93.0,-12.0
2024-05-06 16:51:00,86.0,-8.0
2024-05-06 16:52:00,89.0,-17.0
2024-05-06 16:53:00,84.0,-21.0
2024-05-06 16:54:00,78.0,-24.0
2024-05-06 16:55:00,78.0,-29.0
2024-05-06 16:56:00,81.0,-35.0
2024-05-06 16:57:00,77.0,-35.0
2024-05-06 16:58:00,83.0,-44.0
2024-05-06 16:59:00,88.0,-50.0
2024-05-06 17:00:00,88.0,-50.0
2024-05-06 17:01:00,92.0,-53.0
2024-05-06 17:02:00,99.0,-60.0
2024-05-06 17:03:00,104.0,-66.0
2024-05-06 17:04:00,108.0,-69.0
2024-05-06 17:05:00,112.0,-72.0
2024-05-06 17:06:00,112.0,-69.0
2024-05-06 17:07:00,112.0,-66.0
2024-05-06 17:08:00,107.0,-58.0
2024-05-06 17:09:00,103.0,-53.0
2024-05-06 17:10:00,94.0,-44.0
2024-05-06 17:11:00,86.0,-34.0
2024-05-06 17:12:00,86.0,-33.0
2024-05-06 17:13:00,82.0,-30.0
2024-05-06 17:14:00,79.0,-28.0
2024-05-06 17:15:00,72.0,-22.0
2024-05-06 17:16:00,75.0,-27.0
2024-05-06 17:17:00,91.0,-42.0
2024-05-06 17:18:00,102.0,-50.0
2024-05-06 17:19:00,108.0,-56.0
2024-05-06 17:20:00,112.0,-58.0
2024-05-06 17:21:00,110.0,-56.0
2024-05-06 17:22:00,103.0,-50.0
2024-05-06 17:23:00,91.0,-43.0
2024-05-06 17:24:00,80.0,-39.0
2024-05-06 17:25:00,79.0,-38.0
2024-05-06 17:26:00,81.0,-39.0
2024-05-06 17:27:00,82.0,-41.0
2024-05-06 17:28:00,79.0,-38.0
2024-05-06 17:29:00,77.0,-39.0
2024-05-06 17:30:00,77.0,-38.0
2024-05-06 17:31:00,78.0,-39.0
2024-05-06 17:32:00,76.0,-38.0
2024-05-06 17:33:00,73.0,-34.0
2024-05-06 17:34:00,68.0,-29.0
2024-05-06 17:35:00,62.0,-26.0
2024-05-06 17:36:00,62.0,-27.0
2024-05-06 17:37:00,71.0,-36.0
2024-05-06 17:38:00,82.0,-50.0
2024-05-06 17:39:00,88.0,-59.0
2024-05-06 17:40:00,80.0,-51.0
2024-05-06 17:41:00,88.0,-44.0
2024-05-06 17:42:00,105.0,-53.0
2024-05-06 17:43:00,94.0,-49.0
2024-05-06 17:44:00,85.0,-50.0
2024-05-06 17:45:00,87.0,-54.0
2024-05-06 17:46:00,89.0,-52.0
2024-05-06 17:47:00,96.0,-53.0
2024-05-06 17:48:00,100.0,-53.0
2024-05-06 17:49:00,102.0,-53.0
2024-05-06 17:50:00,103.0,-53.0
2024-05-06 17:51:00,103.0,-52.0
2024-05-06 17:52:00,101.0,-49.0
2024-05-06 17:53:00,90.0,-40.0
2024-05-06 17:54:00,86.0,-35.0
2024-05-06 17:55:00,102.0,-39.0
2024-05-06 17:56:00,100.0,-41.0
2024-05-06 17:57:00,96.0,-49.0
2024-05-06 17:58:00,89.0,-44.0
2024-05-06 17:59:00,85.0,-39.0
2024-05-06 18:00:00,104.0,-54.0
2024-05-06 18:01:00,130.0,-77.0
2024-05-06 18:02:00,158.0,-107.0
2024-05-06 18:03:00,171.0,-120.0
2024-05-06 18:04:00,149.0,-101.0
2024-05-06 18:05:00,122.0,-80.0
2024-05-06 18:06:00,117.0,-71.0
2024-05-06 18:07:00,135.0,-80.0
2024-05-06 18:08:00,184.0,-120.0
2024-05-06 18:09:00,205.0,-138.0
2024-05-06 18:10:00,178.0,-113.0
2024-05-06 18:11:00,148.0,-87.0
2024-05-06 18:12:00,136.0,-82.0
2024-05-06 18:13:00,136.0,-86.0
2024-05-06 18:14:00,147.0,-98.0
2024-05-06 18:15:00,153.0,-106.0
2024-05-06 18:16:00,157.0,-113.0
2024-05-06 18:17:00,163.0,-122.0
2024-05-06 18:18:00,156.0,-116.0
2024-05-06 18:19:00,140.0,-98.0
2024-05-06 18:20:00,130.0,-86.0
2024-05-06 18:21:00,127.0,-80.0
2024-05-06 18:22:00,128.0,-78.0
2024-05-06 18:23:00,133.0,-81.0
2024-05-06 18:24:00,127.0,-72.0
2024-05-06 18:25:00,117.0,-59.0
2024-05-06 18:26:00,115.0,-54.0
2024-05-06 18:27:00,111.0,-48.0
2024-05-06 18:28:00,109.0,-47.0
2024-05-06 18:29:00,118.0,-55.0
2024-05-06 18:30:00,123.0,-58.0
2024-05-06 18:31:00,115.0,-50.0
2024-05-06 18:32:00,118.0,-52.0
2024-05-06 18:33:00,114.0,-50.0
2024-05-06 18:34:00,114.0,-51.0
2024-05-06 18:35:00,101.0,-40.0
2024-05-06 18:36:00,131.0,-70.0
2024-05-06 18:37:00,156.0,-94.0
2024-05-06 18:38:00,156.0,-94.0
2024-05-06 18:39:00,129.0,-71.0
2024-05-06 18:40:00,102.0,-46.0
2024-05-06 18:41:00,90.0,-34.0
2024-05-06 18:42:00,100.0,-43.0
2024-05-06 18:43:00,120.0,-62.0
2024-05-06 18:44:00,155.0,-93.0
2024-05-06 18:45:00,177.0,-115.0
2024-05-06 18:46:00,196.0,-135.0
2024-05-06 18:47:00,205.0,-146.0
2024-05-06 18:48:00,185.0,-127.0
2024-05-06 18:49:00,156.0,-100.0
2024-05-06 18:50:00,140.0,-82.0
2024-05-06 18:51:00,141.0,-79.0
2024-05-06 18:52:00,159.0,-92.0
2024-05-06 18:53:00,161.0,-93.0
2024-05-06 18:54:00,147.0,-81.0
2024-05-06 18:55:00,142.0,-80.0
2024-05-06 18:56:00,144.0,-85.0
2024-05-06 18:57:00,151.0,-92.0
2024-05-06 18:58:00,155.0,-93.0
2024-05-06 18:59:00,148.0,-81.0
2024-05-06 19:00:00,140.0,-71.0
2024-05-06 19:01:00,132.0,-65.0
2024-05-06 19:02:00,126.0,-61.0
2024-05-06 19:03:00,122.0,-59.0
2024-05-06 19:04:00,116.0,-54.0
2024-05-06 19:05:00,111.0,-48.0
2024-05-06 19:06:00,112.0,-45.0
2024-05-06 19:07:00,115.0,-47.0
2024-05-06 19:08:00,114.0,-45.0
2024-05-06 19:09:00,107.0,-39.0
2024-05-06 19:10:00,101.0,-34.0
2024-05-06 19:11:00,94.0,-27.0
2024-05-06 19:12:00,91.0,-24.0
2024-05-06 19:13:00,90.0,-24.0
2024-05-06 19:14:00,108.0,-44.0
2024-05-06 19:15:00,112.0,-49.0
2024-05-06 19:16:00,87.0,-23.0
2024-05-06 19:17:00,74.0,-11.0
2024-05-06 19:18:00,73.0,-10.0
2024-05-06 19:19:00,73.0,-11.0
2024-05-06 19:20:00,92.0,-31.0
2024-05-06 19:21:00,102.0,-40.0
2024-05-06 19:22:00,109.0,-45.0
2024-05-06 19:23:00,100.0,-34.0
2024-05-06 19:24:00,99.0,-34.0
2024-05-06 19:25:00,99.0,-36.0
2024-05-06 19:26:00,97.0,-34.0
2024-05-06 19:27:00,91.0,-31.0
2024-05-06 19:28:00,86.0,-27.0
2024-05-06 19:29:00,93.0,-32.0
2024-05-06 19:30:00,86.0,-24.0
2024-05-06 19:31:00,87.0,-26.0
2024-05-06 19:32:00,110.0,-51.0
2024-05-06 19:33:00,143.0,-85.0
2024-05-06 19:34:00,152.0,-94.0
2024-05-06 19:35:00,145.0,-87.0
2024-05-06 19:36:00,130.0,-73.0
2024-05-06 19:37:00,118.0,-61.0
2024-05-06 19:38:00,116.0,-61.0
2024-05-06 19:39:00,122.0,-69.0
2024-05-06 19:40:00,137.0,-84.0
2024-05-06 19:41:00,147.0,-96.0
2024-05-06 19:42:00,147.0,-96.0
2024-05-06 19:43:00,151.0,-100.0
2024-05-06 19:44:00,146.0,-93.0
2024-05-06 19:45:00,120.0,-65.0
2024-05-06 19:46:00,93.0,-38.0
2024-05-06 19:47:00,85.0,-32.0
2024-05-06 19:48:00,91.0,-40.0
2024-05-06 19:49:00,96.0,-47.0
2024-05-06 19:50:00,97.0,-50.0
2024-05-06 19:51:00,95.0,-50.0
2024-05-06 19:52:00,95.0,-53.0
2024-05-06 19:53:00,93.0,-53.0
2024-05-06 19:54:00,96.0,-58.0
2024-05-06 19:55:00,90.0,-55.0
2024-05-06 19:56:00,80.0,-47.0
2024-05-06 19:57:00,76.0,-46.0
2024-05-06 19:58:00,71.0,-44.0
2024-05-06 19:59:00,73.0,-45.0
2024-05-06 20:00:00,65.0,-37.0
2024-05-06 20:01:00,60.0,-32.0
2024-05-06 20:02:00,60.0,-29.0
2024-05-06 20:03:00,65.0,-29.0
2024-05-06 20:04:00,82.0,-40.0
2024-05-06 20:05:00,75.0,-25.0
2024-05-06 20:06:00,90.0,-40.0
2024-05-06 20:07:00,100.0,-48.0
2024-05-06 20:08:00,113.0,-57.0
2024-05-06 20:09:00,106.0,-50.0
2024-05-06 20:10:00,108.0,-54.0
2024-05-06 20:11:00,100.0,-44.0
2024-05-06 20:12:00,109.0,-55.0
2024-05-06 20:13:00,104.0,-51.0
2024-05-06 20:14:00,131.0,-76.0
2024-05-06 20:15:00,139.0,-80.0
2024-05-06 20:16:00,154.0,-90.0
2024-05-06 20:17:00,156.0,-91.0
2024-05-06 20:18:00,151.0,-89.0
2024-05-06 20:19:00,147.0,-88.0
2024-05-06 20:20:00,169.0,-109.0
2024-05-06 20:21:00,165.0,-105.0
2024-05-06 20:22:00,197.0,-133.0
2024-05-06 20:23:00,198.0,-136.0
2024-05-06 20:24:00,217.0,-162.0
2024-05-06 20:25:00,231.0,-174.0
2024-05-06 20:26:00,275.0,-201.0
2024-05-06 20:27:00,289.0,-205.0
2024-05-06 20:28:00,291.0,-216.0
2024-05-06 20:29:00,306.0,-226.0
2024-05-06 20:30:00,324.0,-237.0
2024-05-06 20:31:00,325.0,-242.0
2024-05-06 20:32:00,321.0,-237.0
2024-05-06 20:33:00,318.0,-232.0
2024-05-06 20:34:00,311.0,-226.0
2024-05-06 20:35:00,299.0,-216.0
2024-05-06 20:36:00,282.0,-199.0
2024-05-06 20:37:00,270.0,-190.0
2024-05-06 20:38:00,259.0,-183.0
2024-05-06 20:39:00,255.0,-182.0
2024-05-06 20:40:00,255.0,-179.0
2024-05-06 20:41:00,252.0,-173.0
2024-05-06 20:42:00,243.0,-164.0
2024-05-06 20:43:00,229.0,-152.0
2024-05-06 20:44:00,228.0,-157.0
2024-05-06 20:45:00,220.0,-150.0
2024-05-06 20:46:00,207.0,-137.0
2024-05-06 20:47:00,190.0,-121.0
2024-05-06 20:48:00,173.0,-105.0
2024-05-06 20:49:00,154.0,-88.0
2024-05-06 20:50:00,151.0,-74.0
2024-05-06 20:51:00,147.0,-72.0
2024-05-06 20:52:00,127.0,-64.0
2024-05-06 20:53:00,108.0,-51.0
2024-05-06 20:54:00,132.0,-78.0
2024-05-06 20:55:00,128.0,-80.0
2024-05-06 20:56:00,125.0,-80.0
2024-05-06 20:57:00,121.0,-75.0
2024-05-06 20:58:00,122.0,-74.0
2024-05-06 20:59:00,125.0,-78.0
2024-05-06 21:00:00,123.0,-78.0
2024-05-06 21:01:00,115.0,-72.0
2024-05-06 21:02:00,120.0,-76.0
2024-05-06 21:03:00,132.0,-87.0
2024-05-06 21:04:00,131.0,-88.0
2024-05-06 21:05:00,125.0,-84.0
2024-05-06 21:06:00,130.0,-89.0
2024-05-06 21:07:00,129.0,-86.0
2024-05-06 21:08:00,129.0,-88.0
2024-05-06 21:09:00,124.0,-86.0
2024-05-06 21:10:00,119.0,-82.0
2024-05-06 21:11:00,120.0,-82.0
2024-05-06 21:12:00,116.0,-81.0
2024-05-06 21:13:00,109.0,-79.0
2024-05-06 21:14:00,104.0,-73.0
2024-05-06 21:15:00,136.0,-77.0
2024-05-06 21:16:00,121.0,-76.0
2024-05-06 21:17:00,114.0,-75.0
2024-05-06 21:18:00,123.0,-80.0
2024-05-06 21:19:00,123.0,-79.0
2024-05-06 21:20:00,117.0,-73.0
2024-05-06 21:21:00,114.0,-71.0
2024-05-06 21:22:00,112.0,-70.0
2024-05-06 21:23:00,110.0,-65.0
2024-05-06 21:24:00,104.0,-59.0
2024-05-06 21:25:00,95.0,-52.0
2024-05-06 21:26:00,106.0,-64.0
2024-05-06 21:27:00,95.0,-54.0
2024-05-06 21:28:00,76.0,-37.0
2024-05-06 21:29:00,67.0,-29.0
2024-05-06 21:30:00,80.0,-43.0
2024-05-06 21:31:00,92.0,-57.0
2024-05-06 21:32:00,76.0,-43.0
2024-05-06 21:33:00,61.0,-29.0
2024-05-06 21:34:00,62.0,-32.0
2024-05-06 21:35:00,69.0,-40.0
2024-05-06 21:36:00,67.0,-39.0
2024-05-06 21:37:00,58.0,-31.0
2024-05-06 21:38:00,54.0,-28.0
2024-05-06 21:39:00,52.0,-29.0
2024-05-06 21:40:00,49.0,-29.0
2024-05-06 21:41:00,41.0,-25.0
2024-05-06 21:42:00,51.0,-27.0
2024-05-06 21:43:00,52.0,-31.0
2024-05-06 21:44:00,56.0,-34.0
2024-05-06 21:45:00,55.0,-30.0
2024-05-06 21:46:00,52.0,-24.0
2024-05-06 21:47:00,50.0,-20.0
2024-05-06 21:48:00,47.0,-16.0
2024-05-06 21:49:00,46.0,-15.0
2024-05-06 21:50:00,50.0,-17.0
2024-05-06 21:51:00,54.0,-18.0
2024-05-06 21:52:00,57.0,-18.0
2024-05-06 21:53:00,60.0,-23.0
2024-05-06 21:54:00,59.0,-24.0
2024-05-06 21:55:00,56.0,-22.0
2024-05-06 21:56:00,57.0,-22.0
2024-05-06 21:57:00,56.0,-19.0
2024-05-06 21:58:00,61.0,-22.0
2024-05-06 21:59:00,68.0,-27.0
2024-05-06 22:00:00,74.0,-29.0
2024-05-06 22:01:00,75.0,-28.0
2024-05-06 22:02:00,75.0,-26.0
2024-05-06 22:03:00,77.0,-26.0
2024-05-06 22:04:00,73.0,-21.0
2024-05-06 22:05:00,68.0,-15.0
2024-05-06 22:06:00,67.0,-15.0
2024-05-06 22:07:00,69.0,-17.0
2024-05-06 22:08:00,70.0,-18.0
2024-05-06 22:09:00,79.0,-25.0
2024-05-06 22:10:00,86.0,-30.0
2024-05-06 22:11:00,85.0,-27.0
2024-05-06 22:12:00,79.0,-21.0
2024-05-06 22:13:00,77.0,-21.0
2024-05-06 22:14:00,78.0,-22.0
2024-05-06 22:15:00,70.0,-14.0
2024-05-06 22:16:00,68.0,-12.0
2024-05-06 22:17:00,66.0,-11.0
2024-05-06 22:18:00,66.0,-11.0
2024-05-06 22:19:00,73.0,-18.0
2024-05-06 22:20:00,75.0,-19.0
2024-05-06 22:21:00,73.0,-17.0
2024-05-06 22:22:00,71.0,-17.0
2024-05-06 22:23:00,70.0,-17.0
2024-05-06 22:24:00,73.0,-21.0
2024-05-06 22:25:00,68.0,-16.0
2024-05-06 22:26:00,70.0,-19.0
2024-05-06 22:27:00,71.0,-21.0
2024-05-06 22:28:00,72.0,-22.0
2024-05-06 22:29:00,70.0,-21.0
2024-05-06 22:30:00,66.0,-19.0
2024-05-06 22:31:00,67.0,-23.0
2024-05-06 22:32:00,66.0,-22.0
2024-05-06 22:33:00,63.0,-18.0
2024-05-06 22:34:00,64.0,-20.0
2024-05-06 22:35:00,68.0,-23.0
2024-05-06 22:36:00,59.0,-14.0
2024-05-06 22:37:00,56.0,-11.0
2024-05-06 22:38:00,62.0,-17.0
2024-05-06 22:39:00,60.0,-16.0
2024-05-06 22:40:00,56.0,-13.0
2024-05-06 22:41:00,53.0,-10.0
2024-05-06 22:42:00,55.0,-13.0
2024-05-06 22:43:00,54.0,-13.0
2024-05-06 22:44:00,49.0,-10.0
2024-05-06 22:45:00,52.0,-14.0
2024-05-06 22:46:00,54.0,-15.0
2024-05-06 22:47:00,56.0,-16.0
2024-05-06 22:48:00,61.0,-20.0
2024-05-06 22:49:00,59.0,-18.0
2024-05-06 22:50:00,57.0,-14.0
2024-05-06 22:51:00,61.0,-19.0
2024-05-06 22:52:00,61.0,-19.0
2024-05-06 22:53:00,55.0,-13.0
2024-05-06 22:54:00,47.0,-6.0
2024-05-06 22:55:00,49.0,-7.0
2024-05-06 22:56:00,50.0,-9.0
2024-05-06 22:57:00,52.0,-11.0
2024-05-06 22:58:00,47.0,-8.0
2024-05-06 22:59:00,45.0,-8.0
2024-05-06 23:00:00,45.0,-9.0
2024-05-06 23:01:00,44.0,-9.0
2024-05-06 23:02:00,40.0,-5.0
2024-05-06 23:03:00,41.0,-6.0
2024-05-06 23:04:00,40.0,-6.0
2024-05-06 23:05:00,41.0,-6.0
2024-05-06 23:06:00,43.0,-5.0
2024-05-06 23:07:00,46.0,-4.0
2024-05-06 23:08:00,57.0,-12.0
2024-05-06 23:09:00,63.0,-17.0
2024-05-06 23:10:00,59.0,-14.0
2024-05-06 23:11:00,52.0,-11.0
2024-05-06 23:12:00,45.0,-7.0
2024-05-06 23:13:00,42.0,-7.0
2024-05-06 23:14:00,44.0,-9.0
2024-05-06 23:15:00,45.0,-9.0
2024-05-06 23:16:00,48.0,-12.0
2024-05-06 23:17:00,50.0,-12.0
2024-05-06 23:18:00,51.0,-13.0
2024-05-06 23:19:00,60.0,-23.0
2024-05-06 23:20:00,63.0,-25.0
2024-05-06 23:21:00,58.0,-17.0
2024-05-06 23:22:00,53.0,-13.0
2024-05-06 23:23:00,51.0,-11.0
2024-05-06 23:24:00,55.0,-18.0
2024-05-06 23:25:00,50.0,-16.0
2024-05-06 23:26:00,58.0,-22.0
2024-05-06 23:27:00,62.0,-27.0
2024-05-06 23:28:00,60.0,-24.0
2024-05-06 23:29:00,58.0,-19.0
2024-05-06 23:30:00,61.0,-18.0
2024-05-06 23:31:00,64.0,-23.0
2024-05-06 23:32:00,67.0,-27.0
2024-05-06 23:33:00,67.0,-25.0
2024-05-06 23:34:00,68.0,-24.0
2024-05-06 23:35:00,71.0,-28.0
2024-05-06 23:36:00,69.0,-27.0
2024-05-06 23:37:00,69.0,-25.0
2024-05-06 23:38:00,69.0,-25.0
2024-05-06 23:39:00,68.0,-24.0
2024-05-06 23:40:00,69.0,-24.0
2024-05-06 23:41:00,69.0,-22.0
2024-05-06 23:42:00,68.0,-20.0
2024-05-06 23:43:00,65.0,-19.0
2024-05-06 23:44:00,66.0,-19.0
2024-05-06 23:45:00,68.0,-20.0
2024-05-06 23:46:00,70.0,-21.0
2024-05-06 23:47:00,67.0,-19.0
2024-05-06 23:48:00,65.0,-16.0
2024-05-06 23:49:00,67.0,-14.0
2024-05-06 23:50:00,66.0,-12.0
2024-05-06 23:51:00,68.0,-12.0
2024-05-06 23:52:00,68.0,-13.0
2024-05-06 23:53:00,66.0,-13.0
2024-05-06 23:54:00,64.0,-12.0
2024-05-06 23:55:00,64.0,-10.0
2024-05-06 23:56:00,67.0,-12.0
2024-05-06 23:57:00,65.0,-12.0
2024-05-06 23:58:00,61.0,-10.0
2024-05-06 23:59:00,61.0,-10.0
2024-05-07 00:00:00,64.0,-13.0
2024-05-07 00:01:00,66.0,-14.0
2024-05-07 00:02:00,65.0,-13.0
2024-05-07 00:03:00,61.0,-12.0
2024-05-07 00:04:00,58.0,-12.0
2024-05-07 00:05:00,59.0,-11.0
2024-05-07 00:06:00,74.0,-19.0
2024-05-07 00:07:00,79.0,-26.0
2024-05-07 00:08:00,73.0,-26.0
2024-05-07 00:09:00,63.0,-14.0
2024-05-07 00:10:00,89.0,-26.0
2024-05-07 00:11:00,97.0,-28.0
2024-05-07 00:12:00,95.0,-29.0
2024-05-07 00:13:00,98.0,-31.0
2024-05-07 00:14:00,108.0,-36.0
2024-05-07 00:15:00,108.0,-33.0
2024-05-07 00:16:00,101.0,-31.0
2024-05-07 00:17:00,96.0,-31.0
2024-05-07 00:18:00,85.0,-25.0
2024-05-07 00:19:00,79.0,-23.0
2024-05-07 00:20:00,75.0,-20.0
2024-05-07 00:21:00,73.0,-19.0
2024-05-07 00:22:00,72.0,-20.0
2024-05-07 00:23:00,64.0,-15.0
2024-05-07 00:24:00,64.0,-18.0
2024-05-07 00:25:00,66.0,-21.0
2024-05-07 00:26:00,54.0,-13.0
2024-05-07 00:27:00,56.0,-13.0
2024-05-07 00:28:00,58.0,-12.0
2024-05-07 00:29:00,60.0,-12.0
2024-05-07 00:30:00,65.0,-15.0
2024-05-07 00:31:00,63.0,-15.0
2024-05-07 00:32:00,66.0,-15.0
2024-05-07 00:33:00,67.0,-13.0
2024-05-07 00:34:00,71.0,-16.0
2024-05-07 00:35:00,76.0,-20.0
2024-05-07 00:36:00,80.0,-22.0
2024-05-07 00:37:00,81.0,-20.0
2024-05-07 00:38:00,83.0,-15.0
2024-05-07 00:39:00,83.0,-16.0
2024-05-07 00:40:00,75.0,-12.0
2024-05-07 00:41:00,80.0,-16.0
2024-05-07 00:42:00,79.0,-10.0
2024-05-07 00:43:00,73.0,-7.0
2024-05-07 00:44:00,74.0,-11.0
2024-05-07 00:45:00,76.0,-11.0
2024-05-07 00:46:00,75.0,-8.0
2024-05-07 00:47:00,71.0,-9.0
2024-05-07 00:48:00,66.0,-8.0
2024-05-07 00:49:00,67.0,-8.0
2024-05-07 00:50:00,69.0,-12.0
2024-05-07 00:51:00,66.0,-11.0
2024-05-07 00:52:00,64.0,-8.0
2024-05-07 00:53:00,68.0,-10.0
2024-05-07 00:54:00,68.0,-11.0
2024-05-07 00:55:00,68.0,-11.0
2024-05-07 00:56:00,68.0,-10.0
2024-05-07 00:57:00,71.0,-13.0
2024-05-07 00:58:00,77.0,-19.0
2024-05-07 00:59:00,74.0,-19.0
2024-05-07 01:00:00,62.0,-9.0
2024-05-07 01:01:00,60.0,-5.0
2024-05-07 01:02:00,65.0,-7.0
2024-05-07 01:03:00,76.0,-15.0
2024-05-07 01:04:00,88.0,-21.0
2024-05-07 01:05:00,83.0,-18.0
2024-05-07 01:06:00,68.0,-15.0
2024-05-07 01:07:00,64.0,-13.0
2024-05-07 01:08:00,79.0,-23.0
2024-05-07 01:09:00,86.0,-20.0
2024-05-07 01:10:00,86.0,-27.0
2024-05-07 01:11:00,81.0,-27.0
2024-05-07 01:12:00,82.0,-31.0
2024-05-07 01:13:00,85.0,-34.0
2024-05-07 01:14:00,80.0,-33.0
2024-05-07 01:15:00,77.0,-34.0
2024-05-07 01:16:00,84.0,-34.0
2024-05-07 01:17:00,92.0,-32.0
2024-05-07 01:18:00,100.0,-33.0
2024-05-07 01:19:00,85.0,-29.0
2024-05-07 01:20:00,60.0,-26.0
2024-05-07 01:21:00,58.0,-29.0
2024-05-07 01:22:00,70.0,-31.0
2024-05-07 01:23:00,76.0,-28.0
2024-05-07 01:24:00,74.0,-29.0
2024-05-07 01:25:00,68.0,-25.0
2024-05-07 01:26:00,64.0,-22.0
2024-05-07 01:27:00,64.0,-20.0
2024-05-07 01:28:00,81.0,-33.0
2024-05-07 01:29:00,77.0,-35.0
2024-05-07 01:30:00,63.0,-24.0
2024-05-07 01:31:00,71.0,-33.0
2024-05-07 01:32:00,68.0,-32.0
2024-05-07 01:33:00,67.0,-22.0
2024-05-07 01:34:00,76.0,-23.0
2024-05-07 01:35:00,64.0,-21.0
2024-05-07 01:36:00,53.0,-16.0
2024-05-07 01:37:00,66.0,-28.0
2024-05-07 01:38:00,79.0,-27.0
2024-05-07 01:39:00,66.0,-15.0
2024-05-07 01:40:00,68.0,-25.0
2024-05-07 01:41:00,59.0,-20.0
2024-05-07 01:42:00,47.0,-9.0
2024-05-07 01:43:00,56.0,-13.0
2024-05-07 01:44:00,61.0,-14.0
2024-05-07 01:45:00,60.0,-9.0
2024-05-07 01:46:00,70.0,-17.0
2024-05-07 01:47:00,68.0,-21.0
2024-05-07 01:48:00,62.0,-18.0
2024-05-07 01:49:00,57.0,-14.0
2024-05-07 01:50:00,65.0,-21.0
2024-05-07 01:51:00,60.0,-14.0
2024-05-07 01:52:00,63.0,-15.0
2024-05-07 01:53:00,70.0,-20.0
2024-05-07 01:54:00,71.0,-22.0
2024-05-07 01:55:00,64.0,-20.0
2024-05-07 01:56:00,54.0,-17.0
2024-05-07 01:57:00,57.0,-15.0
2024-05-07 01:58:00,73.0,-21.0
2024-05-07 01:59:00,70.0,-21.0
2024-05-07 02:00:00,58.0,-19.0
2024-05-07 02:01:00,52.0,-16.0
2024-05-07 02:02:00,56.0,-14.0
2024-05-07 02:03:00,63.0,-15.0
2024-05-07 02:04:00,62.0,-16.0
2024-05-07 02:05:00,57.0,-15.0
2024-05-07 02:06:00,55.0,-13.0
2024-05-07 02:07:00,52.0,-9.0
2024-05-07 02:08:00,51.0,-8.0
2024-05-07 02:09:00,54.0,-11.0
2024-05-07 02:10:00,59.0,-11.0
2024-05-07 02:11:00,67.0,-10.0
2024-05-07 02:12:00,67.0,-14.0
2024-05-07 02:13:00,56.0,-17.0
2024-05-07 02:14:00,48.0,-16.0
2024-05-07 02:15:00,47.0,-8.0
2024-05-07 02:16:00,63.0,-9.0
2024-05-07 02:17:00,66.0,-11.0
2024-05-07 02:18:00,53.0,-11.0
2024-05-07 02:19:00,50.0,-12.0
2024-05-07 02:20:00,59.0,-16.0
2024-05-07 02:21:00,55.0,-11.0
2024-05-07 02:22:00,58.0,-14.0
2024-05-07 02:23:00,64.0,-19.0
2024-05-07 02:24:00,65.0,-20.0
2024-05-07 02:25:00,51.0,-8.0
2024-05-07 02:26:00,57.0,-8.0
2024-05-07 02:27:00,79.0,-28.0
2024-05-07 02:28:00,97.0,-33.0
2024-05-07 02:29:00,102.0,-32.0
2024-05-07 02:30:00,94.0,-26.0
2024-05-07 02:31:00,91.0,-25.0
2024-05-07 02:32:00,84.0,-21.0
2024-05-07 02:33:00,79.0,-18.0
2024-05-07 02:34:00,77.0,-14.0
2024-05-07 02:35:00,80.0,-14.0
2024-05-07 02:36:00,81.0,-18.0
2024-05-07 02:37:00,78.0,-21.0
2024-05-07 02:38:00,75.0,-20.0
2024-05-07 02:39:00,57.0,-7.0
2024-05-07 02:40:00,68.0,-21.0
2024-05-07 02:41:00,55.0,-13.0
2024-05-07 02:42:00,57.0,-15.0
2024-05-07 02:43:00,63.0,-21.0
2024-05-07 02:44:00,71.0,-29.0
2024-05-07 02:45:00,62.0,-21.0
2024-05-07 02:46:00,74.0,-33.0
2024-05-07 02:47:00,74.0,-33.0
2024-05-07 02:48:00,71.0,-32.0
2024-05-07 02:49:00,72.0,-31.0
2024-05-07 02:50:00,84.0,-42.0
2024-05-07 02:51:00,79.0,-39.0
2024-05-07 02:52:00,81.0,-41.0
2024-05-07 02:53:00,82.0,-41.0
2024-05-07 02:54:00,80.0,-43.0
2024-05-07 02:55:00,91.0,-55.0
2024-05-07 02:56:00,88.0,-51.0
2024-05-07 02:57:00,83.0,-44.0
2024-05-07 02:58:00,78.0,-37.0
2024-05-07 02:59:00,76.0,-36.0
2024-05-07 03:00:00,79.0,-42.0
2024-05-07 03:01:00,76.0,-39.0
2024-05-07 03:02:00,80.0,-40.0
2024-05-07 03:03:00,85.0,-40.0
2024-05-07 03:04:00,101.0,-42.0
2024-05-07 03:05:00,116.0,-50.0
2024-05-07 03:06:00,111.0,-44.0
2024-05-07 03:07:00,107.0,-38.0
2024-05-07 03:08:00,101.0,-33.0
2024-05-07 03:09:00,98.0,-39.0
2024-05-07 03:10:00,101.0,-39.0
2024-05-07 03:11:00,114.0,-45.0
2024-05-07 03:12:00,112.0,-40.0
2024-05-07 03:13:00,109.0,-31.0
2024-05-07 03:14:00,97.0,-22.0
2024-05-07 03:15:00,85.0,-20.0
2024-05-07 03:16:00,80.0,-21.0
2024-05-07 03:17:00,91.0,-35.0
2024-05-07 03:18:00,87.0,-31.0
2024-05-07 03:19:00,78.0,-22.0
2024-05-07 03:20:00,76.0,-20.0
2024-05-07 03:21:00,88.0,-27.0
2024-05-07 03:22:00,99.0,-33.0
2024-05-07 03:23:00,97.0,-34.0
2024-05-07 03:24:00,94.0,-30.0
2024-05-07 03:25:00,92.0,-25.0
2024-05-07 03:26:00,97.0,-29.0
2024-05-07 03:27:00,100.0,-34.0
2024-05-07 03:28:00,102.0,-36.0
2024-05-07 03:29:00,99.0,-34.0
2024-05-07 03:30:00,101.0,-34.0
2024-05-07 03:31:00,101.0,-31.0
2024-05-07 03:32:00,115.0,-38.0
2024-05-07 03:33:00,118.0,-39.0
2024-05-07 03:34:00,126.0,-44.0
2024-05-07 03:35:00,131.0,-49.0
2024-05-07 03:36:00,122.0,-46.0
2024-05-07 03:37:00,114.0,-41.0
2024-05-07 03:38:00,109.0,-35.0
2024-05-07 03:39:00,111.0,-37.0
2024-05-07 03:40:00,102.0,-26.0
2024-05-07 03:41:00,113.0,-35.0
2024-05-07 03:42:00,112.0,-35.0
2024-05-07 03:43:00,113.0,-37.0
2024-05-07 03:44:00,107.0,-32.0
2024-05-07 03:45:00,99.0,-28.0
2024-05-07 03:46:00,84.0,-21.0
2024-05-07 03:47:00,78.0,-17.0
2024-05-07 03:48:00,78.0,-15.0
2024-05-07 03:49:00,77.0,-15.0
2024-05-07 03:50:00,69.0,-13.0
2024-05-07 03:51:00,73.0,-19.0
2024-05-07 03:52:00,73.0,-19.0
2024-05-07 03:53:00,68.0,-13.0
2024-05-07 03:54:00,69.0,-15.0
2024-05-07 03:55:00,72.0,-20.0
2024-05-07 03:56:00,70.0,-18.0
2024-05-07 03:57:00,67.0,-14.0
2024-05-07 03:58:00,66.0,-13.0
2024-05-07 03:59:00,61.0,-9.0
2024-05-07 04:00:00,60.0,-11.0
2024-05-07 04:01:00,58.0,-13.0
2024-05-07 04:02:00,68.0,-17.0
2024-05-07 04:03:00,66.0,-16.0
2024-05-07 04:04:00,64.0,-16.0
2024-05-07 04:05:00,71.0,-20.0
2024-05-07 04:06:00,72.0,-21.0
2024-05-07 04:07:00,66.0,-20.0
2024-05-07 04:08:00,65.0,-15.0
2024-05-07 04:09:00,65.0,-15.0
2024-05-07 04:10:00,61.0,-15.0
2024-05-07 04:11:00,62.0,-16.0
2024-05-07 04:12:00,63.0,-17.0
2024-05-07 04:13:00,65.0,-19.0
2024-05-07 04:14:00,70.0,-23.0
2024-05-07 04:15:00,69.0,-24.0
2024-05-07 04:16:00,65.0,-20.0
2024-05-07 04:17:00,65.0,-19.0
2024-05-07 04:18:00,63.0,-18.0
2024-05-07 04:19:00,60.0,-17.0
2024-05-07 04:20:00,58.0,-15.0
2024-05-07 04:21:00,55.0,-13.0
2024-05-07 04:22:00,51.0,-12.0
2024-05-07 04:23:00,49.0,-15.0
2024-05-07 04:24:00,50.0,-17.0
2024-05-07 04:25:00,49.0,-11.0
2024-05-07 04:26:00,48.0,-10.0
2024-05-07 04:27:00,45.0,-16.0
2024-05-07 04:28:00,58.0,-28.0
2024-05-07 04:29:00,57.0,-28.0
2024-05-07 04:30:00,55.0,-24.0
2024-05-07 04:31:00,53.0,-19.0
2024-05-07 04:32:00,42.0,-17.0
2024-05-07 04:33:00,38.0,-17.0
2024-05-07 04:34:00,48.0,-20.0
2024-05-07 04:35:00,63.0,-25.0
2024-05-07 04:36:00,46.0,-19.0
2024-05-07 04:37:00,36.0,-16.0
2024-05-07 04:38:00,42.0,-15.0
2024-05-07 04:39:00,64.0,-19.0
2024-05-07 04:40:00,55.0,-26.0
2024-05-07 04:41:00,69.0,-39.0
2024-05-07 04:42:00,81.0,-51.0
2024-05-07 04:43:00,76.0,-45.0
2024-05-07 04:44:00,61.0,-28.0
2024-05-07 04:45:00,46.0,-13.0
2024-05-07 04:46:00,43.0,-11.0
2024-05-07 04:47:00,45.0,-15.0
2024-05-07 04:48:00,51.0,-20.0
2024-05-07 04:49:00,58.0,-24.0
2024-05-07 04:50:00,64.0,-27.0
2024-05-07 04:51:00,68.0,-31.0
2024-05-07 04:52:00,47.0,-13.0
2024-05-07 04:53:00,45.0,-14.0
2024-05-07 04:54:00,51.0,-21.0
2024-05-07 04:55:00,60.0,-29.0
2024-05-07 04:56:00,68.0,-36.0
2024-05-07 04:57:00,71.0,-37.0
2024-05-07 04:58:00,64.0,-29.0
2024-05-07 04:59:00,68.0,-29.0
2024-05-07 05:00:00,78.0,-32.0
2024-05-07 05:01:00,83.0,-33.0
2024-05-07 05:02:00,90.0,-36.0
2024-05-07 05:03:00,91.0,-33.0
2024-05-07 05:04:00,92.0,-34.0
2024-05-07 05:05:00,97.0,-37.0
2024-05-07 05:06:00,107.0,-41.0
2024-05-07 05:07:00,100.0,-34.0
2024-05-07 05:08:00,86.0,-24.0
2024-05-07 05:09:00,66.0,-5.0
2024-05-07 05:10:00,60.0,0.0
2024-05-07 05:11:00,55.0,0.0
2024-05-07 05:12:00,52.0,0.0
2024-05-07 05:13:00,53.0,-1.0
2024-05-07 05:14:00,54.0,-1.0
2024-05-07 05:15:00,54.0,0.0
2024-05-07 05:16:00,51.0,-1.0
2024-05-07 05:17:00,47.0,-2.0
2024-05-07 05:18:00,45.0,-3.0
2024-05-07 05:19:00,47.0,-5.0
2024-05-07 05:20:00,47.0,-7.0
2024-05-07 05:21:00,53.0,-11.0
2024-05-07 05:22:00,52.0,-12.0
2024-05-07 05:23:00,49.0,-12.0
2024-05-07 05:24:00,49.0,-13.0
2024-05-07 05:25:00,49.0,-12.0
2024-05-07 05:26:00,48.0,-14.0
2024-05-07 05:27:00,66.0,-32.0
2024-05-07 05:28:00,78.0,-43.0
2024-05-07 05:29:00,80.0,-44.0
2024-05-07 05:30:00,86.0,-49.0
2024-05-07 05:31:00,88.0,-53.0
2024-05-07 05:32:00,82.0,-50.0
2024-05-07 05:33:00,81.0,-52.0
2024-05-07 05:34:00,87.0,-59.0
2024-05-07 05:35:00,85.0,-55.0
2024-05-07 05:36:00,87.0,-54.0
2024-05-07 05:37:00,93.0,-57.0
2024-05-07 05:38:00,102.0,-65.0
2024-05-07 05:39:00,109.0,-72.0
2024-05-07 05:40:00,103.0,-66.0
2024-05-07 05:41:00,101.0,-65.0
2024-05-07 05:42:00,104.0,-69.0
2024-05-07 05:43:00,103.0,-67.0
2024-05-07 05:44:00,108.0,-70.0
2024-05-07 05:45:00,112.0,-71.0
2024-05-07 05:46:00,116.0,-72.0
2024-05-07 05:47:00,120.0,-73.0
2024-05-07 05:48:00,103.0,-59.0
2024-05-07 05:49:00,100.0,-62.0
2024-05-07 05:50:00,96.0,-64.0
2024-05-07 05:51:00,83.0,-54.0
2024-05-07 05:52:00,80.0,-50.0
2024-05-07 05:53:00,86.0,-51.0
2024-05-07 05:54:00,87.0,-52.0
2024-05-07 05:55:00,84.0,-51.0
2024-05-07 05:56:00,73.0,-42.0
2024-05-07 05:57:00,69.0,-39.0
2024-05-07 05:58:00,75.0,-44.0
2024-05-07 05:59:00,86.0,-55.0
2024-05-07 06:00:00,86.0,-52.0
2024-05-07 06:01:00,86.0,-52.0
2024-05-07 06:02:00,77.0,-41.0
2024-05-07 06:03:00,76.0,-39.0
2024-05-07 06:04:00,73.0,-39.0
2024-05-07 06:05:00,73.0,-41.0
2024-05-07 06:06:00,63.0,-33.0
2024-05-07 06:07:00,52.0,-23.0
2024-05-07 06:08:00,49.0,-22.0
2024-05-07 06:09:00,60.0,-32.0
2024-05-07 06:10:00,85.0,-54.0
2024-05-07 06:11:00,111.0,-77.0
2024-05-07 06:12:00,120.0,-83.0
2024-05-07 06:13:00,101.0,-62.0
2024-05-07 06:14:00,68.0,-30.0
2024-05-07 06:15:00,47.0,-10.0
2024-05-07 06:16:00,47.0,-11.0
2024-05-07 06:17:00,68.0,-29.0
2024-05-07 06:18:00,84.0,-43.0
2024-05-07 06:19:00,86.0,-47.0
2024-05-07 06:20:00,76.0,-42.0
2024-05-07 06:21:00,66.0,-36.0
2024-05-07 06:22:00,64.0,-35.0
2024-05-07 06:23:00,65.0,-37.0
2024-05-07 06:24:00,69.0,-41.0
2024-05-07 06:25:00,71.0,-45.0
2024-05-07 06:26:00,76.0,-53.0
2024-05-07 06:27:00,70.0,-50.0
2024-05-07 06:28:00,69.0,-47.0
2024-05-07 06:29:00,66.0,-41.0
2024-05-07 06:30:00,70.0,-41.0
2024-05-07 06:31:00,72.0,-41.0
2024-05-07 06:32:00,69.0,-40.0
2024-05-07 06:33:00,69.0,-41.0
2024-05-07 06:34:00,71.0,-41.0
2024-05-07 06:35:00,74.0,-41.0
2024-05-07 06:36:00,75.0,-39.0
2024-05-07 06:37:00,74.0,-38.0
2024-05-07 06:38:00,69.0,-35.0
2024-05-07 06:39:00,63.0,-31.0
2024-05-07 06:40:00,61.0,-30.0
2024-05-07 06:41:00,64.0,-33.0
2024-05-07 06:42:00,65.0,-33.0
2024-05-07 06:43:00,62.0,-30.0
2024-05-07 06:44:00,62.0,-30.0
2024-05-07 06:45:00,62.0,-30.0
2024-05-07 06:46:00,59.0,-30.0
2024-05-07 06:47:00,56.0,-29.0
2024-05-07 06:48:00,57.0,-33.0
2024-05-07 06:49:00,64.0,-41.0
2024-05-07 06:50:00,66.0,-44.0
2024-05-07 06:51:00,70.0,-49.0
2024-05-07 06:52:00,62.0,-42.0
2024-05-07 06:53:00,57.0,-37.0
2024-05-07 06:54:00,51.0,-31.0
2024-05-07 06:55:00,54.0,-35.0
2024-05-07 06:56:00,60.0,-42.0
2024-05-07 06:57:00,64.0,-46.0
2024-05-07 06:58:00,67.0,-47.0
2024-05-07 06:59:00,68.0,-45.0
2024-05-07 07:00:00,68.0,-42.0
2024-05-07 07:01:00,65.0,-37.0
2024-05-07 07:02:00,61.0,-33.0
2024-05-07 07:03:00,56.0,-31.0
2024-05-07 07:04:00,59.0,-34.0
2024-05-07 07:05:00,62.0,-38.0
2024-05-07 07:06:00,66.0,-41.0
2024-05-07 07:07:00,65.0,-41.0
2024-05-07 07:08:00,59.0,-37.0
2024-05-07 07:09:00,54.0,-33.0
2024-05-07 07:10:00,52.0,-31.0
2024-05-07 07:11:00,54.0,-33.0
2024-05-07 07:12:00,58.0,-41.0
2024-05-07 07:13:00,60.0,-48.0
2024-05-07 07:14:00,62.0,-50.0
2024-05-07 07:15:00,61.0,-45.0
2024-05-07 07:16:00,55.0,-38.0
2024-05-07 07:17:00,50.0,-35.0
2024-05-07 07:18:00,50.0,-37.0
2024-05-07 07:19:00,58.0,-45.0
2024-05-07 07:20:00,61.0,-47.0
2024-05-07 07:21:00,63.0,-46.0
2024-05-07 07:22:00,61.0,-43.0
2024-05-07 07:23:00,57.0,-39.0
2024-05-07 07:24:00,52.0,-35.0
2024-05-07 07:25:00,52.0,-34.0
2024-05-07 07:26:00,56.0,-38.0
2024-05-07 07:27:00,64.0,-45.0
2024-05-07 07:28:00,72.0,-51.0
2024-05-07 07:29:00,71.0,-50.0
2024-05-07 07:30:00,65.0,-44.0
2024-05-07 07:31:00,64.0,-39.0
2024-05-07 07:32:00,69.0,-41.0
2024-05-07 07:33:00,72.0,-41.0
2024-05-07 07:34:00,81.0,-45.0
2024-05-07 07:35:00,81.0,-41.0
2024-05-07 07:36:00,70.0,-28.0
2024-05-07 07:37:00,72.0,-29.0
2024-05-07 07:38:00,76.0,-31.0
2024-05-07 07:39:00,79.0,-32.0
2024-05-07 07:40:00,75.0,-26.0
2024-05-07 07:41:00,74.0,-25.0
2024-05-07 07:42:00,72.0,-24.0
2024-05-07 07:43:00,69.0,-24.0
2024-05-07 07:44:00,68.0,-24.0
2024-05-07 07:45:00,67.0,-25.0
2024-05-07 07:46:00,73.0,-33.0
2024-05-07 07:47:00,74.0,-34.0
2024-05-07 07:48:00,72.0,-32.0
2024-05-07 07:49:00,71.0,-31.0
2024-05-07 07:50:00,75.0,-35.0
2024-05-07 07:51:00,77.0,-37.0
2024-05-07 07:52:00,78.0,-39.0
2024-05-07 07:53:00,77.0,-41.0
2024-05-07 07:54:00,71.0,-39.0
2024-05-07 07:55:00,66.0,-37.0
2024-05-07 07:56:00,67.0,-40.0
2024-05-07 07:57:00,66.0,-40.0
2024-05-07 07:58:00,63.0,-37.0
2024-05-07 07:59:00,64.0,-36.0
2024-05-07 08:00:00,63.0,-37.0
2024-05-07 08:01:00,62.0,-38.0
2024-05-07 08:02:00,60.0,-37.0
2024-05-07 08:03:00,60.0,-39.0
2024-05-07 08:04:00,60.0,-40.0
2024-05-07 08:05:00,61.0,-41.0
2024-05-07 08:06:00,62.0,-40.0
2024-05-07 08:07:00,64.0,-42.0
2024-05-07 08:08:00,68.0,-45.0
2024-05-07 08:09:00,65.0,-39.0
2024-05-07 08:10:00,63.0,-33.0
2024-05-07 08:11:00,62.0,-29.0
2024-05-07 08:12:00,69.0,-35.0
2024-05-07 08:13:00,68.0,-34.0
2024-05-07 08:14:00,65.0,-32.0
2024-05-07 08:15:00,68.0,-33.0
2024-05-07 08:16:00,78.0,-39.0
2024-05-07 08:17:00,79.0,-36.0
2024-05-07 08:18:00,68.0,-23.0
2024-05-07 08:19:00,65.0,-19.0
2024-05-07 08:20:00,73.0,-27.0
2024-05-07 08:21:00,80.0,-34.0
2024-05-07 08:22:00,74.0,-29.0
2024-05-07 08:23:00,61.0,-16.0
2024-05-07 08:24:00,63.0,-18.0
2024-05-07 08:25:00,66.0,-25.0
2024-05-07 08:26:00,64.0,-28.0
2024-05-07 08:27:00,62.0,-30.0
2024-05-07 08:28:00,63.0,-29.0
2024-05-07 08:29:00,74.0,-31.0
2024-05-07 08:30:00,85.0,-34.0
2024-05-07 08:31:00,91.0,-33.0
2024-05-07 08:32:00,87.0,-32.0
2024-05-07 08:33:00,79.0,-33.0
2024-05-07 08:34:00,74.0,-38.0
2024-05-07 08:35:00,70.0,-39.0
2024-05-07 08:36:00,83.0,-49.0
2024-05-07 08:37:00,92.0,-44.0
2024-05-07 08:38:00,70.0,-24.0
2024-05-07 08:39:00,63.0,-22.0
2024-05-07 08:40:00,73.0,-41.0
2024-05-07 08:41:00,69.0,-41.0
2024-05-07 08:42:00,66.0,-37.0
2024-05-07 08:43:00,76.0,-41.0
2024-05-07 08:44:00,82.0,-44.0
2024-05-07 08:45:00,82.0,-42.0
2024-05-07 08:46:00,86.0,-47.0
2024-05-07 08:47:00,88.0,-49.0
2024-05-07 08:48:00,84.0,-42.0
2024-05-07 08:49:00,83.0,-38.0
2024-05-07 08:50:00,86.0,-39.0
2024-05-07 08:51:00,87.0,-38.0
2024-05-07 08:52:00,88.0,-37.0
2024-05-07 08:53:00,95.0,-41.0
2024-05-07 08:54:00,97.0,-39.0
2024-05-07 08:55:00,96.0,-38.0
2024-05-07 08:56:00,93.0,-35.0
2024-05-07 08:57:00,91.0,-33.0
2024-05-07 08:58:00,85.0,-30.0
2024-05-07 08:59:00,79.0,-29.0
2024-05-07 09:00:00,80.0,-31.0
2024-05-07 09:01:00,86.0,-34.0
2024-05-07 09:02:00,86.0,-33.0
2024-05-07 09:03:00,79.0,-29.0
2024-05-07 09:04:00,84.0,-37.0
2024-05-07 09:05:00,92.0,-47.0
2024-05-07 09:06:00,118.0,-71.0
2024-05-07 09:07:00,157.0,-109.0
2024-05-07 09:08:00,191.0,-144.0
2024-05-07 09:09:00,213.0,-168.0
2024-05-07 09:10:00,206.0,-162.0
2024-05-07 09:11:00,205.0,-161.0
2024-05-07 09:12:00,211.0,-164.0
2024-05-07 09:13:00,227.0,-179.0
2024-05-07 09:14:00,221.0,-172.0
2024-05-07 09:15:00,235.0,-183.0
2024-05-07 09:16:00,242.0,-190.0
2024-05-07 09:17:00,224.0,-173.0
2024-05-07 09:18:00,225.0,-177.0
2024-05-07 09:19:00,242.0,-197.0
2024-05-07 09:20:00,221.0,-180.0
2024-05-07 09:21:00,215.0,-174.0
2024-05-07 09:22:00,222.0,-180.0
2024-05-07 09:23:00,229.0,-183.0
2024-05-07 09:24:00,225.0,-175.0
2024-05-07 09:25:00,226.0,-168.0
2024-05-07 09:26:00,228.0,-163.0
2024-05-07 09:27:00,223.0,-154.0
2024-05-07 09:28:00,207.0,-140.0
2024-05-07 09:29:00,185.0,-125.0
2024-05-07 09:30:00,170.0,-115.0
2024-05-07 09:31:00,165.0,-109.0
2024-05-07 09:32:00,166.0,-106.0
2024-05-07 09:33:00,168.0,-102.0
2024-05-07 09:34:00,169.0,-99.0
2024-05-07 09:35:00,170.0,-97.0
2024-05-07 09:36:00,169.0,-94.0
2024-05-07 09:37:00,169.0,-93.0
2024-05-07 09:38:00,166.0,-91.0
2024-05-07 09:39:00,166.0,-93.0
2024-05-07 09:40:00,168.0,-91.0
2024-05-07 09:41:00,169.0,-88.0
2024-05-07 09:42:00,172.0,-90.0
2024-05-07 09:43:00,168.0,-86.0
2024-05-07 09:44:00,161.0,-82.0
2024-05-07 09:45:00,153.0,-77.0
2024-05-07 09:46:00,140.0,-72.0
2024-05-07 09:47:00,130.0,-66.0
2024-05-07 09:48:00,124.0,-59.0
2024-05-07 09:49:00,120.0,-52.0
2024-05-07 09:50:00,116.0,-49.0
2024-05-07 09:51:00,109.0,-46.0
2024-05-07 09:52:00,120.0,-62.0
2024-05-07 09:53:00,129.0,-73.0
2024-05-07 09:54:00,114.0,-59.0
2024-05-07 09:55:00,119.0,-62.0
2024-05-07 09:56:00,140.0,-78.0
2024-05-07 09:57:00,140.0,-73.0
2024-05-07 09:58:00,117.0,-46.0
2024-05-07 09:59:00,166.0,-92.0
2024-05-07 10:00:00,177.0,-104.0
2024-05-07 10:01:00,179.0,-109.0
2024-05-07 10:02:00,140.0,-71.0
2024-05-07 10:03:00,124.0,-53.0
2024-05-07 10:04:00,137.0,-55.0
2024-05-07 10:05:00,153.0,-58.0
2024-05-07 10:06:00,149.0,-61.0
2024-05-07 10:07:00,147.0,-64.0
2024-05-07 10:08:00,158.0,-83.0
2024-05-07 10:09:00,177.0,-104.0
2024-05-07 10:10:00,265.0,-159.0
2024-05-07 10:11:00,245.0,-131.0
2024-05-07 10:12:00,184.0,-80.0
2024-05-07 10:13:00,170.0,-72.0
2024-05-07 10:14:00,162.0,-68.0
2024-05-07 10:15:00,146.0,-64.0
2024-05-07 10:16:00,160.0,-65.0
2024-05-07 10:17:00,167.0,-67.0
2024-05-07 10:18:00,165.0,-66.0
2024-05-07 10:19:00,153.0,-61.0
2024-05-07 10:20:00,149.0,-59.0
2024-05-07 10:21:00,151.0,-61.0
2024-05-07 10:22:00,151.0,-61.0
2024-05-07 10:23:00,163.0,-73.0
2024-05-07 10:24:00,166.0,-73.0
2024-05-07 10:25:00,155.0,-59.0
2024-05-07 10:26:00,170.0,-68.0
2024-05-07 10:27:00,181.0,-85.0
2024-05-07 10:28:00,190.0,-99.0
2024-05-07 10:29:00,151.0,-63.0
2024-05-07 10:30:00,139.0,-55.0
2024-05-07 10:31:00,143.0,-55.0
2024-05-07 10:32:00,152.0,-52.0
2024-05-07 10:33:00,156.0,-49.0
2024-05-07 10:34:00,152.0,-48.0
2024-05-07 10:35:00,172.0,-49.0
2024-05-07 10:36:00,171.0,-43.0
2024-05-07 10:37:00,132.0,-38.0
2024-05-07 10:38:00,120.0,-39.0
2024-05-07 10:39:00,124.0,-47.0
2024-05-07 10:40:00,137.0,-60.0
2024-05-07 10:41:00,146.0,-67.0
2024-05-07 10:42:00,150.0,-71.0
2024-05-07 10:43:00,136.0,-58.0
2024-05-07 10:44:00,128.0,-52.0
2024-05-07 10:45:00,133.0,-51.0
2024-05-07 10:46:00,179.0,-91.0
2024-05-07 10:47:00,168.0,-78.0
2024-05-07 10:48:00,176.0,-92.0
2024-05-07 10:49:00,150.0,-60.0
2024-05-07 10:50:00,141.0,-53.0
2024-05-07 10:51:00,134.0,-56.0
2024-05-07 10:52:00,140.0,-62.0
2024-05-07 10:53:00,152.0,-63.0
2024-05-07 10:54:00,168.0,-64.0
2024-05-07 10:55:00,162.0,-63.0
2024-05-07 10:56:00,161.0,-63.0
2024-05-07 10:57:00,160.0,-65.0
2024-05-07 10:58:00,161.0,-67.0
2024-05-07 10:59:00,150.0,-62.0
2024-05-07 11:00:00,126.0,-51.0
2024-05-07 11:01:00,120.0,-50.0
2024-05-07 11:02:00,118.0,-52.0
2024-05-07 11:03:00,122.0,-53.0
2024-05-07 11:04:00,131.0,-58.0
2024-05-07 11:05:00,135.0,-59.0
2024-05-07 11:06:00,138.0,-65.0
2024-05-07 11:07:00,145.0,-71.0
2024-05-07 11:08:00,155.0,-72.0
2024-05-07 11:09:00,172.0,-71.0
2024-05-07 11:10:00,198.0,-72.0
2024-05-07 11:11:00,194.0,-72.0
2024-05-07 11:12:00,157.0,-73.0
2024-05-07 11:13:00,156.0,-73.0
2024-05-07 11:14:00,180.0,-75.0
2024-05-07 11:15:00,175.0,-73.0
2024-05-07 11:16:00,161.0,-70.0
2024-05-07 11:17:00,154.0,-68.0
2024-05-07 11:18:00,159.0,-73.0
2024-05-07 11:19:00,181.0,-80.0
2024-05-07 11:20:00,174.0,-75.0
2024-05-07 11:21:00,180.0,-73.0
2024-05-07 11:22:00,198.0,-77.0
2024-05-07 11:23:00,220.0,-98.0
2024-05-07 11:24:00,213.0,-101.0
2024-05-07 11:25:00,191.0,-85.0
2024-05-07 11:26:00,197.0,-85.0
2024-05-07 11:27:00,190.0,-76.0
2024-05-07 11:28:00,182.0,-73.0
2024-05-07 11:29:00,186.0,-78.0
2024-05-07 11:30:00,194.0,-84.0
2024-05-07 11:31:00,215.0,-101.0
2024-05-07 11:32:00,232.0,-115.0
2024-05-07 11:33:00,226.0,-108.0
2024-05-07 11:34:00,207.0,-89.0
2024-05-07 11:35:00,193.0,-82.0
2024-05-07 11:36:00,195.0,-89.0
2024-05-07 11:37:00,194.0,-86.0
2024-05-07 11:38:00,202.0,-92.0
2024-05-07 11:39:00,203.0,-89.0
2024-05-07 11:40:00,205.0,-93.0
2024-05-07 11:41:00,198.0,-93.0
2024-05-07 11:42:00,190.0,-89.0
2024-05-07 11:43:00,184.0,-88.0
2024-05-07 11:44:00,179.0,-88.0
2024-05-07 11:45:00,185.0,-96.0
2024-05-07 11:46:00,186.0,-99.0
2024-05-07 11:47:00,191.0,-102.0
2024-05-07 11:48:00,194.0,-100.0
2024-05-07 11:49:00,199.0,-101.0
2024-05-07 11:50:00,205.0,-106.0
2024-05-07 11:51:00,216.0,-117.0
2024-05-07 11:52:00,259.0,-136.0
2024-05-07 11:53:00,299.0,-147.0
2024-05-07 11:54:00,310.0,-144.0
2024-05-07 11:55:00,305.0,-138.0
2024-05-07 11:56:00,296.0,-139.0
2024-05-07 11:57:00,275.0,-143.0
2024-05-07 11:58:00,269.0,-146.0
2024-05-07 11:59:00,280.0,-148.0
2024-05-07 12:00:00,301.0,-158.0
2024-05-07 12:01:00,316.0,-169.0
2024-05-07 12:02:00,325.0,-179.0
2024-05-07 12:03:00,322.0,-181.0
2024-05-07 12:04:00,313.0,-178.0
2024-05-07 12:05:00,302.0,-168.0
2024-05-07 12:06:00,307.0,-167.0
2024-05-07 12:07:00,315.0,-169.0
2024-05-07 12:08:00,348.0,-205.0
2024-05-07 12:09:00,323.0,-182.0
2024-05-07 12:10:00,320.0,-173.0
2024-05-07 12:11:00,324.0,-171.0
2024-05-07 12:12:00,316.0,-172.0
2024-05-07 12:13:00,319.0,-179.0
2024-05-07 12:14:00,355.0,-210.0
2024-05-07 12:15:00,326.0,-181.0
2024-05-07 12:16:00,360.0,-218.0
2024-05-07 12:17:00,307.0,-173.0
2024-05-07 12:18:00,310.0,-180.0
2024-05-07 12:19:00,324.0,-188.0
2024-05-07 12:20:00,344.0,-203.0
2024-05-07 12:21:00,350.0,-215.0
2024-05-07 12:22:00,351.0,-220.0
2024-05-07 12:23:00,353.0,-222.0
2024-05-07 12:24:00,359.0,-223.0
2024-05-07 12:25:00,366.0,-224.0
2024-05-07 12:26:00,358.0,-219.0
2024-05-07 12:27:00,346.0,-210.0
2024-05-07 12:28:00,331.0,-203.0
2024-05-07 12:29:00,324.0,-203.0
2024-05-07 12:30:00,335.0,-214.0
2024-05-07 12:31:00,350.0,-230.0
2024-05-07 12:32:00,339.0,-219.0
2024-05-07 12:33:00,325.0,-205.0
2024-05-07 12:34:00,330.0,-216.0
2024-05-07 12:35:00,332.0,-225.0
2024-05-07 12:36:00,324.0,-223.0
2024-05-07 12:37:00,316.0,-216.0
2024-05-07 12:38:00,317.0,-216.0
2024-05-07 12:39:00,315.0,-218.0
2024-05-07 12:40:00,314.0,-223.0
2024-05-07 12:41:00,310.0,-225.0
2024-05-07 12:42:00,305.0,-224.0
2024-05-07 12:43:00,299.0,-220.0
2024-05-07 12:44:00,302.0,-221.0
2024-05-07 12:45:00,303.0,-219.0
2024-05-07 12:46:00,300.0,-214.0
2024-05-07 12:47:00,295.0,-209.0
2024-05-07 12:48:00,290.0,-204.0
2024-05-07 12:49:00,287.0,-200.0
2024-05-07 12:50:00,286.0,-200.0
2024-05-07 12:51:00,282.0,-196.0
2024-05-07 12:52:00,282.0,-196.0
2024-05-07 12:53:00,282.0,-195.0
2024-05-07 12:54:00,279.0,-190.0
2024-05-07 12:55:00,273.0,-185.0
2024-05-07 12:56:00,267.0,-181.0
2024-05-07 12:57:00,263.0,-178.0
2024-05-07 12:58:00,265.0,-177.0
2024-05-07 12:59:00,268.0,-179.0
2024-05-07 13:00:00,271.0,-183.0
2024-05-07 13:01:00,274.0,-187.0
2024-05-07 13:02:00,272.0,-188.0
2024-05-07 13:03:00,266.0,-183.0
2024-05-07 13:04:00,259.0,-176.0
2024-05-07 13:05:00,260.0,-177.0
2024-05-07 13:06:00,261.0,-178.0
2024-05-07 13:07:00,256.0,-175.0
2024-05-07 13:08:00,246.0,-166.0
2024-05-07 13:09:00,237.0,-160.0
2024-05-07 13:10:00,236.0,-162.0
2024-05-07 13:11:00,234.0,-164.0
2024-05-07 13:12:00,232.0,-165.0
2024-05-07 13:13:00,233.0,-166.0
2024-05-07 13:14:00,228.0,-162.0
2024-05-07 13:15:00,216.0,-153.0
2024-05-07 13:16:00,213.0,-152.0
2024-05-07 13:17:00,220.0,-157.0
2024-05-07 13:18:00,228.0,-160.0
2024-05-07 13:19:00,234.0,-162.0
2024-05-07 13:20:00,232.0,-156.0
2024-05-07 13:21:00,232.0,-151.0
2024-05-07 13:22:00,235.0,-151.0
2024-05-07 13:23:00,245.0,-156.0
2024-05-07 13:24:00,249.0,-156.0
2024-05-07 13:25:00,245.0,-151.0
2024-05-07 13:26:00,243.0,-148.0
2024-05-07 13:27:00,252.0,-150.0
2024-05-07 13:28:00,263.0,-152.0
2024-05-07 13:29:00,270.0,-151.0
2024-05-07 13:30:00,273.0,-148.0
2024-05-07 13:31:00,278.0,-150.0
2024-05-07 13:32:00,286.0,-156.0
2024-05-07 13:33:00,289.0,-156.0
2024-05-07 13:34:00,290.0,-158.0
2024-05-07 13:35:00,294.0,-164.0
2024-05-07 13:36:00,305.0,-174.0
2024-05-07 13:37:00,307.0,-176.0
2024-05-07 13:38:00,300.0,-172.0
2024-05-07 13:39:00,293.0,-165.0
2024-05-07 13:40:00,286.0,-159.0
2024-05-07 13:41:00,283.0,-159.0
2024-05-07 13:42:00,288.0,-162.0
2024-05-07 13:43:00,297.0,-170.0
2024-05-07 13:44:00,300.0,-172.0
2024-05-07 13:45:00,298.0,-172.0
2024-05-07 13:46:00,296.0,-172.0
2024-05-07 13:47:00,291.0,-169.0
2024-05-07 13:48:00,282.0,-166.0
2024-05-07 13:49:00,274.0,-164.0
2024-05-07 13:50:00,279.0,-169.0
2024-05-07 13:51:00,285.0,-175.0
2024-05-07 13:52:00,275.0,-170.0
2024-05-07 13:53:00,261.0,-164.0
2024-05-07 13:54:00,248.0,-159.0
2024-05-07 13:55:00,248.0,-159.0
2024-05-07 13:56:00,245.0,-159.0
2024-05-07 13:57:00,247.0,-162.0
2024-05-07 13:58:00,250.0,-161.0
2024-05-07 13:59:00,250.0,-162.0
2024-05-07 14:00:00,254.0,-166.0
2024-05-07 14:01:00,261.0,-173.0
2024-05-07 14:02:00,257.0,-168.0
2024-05-07 14:03:00,238.0,-151.0
2024-05-07 14:04:00,228.0,-144.0
2024-05-07 14:05:00,230.0,-153.0
2024-05-07 14:06:00,231.0,-157.0
2024-05-07 14:07:00,228.0,-153.0
2024-05-07 14:08:00,219.0,-141.0
2024-05-07 14:09:00,211.0,-133.0
2024-05-07 14:10:00,201.0,-124.0
2024-05-07 14:11:00,204.0,-128.0
2024-05-07 14:12:00,208.0,-131.0
2024-05-07 14:13:00,207.0,-128.0
2024-05-07 14:14:00,194.0,-116.0
2024-05-07 14:15:00,181.0,-108.0
2024-05-07 14:16:00,175.0,-105.0
2024-05-07 14:17:00,168.0,-98.0
2024-05-07 14:18:00,161.0,-90.0
2024-05-07 14:19:00,162.0,-92.0
2024-05-07 14:20:00,169.0,-98.0
2024-05-07 14:21:00,175.0,-103.0
2024-05-07 14:22:00,172.0,-102.0
2024-05-07 14:23:00,161.0,-94.0
2024-05-07 14:24:00,155.0,-88.0
2024-05-07 14:25:00,155.0,-89.0
2024-05-07 14:26:00,153.0,-87.0
2024-05-07 14:27:00,149.0,-84.0
2024-05-07 14:28:00,144.0,-80.0
2024-05-07 14:29:00,140.0,-76.0
2024-05-07 14:30:00,132.0,-69.0
2024-05-07 14:31:00,123.0,-61.0
2024-05-07 14:32:00,117.0,-56.0
2024-05-07 14:33:00,115.0,-55.0
2024-05-07 14:34:00,118.0,-59.0
2024-05-07 14:35:00,125.0,-65.0
2024-05-07 14:36:00,128.0,-69.0
2024-05-07 14:37:00,128.0,-69.0
2024-05-07 14:38:00,124.0,-65.0
2024-05-07 14:39:00,116.0,-61.0
2024-05-07 14:40:00,115.0,-61.0
2024-05-07 14:41:00,121.0,-66.0
2024-05-07 14:42:00,130.0,-72.0
2024-05-07 14:43:00,131.0,-69.0
2024-05-07 14:44:00,129.0,-66.0
2024-05-07 14:45:00,129.0,-62.0
2024-05-07 14:46:00,133.0,-62.0
2024-05-07 14:47:00,138.0,-65.0
2024-05-07 14:48:00,143.0,-71.0
2024-05-07 14:49:00,153.0,-80.0
2024-05-07 14:50:00,158.0,-83.0
2024-05-07 14:51:00,162.0,-86.0
2024-05-07 14:52:00,166.0,-85.0
2024-05-07 14:53:00,165.0,-83.0
2024-05-07 14:54:00,161.0,-83.0
2024-05-07 14:55:00,161.0,-86.0
2024-05-07 14:56:00,159.0,-88.0
2024-05-07 14:57:00,160.0,-90.0
2024-05-07 14:58:00,163.0,-94.0
2024-05-07 14:59:00,162.0,-96.0
2024-05-07 15:00:00,154.0,-93.0
2024-05-07 15:01:00,148.0,-91.0
2024-05-07 15:02:00,144.0,-88.0
2024-05-07 15:03:00,138.0,-81.0
2024-05-07 15:04:00,135.0,-75.0
2024-05-07 15:05:00,131.0,-70.0
2024-05-07 15:06:00,121.0,-62.0
2024-05-07 15:07:00,111.0,-56.0
2024-05-07 15:08:00,106.0,-56.0
2024-05-07 15:09:00,105.0,-56.0
2024-05-07 15:10:00,103.0,-54.0
2024-05-07 15:11:00,100.0,-51.0
2024-05-07 15:12:00,97.0,-50.0
2024-05-07 15:13:00,92.0,-46.0
2024-05-07 15:14:00,91.0,-42.0
2024-05-07 15:15:00,90.0,-39.0
2024-05-07 15:16:00,88.0,-37.0
2024-05-07 15:17:00,86.0,-37.0
2024-05-07 15:18:00,82.0,-37.0
2024-05-07 15:19:00,82.0,-38.0
2024-05-07 15:20:00,86.0,-42.0
2024-05-07 15:21:00,91.0,-47.0
2024-05-07 15:22:00,95.0,-51.0
2024-05-07 15:23:00,95.0,-52.0
2024-05-07 15:24:00,96.0,-53.0
2024-05-07 15:25:00,99.0,-57.0
2024-05-07 15:26:00,105.0,-62.0
2024-05-07 15:27:00,105.0,-63.0
2024-05-07 15:28:00,105.0,-66.0
2024-05-07 15:29:00,102.0,-65.0
2024-05-07 15:30:00,107.0,-68.0
2024-05-07 15:31:00,111.0,-72.0
2024-05-07 15:32:00,115.0,-76.0
2024-05-07 15:33:00,115.0,-79.0
2024-05-07 15:34:00,114.0,-80.0
2024-05-07 15:35:00,115.0,-82.0
2024-05-07 15:36:00,117.0,-84.0
2024-05-07 15:37:00,122.0,-90.0
2024-05-07 15:38:00,129.0,-97.0
2024-05-07 15:39:00,137.0,-103.0
2024-05-07 15:40:00,144.0,-111.0
2024-05-07 15:41:00,145.0,-114.0
2024-05-07 15:42:00,144.0,-113.0
2024-05-07 15:43:00,142.0,-110.0
2024-05-07 15:44:00,140.0,-107.0
2024-05-07 15:45:00,137.0,-106.0
2024-05-07 15:46:00,133.0,-104.0
2024-05-07 15:47:00,129.0,-100.0
2024-05-07 15:48:00,131.0,-100.0
2024-05-07 15:49:00,136.0,-101.0
2024-05-07 15:50:00,138.0,-100.0
2024-05-07 15:51:00,138.0,-97.0
2024-05-07 15:52:00,140.0,-94.0
2024-05-07 15:53:00,143.0,-92.0
2024-05-07 15:54:00,147.0,-91.0
2024-05-07 15:55:00,152.0,-92.0
2024-05-07 15:56:00,157.0,-94.0
2024-05-07 15:57:00,156.0,-92.0
2024-05-07 15:58:00,160.0,-90.0
2024-05-07 15:59:00,164.0,-88.0
2024-05-07 16:00:00,160.0,-84.0
2024-05-07 16:01:00,180.0,-97.0
2024-05-07 16:02:00,177.0,-93.0
2024-05-07 16:03:00,166.0,-85.0
2024-05-07 16:04:00,170.0,-92.0
2024-05-07 16:05:00,172.0,-95.0
2024-05-07 16:06:00,179.0,-101.0
2024-05-07 16:07:00,188.0,-108.0
2024-05-07 16:08:00,195.0,-115.0
2024-05-07 16:09:00,200.0,-120.0
2024-05-07 16:10:00,201.0,-121.0
2024-05-07 16:11:00,201.0,-120.0
2024-05-07 16:12:00,199.0,-119.0
2024-05-07 16:13:00,201.0,-121.0
2024-05-07 16:14:00,200.0,-119.0
2024-05-07 16:15:00,196.0,-116.0
2024-05-07 16:16:00,192.0,-116.0
2024-05-07 16:17:00,193.0,-119.0
2024-05-07 16:18:00,200.0,-123.0
2024-05-07 16:19:00,213.0,-128.0
2024-05-07 16:20:00,217.0,-128.0
2024-05-07 16:21:00,209.0,-124.0
2024-05-07 16:22:00,206.0,-120.0
2024-05-07 16:23:00,210.0,-119.0
2024-05-07 16:24:00,214.0,-115.0
2024-05-07 16:25:00,214.0,-111.0
2024-05-07 16:26:00,214.0,-108.0
2024-05-07 16:27:00,222.0,-113.0
2024-05-07 16:28:00,221.0,-108.0
2024-05-07 16:29:00,231.0,-109.0
2024-05-07 16:30:00,236.0,-108.0
2024-05-07 16:31:00,237.0,-109.0
2024-05-07 16:32:00,241.0,-105.0
2024-05-07 16:33:00,235.0,-105.0
2024-05-07 16:34:00,232.0,-103.0
2024-05-07 16:35:00,242.0,-105.0
2024-05-07 16:36:00,243.0,-105.0
2024-05-07 16:37:00,250.0,-111.0
2024-05-07 16:38:00,248.0,-115.0
2024-05-07 16:39:00,247.0,-118.0
2024-05-07 16:40:00,246.0,-119.0
2024-05-07 16:41:00,249.0,-118.0
2024-05-07 16:42:00,262.0,-123.0
2024-05-07 16:43:00,282.0,-137.0
2024-05-07 16:44:00,281.0,-139.0
2024-05-07 16:45:00,270.0,-135.0
2024-05-07 16:46:00,266.0,-135.0
2024-05-07 16:47:00,274.0,-142.0
2024-05-07 16:48:00,283.0,-149.0
2024-05-07 16:49:00,280.0,-146.0
2024-05-07 16:50:00,276.0,-140.0
2024-05-07 16:51:00,278.0,-138.0
2024-05-07 16:52:00,274.0,-135.0
2024-05-07 16:53:00,275.0,-138.0
2024-05-07 16:54:00,280.0,-145.0
2024-05-07 16:55:00,285.0,-149.0
2024-05-07 16:56:00,288.0,-154.0
2024-05-07 16:57:00,283.0,-151.0
2024-05-07 16:58:00,273.0,-147.0
2024-05-07 16:59:00,276.0,-152.0
2024-05-07 17:00:00,283.0,-158.0
2024-05-07 17:01:00,296.0,-169.0
2024-05-07 17:02:00,324.0,-188.0
2024-05-07 17:03:00,318.0,-190.0
2024-05-07 17:04:00,314.0,-195.0
2024-05-07 17:05:00,332.0,-207.0
2024-05-07 17:06:00,348.0,-229.0
2024-05-07 17:07:00,355.0,-235.0
2024-05-07 17:08:00,389.0,-256.0
2024-05-07 17:09:00,390.0,-251.0
2024-05-07 17:10:00,398.0,-256.0
2024-05-07 17:11:00,414.0,-260.0
2024-05-07 17:12:00,427.0,-264.0
2024-05-07 17:13:00,441.0,-277.0
2024-05-07 17:14:00,450.0,-287.0
2024-05-07 17:15:00,448.0,-289.0
2024-05-07 17:16:00,450.0,-296.0
2024-05-07 17:17:00,501.0,-343.0
2024-05-07 17:18:00,497.0,-340.0
2024-05-07 17:19:00,477.0,-322.0
2024-05-07 17:20:00,455.0,-300.0
2024-05-07 17:21:00,447.0,-291.0
2024-05-07 17:22:00,445.0,-288.0
2024-05-07 17:23:00,464.0,-298.0
2024-05-07 17:24:00,449.0,-277.0
2024-05-07 17:25:00,433.0,-259.0
2024-05-07 17:26:00,434.0,-257.0
2024-05-07 17:27:00,432.0,-253.0
2024-05-07 17:28:00,418.0,-236.0
2024-05-07 17:29:00,416.0,-239.0
2024-05-07 17:30:00,439.0,-256.0
2024-05-07 17:31:00,459.0,-272.0
2024-05-07 17:32:00,459.0,-273.0
2024-05-07 17:33:00,452.0,-274.0
2024-05-07 17:34:00,451.0,-272.0
2024-05-07 17:35:00,454.0,-268.0
2024-05-07 17:36:00,450.0,-273.0
2024-05-07 17:37:00,446.0,-282.0
2024-05-07 17:38:00,427.0,-271.0
2024-05-07 17:39:00,423.0,-272.0
2024-05-07 17:40:00,408.0,-260.0
2024-05-07 17:41:00,401.0,-254.0
2024-05-07 17:42:00,401.0,-258.0
2024-05-07 17:43:00,410.0,-268.0
2024-05-07 17:44:00,419.0,-275.0
2024-05-07 17:45:00,421.0,-275.0
2024-05-07 17:46:00,420.0,-273.0
2024-05-07 17:47:00,403.0,-258.0
2024-05-07 17:48:00,399.0,-254.0
2024-05-07 17:49:00,388.0,-247.0
2024-05-07 17:50:00,384.0,-246.0
2024-05-07 17:51:00,384.0,-251.0
2024-05-07 17:52:00,377.0,-251.0
2024-05-07 17:53:00,368.0,-248.0
2024-05-07 17:54:00,358.0,-245.0
2024-05-07 17:55:00,353.0,-243.0
2024-05-07 17:56:00,352.0,-240.0
2024-05-07 17:57:00,355.0,-244.0
2024-05-07 17:58:00,349.0,-241.0
2024-05-07 17:59:00,340.0,-236.0
2024-05-07 18:00:00,334.0,-230.0
2024-05-07 18:01:00,333.0,-228.0
2024-05-07 18:02:00,328.0,-225.0
2024-05-07 18:03:00,323.0,-224.0
2024-05-07 18:04:00,320.0,-220.0
2024-05-07 18:05:00,319.0,-218.0
2024-05-07 18:06:00,311.0,-212.0
2024-05-07 18:07:00,306.0,-208.0
2024-05-07 18:08:00,311.0,-215.0
2024-05-07 18:09:00,314.0,-220.0
2024-05-07 18:10:00,285.0,-196.0
2024-05-07 18:11:00,282.0,-195.0
2024-05-07 18:12:00,287.0,-198.0
2024-05-07 18:13:00,288.0,-199.0
2024-05-07 18:14:00,287.0,-200.0
2024-05-07 18:15:00,288.0,-203.0
2024-05-07 18:16:00,283.0,-199.0
2024-05-07 18:17:00,285.0,-201.0
2024-05-07 18:18:00,285.0,-203.0
2024-05-07 18:19:00,282.0,-204.0
2024-05-07 18:20:00,280.0,-202.0
2024-05-07 18:21:00,275.0,-198.0
2024-05-07 18:22:00,268.0,-192.0
2024-05-07 18:23:00,263.0,-188.0
2024-05-07 18:24:00,258.0,-185.0
2024-05-07 18:25:00,252.0,-178.0
2024-05-07 18:26:00,248.0,-173.0
2024-05-07 18:27:00,244.0,-169.0
2024-05-07 18:28:00,238.0,-164.0
2024-05-07 18:29:00,231.0,-158.0
2024-05-07 18:30:00,229.0,-155.0
2024-05-07 18:31:00,227.0,-150.0
2024-05-07 18:32:00,220.0,-142.0
2024-05-07 18:33:00,214.0,-135.0
2024-05-07 18:34:00,203.0,-126.0
2024-05-07 18:35:00,191.0,-118.0
2024-05-07 18:36:00,190.0,-117.0
2024-05-07 18:37:00,189.0,-115.0
2024-05-07 18:38:00,186.0,-113.0
2024-05-07 18:39:00,181.0,-111.0
2024-05-07 18:40:00,170.0,-103.0
2024-05-07 18:41:00,167.0,-102.0
2024-05-07 18:42:00,165.0,-101.0
2024-05-07 18:43:00,156.0,-97.0
2024-05-07 18:44:00,151.0,-95.0
2024-05-07 18:45:00,142.0,-89.0
2024-05-07 18:46:00,142.0,-89.0
2024-05-07 18:47:00,138.0,-86.0
2024-05-07 18:48:00,135.0,-86.0
2024-05-07 18:49:00,129.0,-82.0
2024-05-07 18:50:00,124.0,-78.0
2024-05-07 18:51:00,122.0,-75.0
2024-05-07 18:52:00,120.0,-72.0
2024-05-07 18:53:00,117.0,-69.0
2024-05-07 18:54:00,112.0,-65.0
2024-05-07 18:55:00,111.0,-64.0
2024-05-07 18:56:00,111.0,-62.0
2024-05-07 18:57:00,113.0,-61.0
2024-05-07 18:58:00,113.0,-58.0
2024-05-07 18:59:00,115.0,-56.0
2024-05-07 19:00:00,114.0,-53.0
2024-05-07 19:01:00,110.0,-53.0
2024-05-07 19:02:00,105.0,-52.0
2024-05-07 19:03:00,103.0,-51.0
2024-05-07 19:04:00,106.0,-51.0
2024-05-07 19:05:00,108.0,-49.0
2024-05-07 19:06:00,108.0,-48.0
2024-05-07 19:07:00,104.0,-45.0
2024-05-07 19:08:00,102.0,-44.0
2024-05-07 19:09:00,97.0,-40.0
2024-05-07 19:10:00,104.0,-43.0
2024-05-07 19:11:00,113.0,-51.0
2024-05-07 19:12:00,120.0,-58.0
2024-05-07 19:13:00,131.0,-70.0
2024-05-07 19:14:00,130.0,-73.0
2024-05-07 19:15:00,115.0,-58.0
2024-05-07 19:16:00,118.0,-59.0
2024-05-07 19:17:00,132.0,-73.0
2024-05-07 19:18:00,138.0,-76.0
2024-05-07 19:19:00,136.0,-69.0
2024-05-07 19:20:00,137.0,-71.0
2024-05-07 19:21:00,136.0,-70.0
2024-05-07 19:22:00,139.0,-73.0
2024-05-07 19:23:00,139.0,-75.0
2024-05-07 19:24:00,135.0,-72.0
2024-05-07 19:25:00,139.0,-77.0
2024-05-07 19:26:00,145.0,-83.0
2024-05-07 19:27:00,149.0,-88.0
2024-05-07 19:28:00,149.0,-88.0
2024-05-07 19:29:00,142.0,-84.0
2024-05-07 19:30:00,128.0,-72.0
2024-05-07 19:31:00,131.0,-75.0
2024-05-07 19:32:00,129.0,-73.0
2024-05-07 19:33:00,120.0,-66.0
2024-05-07 19:34:00,117.0,-62.0
2024-05-07 19:35:00,114.0,-63.0
2024-05-07 19:36:00,108.0,-59.0
2024-05-07 19:37:00,93.0,-43.0
2024-05-07 19:38:00,97.0,-50.0
2024-05-07 19:39:00,119.0,-73.0
2024-05-07 19:40:00,124.0,-78.0
2024-05-07 19:41:00,111.0,-67.0
2024-05-07 19:42:00,110.0,-66.0
2024-05-07 19:43:00,115.0,-70.0
2024-05-07 19:44:00,106.0,-64.0
2024-05-07 19:45:00,93.0,-54.0
2024-05-07 19:46:00,103.0,-59.0
2024-05-07 19:47:00,115.0,-69.0
2024-05-07 19:48:00,98.0,-54.0
2024-05-07 19:49:00,84.0,-42.0
2024-05-07 19:50:00,87.0,-41.0
2024-05-07 19:51:00,90.0,-41.0
2024-05-07 19:52:00,88.0,-41.0
2024-05-07 19:53:00,80.0,-35.0
2024-05-07 19:54:00,82.0,-35.0
2024-05-07 19:55:00,87.0,-36.0
2024-05-07 19:56:00,84.0,-36.0
2024-05-07 19:57:00,80.0,-36.0
2024-05-07 19:58:00,81.0,-35.0
2024-05-07 19:59:00,80.0,-31.0
2024-05-07 20:00:00,90.0,-39.0
2024-05-07 20:01:00,92.0,-43.0
2024-05-07 20:02:00,77.0,-33.0
2024-05-07 20:03:00,66.0,-24.0
2024-05-07 20:04:00,69.0,-27.0
2024-05-07 20:05:00,71.0,-28.0
2024-05-07 20:06:00,68.0,-28.0
2024-05-07 20:07:00,65.0,-28.0
2024-05-07 20:08:00,63.0,-27.0
2024-05-07 20:09:00,63.0,-27.0
2024-05-07 20:10:00,58.0,-25.0
2024-05-07 20:11:00,56.0,-25.0
2024-05-07 20:12:00,62.0,-29.0
2024-05-07 20:13:00,62.0,-29.0
2024-05-07 20:14:00,60.0,-28.0
2024-05-07 20:15:00,57.0,-27.0
2024-05-07 20:16:00,52.0,-23.0
2024-05-07 20:17:00,48.0,-18.0
2024-05-07 20:18:00,45.0,-13.0
2024-05-07 20:19:00,44.0,-11.0
2024-05-07 20:20:00,40.0,-9.0
2024-05-07 20:21:00,41.0,-10.0
2024-05-07 20:22:00,42.0,-12.0
2024-05-07 20:23:00,45.0,-14.0
2024-05-07 20:24:00,43.0,-13.0
2024-05-07 20:25:00,44.0,-13.0
2024-05-07 20:26:00,51.0,-17.0
2024-05-07 20:27:00,48.0,-17.0
2024-05-07 20:28:00,49.0,-18.0
2024-05-07 20:29:00,51.0,-19.0
2024-05-07 20:30:00,54.0,-20.0
2024-05-07 20:31:00,56.0,-21.0
2024-05-07 20:32:00,59.0,-24.0
2024-05-07 20:33:00,68.0,-31.0
2024-05-07 20:34:00,66.0,-33.0
2024-05-07 20:35:00,68.0,-34.0
2024-05-07 20:36:00,68.0,-32.0
2024-05-07 20:37:00,72.0,-35.0
2024-05-07 20:38:00,76.0,-36.0
2024-05-07 20:39:00,75.0,-35.0
2024-05-07 20:40:00,73.0,-33.0
2024-05-07 20:41:00,71.0,-30.0
2024-05-07 20:42:00,73.0,-30.0
2024-05-07 20:43:00,74.0,-30.0
2024-05-07 20:44:00,70.0,-29.0
2024-05-07 20:45:00,69.0,-28.0
2024-05-07 20:46:00,65.0,-24.0
2024-05-07 20:47:00,64.0,-21.0
2024-05-07 20:48:00,65.0,-19.0
2024-05-07 20:49:00,66.0,-19.0
2024-05-07 20:50:00,64.0,-17.0
2024-05-07 20:51:00,61.0,-18.0
2024-05-07 20:52:00,52.0,-13.0
2024-05-07 20:53:00,53.0,-12.0
2024-05-07 20:54:00,59.0,-16.0
2024-05-07 20:55:00,65.0,-20.0
2024-05-07 20:56:00,75.0,-29.0
2024-05-07 20:57:00,74.0,-30.0
2024-05-07 20:58:00,74.0,-26.0
2024-05-07 20:59:00,88.0,-39.0
2024-05-07 21:00:00,89.0,-40.0
2024-05-07 21:01:00,89.0,-37.0
2024-05-07 21:02:00,90.0,-38.0
2024-05-07 21:03:00,82.0,-30.0
2024-05-07 21:04:00,75.0,-25.0
2024-05-07 21:05:00,72.0,-24.0
2024-05-07 21:06:00,69.0,-20.0
2024-05-07 21:07:00,70.0,-19.0
2024-05-07 21:08:00,68.0,-18.0
2024-05-07 21:09:00,68.0,-19.0
2024-05-07 21:10:00,64.0,-18.0
2024-05-07 21:11:00,57.0,-15.0
2024-05-07 21:12:00,53.0,-13.0
2024-05-07 21:13:00,55.0,-14.0
2024-05-07 21:14:00,62.0,-20.0
2024-05-07 21:15:00,61.0,-20.0
2024-05-07 21:16:00,58.0,-20.0
2024-05-07 21:17:00,58.0,-23.0
2024-05-07 21:18:00,53.0,-20.0
2024-05-07 21:19:00,45.0,-16.0
2024-05-07 21:20:00,84.0,-16.0
2024-05-07 21:21:00,70.0,-20.0
2024-05-07 21:22:00,51.0,-21.0
2024-05-07 21:23:00,59.0,-20.0
2024-05-07 21:24:00,69.0,-20.0
2024-05-07 21:25:00,58.0,-16.0
2024-05-07 21:26:00,46.0,-13.0
2024-05-07 21:27:00,47.0,-12.0
2024-05-07 21:28:00,52.0,-14.0
2024-05-07 21:29:00,55.0,-13.0
2024-05-07 21:30:00,66.0,-16.0
2024-05-07 21:31:00,68.0,-13.0
2024-05-07 21:32:00,65.0,-14.0
2024-05-07 21:33:00,57.0,-15.0
2024-05-07 21:34:00,67.0,-29.0
2024-05-07 21:35:00,84.0,-41.0
2024-05-07 21:36:00,87.0,-48.0
2024-05-07 21:37:00,86.0,-54.0
2024-05-07 21:38:00,79.0,-58.0
2024-05-07 21:39:00,88.0,-64.0
2024-05-07 21:40:00,92.0,-62.0
2024-05-07 21:41:00,95.0,-62.0
2024-05-07 21:42:00,107.0,-71.0
2024-05-07 21:43:00,123.0,-84.0
2024-05-07 21:44:00,135.0,-88.0
2024-05-07 21:45:00,150.0,-94.0
2024-05-07 21:46:00,161.0,-100.0
2024-05-07 21:47:00,160.0,-102.0
2024-05-07 21:48:00,158.0,-103.0
2024-05-07 21:49:00,158.0,-104.0
2024-05-07 21:50:00,163.0,-106.0
2024-05-07 21:51:00,172.0,-114.0
2024-05-07 21:52:00,172.0,-115.0
2024-05-07 21:53:00,172.0,-119.0
2024-05-07 21:54:00,176.0,-126.0
2024-05-07 21:55:00,176.0,-128.0
2024-05-07 21:56:00,169.0,-124.0
2024-05-07 21:57:00,153.0,-112.0
2024-05-07 21:58:00,145.0,-105.0
2024-05-07 21:59:00,137.0,-97.0
2024-05-07 22:00:00,125.0,-87.0
2024-05-07 22:01:00,115.0,-79.0
2024-05-07 22:02:00,108.0,-72.0
2024-05-07 22:03:00,106.0,-66.0
2024-05-07 22:04:00,103.0,-64.0
2024-05-07 22:05:00,91.0,-56.0
2024-05-07 22:06:00,94.0,-59.0
2024-05-07 22:07:00,101.0,-60.0
2024-05-07 22:08:00,120.0,-70.0
2024-05-07 22:09:00,138.0,-80.0
2024-05-07 22:10:00,146.0,-88.0
2024-05-07 22:11:00,149.0,-92.0
2024-05-07 22:12:00,175.0,-113.0
2024-05-07 22:13:00,185.0,-116.0
2024-05-07 22:14:00,175.0,-104.0
2024-05-07 22:15:00,174.0,-104.0
2024-05-07 22:16:00,183.0,-112.0
2024-05-07 22:17:00,196.0,-120.0
2024-05-07 22:18:00,205.0,-127.0
2024-05-07 22:19:00,204.0,-126.0
2024-05-07 22:20:00,212.0,-131.0
2024-05-07 22:21:00,224.0,-139.0
2024-05-07 22:22:00,230.0,-142.0
2024-05-07 22:23:00,228.0,-145.0
2024-05-07 22:24:00,216.0,-139.0
2024-05-07 22:25:00,202.0,-129.0
2024-05-07 22:26:00,192.0,-123.0
2024-05-07 22:27:00,187.0,-121.0
2024-05-07 22:28:00,189.0,-124.0
2024-05-07 22:29:00,185.0,-120.0
2024-05-07 22:30:00,184.0,-116.0
2024-05-07 22:31:00,182.0,-113.0
2024-05-07 22:32:00,178.0,-113.0
2024-05-07 22:33:00,178.0,-114.0
2024-05-07 22:34:00,177.0,-114.0
2024-05-07 22:35:00,170.0,-110.0
2024-05-07 22:36:00,163.0,-103.0
2024-05-07 22:37:00,153.0,-97.0
2024-05-07 22:38:00,144.0,-90.0
2024-05-07 22:39:00,137.0,-87.0
2024-05-07 22:40:00,131.0,-82.0
2024-05-07 22:41:00,124.0,-74.0
2024-05-07 22:42:00,128.0,-77.0
2024-05-07 22:43:00,131.0,-80.0
2024-05-07 22:44:00,123.0,-73.0
2024-05-07 22:45:00,118.0,-71.0
2024-05-07 22:46:00,123.0,-79.0
2024-05-07 22:47:00,123.0,-80.0
2024-05-07 22:48:00,116.0,-72.0
2024-05-07 22:49:00,105.0,-58.0
2024-05-07 22:50:00,102.0,-52.0
2024-05-07 22:51:00,106.0,-53.0
2024-05-07 22:52:00,106.0,-50.0
2024-05-07 22:53:00,106.0,-46.0
2024-05-07 22:54:00,109.0,-50.0
2024-05-07 22:55:00,122.0,-66.0
2024-05-07 22:56:00,126.0,-75.0
2024-05-07 22:57:00,120.0,-71.0
2024-05-07 22:58:00,116.0,-67.0
2024-05-07 22:59:00,115.0,-64.0
2024-05-07 23:00:00,125.0,-74.0
2024-05-07 23:01:00,125.0,-75.0
2024-05-07 23:02:00,123.0,-73.0
2024-05-07 23:03:00,122.0,-71.0
2024-05-07 23:04:00,117.0,-67.0
2024-05-07 23:05:00,115.0,-66.0
2024-05-07 23:06:00,118.0,-67.0
2024-05-07 23:07:00,119.0,-66.0
2024-05-07 23:08:00,118.0,-62.0
2024-05-07 23:09:00,129.0,-72.0
2024-05-07 23:10:00,140.0,-84.0
2024-05-07 23:11:00,141.0,-86.0
2024-05-07 23:12:00,133.0,-78.0
2024-05-07 23:13:00,119.0,-62.0
2024-05-07 23:14:00,108.0,-46.0
2024-05-07 23:15:00,108.0,-44.0
2024-05-07 23:16:00,123.0,-58.0
2024-05-07 23:17:00,139.0,-73.0
2024-05-07 23:18:00,144.0,-74.0
2024-05-07 23:19:00,149.0,-73.0
2024-05-07 23:20:00,158.0,-82.0
2024-05-07 23:21:00,171.0,-99.0
2024-05-07 23:22:00,187.0,-117.0
2024-05-07 23:23:00,182.0,-112.0
2024-05-07 23:24:00,167.0,-100.0
2024-05-07 23:25:00,138.0,-75.0
2024-05-07 23:26:00,126.0,-65.0
2024-05-07 23:27:00,132.0,-75.0
2024-05-07 23:28:00,134.0,-78.0
2024-05-07 23:29:00,130.0,-74.0
2024-05-07 23:30:00,140.0,-70.0
2024-05-07 23:31:00,136.0,-65.0
2024-05-07 23:32:00,123.0,-58.0
2024-05-07 23:33:00,107.0,-50.0
2024-05-07 23:34:00,80.0,-38.0
2024-05-07 23:35:00,75.0,-33.0
2024-05-07 23:36:00,84.0,-37.0
2024-05-07 23:37:00,95.0,-42.0
2024-05-07 23:38:00,97.0,-44.0
2024-05-07 23:39:00,91.0,-43.0
2024-05-07 23:40:00,79.0,-35.0
2024-05-07 23:41:00,65.0,-30.0
2024-05-07 23:42:00,56.0,-23.0
2024-05-07 23:43:00,59.0,-24.0
2024-05-07 23:44:00,62.0,-25.0
2024-05-07 23:45:00,65.0,-28.0
2024-05-07 23:46:00,68.0,-30.0
2024-05-07 23:47:00,68.0,-29.0
2024-05-07 23:48:00,69.0,-29.0
2024-05-07 23:49:00,69.0,-29.0
2024-05-07 23:50:00,70.0,-29.0
2024-05-07 23:51:00,72.0,-29.0
2024-05-07 23:52:00,81.0,-35.0
2024-05-07 23:53:00,85.0,-38.0
2024-05-07 23:54:00,76.0,-32.0
2024-05-07 23:55:00,73.0,-27.0
2024-05-07 23:56:00,70.0,-27.0
2024-05-07 23:57:00,71.0,-28.0
2024-05-07 23:58:00,71.0,-27.0
2024-05-07 23:59:00,77.0,-31.0
2024-05-08 00:00:00,81.0,-34.0
2024-05-08 00:01:00,76.0,-26.0
2024-05-08 00:02:00,74.0,-20.0
2024-05-08 00:03:00,67.0,-13.0
2024-05-08 00:04:00,64.0,-13.0
2024-05-08 00:05:00,60.0,-14.0
2024-05-08 00:06:00,59.0,-15.0
2024-05-08 00:07:00,62.0,-17.0
2024-05-08 00:08:00,67.0,-18.0
2024-05-08 00:09:00,67.0,-16.0
2024-05-08 00:10:00,65.0,-14.0
2024-05-08 00:11:00,62.0,-13.0
2024-05-08 00:12:00,63.0,-13.0
2024-05-08 00:13:00,64.0,-14.0
2024-05-08 00:14:00,64.0,-13.0
2024-05-08 00:15:00,63.0,-13.0
2024-05-08 00:16:00,63.0,-13.0
2024-05-08 00:17:00,64.0,-14.0
2024-05-08 00:18:00,66.0,-15.0
2024-05-08 00:19:00,66.0,-15.0
2024-05-08 00:20:00,67.0,-16.0
2024-05-08 00:21:00,67.0,-16.0
2024-05-08 00:22:00,68.0,-15.0
2024-05-08 00:23:00,70.0,-18.0
2024-05-08 00:24:00,64.0,-15.0
2024-05-08 00:25:00,63.0,-15.0
2024-05-08 00:26:00,66.0,-16.0
2024-05-08 00:27:00,67.0,-16.0
2024-05-08 00:28:00,66.0,-14.0
2024-05-08 00:29:00,67.0,-15.0
2024-05-08 00:30:00,66.0,-15.0
2024-05-08 00:31:00,65.0,-14.0
2024-05-08 00:32:00,64.0,-13.0
2024-05-08 00:33:00,66.0,-14.0
2024-05-08 00:34:00,64.0,-12.0
2024-05-08 00:35:00,64.0,-12.0
2024-05-08 00:36:00,63.0,-11.0
2024-05-08 00:37:00,65.0,-12.0
2024-05-08 00:38:00,66.0,-13.0
2024-05-08 00:39:00,67.0,-13.0
2024-05-08 00:40:00,68.0,-13.0
2024-05-08 00:41:00,69.0,-14.0
2024-05-08 00:42:00,70.0,-14.0
2024-05-08 00:43:00,71.0,-14.0
2024-05-08 00:44:00,70.0,-14.0
2024-05-08 00:45:00,71.0,-15.0
2024-05-08 00:46:00,73.0,-17.0
2024-05-08 00:47:00,72.0,-16.0
2024-05-08 00:48:00,71.0,-15.0
2024-05-08 00:49:00,71.0,-14.0
2024-05-08 00:50:00,73.0,-15.0
2024-05-08 00:51:00,72.0,-14.0
2024-05-08 00:52:00,72.0,-14.0
2024-05-08 00:53:00,72.0,-15.0
2024-05-08 00:54:00,70.0,-14.0
2024-05-08 00:55:00,70.0,-14.0
2024-05-08 00:56:00,70.0,-14.0
2024-05-08 00:57:00,70.0,-13.0
2024-05-08 00:58:00,69.0,-12.0
2024-05-08 00:59:00,69.0,-12.0
2024-05-08 01:00:00,70.0,-13.0
2024-05-08 01:01:00,72.0,-14.0
2024-05-08 01:02:00,74.0,-16.0
2024-05-08 01:03:00,76.0,-16.0
2024-05-08 01:04:00,76.0,-15.0
2024-05-08 01:05:00,77.0,-15.0
2024-05-08 01:06:00,76.0,-14.0
2024-05-08 01:07:00,73.0,-11.0
2024-05-08 01:08:00,68.0,-8.0
2024-05-08 01:09:00,71.0,-11.0
2024-05-08 01:10:00,71.0,-12.0
2024-05-08 01:11:00,70.0,-11.0
2024-05-08 01:12:00,71.0,-12.0
2024-05-08 01:13:00,70.0,-12.0
2024-05-08 01:14:00,69.0,-11.0
2024-05-08 01:15:00,71.0,-14.0
2024-05-08 01:16:00,73.0,-15.0
2024-05-08 01:17:00,69.0,-12.0
2024-05-08 01:18:00,68.0,-12.0
2024-05-08 01:19:00,69.0,-13.0
2024-05-08 01:20:00,68.0,-12.0
2024-05-08 01:21:00,67.0,-12.0
2024-05-08 01:22:00,69.0,-13.0
2024-05-08 01:23:00,69.0,-11.0
2024-05-08 01:24:00,72.0,-13.0
2024-05-08 01:25:00,76.0,-17.0
2024-05-08 01:26:00,76.0,-19.0
2024-05-08 01:27:00,73.0,-18.0
2024-05-08 01:28:00,69.0,-17.0
2024-05-08 01:29:00,68.0,-16.0
2024-05-08 01:30:00,66.0,-13.0
2024-05-08 01:31:00,66.0,-12.0
2024-05-08 01:32:00,69.0,-13.0
2024-05-08 01:33:00,69.0,-13.0
2024-05-08 01:34:00,70.0,-14.0
2024-05-08 01:35:00,71.0,-15.0
2024-05-08 01:36:00,69.0,-13.0
2024-05-08 01:37:00,69.0,-13.0
2024-05-08 01:38:00,70.0,-14.0
2024-05-08 01:39:00,71.0,-15.0
2024-05-08 01:40:00,73.0,-17.0
2024-05-08 01:41:00,74.0,-19.0
2024-05-08 01:42:00,80.0,-23.0
2024-05-08 01:43:00,84.0,-26.0
2024-05-08 01:44:00,80.0,-25.0
2024-05-08 01:45:00,78.0,-26.0
2024-05-08 01:46:00,78.0,-26.0
2024-05-08 01:47:00,76.0,-25.0
2024-05-08 01:48:00,72.0,-23.0
2024-05-08 01:49:00,71.0,-20.0
2024-05-08 01:50:00,72.0,-20.0
2024-05-08 01:51:00,70.0,-20.0
2024-05-08 01:52:00,69.0,-19.0
2024-05-08 01:53:00,69.0,-18.0
2024-05-08 01:54:00,71.0,-18.0
2024-05-08 01:55:00,73.0,-19.0
2024-05-08 01:56:00,74.0,-21.0
2024-05-08 01:57:00,65.0,-14.0
2024-05-08 01:58:00,61.0,-9.0
2024-05-08 01:59:00,70.0,-14.0
2024-05-08 02:00:00,74.0,-16.0
2024-05-08 02:01:00,72.0,-14.0
2024-05-08 02:02:00,70.0,-14.0
2024-05-08 02:03:00,71.0,-15.0
2024-05-08 02:04:00,69.0,-15.0
2024-05-08 02:05:00,67.0,-13.0
2024-05-08 02:06:00,69.0,-15.0
2024-05-08 02:07:00,72.0,-17.0
2024-05-08 02:08:00,72.0,-16.0
2024-05-08 02:09:00,71.0,-16.0
2024-05-08 02:10:00,72.0,-17.0
2024-05-08 02:11:00,70.0,-17.0
2024-05-08 02:12:00,69.0,-17.0
2024-05-08 02:13:00,68.0,-17.0
2024-05-08 02:14:00,69.0,-17.0
2024-05-08 02:15:00,70.0,-17.0
2024-05-08 02:16:00,69.0,-17.0
2024-05-08 02:17:00,68.0,-16.0
2024-05-08 02:18:00,67.0,-14.0
2024-05-08 02:19:00,68.0,-13.0
2024-05-08 02:20:00,69.0,-13.0
2024-05-08 02:21:00,71.0,-14.0
2024-05-08 02:22:00,73.0,-15.0
2024-05-08 02:23:00,71.0,-15.0
2024-05-08 02:24:00,68.0,-14.0
2024-05-08 02:25:00,66.0,-15.0
2024-05-08 02:26:00,68.0,-17.0
2024-05-08 02:27:00,69.0,-19.0
2024-05-08 02:28:00,71.0,-21.0
2024-05-08 02:29:00,73.0,-24.0
2024-05-08 02:30:00,71.0,-25.0
2024-05-08 02:31:00,72.0,-25.0
2024-05-08 02:32:00,75.0,-29.0
2024-05-08 02:33:00,72.0,-29.0
2024-05-08 02:34:00,78.0,-30.0
2024-05-08 02:35:00,84.0,-31.0
2024-05-08 02:36:00,93.0,-31.0
2024-05-08 02:37:00,96.0,-32.0
2024-05-08 02:38:00,81.0,-32.0
2024-05-08 02:39:00,70.0,-32.0
2024-05-08 02:40:00,70.0,-31.0
2024-05-08 02:41:00,66.0,-28.0
2024-05-08 02:42:00,65.0,-27.0
2024-05-08 02:43:00,81.0,-30.0
2024-05-08 02:44:00,83.0,-30.0
2024-05-08 02:45:00,81.0,-28.0
2024-05-08 02:46:00,82.0,-27.0
2024-05-08 02:47:00,86.0,-27.0
2024-05-08 02:48:00,88.0,-26.0
2024-05-08 02:49:00,94.0,-27.0
2024-05-08 02:50:00,98.0,-27.0
2024-05-08 02:51:00,99.0,-27.0
2024-05-08 02:52:00,94.0,-27.0
2024-05-08 02:53:00,84.0,-24.0
2024-05-08 02:54:00,83.0,-25.0
2024-05-08 02:55:00,79.0,-25.0
2024-05-08 02:56:00,75.0,-25.0
2024-05-08 02:57:00,68.0,-23.0
2024-05-08 02:58:00,65.0,-21.0
2024-05-08 02:59:00,63.0,-21.0
2024-05-08 03:00:00,61.0,-20.0
2024-05-08 03:01:00,63.0,-20.0
2024-05-08 03:02:00,67.0,-21.0
2024-05-08 03:03:00,70.0,-22.0
2024-05-08 03:04:00,70.0,-23.0
2024-05-08 03:05:00,65.0,-23.0
2024-05-08 03:06:00,62.0,-23.0
2024-05-08 03:07:00,63.0,-23.0
2024-05-08 03:08:00,67.0,-25.0
2024-05-08 03:09:00,68.0,-25.0
2024-05-08 03:10:00,67.0,-24.0
2024-05-08 03:11:00,65.0,-23.0
2024-05-08 03:12:00,63.0,-22.0
2024-05-08 03:13:00,61.0,-21.0
2024-05-08 03:14:00,60.0,-21.0
2024-05-08 03:15:00,60.0,-21.0
2024-05-08 03:16:00,54.0,-17.0
2024-05-08 03:17:00,53.0,-16.0
2024-05-08 03:18:00,56.0,-17.0
2024-05-08 03:19:00,59.0,-18.0
2024-05-08 03:20:00,62.0,-21.0
2024-05-08 03:21:00,56.0,-19.0
2024-05-08 03:22:00,53.0,-18.0
2024-05-08 03:23:00,54.0,-18.0
2024-05-08 03:24:00,55.0,-17.0
2024-05-08 03:25:00,58.0,-17.0
2024-05-08 03:26:00,58.0,-17.0
2024-05-08 03:27:00,58.0,-17.0
2024-05-08 03:28:00,64.0,-22.0
2024-05-08 03:29:00,62.0,-23.0
2024-05-08 03:30:00,55.0,-20.0
2024-05-08 03:31:00,53.0,-19.0
2024-05-08 03:32:00,57.0,-18.0
2024-05-08 03:33:00,61.0,-17.0
2024-05-08 03:34:00,62.0,-16.0
2024-05-08 03:35:00,68.0,-17.0
2024-05-08 03:36:00,72.0,-19.0
2024-05-08 03:37:00,71.0,-20.0
2024-05-08 03:38:00,73.0,-19.0
2024-05-08 03:39:00,70.0,-16.0
2024-05-08 03:40:00,70.0,-17.0
2024-05-08 03:41:00,70.0,-18.0
2024-05-08 03:42:00,72.0,-17.0
2024-05-08 03:43:00,71.0,-16.0
2024-05-08 03:44:00,71.0,-15.0
2024-05-08 03:45:00,67.0,-14.0
2024-05-08 03:46:00,63.0,-15.0
2024-05-08 03:47:00,67.0,-18.0
2024-05-08 03:48:00,70.0,-19.0
2024-05-08 03:49:00,71.0,-17.0
2024-05-08 03:50:00,68.0,-14.0
2024-05-08 03:51:00,67.0,-18.0
2024-05-08 03:52:00,68.0,-22.0
2024-05-08 03:53:00,81.0,-27.0
2024-05-08 03:54:00,81.0,-26.0
2024-05-08 03:55:00,79.0,-21.0
2024-05-08 03:56:00,85.0,-19.0
2024-05-08 03:57:00,99.0,-20.0
2024-05-08 03:58:00,104.0,-22.0
2024-05-08 03:59:00,105.0,-23.0
2024-05-08 04:00:00,96.0,-21.0
2024-05-08 04:01:00,83.0,-25.0
2024-05-08 04:02:00,75.0,-25.0
2024-05-08 04:03:00,77.0,-30.0
2024-05-08 04:04:00,67.0,-28.0
2024-05-08 04:05:00,65.0,-28.0
2024-05-08 04:06:00,75.0,-27.0
2024-05-08 04:07:00,89.0,-27.0
2024-05-08 04:08:00,96.0,-26.0
2024-05-08 04:09:00,103.0,-24.0
2024-05-08 04:10:00,104.0,-21.0
2024-05-08 04:11:00,109.0,-22.0
2024-05-08 04:12:00,111.0,-24.0
2024-05-08 04:13:00,111.0,-23.0
2024-05-08 04:14:00,113.0,-22.0
2024-05-08 04:15:00,114.0,-21.0
2024-05-08 04:16:00,119.0,-21.0
2024-05-08 04:17:00,119.0,-22.0
2024-05-08 04:18:00,116.0,-21.0
2024-05-08 04:19:00,115.0,-20.0
2024-05-08 04:20:00,117.0,-19.0
2024-05-08 04:21:00,116.0,-18.0
2024-05-08 04:22:00,111.0,-17.0
2024-05-08 04:23:00,104.0,-17.0
2024-05-08 04:24:00,99.0,-17.0
2024-05-08 04:25:00,97.0,-18.0
2024-05-08 04:26:00,96.0,-17.0
2024-05-08 04:27:00,96.0,-17.0
2024-05-08 04:28:00,91.0,-16.0
2024-05-08 04:29:00,86.0,-15.0
2024-05-08 04:30:00,84.0,-16.0
2024-05-08 04:31:00,79.0,-14.0
2024-05-08 04:32:00,79.0,-15.0
2024-05-08 04:33:00,82.0,-19.0
2024-05-08 04:34:00,83.0,-21.0
2024-05-08 04:35:00,79.0,-19.0
2024-05-08 04:36:00,76.0,-20.0
2024-05-08 04:37:00,75.0,-21.0
2024-05-08 04:38:00,71.0,-19.0
2024-05-08 04:39:00,68.0,-19.0
2024-05-08 04:40:00,65.0,-19.0
2024-05-08 04:41:00,61.0,-17.0
2024-05-08 04:42:00,61.0,-20.0
2024-05-08 04:43:00,85.0,-47.0
2024-05-08 04:44:00,70.0,-27.0
2024-05-08 04:45:00,72.0,-21.0
2024-05-08 04:46:00,66.0,-18.0
2024-05-08 04:47:00,61.0,-16.0
2024-05-08 04:48:00,64.0,-19.0
2024-05-08 04:49:00,66.0,-17.0
2024-05-08 04:50:00,68.0,-18.0
2024-05-08 04:51:00,67.0,-17.0
2024-05-08 04:52:00,73.0,-25.0
2024-05-08 04:53:00,80.0,-33.0
2024-05-08 04:54:00,81.0,-33.0
2024-05-08 04:55:00,80.0,-32.0
2024-05-08 04:56:00,80.0,-29.0
2024-05-08 04:57:00,85.0,-31.0
2024-05-08 04:58:00,82.0,-32.0
2024-05-08 04:59:00,75.0,-30.0
2024-05-08 05:00:00,69.0,-29.0
2024-05-08 05:01:00,68.0,-32.0
2024-05-08 05:02:00,64.0,-30.0
2024-05-08 05:03:00,64.0,-32.0
2024-05-08 05:04:00,63.0,-35.0
2024-05-08 05:05:00,61.0,-36.0
2024-05-08 05:06:00,59.0,-34.0
2024-05-08 05:07:00,60.0,-34.0
2024-05-08 05:08:00,62.0,-36.0
2024-05-08 05:09:00,65.0,-38.0
2024-05-08 05:10:00,69.0,-38.0
2024-05-08 05:11:00,80.0,-39.0
2024-05-08 05:12:00,82.0,-33.0
2024-05-08 05:13:00,82.0,-30.0
2024-05-08 05:14:00,80.0,-29.0
2024-05-08 05:15:00,87.0,-34.0
2024-05-08 05:16:00,99.0,-42.0
2024-05-08 05:17:00,102.0,-40.0
2024-05-08 05:18:00,93.0,-28.0
2024-05-08 05:19:00,87.0,-20.0
2024-05-08 05:20:00,92.0,-22.0
2024-05-08 05:21:00,98.0,-28.0
2024-05-08 05:22:00,94.0,-25.0
2024-05-08 05:23:00,83.0,-15.0
2024-05-08 05:24:00,81.0,-14.0
2024-05-08 05:25:00,79.0,-14.0
2024-05-08 05:26:00,75.0,-13.0
2024-05-08 05:27:00,67.0,-12.0
2024-05-08 05:28:00,64.0,-15.0
2024-05-08 05:29:00,64.0,-17.0
2024-05-08 05:30:00,62.0,-16.0
2024-05-08 05:31:00,62.0,-17.0
2024-05-08 05:32:00,69.0,-25.0
2024-05-08 05:33:00,68.0,-24.0
2024-05-08 05:34:00,61.0,-16.0
2024-05-08 05:35:00,53.0,-8.0
2024-05-08 05:36:00,55.0,-9.0
2024-05-08 05:37:00,64.0,-17.0
2024-05-08 05:38:00,69.0,-20.0
2024-05-08 05:39:00,68.0,-15.0
2024-05-08 05:40:00,71.0,-16.0
2024-05-08 05:41:00,73.0,-20.0
2024-05-08 05:42:00,75.0,-27.0
2024-05-08 05:43:00,66.0,-28.0
2024-05-08 05:44:00,59.0,-28.0
2024-05-08 05:45:00,53.0,-28.0
2024-05-08 05:46:00,48.0,-28.0
2024-05-08 05:47:00,74.0,-29.0
2024-05-08 05:48:00,97.0,-27.0
2024-05-08 05:49:00,102.0,-22.0
2024-05-08 05:50:00,92.0,-13.0
2024-05-08 05:51:00,76.0,-6.0
2024-05-08 05:52:00,66.0,-4.0
2024-05-08 05:53:00,67.0,-5.0
2024-05-08 05:54:00,72.0,-4.0
2024-05-08 05:55:00,78.0,-5.0
2024-05-08 05:56:00,83.0,-9.0
2024-05-08 05:57:00,83.0,-11.0
2024-05-08 05:58:00,80.0,-12.0
2024-05-08 05:59:00,78.0,-14.0
2024-05-08 06:00:00,82.0,-16.0
2024-05-08 06:01:00,90.0,-19.0
2024-05-08 06:02:00,98.0,-19.0
2024-05-08 06:03:00,110.0,-22.0
2024-05-08 06:04:00,112.0,-23.0
2024-05-08 06:05:00,110.0,-23.0
2024-05-08 06:06:00,106.0,-20.0
2024-05-08 06:07:00,103.0,-18.0
2024-05-08 06:08:00,99.0,-16.0
2024-05-08 06:09:00,98.0,-16.0
2024-05-08 06:10:00,100.0,-22.0
2024-05-08 06:11:00,92.0,-25.0
2024-05-08 06:12:00,79.0,-25.0
2024-05-08 06:13:00,68.0,-22.0
2024-05-08 06:14:00,60.0,-18.0
2024-05-08 06:15:00,54.0,-15.0
2024-05-08 06:16:00,52.0,-17.0
2024-05-08 06:17:00,49.0,-18.0
2024-05-08 06:18:00,44.0,-20.0
2024-05-08 06:19:00,45.0,-26.0
2024-05-08 06:20:00,44.0,-27.0
2024-05-08 06:21:00,42.0,-25.0
2024-05-08 06:22:00,40.0,-25.0
2024-05-08 06:23:00,46.0,-28.0
2024-05-08 06:24:00,64.0,-31.0
2024-05-08 06:25:00,85.0,-33.0
2024-05-08 06:26:00,106.0,-31.0
2024-05-08 06:27:00,118.0,-28.0
2024-05-08 06:28:00,117.0,-25.0
2024-05-08 06:29:00,115.0,-24.0
2024-05-08 06:30:00,105.0,-22.0
2024-05-08 06:31:00,98.0,-22.0
2024-05-08 06:32:00,95.0,-29.0
2024-05-08 06:33:00,96.0,-38.0
2024-05-08 06:34:00,102.0,-44.0
2024-05-08 06:35:00,105.0,-47.0
2024-05-08 06:36:00,119.0,-62.0
2024-05-08 06:37:00,117.0,-64.0
2024-05-08 06:38:00,121.0,-71.0
2024-05-08 06:39:00,121.0,-68.0
2024-05-08 06:40:00,125.0,-68.0
2024-05-08 06:41:00,130.0,-69.0
2024-05-08 06:42:00,130.0,-65.0
2024-05-08 06:43:00,117.0,-54.0
2024-05-08 06:44:00,109.0,-47.0
2024-05-08 06:45:00,105.0,-47.0
2024-05-08 06:46:00,102.0,-48.0
2024-05-08 06:47:00,109.0,-64.0
2024-05-08 06:48:00,121.0,-77.0
2024-05-08 06:49:00,153.0,-106.0
2024-05-08 06:50:00,173.0,-119.0
2024-05-08 06:51:00,182.0,-120.0
2024-05-08 06:52:00,176.0,-109.0
2024-05-08 06:53:00,179.0,-109.0
2024-05-08 06:54:00,173.0,-104.0
2024-05-08 06:55:00,168.0,-100.0
2024-05-08 06:56:00,171.0,-102.0
2024-05-08 06:57:00,168.0,-99.0
2024-05-08 06:58:00,165.0,-98.0
2024-05-08 06:59:00,161.0,-95.0
2024-05-08 07:00:00,161.0,-93.0
2024-05-08 07:01:00,161.0,-88.0
2024-05-08 07:02:00,157.0,-83.0
2024-05-08 07:03:00,145.0,-76.0
2024-05-08 07:04:00,126.0,-71.0
2024-05-08 07:05:00,105.0,-64.0
2024-05-08 07:06:00,90.0,-58.0
2024-05-08 07:07:00,85.0,-54.0
2024-05-08 07:08:00,84.0,-52.0
2024-05-08 07:09:00,80.0,-49.0
2024-05-08 07:10:00,79.0,-50.0
2024-05-08 07:11:00,74.0,-47.0
2024-05-08 07:12:00,71.0,-45.0
2024-05-08 07:13:00,75.0,-48.0
2024-05-08 07:14:00,78.0,-52.0
2024-05-08 07:15:00,76.0,-50.0
2024-05-08 07:16:00,82.0,-54.0
2024-05-08 07:17:00,86.0,-57.0
2024-05-08 07:18:00,106.0,-76.0
2024-05-08 07:19:00,100.0,-69.0
2024-05-08 07:20:00,94.0,-61.0
2024-05-08 07:21:00,97.0,-61.0
2024-05-08 07:22:00,104.0,-65.0
2024-05-08 07:23:00,103.0,-64.0
2024-05-08 07:24:00,103.0,-65.0
2024-05-08 07:25:00,105.0,-68.0
2024-05-08 07:26:00,108.0,-72.0
2024-05-08 07:27:00,107.0,-71.0
2024-05-08 07:28:00,104.0,-66.0
2024-05-08 07:29:00,94.0,-57.0
2024-05-08 07:30:00,85.0,-50.0
2024-05-08 07:31:00,82.0,-48.0
2024-05-08 07:32:00,81.0,-45.0
2024-05-08 07:33:00,84.0,-43.0
2024-05-08 07:34:00,80.0,-42.0
2024-05-08 07:35:00,69.0,-39.0
2024-05-08 07:36:00,65.0,-35.0
2024-05-08 07:37:00,64.0,-31.0
2024-05-08 07:38:00,67.0,-28.0
2024-05-08 07:39:00,75.0,-28.0
2024-05-08 07:40:00,74.0,-28.0
2024-05-08 07:41:00,65.0,-26.0
2024-05-08 07:42:00,59.0,-30.0
2024-05-08 07:43:00,85.0,-52.0
2024-05-08 07:44:00,87.0,-48.0
2024-05-08 07:45:00,54.0,-15.0
2024-05-08 07:46:00,54.0,-15.0
2024-05-08 07:47:00,82.0,-20.0
2024-05-08 07:48:00,97.0,-21.0
2024-05-08 07:49:00,102.0,-24.0
2024-05-08 07:50:00,102.0,-23.0
2024-05-08 07:51:00,92.0,-21.0
2024-05-08 07:52:00,73.0,-17.0
2024-05-08 07:53:00,83.0,-17.0
2024-05-08 07:54:00,90.0,-16.0
2024-05-08 07:55:00,98.0,-18.0
2024-05-08 07:56:00,109.0,-27.0
2024-05-08 07:57:00,152.0,-68.0
2024-05-08 07:58:00,166.0,-81.0
2024-05-08 07:59:00,166.0,-76.0
2024-05-08 08:00:00,145.0,-57.0
2024-05-08 08:01:00,147.0,-53.0
2024-05-08 08:02:00,152.0,-52.0
2024-05-08 08:03:00,152.0,-48.0
2024-05-08 08:04:00,154.0,-48.0
2024-05-08 08:05:00,154.0,-47.0
2024-05-08 08:06:00,152.0,-46.0
2024-05-08 08:07:00,151.0,-45.0
2024-05-08 08:08:00,150.0,-44.0
2024-05-08 08:09:00,150.0,-44.0
2024-05-08 08:10:00,151.0,-46.0
2024-05-08 08:11:00,155.0,-53.0
2024-05-08 08:12:00,200.0,-102.0
2024-05-08 08:13:00,211.0,-112.0
2024-05-08 08:14:00,208.0,-106.0
2024-05-08 08:15:00,219.0,-116.0
2024-05-08 08:16:00,239.0,-139.0
2024-05-08 08:17:00,229.0,-135.0
2024-05-08 08:18:00,245.0,-154.0
2024-05-08 08:19:00,245.0,-155.0
2024-05-08 08:20:00,228.0,-140.0
2024-05-08 08:21:00,226.0,-140.0
2024-05-08 08:22:00,210.0,-126.0
2024-05-08 08:23:00,207.0,-123.0
2024-05-08 08:24:00,210.0,-128.0
2024-05-08 08:25:00,213.0,-131.0
2024-05-08 08:26:00,203.0,-121.0
2024-05-08 08:27:00,199.0,-117.0
2024-05-08 08:28:00,189.0,-111.0
2024-05-08 08:29:00,220.0,-143.0
2024-05-08 08:30:00,203.0,-125.0
2024-05-08 08:31:00,200.0,-124.0
2024-05-08 08:32:00,203.0,-130.0
2024-05-08 08:33:00,217.0,-145.0
2024-05-08 08:34:00,242.0,-168.0
2024-05-08 08:35:00,246.0,-173.0
2024-05-08 08:36:00,259.0,-188.0
2024-05-08 08:37:00,267.0,-198.0
2024-05-08 08:38:00,247.0,-179.0
2024-05-08 08:39:00,249.0,-182.0
2024-05-08 08:40:00,262.0,-195.0
2024-05-08 08:41:00,258.0,-190.0
2024-05-08 08:42:00,257.0,-189.0
2024-05-08 08:43:00,253.0,-185.0
2024-05-08 08:44:00,246.0,-178.0
2024-05-08 08:45:00,232.0,-166.0
2024-05-08 08:46:00,221.0,-154.0
2024-05-08 08:47:00,217.0,-151.0
2024-05-08 08:48:00,214.0,-150.0
2024-05-08 08:49:00,201.0,-137.0
2024-05-08 08:50:00,195.0,-130.0
2024-05-08 08:51:00,189.0,-125.0
2024-05-08 08:52:00,182.0,-119.0
2024-05-08 08:53:00,177.0,-114.0
2024-05-08 08:54:00,178.0,-113.0
2024-05-08 08:55:00,178.0,-110.0
2024-05-08 08:56:00,175.0,-105.0
2024-05-08 08:57:00,176.0,-104.0
2024-05-08 08:58:00,209.0,-137.0
2024-05-08 08:59:00,206.0,-133.0
2024-05-08 09:00:00,212.0,-137.0
2024-05-08 09:01:00,215.0,-138.0
2024-05-08 09:02:00,214.0,-137.0
2024-05-08 09:03:00,216.0,-140.0
2024-05-08 09:04:00,233.0,-156.0
2024-05-08 09:05:00,233.0,-157.0
2024-05-08 09:06:00,234.0,-158.0
2024-05-08 09:07:00,235.0,-163.0
2024-05-08 09:08:00,238.0,-167.0
2024-05-08 09:09:00,234.0,-164.0
2024-05-08 09:10:00,237.0,-168.0
2024-05-08 09:11:00,236.0,-165.0
2024-05-08 09:12:00,234.0,-163.0
2024-05-08 09:13:00,228.0,-157.0
2024-05-08 09:14:00,222.0,-153.0
2024-05-08 09:15:00,222.0,-153.0
2024-05-08 09:16:00,225.0,-153.0
2024-05-08 09:17:00,224.0,-151.0
2024-05-08 09:18:00,225.0,-151.0
2024-05-08 09:19:00,226.0,-152.0
2024-05-08 09:20:00,227.0,-154.0
2024-05-08 09:21:00,234.0,-160.0
2024-05-08 09:22:00,236.0,-159.0
2024-05-08 09:23:00,234.0,-155.0
2024-05-08 09:24:00,232.0,-150.0
2024-05-08 09:25:00,224.0,-144.0
2024-05-08 09:26:00,215.0,-139.0
2024-05-08 09:27:00,207.0,-135.0
2024-05-08 09:28:00,208.0,-139.0
2024-05-08 09:29:00,211.0,-141.0
2024-05-08 09:30:00,220.0,-143.0
2024-05-08 09:31:00,255.0,-141.0
2024-05-08 09:32:00,270.0,-137.0
2024-05-08 09:33:00,246.0,-134.0
2024-05-08 09:34:00,236.0,-140.0
2024-05-08 09:35:00,234.0,-139.0
2024-05-08 09:36:00,229.0,-136.0
2024-05-08 09:37:00,225.0,-130.0
2024-05-08 09:38:00,234.0,-128.0
2024-05-08 09:39:00,227.0,-120.0
2024-05-08 09:40:00,204.0,-114.0
2024-05-08 09:41:00,213.0,-118.0
2024-05-08 09:42:00,230.0,-125.0
2024-05-08 09:43:00,271.0,-128.0
2024-05-08 09:44:00,296.0,-128.0
2024-05-08 09:45:00,293.0,-121.0
2024-05-08 09:46:00,265.0,-113.0
2024-05-08 09:47:00,227.0,-106.0
2024-05-08 09:48:00,210.0,-101.0
2024-05-08 09:49:00,211.0,-96.0
2024-05-08 09:50:00,228.0,-90.0
2024-05-08 09:51:00,242.0,-87.0
2024-05-08 09:52:00,251.0,-87.0
2024-05-08 09:53:00,252.0,-90.0
2024-05-08 09:54:00,257.0,-91.0
2024-05-08 09:55:00,266.0,-96.0
2024-05-08 09:56:00,278.0,-108.0
2024-05-08 09:57:00,272.0,-106.0
2024-05-08 09:58:00,264.0,-106.0
2024-05-08 09:59:00,261.0,-110.0
2024-05-08 10:00:00,258.0,-113.0
2024-05-08 10:01:00,256.0,-115.0
2024-05-08 10:02:00,260.0,-118.0
2024-05-08 10:03:00,266.0,-127.0
2024-05-08 10:04:00,264.0,-134.0
2024-05-08 10:05:00,285.0,-161.0
2024-05-08 10:06:00,279.0,-165.0
2024-05-08 10:07:00,364.0,-256.0
2024-05-08 10:08:00,384.0,-279.0
2024-05-08 10:09:00,392.0,-286.0
2024-05-08 10:10:00,329.0,-225.0
2024-05-08 10:11:00,246.0,-143.0
2024-05-08 10:12:00,242.0,-142.0
2024-05-08 10:13:00,246.0,-142.0
2024-05-08 10:14:00,252.0,-149.0
2024-05-08 10:15:00,264.0,-156.0
2024-05-08 10:16:00,279.0,-165.0
2024-05-08 10:17:00,274.0,-161.0
2024-05-08 10:18:00,260.0,-160.0
2024-05-08 10:19:00,260.0,-166.0
2024-05-08 10:20:00,261.0,-170.0
2024-05-08 10:21:00,271.0,-182.0
2024-05-08 10:22:00,370.0,-281.0
2024-05-08 10:23:00,373.0,-276.0
2024-05-08 10:24:00,308.0,-204.0
2024-05-08 10:25:00,295.0,-197.0
2024-05-08 10:26:00,286.0,-196.0
2024-05-08 10:27:00,285.0,-195.0
2024-05-08 10:28:00,282.0,-193.0
2024-05-08 10:29:00,281.0,-192.0
2024-05-08 10:30:00,269.0,-181.0
2024-05-08 10:31:00,260.0,-176.0
2024-05-08 10:32:00,258.0,-173.0
2024-05-08 10:33:00,265.0,-177.0
2024-05-08 10:34:00,261.0,-175.0
2024-05-08 10:35:00,247.0,-164.0
2024-05-08 10:36:00,239.0,-158.0
2024-05-08 10:37:00,228.0,-151.0
2024-05-08 10:38:00,229.0,-150.0
2024-05-08 10:39:00,251.0,-167.0
2024-05-08 10:40:00,260.0,-178.0
2024-05-08 10:41:00,256.0,-176.0
2024-05-08 10:42:00,266.0,-186.0
2024-05-08 10:43:00,279.0,-200.0
2024-05-08 10:44:00,263.0,-185.0
2024-05-08 10:45:00,240.0,-163.0
2024-05-08 10:46:00,225.0,-147.0
2024-05-08 10:47:00,215.0,-138.0
2024-05-08 10:48:00,220.0,-145.0
2024-05-08 10:49:00,236.0,-163.0
2024-05-08 10:50:00,202.0,-131.0
2024-05-08 10:51:00,171.0,-105.0
2024-05-08 10:52:00,161.0,-96.0
2024-05-08 10:53:00,151.0,-85.0
2024-05-08 10:54:00,145.0,-79.0
2024-05-08 10:55:00,146.0,-80.0
2024-05-08 10:56:00,135.0,-70.0
2024-05-08 10:57:00,129.0,-66.0
2024-05-08 10:58:00,143.0,-82.0
2024-05-08 10:59:00,159.0,-99.0
2024-05-08 11:00:00,147.0,-88.0
2024-05-08 11:01:00,134.0,-77.0
2024-05-08 11:02:00,151.0,-95.0
2024-05-08 11:03:00,154.0,-98.0
2024-05-08 11:04:00,160.0,-106.0
2024-05-08 11:05:00,166.0,-114.0
2024-05-08 11:06:00,176.0,-125.0
2024-05-08 11:07:00,167.0,-118.0
2024-05-08 11:08:00,156.0,-107.0
2024-05-08 11:09:00,150.0,-102.0
2024-05-08 11:10:00,151.0,-102.0
2024-05-08 11:11:00,144.0,-95.0
2024-05-08 11:12:00,138.0,-90.0
2024-05-08 11:13:00,132.0,-86.0
2024-05-08 11:14:00,123.0,-79.0
2024-05-08 11:15:00,115.0,-71.0
2024-05-08 11:16:00,103.0,-61.0
2024-05-08 11:17:00,95.0,-54.0
2024-05-08 11:18:00,88.0,-47.0
2024-05-08 11:19:00,88.0,-49.0
2024-05-08 11:20:00,97.0,-59.0
2024-05-08 11:21:00,106.0,-69.0
2024-05-08 11:22:00,124.0,-88.0
2024-05-08 11:23:00,127.0,-90.0
2024-05-08 11:24:00,110.0,-71.0
2024-05-08 11:25:00,93.0,-53.0
2024-05-08 11:26:00,81.0,-42.0
2024-05-08 11:27:00,82.0,-44.0
2024-05-08 11:28:00,81.0,-45.0
2024-05-08 11:29:00,81.0,-44.0
2024-05-08 11:30:00,82.0,-44.0
2024-05-08 11:31:00,84.0,-46.0
2024-05-08 11:32:00,81.0,-43.0
2024-05-08 11:33:00,81.0,-43.0
2024-05-08 11:34:00,83.0,-46.0
2024-05-08 11:35:00,88.0,-50.0
2024-05-08 11:36:00,89.0,-48.0
2024-05-08 11:37:00,86.0,-45.0
2024-05-08 11:38:00,90.0,-49.0
2024-05-08 11:39:00,93.0,-53.0
2024-05-08 11:40:00,88.0,-50.0
2024-05-08 11:41:00,87.0,-50.0
2024-05-08 11:42:00,90.0,-54.0
2024-05-08 11:43:00,90.0,-52.0
2024-05-08 11:44:00,89.0,-49.0
2024-05-08 11:45:00,88.0,-48.0
2024-05-08 11:46:00,90.0,-52.0
2024-05-08 11:47:00,90.0,-51.0
2024-05-08 11:48:00,92.0,-49.0
2024-05-08 11:49:00,92.0,-49.0
2024-05-08 11:50:00,90.0,-51.0
2024-05-08 11:51:00,93.0,-54.0
2024-05-08 11:52:00,88.0,-50.0
2024-05-08 11:53:00,90.0,-54.0
2024-05-08 11:54:00,93.0,-54.0
2024-05-08 11:55:00,97.0,-48.0
2024-05-08 11:56:00,107.0,-45.0
2024-05-08 11:57:00,129.0,-47.0
2024-05-08 11:58:00,142.0,-49.0
2024-05-08 11:59:00,131.0,-47.0
2024-05-08 12:00:00,95.0,-45.0
2024-05-08 12:01:00,85.0,-45.0
2024-05-08 12:02:00,85.0,-46.0
2024-05-08 12:03:00,86.0,-44.0
2024-05-08 12:04:00,103.0,-44.0
2024-05-08 12:05:00,113.0,-46.0
2024-05-08 12:06:00,109.0,-55.0
2024-05-08 12:07:00,104.0,-60.0
2024-05-08 12:08:00,103.0,-57.0
2024-05-08 12:09:00,135.0,-54.0
2024-05-08 12:10:00,143.0,-51.0
2024-05-08 12:11:00,164.0,-53.0
2024-05-08 12:12:00,183.0,-49.0
2024-05-08 12:13:00,172.0,-53.0
2024-05-08 12:14:00,123.0,-57.0
2024-05-08 12:15:00,113.0,-64.0
2024-05-08 12:16:00,107.0,-52.0
2024-05-08 12:17:00,111.0,-47.0
2024-05-08 12:18:00,141.0,-46.0
2024-05-08 12:19:00,169.0,-57.0
2024-05-08 12:20:00,172.0,-62.0
2024-05-08 12:21:00,146.0,-63.0
2024-05-08 12:22:00,95.0,-46.0
2024-05-08 12:23:00,120.0,-47.0
2024-05-08 12:24:00,149.0,-64.0
2024-05-08 12:25:00,151.0,-58.0
2024-05-08 12:26:00,154.0,-32.0
2024-05-08 12:27:00,122.0,-30.0
2024-05-08 12:28:00,91.0,-34.0
2024-05-08 12:29:00,97.0,-47.0
2024-05-08 12:30:00,107.0,-50.0
2024-05-08 12:31:00,126.0,-53.0
2024-05-08 12:32:00,129.0,-52.0
2024-05-08 12:33:00,120.0,-50.0
2024-05-08 12:34:00,117.0,-53.0
2024-05-08 12:35:00,122.0,-52.0
2024-05-08 12:36:00,130.0,-49.0
2024-05-08 12:37:00,138.0,-48.0
2024-05-08 12:38:00,130.0,-45.0
2024-05-08 12:39:00,122.0,-43.0
2024-05-08 12:40:00,118.0,-46.0
2024-05-08 12:41:00,104.0,-45.0
2024-05-08 12:42:00,100.0,-49.0
2024-05-08 12:43:00,105.0,-51.0
2024-05-08 12:44:00,102.0,-51.0
2024-05-08 12:45:00,101.0,-51.0
2024-05-08 12:46:00,97.0,-50.0
2024-05-08 12:47:00,92.0,-49.0
2024-05-08 12:48:00,91.0,-49.0
2024-05-08 12:49:00,91.0,-52.0
2024-05-08 12:50:00,95.0,-58.0
2024-05-08 12:51:00,94.0,-58.0
2024-05-08 12:52:00,92.0,-55.0
2024-05-08 12:53:00,106.0,-53.0
2024-05-08 12:54:00,126.0,-56.0
2024-05-08 12:55:00,129.0,-53.0
2024-05-08 12:56:00,119.0,-57.0
2024-05-08 12:57:00,114.0,-62.0
2024-05-08 12:58:00,118.0,-59.0
2024-05-08 12:59:00,131.0,-53.0
2024-05-08 13:00:00,156.0,-58.0
2024-05-08 13:01:00,151.0,-60.0
2024-05-08 13:02:00,118.0,-59.0
2024-05-08 13:03:00,95.0,-52.0
2024-05-08 13:04:00,94.0,-49.0
2024-05-08 13:05:00,87.0,-48.0
2024-05-08 13:06:00,101.0,-53.0
2024-05-08 13:07:00,99.0,-52.0
2024-05-08 13:08:00,93.0,-53.0
2024-05-08 13:09:00,95.0,-55.0
2024-05-08 13:10:00,97.0,-57.0
2024-05-08 13:11:00,100.0,-56.0
2024-05-08 13:12:00,108.0,-56.0
2024-05-08 13:13:00,107.0,-56.0
2024-05-08 13:14:00,111.0,-58.0
2024-05-08 13:15:00,118.0,-62.0
2024-05-08 13:16:00,119.0,-56.0
2024-05-08 13:17:00,123.0,-53.0
2024-05-08 13:18:00,122.0,-53.0
2024-05-08 13:19:00,111.0,-52.0
2024-05-08 13:20:00,106.0,-57.0
2024-05-08 13:21:00,115.0,-64.0
2024-05-08 13:22:00,110.0,-60.0
2024-05-08 13:23:00,112.0,-61.0
2024-05-08 13:24:00,110.0,-60.0
2024-05-08 13:25:00,114.0,-63.0
2024-05-08 13:26:00,127.0,-70.0
2024-05-08 13:27:00,137.0,-68.0
2024-05-08 13:28:00,136.0,-58.0
2024-05-08 13:29:00,137.0,-52.0
2024-05-08 13:30:00,139.0,-54.0
2024-05-08 13:31:00,139.0,-56.0
2024-05-08 13:32:00,137.0,-55.0
2024-05-08 13:33:00,136.0,-54.0
2024-05-08 13:34:00,135.0,-52.0
2024-05-08 13:35:00,133.0,-53.0
2024-05-08 13:36:00,126.0,-54.0
2024-05-08 13:37:00,124.0,-53.0
2024-05-08 13:38:00,118.0,-47.0
2024-05-08 13:39:00,116.0,-46.0
2024-05-08 13:40:00,122.0,-51.0
2024-05-08 13:41:00,128.0,-56.0
2024-05-08 13:42:00,127.0,-51.0
2024-05-08 13:43:00,130.0,-48.0
2024-05-08 13:44:00,125.0,-41.0
2024-05-08 13:45:00,125.0,-38.0
2024-05-08 13:46:00,131.0,-45.0
2024-05-08 13:47:00,133.0,-48.0
2024-05-08 13:48:00,127.0,-47.0
2024-05-08 13:49:00,121.0,-46.0
2024-05-08 13:50:00,109.0,-39.0
2024-05-08 13:51:00,101.0,-37.0
2024-05-08 13:52:00,105.0,-44.0
2024-05-08 13:53:00,109.0,-48.0
2024-05-08 13:54:00,105.0,-47.0
2024-05-08 13:55:00,100.0,-43.0
2024-05-08 13:56:00,104.0,-44.0
2024-05-08 13:57:00,106.0,-47.0
2024-05-08 13:58:00,104.0,-48.0
2024-05-08 13:59:00,96.0,-44.0
2024-05-08 14:00:00,89.0,-38.0
2024-05-08 14:01:00,93.0,-37.0
2024-05-08 14:02:00,97.0,-38.0
2024-05-08 14:03:00,106.0,-44.0
2024-05-08 14:04:00,106.0,-48.0
2024-05-08 14:05:00,99.0,-48.0
2024-05-08 14:06:00,91.0,-44.0
2024-05-08 14:07:00,87.0,-41.0
2024-05-08 14:08:00,85.0,-40.0
2024-05-08 14:09:00,93.0,-43.0
2024-05-08 14:10:00,106.0,-50.0
2024-05-08 14:11:00,122.0,-53.0
2024-05-08 14:12:00,133.0,-53.0
2024-05-08 14:13:00,126.0,-46.0
2024-05-08 14:14:00,97.0,-44.0
2024-05-08 14:15:00,98.0,-48.0
2024-05-08 14:16:00,95.0,-44.0
2024-05-08 14:17:00,98.0,-34.0
2024-05-08 14:18:00,109.0,-30.0
2024-05-08 14:19:00,122.0,-28.0
2024-05-08 14:20:00,121.0,-33.0
2024-05-08 14:21:00,121.0,-46.0
2024-05-08 14:22:00,119.0,-52.0
2024-05-08 14:23:00,110.0,-49.0
2024-05-08 14:24:00,110.0,-42.0
2024-05-08 14:25:00,118.0,-37.0
2024-05-08 14:26:00,117.0,-36.0
2024-05-08 14:27:00,116.0,-35.0
2024-05-08 14:28:00,109.0,-35.0
2024-05-08 14:29:00,116.0,-44.0
2024-05-08 14:30:00,117.0,-47.0
2024-05-08 14:31:00,114.0,-46.0
2024-05-08 14:32:00,117.0,-49.0
2024-05-08 14:33:00,115.0,-41.0
2024-05-08 14:34:00,132.0,-59.0
2024-05-08 14:35:00,136.0,-56.0
2024-05-08 14:36:00,155.0,-39.0
2024-05-08 14:37:00,147.0,-38.0
2024-05-08 14:38:00,135.0,-37.0
2024-05-08 14:39:00,135.0,-37.0
2024-05-08 14:40:00,132.0,-39.0
2024-05-08 14:41:00,122.0,-40.0
2024-05-08 14:42:00,110.0,-39.0
2024-05-08 14:43:00,112.0,-39.0
2024-05-08 14:44:00,115.0,-37.0
2024-05-08 14:45:00,111.0,-35.0
2024-05-08 14:46:00,113.0,-38.0
2024-05-08 14:47:00,120.0,-41.0
2024-05-08 14:48:00,115.0,-44.0
2024-05-08 14:49:00,121.0,-47.0
2024-05-08 14:50:00,123.0,-48.0
2024-05-08 14:51:00,122.0,-49.0
2024-05-08 14:52:00,122.0,-50.0
2024-05-08 14:53:00,124.0,-54.0
2024-05-08 14:54:00,125.0,-57.0
2024-05-08 14:55:00,129.0,-58.0
2024-05-08 14:56:00,127.0,-58.0
2024-05-08 14:57:00,127.0,-59.0
2024-05-08 14:58:00,128.0,-57.0
2024-05-08 14:59:00,124.0,-55.0
2024-05-08 15:00:00,119.0,-53.0
2024-05-08 15:01:00,109.0,-49.0
2024-05-08 15:02:00,101.0,-41.0
2024-05-08 15:03:00,99.0,-38.0
2024-05-08 15:04:00,99.0,-36.0
2024-05-08 15:05:00,97.0,-35.0
2024-05-08 15:06:00,89.0,-35.0
2024-05-08 15:07:00,85.0,-35.0
2024-05-08 15:08:00,84.0,-34.0
2024-05-08 15:09:00,82.0,-31.0
2024-05-08 15:10:00,77.0,-28.0
2024-05-08 15:11:00,73.0,-25.0
2024-05-08 15:12:00,71.0,-21.0
2024-05-08 15:13:00,70.0,-20.0
2024-05-08 15:14:00,74.0,-23.0
2024-05-08 15:15:00,70.0,-23.0
2024-05-08 15:16:00,68.0,-29.0
2024-05-08 15:17:00,76.0,-35.0
2024-05-08 15:18:00,82.0,-42.0
2024-05-08 15:19:00,88.0,-48.0
2024-05-08 15:20:00,95.0,-51.0
2024-05-08 15:21:00,105.0,-53.0
2024-05-08 15:22:00,115.0,-53.0
2024-05-08 15:23:00,121.0,-54.0
2024-05-08 15:24:00,121.0,-55.0
2024-05-08 15:25:00,114.0,-54.0
2024-05-08 15:26:00,107.0,-52.0
2024-05-08 15:27:00,106.0,-52.0
2024-05-08 15:28:00,110.0,-53.0
2024-05-08 15:29:00,114.0,-54.0
2024-05-08 15:30:00,117.0,-56.0
2024-05-08 15:31:00,118.0,-58.0
2024-05-08 15:32:00,116.0,-58.0
2024-05-08 15:33:00,114.0,-57.0
2024-05-08 15:34:00,112.0,-56.0
2024-05-08 15:35:00,112.0,-57.0
2024-05-08 15:36:00,113.0,-57.0
2024-05-08 15:37:00,112.0,-59.0
2024-05-08 15:38:00,135.0,-61.0
2024-05-08 15:39:00,121.0,-68.0
2024-05-08 15:40:00,124.0,-80.0
2024-05-08 15:41:00,126.0,-82.0
2024-05-08 15:42:00,136.0,-97.0
2024-05-08 15:43:00,145.0,-104.0
2024-05-08 15:44:00,154.0,-112.0
2024-05-08 15:45:00,162.0,-118.0
2024-05-08 15:46:00,173.0,-124.0
2024-05-08 15:47:00,175.0,-123.0
2024-05-08 15:48:00,177.0,-120.0
2024-05-08 15:49:00,173.0,-115.0
2024-05-08 15:50:00,170.0,-110.0
2024-05-08 15:51:00,175.0,-109.0
2024-05-08 15:52:00,175.0,-108.0
2024-05-08 15:53:00,174.0,-105.0
2024-05-08 15:54:00,172.0,-101.0
2024-05-08 15:55:00,172.0,-100.0
2024-05-08 15:56:00,172.0,-101.0
2024-05-08 15:57:00,170.0,-99.0
2024-05-08 15:58:00,167.0,-96.0
2024-05-08 15:59:00,164.0,-93.0
2024-05-08 16:00:00,157.0,-89.0
2024-05-08 16:01:00,150.0,-83.0
2024-05-08 16:02:00,144.0,-78.0
2024-05-08 16:03:00,137.0,-71.0
2024-05-08 16:04:00,131.0,-66.0
2024-05-08 16:05:00,125.0,-60.0
2024-05-08 16:06:00,119.0,-56.0
2024-05-08 16:07:00,114.0,-55.0
2024-05-08 16:08:00,115.0,-57.0
2024-05-08 16:09:00,107.0,-52.0
2024-05-08 16:10:00,107.0,-52.0
2024-05-08 16:11:00,106.0,-51.0
2024-05-08 16:12:00,107.0,-49.0
2024-05-08 16:13:00,105.0,-47.0
2024-05-08 16:14:00,108.0,-51.0
2024-05-08 16:15:00,104.0,-48.0
2024-05-08 16:16:00,100.0,-46.0
2024-05-08 16:17:00,98.0,-45.0
2024-05-08 16:18:00,96.0,-43.0
2024-05-08 16:19:00,93.0,-41.0
2024-05-08 16:20:00,94.0,-43.0
2024-05-08 16:21:00,93.0,-42.0
2024-05-08 16:22:00,109.0,-58.0
2024-05-08 16:23:00,110.0,-60.0
2024-05-08 16:24:00,113.0,-62.0
2024-05-08 16:25:00,110.0,-57.0
2024-05-08 16:26:00,105.0,-52.0
2024-05-08 16:27:00,112.0,-59.0
2024-05-08 16:28:00,105.0,-52.0
2024-05-08 16:29:00,100.0,-47.0
2024-05-08 16:30:00,98.0,-45.0
2024-05-08 16:31:00,98.0,-45.0
2024-05-08 16:32:00,99.0,-46.0
2024-05-08 16:33:00,98.0,-45.0
2024-05-08 16:34:00,99.0,-45.0
2024-05-08 16:35:00,101.0,-46.0
2024-05-08 16:36:00,100.0,-46.0
2024-05-08 16:37:00,99.0,-45.0
2024-05-08 16:38:00,97.0,-45.0
2024-05-08 16:39:00,97.0,-45.0
2024-05-08 16:40:00,100.0,-46.0
2024-05-08 16:41:00,99.0,-46.0
2024-05-08 16:42:00,97.0,-45.0
2024-05-08 16:43:00,98.0,-45.0
2024-05-08 16:44:00,104.0,-46.0
2024-05-08 16:45:00,105.0,-46.0
2024-05-08 16:46:00,105.0,-46.0
2024-05-08 16:47:00,103.0,-45.0
2024-05-08 16:48:00,103.0,-45.0
2024-05-08 16:49:00,101.0,-45.0
2024-05-08 16:50:00,99.0,-43.0
2024-05-08 16:51:00,99.0,-43.0
2024-05-08 16:52:00,99.0,-42.0
2024-05-08 16:53:00,98.0,-41.0
2024-05-08 16:54:00,100.0,-45.0
2024-05-08 16:55:00,96.0,-43.0
2024-05-08 16:56:00,95.0,-42.0
2024-05-08 16:57:00,94.0,-41.0
2024-05-08 16:58:00,91.0,-39.0
2024-05-08 16:59:00,91.0,-39.0
2024-05-08 17:00:00,94.0,-41.0
2024-05-08 17:01:00,97.0,-44.0
2024-05-08 17:02:00,98.0,-47.0
2024-05-08 17:03:00,100.0,-50.0
2024-05-08 17:04:00,102.0,-53.0
2024-05-08 17:05:00,101.0,-54.0
2024-05-08 17:06:00,102.0,-55.0
2024-05-08 17:07:00,102.0,-56.0
2024-05-08 17:08:00,101.0,-56.0
2024-05-08 17:09:00,101.0,-55.0
2024-05-08 17:10:00,99.0,-54.0
2024-05-08 17:11:00,97.0,-54.0
2024-05-08 17:12:00,97.0,-54.0
2024-05-08 17:13:00,94.0,-52.0
2024-05-08 17:14:00,90.0,-49.0
2024-05-08 17:15:00,90.0,-49.0
2024-05-08 17:16:00,93.0,-52.0
2024-05-08 17:17:00,97.0,-57.0
2024-05-08 17:18:00,99.0,-60.0
2024-05-08 17:19:00,95.0,-57.0
2024-05-08 17:20:00,89.0,-53.0
2024-05-08 17:21:00,125.0,-87.0
2024-05-08 17:22:00,111.0,-74.0
2024-05-08 17:23:00,97.0,-57.0
2024-05-08 17:24:00,98.0,-57.0
2024-05-08 17:25:00,96.0,-57.0
2024-05-08 17:26:00,95.0,-56.0
2024-05-08 17:27:00,94.0,-54.0
2024-05-08 17:28:00,96.0,-55.0
2024-05-08 17:29:00,97.0,-56.0
2024-05-08 17:30:00,98.0,-54.0
2024-05-08 17:31:00,97.0,-50.0
2024-05-08 17:32:00,95.0,-47.0
2024-05-08 17:33:00,93.0,-46.0
2024-05-08 17:34:00,92.0,-45.0
2024-05-08 17:35:00,90.0,-42.0
2024-05-08 17:36:00,86.0,-38.0
2024-05-08 17:37:00,85.0,-38.0
2024-05-08 17:38:00,87.0,-42.0
2024-05-08 17:39:00,87.0,-42.0
2024-05-08 17:40:00,94.0,-50.0
2024-05-08 17:41:00,92.0,-47.0
2024-05-08 17:42:00,85.0,-42.0
2024-05-08 17:43:00,85.0,-42.0
2024-05-08 17:44:00,93.0,-49.0
2024-05-08 17:45:00,100.0,-57.0
2024-05-08 17:46:00,115.0,-73.0
2024-05-08 17:47:00,123.0,-76.0
2024-05-08 17:48:00,115.0,-67.0
2024-05-08 17:49:00,116.0,-71.0
2024-05-08 17:50:00,121.0,-78.0
2024-05-08 17:51:00,106.0,-63.0
2024-05-08 17:52:00,97.0,-56.0
2024-05-08 17:53:00,98.0,-58.0
2024-05-08 17:54:00,108.0,-69.0
2024-05-08 17:55:00,105.0,-67.0
2024-05-08 17:56:00,94.0,-56.0
2024-05-08 17:57:00,85.0,-48.0
2024-05-08 17:58:00,89.0,-51.0
2024-05-08 17:59:00,95.0,-58.0
2024-05-08 18:00:00,98.0,-62.0
2024-05-08 18:01:00,99.0,-61.0
2024-05-08 18:02:00,94.0,-56.0
2024-05-08 18:03:00,95.0,-56.0
2024-05-08 18:04:00,99.0,-60.0
2024-05-08 18:05:00,106.0,-68.0
2024-05-08 18:06:00,99.0,-60.0
2024-05-08 18:07:00,93.0,-55.0
2024-05-08 18:08:00,94.0,-58.0
2024-05-08 18:09:00,98.0,-63.0
2024-05-08 18:10:00,101.0,-66.0
2024-05-08 18:11:00,98.0,-63.0
2024-05-08 18:12:00,96.0,-60.0
2024-05-08 18:13:00,112.0,-75.0
2024-05-08 18:14:00,114.0,-78.0
2024-05-08 18:15:00,116.0,-79.0
2024-05-08 18:16:00,112.0,-76.0
2024-05-08 18:17:00,107.0,-73.0
2024-05-08 18:18:00,98.0,-65.0
2024-05-08 18:19:00,98.0,-66.0
2024-05-08 18:20:00,108.0,-75.0
2024-05-08 18:21:00,113.0,-80.0
2024-05-08 18:22:00,106.0,-73.0
2024-05-08 18:23:00,104.0,-71.0
2024-05-08 18:24:00,100.0,-68.0
2024-05-08 18:25:00,98.0,-66.0
2024-05-08 18:26:00,101.0,-70.0
2024-05-08 18:27:00,107.0,-76.0
2024-05-08 18:28:00,106.0,-76.0
2024-05-08 18:29:00,99.0,-70.0
2024-05-08 18:30:00,97.0,-69.0
2024-05-08 18:31:00,93.0,-66.0
2024-05-08 18:32:00,90.0,-63.0
2024-05-08 18:33:00,88.0,-62.0
2024-05-08 18:34:00,91.0,-64.0
2024-05-08 18:35:00,94.0,-67.0
2024-05-08 18:36:00,95.0,-69.0
2024-05-08 18:37:00,91.0,-66.0
2024-05-08 18:38:00,87.0,-61.0
2024-05-08 18:39:00,82.0,-57.0
2024-05-08 18:40:00,82.0,-57.0
2024-05-08 18:41:00,87.0,-61.0
2024-05-08 18:42:00,91.0,-65.0
2024-05-08 18:43:00,96.0,-69.0
2024-05-08 18:44:00,97.0,-69.0
2024-05-08 18:45:00,94.0,-65.0
2024-05-08 18:46:00,92.0,-64.0
2024-05-08 18:47:00,90.0,-63.0
2024-05-08 18:48:00,84.0,-58.0
2024-05-08 18:49:00,79.0,-54.0
2024-05-08 18:50:00,72.0,-48.0
2024-05-08 18:51:00,66.0,-40.0
2024-05-08 18:52:00,65.0,-37.0
2024-05-08 18:53:00,66.0,-36.0
2024-05-08 18:54:00,68.0,-39.0
2024-05-08 18:55:00,69.0,-41.0
2024-05-08 18:56:00,67.0,-40.0
2024-05-08 18:57:00,66.0,-37.0
2024-05-08 18:58:00,67.0,-37.0
2024-05-08 18:59:00,71.0,-41.0
2024-05-08 19:00:00,70.0,-40.0
2024-05-08 19:01:00,67.0,-38.0
2024-05-08 19:02:00,67.0,-37.0
2024-05-08 19:03:00,66.0,-36.0
2024-05-08 19:04:00,66.0,-36.0
2024-05-08 19:05:00,66.0,-36.0
2024-05-08 19:06:00,66.0,-36.0
2024-05-08 19:07:00,67.0,-36.0
2024-05-08 19:08:00,66.0,-35.0
2024-05-08 19:09:00,62.0,-32.0
2024-05-08 19:10:00,62.0,-33.0
2024-05-08 19:11:00,63.0,-34.0
2024-05-08 19:12:00,65.0,-35.0
2024-05-08 19:13:00,65.0,-35.0
2024-05-08 19:14:00,67.0,-36.0
2024-05-08 19:15:00,67.0,-36.0
2024-05-08 19:16:00,67.0,-36.0
2024-05-08 19:17:00,66.0,-36.0
2024-05-08 19:18:00,66.0,-36.0
2024-05-08 19:19:00,66.0,-37.0
2024-05-08 19:20:00,64.0,-36.0
2024-05-08 19:21:00,65.0,-36.0
2024-05-08 19:22:00,66.0,-36.0
2024-05-08 19:23:00,66.0,-35.0
2024-05-08 19:24:00,66.0,-34.0
2024-05-08 19:25:00,66.0,-34.0
2024-05-08 19:26:00,66.0,-34.0
2024-05-08 19:27:00,67.0,-33.0
2024-05-08 19:28:00,69.0,-34.0
2024-05-08 19:29:00,70.0,-34.0
2024-05-08 19:30:00,69.0,-33.0
2024-05-08 19:31:00,67.0,-32.0
2024-05-08 19:32:00,69.0,-34.0
2024-05-08 19:33:00,74.0,-39.0
2024-05-08 19:34:00,79.0,-44.0
2024-05-08 19:35:00,76.0,-41.0
2024-05-08 19:36:00,77.0,-41.0
2024-05-08 19:37:00,77.0,-42.0
2024-05-08 19:38:00,73.0,-37.0
2024-05-08 19:39:00,69.0,-33.0
2024-05-08 19:40:00,68.0,-33.0
2024-05-08 19:41:00,70.0,-35.0
2024-05-08 19:42:00,68.0,-34.0
2024-05-08 19:43:00,68.0,-34.0
2024-05-08 19:44:00,70.0,-37.0
2024-05-08 19:45:00,71.0,-40.0
2024-05-08 19:46:00,69.0,-38.0
2024-05-08 19:47:00,69.0,-37.0
2024-05-08 19:48:00,68.0,-37.0
2024-05-08 19:49:00,65.0,-34.0
2024-05-08 19:50:00,62.0,-32.0
2024-05-08 19:51:00,64.0,-34.0
2024-05-08 19:52:00,59.0,-31.0
2024-05-08 19:53:00,55.0,-28.0
2024-05-08 19:54:00,57.0,-31.0
2024-05-08 19:55:00,60.0,-34.0
2024-05-08 19:56:00,59.0,-33.0
2024-05-08 19:57:00,59.0,-33.0
2024-05-08 19:58:00,62.0,-35.0
2024-05-08 19:59:00,64.0,-36.0
2024-05-08 20:00:00,64.0,-36.0
2024-05-08 20:01:00,62.0,-34.0
2024-05-08 20:02:00,58.0,-31.0
2024-05-08 20:03:00,56.0,-30.0
2024-05-08 20:04:00,58.0,-32.0
2024-05-08 20:05:00,58.0,-32.0
2024-05-08 20:06:00,54.0,-29.0
2024-05-08 20:07:00,53.0,-29.0
2024-05-08 20:08:00,55.0,-31.0
2024-05-08 20:09:00,55.0,-31.0
2024-05-08 20:10:00,53.0,-28.0
2024-05-08 20:11:00,53.0,-29.0
2024-05-08 20:12:00,54.0,-30.0
2024-05-08 20:13:00,54.0,-30.0
2024-05-08 20:14:00,54.0,-29.0
2024-05-08 20:15:00,54.0,-29.0
2024-05-08 20:16:00,55.0,-30.0
2024-05-08 20:17:00,55.0,-31.0
2024-05-08 20:18:00,54.0,-30.0
2024-05-08 20:19:00,54.0,-30.0
2024-05-08 20:20:00,55.0,-31.0
2024-05-08 20:21:00,55.0,-31.0
2024-05-08 20:22:00,56.0,-31.0
2024-05-08 20:23:00,56.0,-31.0
2024-05-08 20:24:00,56.0,-31.0
2024-05-08 20:25:00,55.0,-30.0
2024-05-08 20:26:00,54.0,-29.0
2024-05-08 20:27:00,54.0,-29.0
2024-05-08 20:28:00,54.0,-30.0
2024-05-08 20:29:00,54.0,-30.0
2024-05-08 20:30:00,54.0,-30.0
2024-05-08 20:31:00,54.0,-30.0
2024-05-08 20:32:00,56.0,-31.0
2024-05-08 20:33:00,57.0,-32.0
2024-05-08 20:34:00,58.0,-32.0
2024-05-08 20:35:00,58.0,-32.0
2024-05-08 20:36:00,59.0,-32.0
2024-05-08 20:37:00,59.0,-32.0
2024-05-08 20:38:00,61.0,-33.0
2024-05-08 20:39:00,61.0,-34.0
2024-05-08 20:40:00,62.0,-35.0
2024-05-08 20:41:00,62.0,-35.0
2024-05-08 20:42:00,62.0,-35.0
2024-05-08 20:43:00,63.0,-35.0
2024-05-08 20:44:00,62.0,-34.0
2024-05-08 20:45:00,63.0,-35.0
2024-05-08 20:46:00,63.0,-36.0
2024-05-08 20:47:00,63.0,-36.0
2024-05-08 20:48:00,65.0,-37.0
2024-05-08 20:49:00,65.0,-37.0
2024-05-08 20:50:00,66.0,-37.0
2024-05-08 20:51:00,65.0,-36.0
2024-05-08 20:52:00,64.0,-35.0
2024-05-08 20:53:00,64.0,-34.0
2024-05-08 20:54:00,62.0,-33.0
2024-05-08 20:55:00,62.0,-32.0
2024-05-08 20:56:00,62.0,-31.0
2024-05-08 20:57:00,60.0,-30.0
2024-05-08 20:58:00,59.0,-30.0
2024-05-08 20:59:00,58.0,-30.0
2024-05-08 21:00:00,57.0,-29.0
2024-05-08 21:01:00,57.0,-29.0
2024-05-08 21:02:00,57.0,-29.0
2024-05-08 21:03:00,57.0,-29.0
2024-05-08 21:04:00,59.0,-31.0
2024-05-08 21:05:00,60.0,-32.0
2024-05-08 21:06:00,63.0,-34.0
2024-05-08 21:07:00,63.0,-34.0
2024-05-08 21:08:00,64.0,-35.0
2024-05-08 21:09:00,69.0,-38.0
2024-05-08 21:10:00,73.0,-40.0
2024-05-08 21:11:00,76.0,-42.0
2024-05-08 21:12:00,79.0,-42.0
2024-05-08 21:13:00,82.0,-43.0
2024-05-08 21:14:00,82.0,-43.0
2024-05-08 21:15:00,81.0,-42.0
2024-05-08 21:16:00,81.0,-42.0
2024-05-08 21:17:00,81.0,-41.0
2024-05-08 21:18:00,79.0,-40.0
2024-05-08 21:19:00,78.0,-40.0
2024-05-08 21:20:00,79.0,-41.0
2024-05-08 21:21:00,84.0,-45.0
2024-05-08 21:22:00,86.0,-47.0
2024-05-08 21:23:00,84.0,-46.0
2024-05-08 21:24:00,83.0,-46.0
2024-05-08 21:25:00,80.0,-44.0
2024-05-08 21:26:00,76.0,-41.0
2024-05-08 21:27:00,74.0,-39.0
2024-05-08 21:28:00,73.0,-39.0
2024-05-08 21:29:00,70.0,-36.0
2024-05-08 21:30:00,60.0,-27.0
2024-05-08 21:31:00,60.0,-26.0
2024-05-08 21:32:00,64.0,-29.0
2024-05-08 21:33:00,65.0,-30.0
2024-05-08 21:34:00,55.0,-23.0
2024-05-08 21:35:00,55.0,-26.0
2024-05-08 21:36:00,56.0,-28.0
2024-05-08 21:37:00,55.0,-28.0
2024-05-08 21:38:00,52.0,-25.0
2024-05-08 21:39:00,55.0,-27.0
2024-05-08 21:40:00,56.0,-28.0
2024-05-08 21:41:00,56.0,-30.0
2024-05-08 21:42:00,59.0,-33.0
2024-05-08 21:43:00,58.0,-33.0
2024-05-08 21:44:00,62.0,-36.0
2024-05-08 21:45:00,61.0,-36.0
2024-05-08 21:46:00,60.0,-36.0
2024-05-08 21:47:00,59.0,-35.0
2024-05-08 21:48:00,58.0,-32.0
2024-05-08 21:49:00,58.0,-31.0
2024-05-08 21:50:00,61.0,-33.0
2024-05-08 21:51:00,64.0,-35.0
2024-05-08 21:52:00,66.0,-37.0
2024-05-08 21:53:00,65.0,-37.0
2024-05-08 21:54:00,61.0,-35.0
2024-05-08 21:55:00,61.0,-37.0
2024-05-08 21:56:00,60.0,-36.0
2024-05-08 21:57:00,60.0,-36.0
2024-05-08 21:58:00,63.0,-38.0
2024-05-08 21:59:00,64.0,-37.0
2024-05-08 22:00:00,65.0,-37.0
2024-05-08 22:01:00,66.0,-38.0
2024-05-08 22:02:00,67.0,-38.0
2024-05-08 22:03:00,64.0,-35.0
2024-05-08 22:04:00,63.0,-34.0
2024-05-08 22:05:00,63.0,-34.0
2024-05-08 22:06:00,63.0,-34.0
2024-05-08 22:07:00,65.0,-36.0
2024-05-08 22:08:00,65.0,-36.0
2024-05-08 22:09:00,66.0,-37.0
2024-05-08 22:10:00,65.0,-36.0
2024-05-08 22:11:00,64.0,-35.0
2024-05-08 22:12:00,64.0,-34.0
2024-05-08 22:13:00,65.0,-34.0
2024-05-08 22:14:00,65.0,-34.0
2024-05-08 22:15:00,68.0,-36.0
2024-05-08 22:16:00,69.0,-36.0
2024-05-08 22:17:00,68.0,-35.0
2024-05-08 22:18:00,70.0,-36.0
2024-05-08 22:19:00,67.0,-33.0
2024-05-08 22:20:00,67.0,-33.0
2024-05-08 22:21:00,71.0,-36.0
2024-05-08 22:22:00,74.0,-39.0
2024-05-08 22:23:00,77.0,-42.0
2024-05-08 22:24:00,76.0,-40.0
2024-05-08 22:25:00,76.0,-40.0
2024-05-08 22:26:00,74.0,-38.0
2024-05-08 22:27:00,74.0,-37.0
2024-05-08 22:28:00,74.0,-37.0
2024-05-08 22:29:00,74.0,-37.0
2024-05-08 22:30:00,76.0,-39.0
2024-05-08 22:31:00,76.0,-39.0
2024-05-08 22:32:00,77.0,-40.0
2024-05-08 22:33:00,78.0,-40.0
2024-05-08 22:34:00,77.0,-39.0
2024-05-08 22:35:00,80.0,-41.0
2024-05-08 22:36:00,81.0,-42.0
2024-05-08 22:37:00,79.0,-40.0
2024-05-08 22:38:00,82.0,-42.0
2024-05-08 22:39:00,83.0,-42.0
2024-05-08 22:40:00,81.0,-39.0
2024-05-08 22:41:00,76.0,-34.0
2024-05-08 22:42:00,75.0,-33.0
2024-05-08 22:43:00,75.0,-34.0
2024-05-08 22:44:00,72.0,-33.0
2024-05-08 22:45:00,74.0,-35.0
2024-05-08 22:46:00,74.0,-35.0
2024-05-08 22:47:00,76.0,-37.0
2024-05-08 22:48:00,75.0,-36.0
2024-05-08 22:49:00,76.0,-36.0
2024-05-08 22:50:00,75.0,-36.0
2024-05-08 22:51:00,76.0,-36.0
2024-05-08 22:52:00,76.0,-35.0
2024-05-08 22:53:00,79.0,-37.0
2024-05-08 22:54:00,78.0,-37.0
2024-05-08 22:55:00,79.0,-38.0
2024-05-08 22:56:00,80.0,-39.0
2024-05-08 22:57:00,80.0,-39.0
2024-05-08 22:58:00,80.0,-38.0
2024-05-08 22:59:00,78.0,-36.0
2024-05-08 23:00:00,77.0,-34.0
2024-05-08 23:01:00,76.0,-33.0
2024-05-08 23:02:00,77.0,-34.0
2024-05-08 23:03:00,76.0,-34.0
2024-05-08 23:04:00,76.0,-34.0
2024-05-08 23:05:00,73.0,-31.0
2024-05-08 23:06:00,71.0,-28.0
2024-05-08 23:07:00,65.0,-22.0
2024-05-08 23:08:00,63.0,-20.0
2024-05-08 23:09:00,68.0,-24.0
2024-05-08 23:10:00,67.0,-23.0
2024-05-08 23:11:00,65.0,-23.0
2024-05-08 23:12:00,64.0,-25.0
2024-05-08 23:13:00,63.0,-26.0
2024-05-08 23:14:00,60.0,-25.0
2024-05-08 23:15:00,62.0,-27.0
2024-05-08 23:16:00,64.0,-29.0
2024-05-08 23:17:00,64.0,-28.0
2024-05-08 23:18:00,63.0,-24.0
2024-05-08 23:19:00,61.0,-22.0
2024-05-08 23:20:00,61.0,-23.0
2024-05-08 23:21:00,58.0,-23.0
2024-05-08 23:22:00,54.0,-23.0
2024-05-08 23:23:00,53.0,-23.0
2024-05-08 23:24:00,55.0,-24.0
2024-05-08 23:25:00,60.0,-26.0
2024-05-08 23:26:00,68.0,-32.0
2024-05-08 23:27:00,71.0,-35.0
2024-05-08 23:28:00,70.0,-33.0
2024-05-08 23:29:00,70.0,-32.0
2024-05-08 23:30:00,73.0,-33.0
2024-05-08 23:31:00,78.0,-37.0
2024-05-08 23:32:00,81.0,-40.0
2024-05-08 23:33:00,77.0,-36.0
2024-05-08 23:34:00,70.0,-29.0
2024-05-08 23:35:00,67.0,-29.0
2024-05-08 23:36:00,64.0,-27.0
2024-05-08 23:37:00,61.0,-25.0
2024-05-08 23:38:00,59.0,-23.0
2024-05-08 23:39:00,62.0,-26.0
2024-05-08 23:40:00,63.0,-24.0
2024-05-08 23:41:00,67.0,-24.0
2024-05-08 23:42:00,66.0,-22.0
2024-05-08 23:43:00,68.0,-25.0
2024-05-08 23:44:00,69.0,-26.0
2024-05-08 23:45:00,73.0,-25.0
2024-05-08 23:46:00,78.0,-29.0
2024-05-08 23:47:00,81.0,-33.0
2024-05-08 23:48:00,85.0,-35.0
2024-05-08 23:49:00,87.0,-35.0
2024-05-08 23:50:00,93.0,-39.0
2024-05-08 23:51:00,89.0,-38.0
2024-05-08 23:52:00,86.0,-38.0
2024-05-08 23:53:00,86.0,-38.0
2024-05-08 23:54:00,89.0,-40.0
2024-05-08 23:55:00,86.0,-38.0
2024-05-08 23:56:00,83.0,-35.0
2024-05-08 23:57:00,77.0,-31.0
2024-05-08 23:58:00,74.0,-31.0
2024-05-08 23:59:00,70.0,-29.0
2024-05-09 00:00:00,68.0,-28.0
2024-05-09 00:01:00,69.0,-29.0
2024-05-09 00:02:00,72.0,-32.0
2024-05-09 00:03:00,71.0,-31.0
2024-05-09 00:04:00,62.0,-23.0
2024-05-09 00:05:00,61.0,-24.0
2024-05-09 00:06:00,63.0,-27.0
2024-05-09 00:07:00,64.0,-27.0
2024-05-09 00:08:00,66.0,-25.0
2024-05-09 00:09:00,66.0,-23.0
2024-05-09 00:10:00,65.0,-22.0
2024-05-09 00:11:00,65.0,-21.0
2024-05-09 00:12:00,65.0,-19.0
2024-05-09 00:13:00,64.0,-19.0
2024-05-09 00:14:00,63.0,-18.0
2024-05-09 00:15:00,64.0,-18.0
2024-05-09 00:16:00,67.0,-19.0
2024-05-09 00:17:00,68.0,-18.0
2024-05-09 00:18:00,70.0,-18.0
2024-05-09 00:19:00,66.0,-16.0
2024-05-09 00:20:00,68.0,-19.0
2024-05-09 00:21:00,66.0,-18.0
2024-05-09 00:22:00,72.0,-23.0
2024-05-09 00:23:00,76.0,-26.0
2024-05-09 00:24:00,75.0,-23.0
2024-05-09 00:25:00,78.0,-23.0
2024-05-09 00:26:00,78.0,-22.0
2024-05-09 00:27:00,76.0,-19.0
2024-05-09 00:28:00,73.0,-18.0
2024-05-09 00:29:00,72.0,-19.0
2024-05-09 00:30:00,72.0,-20.0
2024-05-09 00:31:00,72.0,-19.0
2024-05-09 00:32:00,75.0,-20.0
2024-05-09 00:33:00,77.0,-19.0
2024-05-09 00:34:00,81.0,-22.0
2024-05-09 00:35:00,83.0,-23.0
2024-05-09 00:36:00,78.0,-19.0
2024-05-09 00:37:00,76.0,-20.0
2024-05-09 00:38:00,76.0,-21.0
2024-05-09 00:39:00,79.0,-22.0
2024-05-09 00:40:00,80.0,-22.0
2024-05-09 00:41:00,80.0,-21.0
2024-05-09 00:42:00,78.0,-21.0
2024-05-09 00:43:00,75.0,-20.0
2024-05-09 00:44:00,78.0,-21.0
2024-05-09 00:45:00,80.0,-21.0
2024-05-09 00:46:00,81.0,-23.0
2024-05-09 00:47:00,83.0,-25.0
2024-05-09 00:48:00,82.0,-25.0
2024-05-09 00:49:00,79.0,-23.0
2024-05-09 00:50:00,81.0,-26.0
2024-05-09 00:51:00,78.0,-25.0
2024-05-09 00:52:00,79.0,-26.0
2024-05-09 00:53:00,79.0,-25.0
2024-05-09 00:54:00,82.0,-27.0
2024-05-09 00:55:00,80.0,-26.0
2024-05-09 00:56:00,78.0,-24.0
2024-05-09 00:57:00,78.0,-23.0
2024-05-09 00:58:00,84.0,-27.0
2024-05-09 00:59:00,89.0,-31.0
2024-05-09 01:00:00,97.0,-39.0
2024-05-09 01:01:00,104.0,-46.0
2024-05-09 01:02:00,99.0,-43.0
2024-05-09 01:03:00,88.0,-37.0
2024-05-09 01:04:00,86.0,-37.0
2024-05-09 01:05:00,83.0,-35.0
2024-05-09 01:06:00,79.0,-30.0
2024-05-09 01:07:00,79.0,-29.0
2024-05-09 01:08:00,79.0,-29.0
2024-05-09 01:09:00,79.0,-30.0
2024-05-09 01:10:00,80.0,-30.0
2024-05-09 01:11:00,79.0,-29.0
2024-05-09 01:12:00,77.0,-26.0
2024-05-09 01:13:00,74.0,-25.0
2024-05-09 01:14:00,75.0,-25.0
2024-05-09 01:15:00,79.0,-26.0
2024-05-09 01:16:00,81.0,-26.0
2024-05-09 01:17:00,80.0,-25.0
2024-05-09 01:18:00,80.0,-25.0
2024-05-09 01:19:00,78.0,-23.0
2024-05-09 01:20:00,78.0,-22.0
2024-05-09 01:21:00,79.0,-22.0
2024-05-09 01:22:00,80.0,-22.0
2024-05-09 01:23:00,81.0,-23.0
2024-05-09 01:24:00,81.0,-22.0
2024-05-09 01:25:00,82.0,-22.0
2024-05-09 01:26:00,83.0,-22.0
2024-05-09 01:27:00,84.0,-23.0
2024-05-09 01:28:00,87.0,-25.0
2024-05-09 01:29:00,88.0,-26.0
2024-05-09 01:30:00,86.0,-25.0
2024-05-09 01:31:00,82.0,-23.0
2024-05-09 01:32:00,81.0,-23.0
2024-05-09 01:33:00,83.0,-25.0
2024-05-09 01:34:00,86.0,-27.0
2024-05-09 01:35:00,86.0,-27.0
2024-05-09 01:36:00,85.0,-26.0
2024-05-09 01:37:00,81.0,-23.0
2024-05-09 01:38:00,81.0,-24.0
2024-05-09 01:39:00,83.0,-25.0
2024-05-09 01:40:00,86.0,-25.0
2024-05-09 01:41:00,89.0,-26.0
2024-05-09 01:42:00,86.0,-25.0
2024-05-09 01:43:00,81.0,-25.0
2024-05-09 01:44:00,88.0,-27.0
2024-05-09 01:45:00,91.0,-29.0
2024-05-09 01:46:00,89.0,-29.0
2024-05-09 01:47:00,85.0,-28.0
2024-05-09 01:48:00,85.0,-28.0
2024-05-09 01:49:00,86.0,-29.0
2024-05-09 01:50:00,88.0,-29.0
2024-05-09 01:51:00,89.0,-29.0
2024-05-09 01:52:00,92.0,-30.0
2024-05-09 01:53:00,91.0,-31.0
2024-05-09 01:54:00,87.0,-31.0
2024-05-09 01:55:00,85.0,-30.0
2024-05-09 01:56:00,84.0,-29.0
2024-05-09 01:57:00,86.0,-31.0
2024-05-09 01:58:00,84.0,-31.0
2024-05-09 01:59:00,85.0,-31.0
2024-05-09 02:00:00,86.0,-33.0
2024-05-09 02:01:00,86.0,-34.0
2024-05-09 02:02:00,84.0,-33.0
2024-05-09 02:03:00,87.0,-36.0
2024-05-09 02:04:00,87.0,-37.0
2024-05-09 02:05:00,87.0,-38.0
2024-05-09 02:06:00,85.0,-38.0
2024-05-09 02:07:00,85.0,-38.0
2024-05-09 02:08:00,85.0,-37.0
2024-05-09 02:09:00,84.0,-35.0
2024-05-09 02:10:00,82.0,-34.0
2024-05-09 02:11:00,81.0,-34.0
2024-05-09 02:12:00,81.0,-35.0
2024-05-09 02:13:00,83.0,-37.0
2024-05-09 02:14:00,84.0,-39.0
2024-05-09 02:15:00,78.0,-36.0
2024-05-09 02:16:00,71.0,-34.0
2024-05-09 02:17:00,69.0,-32.0
2024-05-09 02:18:00,76.0,-31.0
2024-05-09 02:19:00,81.0,-32.0
2024-05-09 02:20:00,77.0,-29.0
2024-05-09 02:21:00,77.0,-29.0
2024-05-09 02:22:00,75.0,-27.0
2024-05-09 02:23:00,77.0,-27.0
2024-05-09 02:24:00,77.0,-25.0
2024-05-09 02:25:00,76.0,-25.0
2024-05-09 02:26:00,74.0,-24.0
2024-05-09 02:27:00,76.0,-23.0
2024-05-09 02:28:00,78.0,-23.0
2024-05-09 02:29:00,78.0,-23.0
2024-05-09 02:30:00,77.0,-23.0
2024-05-09 02:31:00,80.0,-23.0
2024-05-09 02:32:00,81.0,-24.0
2024-05-09 02:33:00,79.0,-24.0
2024-05-09 02:34:00,83.0,-27.0
2024-05-09 02:35:00,82.0,-27.0
2024-05-09 02:36:00,82.0,-28.0
2024-05-09 02:37:00,83.0,-30.0
2024-05-09 02:38:00,80.0,-30.0
2024-05-09 02:39:00,80.0,-32.0
2024-05-09 02:40:00,79.0,-32.0
2024-05-09 02:41:00,80.0,-34.0
2024-05-09 02:42:00,77.0,-34.0
2024-05-09 02:43:00,77.0,-34.0
2024-05-09 02:44:00,78.0,-34.0
2024-05-09 02:45:00,79.0,-34.0
2024-05-09 02:46:00,78.0,-33.0
2024-05-09 02:47:00,76.0,-32.0
2024-05-09 02:48:00,77.0,-32.0
2024-05-09 02:49:00,78.0,-31.0
2024-05-09 02:50:00,79.0,-31.0
2024-05-09 02:51:00,80.0,-30.0
2024-05-09 02:52:00,80.0,-29.0
2024-05-09 02:53:00,82.0,-29.0
2024-05-09 02:54:00,81.0,-28.0
2024-05-09 02:55:00,78.0,-26.0
2024-05-09 02:56:00,76.0,-26.0
2024-05-09 02:57:00,74.0,-25.0
2024-05-09 02:58:00,73.0,-25.0
2024-05-09 02:59:00,72.0,-25.0
2024-05-09 03:00:00,73.0,-25.0
2024-05-09 03:01:00,74.0,-25.0
2024-05-09 03:02:00,73.0,-24.0
2024-05-09 03:03:00,74.0,-26.0
2024-05-09 03:04:00,72.0,-25.0
2024-05-09 03:05:00,73.0,-26.0
2024-05-09 03:06:00,74.0,-27.0
2024-05-09 03:07:00,72.0,-26.0
2024-05-09 03:08:00,70.0,-26.0
2024-05-09 03:09:00,69.0,-25.0
2024-05-09 03:10:00,72.0,-27.0
2024-05-09 03:11:00,74.0,-28.0
2024-05-09 03:12:00,73.0,-27.0
2024-05-09 03:13:00,76.0,-29.0
2024-05-09 03:14:00,72.0,-26.0
2024-05-09 03:15:00,72.0,-26.0
2024-05-09 03:16:00,73.0,-27.0
2024-05-09 03:17:00,79.0,-27.0
2024-05-09 03:18:00,87.0,-31.0
2024-05-09 03:19:00,83.0,-27.0
2024-05-09 03:20:00,73.0,-18.0
2024-05-09 03:21:00,76.0,-19.0
2024-05-09 03:22:00,82.0,-24.0
2024-05-09 03:23:00,84.0,-21.0
2024-05-09 03:24:00,87.0,-29.0
2024-05-09 03:25:00,85.0,-25.0
2024-05-09 03:26:00,83.0,-24.0
2024-05-09 03:27:00,84.0,-23.0
2024-05-09 03:28:00,82.0,-19.0
2024-05-09 03:29:00,82.0,-19.0
2024-05-09 03:30:00,78.0,-19.0
2024-05-09 03:31:00,75.0,-19.0
2024-05-09 03:32:00,81.0,-21.0
2024-05-09 03:33:00,80.0,-20.0
2024-05-09 03:34:00,82.0,-20.0
2024-05-09 03:35:00,85.0,-22.0
2024-05-09 03:36:00,82.0,-20.0
2024-05-09 03:37:00,84.0,-19.0
2024-05-09 03:38:00,89.0,-23.0
2024-05-09 03:39:00,94.0,-23.0
2024-05-09 03:40:00,94.0,-23.0
2024-05-09 03:41:00,94.0,-25.0
2024-05-09 03:42:00,93.0,-25.0
2024-05-09 03:43:00,93.0,-26.0
2024-05-09 03:44:00,93.0,-27.0
2024-05-09 03:45:00,105.0,-40.0
2024-05-09 03:46:00,103.0,-36.0
2024-05-09 03:47:00,93.0,-21.0
2024-05-09 03:48:00,89.0,-20.0
2024-05-09 03:49:00,91.0,-24.0
2024-05-09 03:50:00,80.0,-19.0
2024-05-09 03:51:00,70.0,-17.0
2024-05-09 03:52:00,71.0,-20.0
2024-05-09 03:53:00,69.0,-19.0
2024-05-09 03:54:00,74.0,-21.0
2024-05-09 03:55:00,88.0,-22.0
2024-05-09 03:56:00,110.0,-26.0
2024-05-09 03:57:00,116.0,-27.0
2024-05-09 03:58:00,112.0,-22.0
2024-05-09 03:59:00,111.0,-22.0
2024-05-09 04:00:00,111.0,-22.0
2024-05-09 04:01:00,111.0,-21.0
2024-05-09 04:02:00,119.0,-30.0
2024-05-09 04:03:00,120.0,-33.0
2024-05-09 04:04:00,107.0,-22.0
2024-05-09 04:05:00,105.0,-23.0
2024-05-09 04:06:00,101.0,-23.0
2024-05-09 04:07:00,99.0,-25.0
2024-05-09 04:08:00,95.0,-23.0
2024-05-09 04:09:00,91.0,-22.0
2024-05-09 04:10:00,90.0,-22.0
2024-05-09 04:11:00,87.0,-23.0
2024-05-09 04:12:00,81.0,-23.0
2024-05-09 04:13:00,77.0,-22.0
2024-05-09 04:14:00,74.0,-21.0
2024-05-09 04:15:00,72.0,-21.0
2024-05-09 04:16:00,72.0,-22.0
2024-05-09 04:17:00,67.0,-19.0
2024-05-09 04:18:00,63.0,-20.0
2024-05-09 04:19:00,61.0,-22.0
2024-05-09 04:20:00,53.0,-19.0
2024-05-09 04:21:00,53.0,-21.0
2024-05-09 04:22:00,55.0,-20.0
2024-05-09 04:23:00,54.0,-17.0
2024-05-09 04:24:00,54.0,-18.0
2024-05-09 04:25:00,56.0,-19.0
2024-05-09 04:26:00,54.0,-17.0
2024-05-09 04:27:00,55.0,-18.0
2024-05-09 04:28:00,58.0,-18.0
2024-05-09 04:29:00,60.0,-18.0
2024-05-09 04:30:00,62.0,-16.0
2024-05-09 04:31:00,67.0,-15.0
2024-05-09 04:32:00,69.0,-16.0
2024-05-09 04:33:00,70.0,-19.0
2024-05-09 04:34:00,69.0,-15.0
2024-05-09 04:35:00,97.0,-29.0
2024-05-09 04:36:00,108.0,-26.0
2024-05-09 04:37:00,106.0,-21.0
2024-05-09 04:38:00,95.0,-4.0
2024-05-09 04:39:00,106.0,0.0
2024-05-09 04:40:00,128.0,-12.0
2024-05-09 04:41:00,129.0,-13.0
2024-05-09 04:42:00,124.0,-13.0
2024-05-09 04:43:00,109.0,-7.0
2024-05-09 04:44:00,89.0,0.0
2024-05-09 04:45:00,106.0,-21.0
2024-05-09 04:46:00,141.0,-49.0
2024-05-09 04:47:00,135.0,-34.0
2024-05-09 04:48:00,114.0,-9.0
2024-05-09 04:49:00,114.0,-8.0
2024-05-09 04:50:00,109.0,-7.0
2024-05-09 04:51:00,112.0,-16.0
2024-05-09 04:52:00,111.0,-24.0
2024-05-09 04:53:00,94.0,-13.0
2024-05-09 04:54:00,82.0,-7.0
2024-05-09 04:55:00,81.0,-9.0
2024-05-09 04:56:00,81.0,-13.0
2024-05-09 04:57:00,83.0,-16.0
2024-05-09 04:58:00,78.0,-16.0
2024-05-09 04:59:00,70.0,-11.0
2024-05-09 05:00:00,69.0,-13.0
2024-05-09 05:01:00,71.0,-16.0
2024-05-09 05:02:00,72.0,-19.0
2024-05-09 05:03:00,68.0,-19.0
2024-05-09 05:04:00,67.0,-20.0
2024-05-09 05:05:00,72.0,-25.0
2024-05-09 05:06:00,75.0,-27.0
2024-05-09 05:07:00,76.0,-28.0
2024-05-09 05:08:00,75.0,-28.0
2024-05-09 05:09:00,76.0,-28.0
2024-05-09 05:10:00,78.0,-28.0
2024-05-09 05:11:00,81.0,-29.0
2024-05-09 05:12:00,83.0,-32.0
2024-05-09 05:13:00,83.0,-33.0
2024-05-09 05:14:00,81.0,-34.0
2024-05-09 05:15:00,77.0,-33.0
2024-05-09 05:16:00,73.0,-29.0
2024-05-09 05:17:00,73.0,-28.0
2024-05-09 05:18:00,79.0,-33.0
2024-05-09 05:19:00,81.0,-35.0
2024-05-09 05:20:00,81.0,-33.0
2024-05-09 05:21:00,75.0,-28.0
2024-05-09 05:22:00,69.0,-27.0
2024-05-09 05:23:00,72.0,-31.0
2024-05-09 05:24:00,72.0,-32.0
2024-05-09 05:25:00,67.0,-27.0
2024-05-09 05:26:00,63.0,-23.0
2024-05-09 05:27:00,64.0,-23.0
2024-05-09 05:28:00,63.0,-23.0
2024-05-09 05:29:00,61.0,-22.0
2024-05-09 05:30:00,61.0,-22.0
2024-05-09 05:31:00,59.0,-23.0
2024-05-09 05:32:00,59.0,-24.0
2024-05-09 05:33:00,60.0,-24.0
2024-05-09 05:34:00,61.0,-26.0
2024-05-09 05:35:00,64.0,-28.0
2024-05-09 05:36:00,64.0,-28.0
2024-05-09 05:37:00,62.0,-28.0
2024-05-09 05:38:00,65.0,-30.0
2024-05-09 05:39:00,65.0,-30.0
2024-05-09 05:40:00,64.0,-28.0
2024-05-09 05:41:00,64.0,-27.0
2024-05-09 05:42:00,63.0,-26.0
2024-05-09 05:43:00,63.0,-28.0
2024-05-09 05:44:00,59.0,-28.0
2024-05-09 05:45:00,58.0,-28.0
2024-05-09 05:46:00,60.0,-29.0
2024-05-09 05:47:00,58.0,-28.0
2024-05-09 05:48:00,57.0,-29.0
2024-05-09 05:49:00,60.0,-31.0
2024-05-09 05:50:00,65.0,-33.0
2024-05-09 05:51:00,63.0,-33.0
2024-05-09 05:52:00,61.0,-32.0
2024-05-09 05:53:00,59.0,-31.0
2024-05-09 05:54:00,59.0,-30.0
2024-05-09 05:55:00,62.0,-31.0
2024-05-09 05:56:00,66.0,-33.0
2024-05-09 05:57:00,65.0,-32.0
2024-05-09 05:58:00,65.0,-30.0
2024-05-09 05:59:00,65.0,-30.0
2024-05-09 06:00:00,67.0,-30.0
2024-05-09 06:01:00,69.0,-30.0
2024-05-09 06:02:00,69.0,-31.0
2024-05-09 06:03:00,68.0,-32.0
2024-05-09 06:04:00,65.0,-31.0
2024-05-09 06:05:00,64.0,-31.0
2024-05-09 06:06:00,66.0,-31.0
2024-05-09 06:07:00,67.0,-32.0
2024-05-09 06:08:00,69.0,-34.0
2024-05-09 06:09:00,70.0,-36.0
2024-05-09 06:10:00,70.0,-37.0
2024-05-09 06:11:00,69.0,-37.0
2024-05-09 06:12:00,68.0,-37.0
2024-05-09 06:13:00,71.0,-38.0
2024-05-09 06:14:00,71.0,-38.0
2024-05-09 06:15:00,73.0,-39.0
2024-05-09 06:16:00,74.0,-39.0
2024-05-09 06:17:00,73.0,-38.0
2024-05-09 06:18:00,75.0,-37.0
2024-05-09 06:19:00,75.0,-36.0
2024-05-09 06:20:00,74.0,-36.0
2024-05-09 06:21:00,73.0,-36.0
2024-05-09 06:22:00,74.0,-37.0
2024-05-09 06:23:00,74.0,-37.0
2024-05-09 06:24:00,71.0,-36.0
2024-05-09 06:25:00,68.0,-34.0
2024-05-09 06:26:00,67.0,-37.0
2024-05-09 06:27:00,67.0,-38.0
2024-05-09 06:28:00,64.0,-36.0
2024-05-09 06:29:00,63.0,-34.0
2024-05-09 06:30:00,70.0,-36.0
2024-05-09 06:31:00,79.0,-38.0
2024-05-09 06:32:00,83.0,-39.0
2024-05-09 06:33:00,79.0,-35.0
2024-05-09 06:34:00,80.0,-35.0
2024-05-09 06:35:00,86.0,-38.0
2024-05-09 06:36:00,92.0,-41.0
2024-05-09 06:37:00,95.0,-40.0
2024-05-09 06:38:00,90.0,-38.0
2024-05-09 06:39:00,86.0,-37.0
2024-05-09 06:40:00,84.0,-39.0
2024-05-09 06:41:00,83.0,-41.0
2024-05-09 06:42:00,83.0,-41.0
2024-05-09 06:43:00,81.0,-40.0
2024-05-09 06:44:00,78.0,-40.0
2024-05-09 06:45:00,75.0,-38.0
2024-05-09 06:46:00,77.0,-39.0
2024-05-09 06:47:00,77.0,-40.0
2024-05-09 06:48:00,78.0,-41.0
2024-05-09 06:49:00,76.0,-39.0
2024-05-09 06:50:00,73.0,-37.0
2024-05-09 06:51:00,73.0,-37.0
2024-05-09 06:52:00,74.0,-37.0
2024-05-09 06:53:00,74.0,-37.0
2024-05-09 06:54:00,74.0,-37.0
2024-05-09 06:55:00,74.0,-37.0
2024-05-09 06:56:00,75.0,-38.0
2024-05-09 06:57:00,73.0,-38.0
2024-05-09 06:58:00,70.0,-36.0
2024-05-09 06:59:00,70.0,-36.0
2024-05-09 07:00:00,70.0,-36.0
2024-05-09 07:01:00,68.0,-35.0
2024-05-09 07:02:00,64.0,-33.0
2024-05-09 07:03:00,64.0,-33.0
2024-05-09 07:04:00,64.0,-33.0
2024-05-09 07:05:00,64.0,-33.0
2024-05-09 07:06:00,64.0,-34.0
2024-05-09 07:07:00,65.0,-35.0
2024-05-09 07:08:00,66.0,-36.0
2024-05-09 07:09:00,65.0,-35.0
2024-05-09 07:10:00,65.0,-34.0
2024-05-09 07:11:00,62.0,-33.0
2024-05-09 07:12:00,62.0,-35.0
2024-05-09 07:13:00,61.0,-35.0
2024-05-09 07:14:00,59.0,-33.0
2024-05-09 07:15:00,61.0,-33.0
2024-05-09 07:16:00,64.0,-35.0
2024-05-09 07:17:00,67.0,-39.0
2024-05-09 07:18:00,67.0,-40.0
2024-05-09 07:19:00,66.0,-39.0
2024-05-09 07:20:00,66.0,-39.0
2024-05-09 07:21:00,67.0,-39.0
2024-05-09 07:22:00,67.0,-38.0
2024-05-09 07:23:00,64.0,-36.0
2024-05-09 07:24:00,63.0,-34.0
2024-05-09 07:25:00,61.0,-32.0
2024-05-09 07:26:00,58.0,-29.0
2024-05-09 07:27:00,58.0,-29.0
2024-05-09 07:28:00,58.0,-30.0
2024-05-09 07:29:00,61.0,-34.0
2024-05-09 07:30:00,61.0,-36.0
2024-05-09 07:31:00,60.0,-36.0
2024-05-09 07:32:00,59.0,-36.0
2024-05-09 07:33:00,59.0,-37.0
2024-05-09 07:34:00,60.0,-38.0
2024-05-09 07:35:00,62.0,-39.0
2024-05-09 07:36:00,63.0,-38.0
2024-05-09 07:37:00,61.0,-37.0
2024-05-09 07:38:00,59.0,-36.0
2024-05-09 07:39:00,56.0,-35.0
2024-05-09 07:40:00,55.0,-35.0
2024-05-09 07:41:00,52.0,-34.0
2024-05-09 07:42:00,53.0,-36.0
2024-05-09 07:43:00,53.0,-37.0
2024-05-09 07:44:00,54.0,-38.0
2024-05-09 07:45:00,53.0,-39.0
2024-05-09 07:46:00,55.0,-40.0
2024-05-09 07:47:00,55.0,-40.0
2024-05-09 07:48:00,54.0,-38.0
2024-05-09 07:49:00,52.0,-36.0
2024-05-09 07:50:00,52.0,-35.0
2024-05-09 07:51:00,53.0,-34.0
2024-05-09 07:52:00,53.0,-35.0
2024-05-09 07:53:00,55.0,-38.0
2024-05-09 07:54:00,56.0,-40.0
2024-05-09 07:55:00,58.0,-42.0
2024-05-09 07:56:00,56.0,-39.0
2024-05-09 07:57:00,54.0,-35.0
2024-05-09 07:58:00,56.0,-35.0
2024-05-09 07:59:00,62.0,-38.0
2024-05-09 08:00:00,66.0,-40.0
2024-05-09 08:01:00,63.0,-38.0
2024-05-09 08:02:00,57.0,-33.0
2024-05-09 08:03:00,52.0,-30.0
2024-05-09 08:04:00,51.0,-30.0
2024-05-09 08:05:00,52.0,-32.0
2024-05-09 08:06:00,55.0,-34.0
2024-05-09 08:07:00,57.0,-36.0
2024-05-09 08:08:00,56.0,-36.0
2024-05-09 08:09:00,56.0,-36.0
2024-05-09 08:10:00,56.0,-35.0
2024-05-09 08:11:00,55.0,-34.0
2024-05-09 08:12:00,56.0,-35.0
2024-05-09 08:13:00,57.0,-36.0
2024-05-09 08:14:00,57.0,-35.0
2024-05-09 08:15:00,55.0,-33.0
2024-05-09 08:16:00,53.0,-32.0
2024-05-09 08:17:00,52.0,-31.0
2024-05-09 08:18:00,54.0,-31.0
2024-05-09 08:19:00,54.0,-30.0
2024-05-09 08:20:00,55.0,-30.0
2024-05-09 08:21:00,57.0,-31.0
2024-05-09 08:22:00,62.0,-33.0
2024-05-09 08:23:00,61.0,-32.0
2024-05-09 08:24:00,56.0,-28.0
2024-05-09 08:25:00,55.0,-30.0
2024-05-09 08:26:00,56.0,-32.0
2024-05-09 08:27:00,54.0,-31.0
2024-05-09 08:28:00,60.0,-38.0
2024-05-09 08:29:00,61.0,-38.0
2024-05-09 08:30:00,57.0,-32.0
2024-05-09 08:31:00,59.0,-33.0
2024-05-09 08:32:00,61.0,-32.0
2024-05-09 08:33:00,64.0,-32.0
2024-05-09 08:34:00,66.0,-33.0
2024-05-09 08:35:00,66.0,-33.0
2024-05-09 08:36:00,64.0,-33.0
2024-05-09 08:37:00,59.0,-31.0
2024-05-09 08:38:00,57.0,-30.0
2024-05-09 08:39:00,56.0,-29.0
2024-05-09 08:40:00,59.0,-30.0
2024-05-09 08:41:00,61.0,-31.0
2024-05-09 08:42:00,62.0,-31.0
2024-05-09 08:43:00,59.0,-29.0
2024-05-09 08:44:00,57.0,-28.0
2024-05-09 08:45:00,59.0,-30.0
2024-05-09 08:46:00,63.0,-33.0
2024-05-09 08:47:00,61.0,-31.0
2024-05-09 08:48:00,61.0,-31.0
2024-05-09 08:49:00,63.0,-31.0
2024-05-09 08:50:00,67.0,-32.0
2024-05-09 08:51:00,74.0,-34.0
2024-05-09 08:52:00,81.0,-35.0
2024-05-09 08:53:00,85.0,-37.0
2024-05-09 08:54:00,85.0,-40.0
2024-05-09 08:55:00,77.0,-38.0
2024-05-09 08:56:00,70.0,-37.0
2024-05-09 08:57:00,70.0,-38.0
2024-05-09 08:58:00,76.0,-39.0
2024-05-09 08:59:00,86.0,-44.0
2024-05-09 09:00:00,93.0,-49.0
2024-05-09 09:01:00,93.0,-49.0
2024-05-09 09:02:00,87.0,-45.0
2024-05-09 09:03:00,89.0,-47.0
2024-05-09 09:04:00,89.0,-48.0
2024-05-09 09:05:00,89.0,-52.0
2024-05-09 09:06:00,86.0,-51.0
2024-05-09 09:07:00,82.0,-49.0
2024-05-09 09:08:00,80.0,-47.0
2024-05-09 09:09:00,80.0,-46.0
2024-05-09 09:10:00,86.0,-47.0
2024-05-09 09:11:00,90.0,-48.0
2024-05-09 09:12:00,90.0,-49.0
2024-05-09 09:13:00,92.0,-51.0
2024-05-09 09:14:00,97.0,-52.0
2024-05-09 09:15:00,102.0,-52.0
2024-05-09 09:16:00,106.0,-53.0
2024-05-09 09:17:00,103.0,-53.0
2024-05-09 09:18:00,103.0,-54.0
2024-05-09 09:19:00,99.0,-53.0
2024-05-09 09:20:00,106.0,-59.0
2024-05-09 09:21:00,111.0,-60.0
2024-05-09 09:22:00,116.0,-61.0
2024-05-09 09:23:00,113.0,-57.0
2024-05-09 09:24:00,109.0,-56.0
2024-05-09 09:25:00,109.0,-58.0
2024-05-09 09:26:00,106.0,-61.0
2024-05-09 09:27:00,102.0,-62.0
2024-05-09 09:28:00,103.0,-63.0
2024-05-09 09:29:00,104.0,-59.0
2024-05-09 09:30:00,104.0,-58.0
2024-05-09 09:31:00,101.0,-57.0
2024-05-09 09:32:00,100.0,-59.0
2024-05-09 09:33:00,98.0,-58.0
2024-05-09 09:34:00,97.0,-55.0
2024-05-09 09:35:00,95.0,-52.0
2024-05-09 09:36:00,96.0,-52.0
2024-05-09 09:37:00,98.0,-53.0
2024-05-09 09:38:00,99.0,-53.0
2024-05-09 09:39:00,100.0,-53.0
2024-05-09 09:40:00,104.0,-54.0
2024-05-09 09:41:00,103.0,-52.0
2024-05-09 09:42:00,99.0,-48.0
2024-05-09 09:43:00,102.0,-49.0
2024-05-09 09:44:00,108.0,-53.0
2024-05-09 09:45:00,108.0,-53.0
2024-05-09 09:46:00,105.0,-51.0
2024-05-09 09:47:00,103.0,-49.0
2024-05-09 09:48:00,106.0,-50.0
2024-05-09 09:49:00,108.0,-51.0
2024-05-09 09:50:00,103.0,-48.0
2024-05-09 09:51:00,98.0,-45.0
2024-05-09 09:52:00,96.0,-43.0
2024-05-09 09:53:00,102.0,-44.0
2024-05-09 09:54:00,110.0,-45.0
2024-05-09 09:55:00,112.0,-44.0
2024-05-09 09:56:00,107.0,-41.0
2024-05-09 09:57:00,104.0,-41.0
2024-05-09 09:58:00,108.0,-44.0
2024-05-09 09:59:00,109.0,-49.0
2024-05-09 10:00:00,106.0,-48.0
2024-05-09 10:01:00,104.0,-48.0
2024-05-09 10:02:00,101.0,-45.0
2024-05-09 10:03:00,106.0,-48.0
2024-05-09 10:04:00,102.0,-46.0
2024-05-09 10:05:00,106.0,-50.0
2024-05-09 10:06:00,112.0,-58.0
2024-05-09 10:07:00,110.0,-56.0
2024-05-09 10:08:00,100.0,-51.0
2024-05-09 10:09:00,97.0,-49.0
2024-05-09 10:10:00,99.0,-52.0
2024-05-09 10:11:00,109.0,-60.0
2024-05-09 10:12:00,118.0,-64.0
2024-05-09 10:13:00,117.0,-57.0
2024-05-09 10:14:00,111.0,-52.0
2024-05-09 10:15:00,111.0,-48.0
2024-05-09 10:16:00,112.0,-45.0
2024-05-09 10:17:00,115.0,-48.0
2024-05-09 10:18:00,111.0,-57.0
2024-05-09 10:19:00,109.0,-67.0
2024-05-09 10:20:00,109.0,-70.0
2024-05-09 10:21:00,109.0,-57.0
2024-05-09 10:22:00,109.0,-44.0
2024-05-09 10:23:00,106.0,-37.0
2024-05-09 10:24:00,112.0,-45.0
2024-05-09 10:25:00,114.0,-52.0
2024-05-09 10:26:00,111.0,-51.0
2024-05-09 10:27:00,105.0,-45.0
2024-05-09 10:28:00,101.0,-41.0
2024-05-09 10:29:00,104.0,-42.0
2024-05-09 10:30:00,104.0,-40.0
2024-05-09 10:31:00,104.0,-42.0
2024-05-09 10:32:00,101.0,-41.0
2024-05-09 10:33:00,105.0,-47.0
2024-05-09 10:34:00,101.0,-45.0
2024-05-09 10:35:00,101.0,-44.0
2024-05-09 10:36:00,102.0,-42.0
2024-05-09 10:37:00,106.0,-42.0
2024-05-09 10:38:00,106.0,-42.0
2024-05-09 10:39:00,111.0,-49.0
2024-05-09 10:40:00,110.0,-48.0
2024-05-09 10:41:00,102.0,-42.0
2024-05-09 10:42:00,97.0,-37.0
2024-05-09 10:43:00,101.0,-40.0
2024-05-09 10:44:00,115.0,-52.0
2024-05-09 10:45:00,135.0,-71.0
2024-05-09 10:46:00,133.0,-69.0
2024-05-09 10:47:00,126.0,-61.0
2024-05-09 10:48:00,150.0,-81.0
2024-05-09 10:49:00,144.0,-73.0
2024-05-09 10:50:00,112.0,-41.0
2024-05-09 10:51:00,140.0,-68.0
2024-05-09 10:52:00,111.0,-38.0
2024-05-09 10:53:00,113.0,-39.0
2024-05-09 10:54:00,117.0,-39.0
2024-05-09 10:55:00,120.0,-36.0
2024-05-09 10:56:00,115.0,-34.0
2024-05-09 10:57:00,112.0,-34.0
2024-05-09 10:58:00,110.0,-33.0
2024-05-09 10:59:00,115.0,-33.0
2024-05-09 11:00:00,120.0,-33.0
2024-05-09 11:01:00,117.0,-33.0
2024-05-09 11:02:00,113.0,-32.0
2024-05-09 11:03:00,110.0,-33.0
2024-05-09 11:04:00,111.0,-33.0
2024-05-09 11:05:00,113.0,-32.0
2024-05-09 11:06:00,113.0,-32.0
2024-05-09 11:07:00,114.0,-32.0
2024-05-09 11:08:00,111.0,-34.0
2024-05-09 11:09:00,111.0,-36.0
2024-05-09 11:10:00,111.0,-38.0
2024-05-09 11:11:00,108.0,-36.0
2024-05-09 11:12:00,108.0,-35.0
2024-05-09 11:13:00,111.0,-37.0
2024-05-09 11:14:00,112.0,-39.0
2024-05-09 11:15:00,113.0,-41.0
2024-05-09 11:16:00,111.0,-39.0
2024-05-09 11:17:00,122.0,-51.0
2024-05-09 11:18:00,181.0,-109.0
2024-05-09 11:19:00,188.0,-116.0
2024-05-09 11:20:00,110.0,-38.0
2024-05-09 11:21:00,110.0,-39.0
2024-05-09 11:22:00,121.0,-51.0
2024-05-09 11:23:00,153.0,-83.0
2024-05-09 11:24:00,136.0,-64.0
2024-05-09 11:25:00,140.0,-68.0
2024-05-09 11:26:00,119.0,-49.0
2024-05-09 11:27:00,110.0,-39.0
2024-05-09 11:28:00,115.0,-43.0
2024-05-09 11:29:00,117.0,-45.0
2024-05-09 11:30:00,124.0,-48.0
2024-05-09 11:31:00,131.0,-49.0
2024-05-09 11:32:00,130.0,-48.0
2024-05-09 11:33:00,127.0,-50.0
2024-05-09 11:34:00,123.0,-50.0
2024-05-09 11:35:00,123.0,-50.0
2024-05-09 11:36:00,121.0,-49.0
2024-05-09 11:37:00,121.0,-48.0
2024-05-09 11:38:00,123.0,-49.0
2024-05-09 11:39:00,126.0,-47.0
2024-05-09 11:40:00,126.0,-44.0
2024-05-09 11:41:00,125.0,-45.0
2024-05-09 11:42:00,119.0,-45.0
2024-05-09 11:43:00,122.0,-49.0
2024-05-09 11:44:00,123.0,-51.0
2024-05-09 11:45:00,126.0,-51.0
2024-05-09 11:46:00,128.0,-52.0
2024-05-09 11:47:00,124.0,-51.0
2024-05-09 11:48:00,123.0,-53.0
2024-05-09 11:49:00,124.0,-55.0
2024-05-09 11:50:00,127.0,-57.0
2024-05-09 11:51:00,131.0,-59.0
2024-05-09 11:52:00,126.0,-56.0
2024-05-09 11:53:00,122.0,-56.0
2024-05-09 11:54:00,121.0,-57.0
2024-05-09 11:55:00,117.0,-54.0
2024-05-09 11:56:00,119.0,-53.0
2024-05-09 11:57:00,121.0,-51.0
2024-05-09 11:58:00,119.0,-49.0
2024-05-09 11:59:00,119.0,-49.0
2024-05-09 12:00:00,123.0,-52.0
2024-05-09 12:01:00,131.0,-58.0
2024-05-09 12:02:00,135.0,-61.0
2024-05-09 12:03:00,135.0,-57.0
2024-05-09 12:04:00,137.0,-57.0
2024-05-09 12:05:00,136.0,-58.0
2024-05-09 12:06:00,136.0,-60.0
2024-05-09 12:07:00,138.0,-62.0
2024-05-09 12:08:00,141.0,-63.0
2024-05-09 12:09:00,140.0,-59.0
2024-05-09 12:10:00,137.0,-56.0
2024-05-09 12:11:00,134.0,-55.0
2024-05-09 12:12:00,130.0,-53.0
2024-05-09 12:13:00,129.0,-53.0
2024-05-09 12:14:00,130.0,-54.0
2024-05-09 12:15:00,131.0,-55.0
2024-05-09 12:16:00,131.0,-55.0
2024-05-09 12:17:00,133.0,-57.0
2024-05-09 12:18:00,133.0,-58.0
2024-05-09 12:19:00,130.0,-56.0
2024-05-09 12:20:00,130.0,-56.0
2024-05-09 12:21:00,134.0,-61.0
2024-05-09 12:22:00,131.0,-61.0
2024-05-09 12:23:00,130.0,-60.0
2024-05-09 12:24:00,137.0,-63.0
2024-05-09 12:25:00,142.0,-66.0
2024-05-09 12:26:00,144.0,-67.0
2024-05-09 12:27:00,145.0,-67.0
2024-05-09 12:28:00,151.0,-71.0
2024-05-09 12:29:00,161.0,-83.0
2024-05-09 12:30:00,172.0,-96.0
2024-05-09 12:31:00,181.0,-104.0
2024-05-09 12:32:00,161.0,-82.0
2024-05-09 12:33:00,163.0,-86.0
2024-05-09 12:34:00,184.0,-104.0
2024-05-09 12:35:00,203.0,-119.0
2024-05-09 12:36:00,234.0,-149.0
2024-05-09 12:37:00,255.0,-173.0
2024-05-09 12:38:00,268.0,-188.0
2024-05-09 12:39:00,258.0,-174.0
2024-05-09 12:40:00,241.0,-156.0
2024-05-09 12:41:00,237.0,-155.0
2024-05-09 12:42:00,237.0,-158.0
2024-05-09 12:43:00,226.0,-148.0
2024-05-09 12:44:00,215.0,-141.0
2024-05-09 12:45:00,217.0,-144.0
2024-05-09 12:46:00,212.0,-138.0
2024-05-09 12:47:00,204.0,-128.0
2024-05-09 12:48:00,208.0,-130.0
2024-05-09 12:49:00,202.0,-123.0
2024-05-09 12:50:00,196.0,-116.0
2024-05-09 12:51:00,193.0,-114.0
2024-05-09 12:52:00,187.0,-111.0
2024-05-09 12:53:00,186.0,-114.0
2024-05-09 12:54:00,190.0,-122.0
2024-05-09 12:55:00,191.0,-123.0
2024-05-09 12:56:00,187.0,-115.0
2024-05-09 12:57:00,181.0,-104.0
2024-05-09 12:58:00,174.0,-90.0
2024-05-09 12:59:00,170.0,-81.0
2024-05-09 13:00:00,174.0,-82.0
2024-05-09 13:01:00,182.0,-89.0
2024-05-09 13:02:00,188.0,-95.0
2024-05-09 13:03:00,181.0,-88.0
2024-05-09 13:04:00,172.0,-79.0
2024-05-09 13:05:00,168.0,-76.0
2024-05-09 13:06:00,170.0,-78.0
2024-05-09 13:07:00,170.0,-80.0
2024-05-09 13:08:00,168.0,-81.0
2024-05-09 13:09:00,168.0,-83.0
2024-05-09 13:10:00,172.0,-92.0
2024-05-09 13:11:00,177.0,-100.0
2024-05-09 13:12:00,167.0,-92.0
2024-05-09 13:13:00,161.0,-89.0
2024-05-09 13:14:00,157.0,-83.0
2024-05-09 13:15:00,155.0,-81.0
2024-05-09 13:16:00,163.0,-88.0
2024-05-09 13:17:00,146.0,-72.0
2024-05-09 13:18:00,146.0,-73.0
2024-05-09 13:19:00,150.0,-76.0
2024-05-09 13:20:00,168.0,-94.0
2024-05-09 13:21:00,187.0,-111.0
2024-05-09 13:22:00,175.0,-98.0
2024-05-09 13:23:00,160.0,-81.0
2024-05-09 13:24:00,164.0,-82.0
2024-05-09 13:25:00,169.0,-82.0
2024-05-09 13:26:00,166.0,-77.0
2024-05-09 13:27:00,161.0,-73.0
2024-05-09 13:28:00,157.0,-70.0
2024-05-09 13:29:00,150.0,-66.0
2024-05-09 13:30:00,148.0,-65.0
2024-05-09 13:31:00,151.0,-68.0
2024-05-09 13:32:00,145.0,-63.0
2024-05-09 13:33:00,148.0,-66.0
2024-05-09 13:34:00,167.0,-84.0
2024-05-09 13:35:00,156.0,-72.0
2024-05-09 13:36:00,144.0,-60.0
2024-05-09 13:37:00,146.0,-61.0
2024-05-09 13:38:00,148.0,-63.0
2024-05-09 13:39:00,146.0,-63.0
2024-05-09 13:40:00,141.0,-61.0
2024-05-09 13:41:00,144.0,-63.0
2024-05-09 13:42:00,148.0,-62.0
2024-05-09 13:43:00,154.0,-62.0
2024-05-09 13:44:00,166.0,-70.0
2024-05-09 13:45:00,165.0,-72.0
2024-05-09 13:46:00,166.0,-68.0
2024-05-09 13:47:00,165.0,-72.0
2024-05-09 13:48:00,155.0,-72.0
2024-05-09 13:49:00,165.0,-82.0
2024-05-09 13:50:00,181.0,-98.0
2024-05-09 13:51:00,181.0,-99.0
2024-05-09 13:52:00,180.0,-99.0
2024-05-09 13:53:00,176.0,-95.0
2024-05-09 13:54:00,170.0,-87.0
2024-05-09 13:55:00,166.0,-83.0
2024-05-09 13:56:00,165.0,-82.0
2024-05-09 13:57:00,166.0,-84.0
2024-05-09 13:58:00,172.0,-92.0
2024-05-09 13:59:00,182.0,-104.0
2024-05-09 14:00:00,188.0,-111.0
2024-05-09 14:01:00,188.0,-113.0
2024-05-09 14:02:00,197.0,-125.0
2024-05-09 14:03:00,193.0,-123.0
2024-05-09 14:04:00,182.0,-111.0
2024-05-09 14:05:00,183.0,-109.0
2024-05-09 14:06:00,197.0,-122.0
2024-05-09 14:07:00,212.0,-138.0
2024-05-09 14:08:00,207.0,-136.0
2024-05-09 14:09:00,201.0,-133.0
2024-05-09 14:10:00,207.0,-140.0
2024-05-09 14:11:00,208.0,-140.0
2024-05-09 14:12:00,203.0,-133.0
2024-05-09 14:13:00,204.0,-129.0
2024-05-09 14:14:00,196.0,-119.0
2024-05-09 14:15:00,178.0,-103.0
2024-05-09 14:16:00,160.0,-90.0
2024-05-09 14:17:00,156.0,-87.0
2024-05-09 14:18:00,162.0,-91.0
2024-05-09 14:19:00,171.0,-101.0
2024-05-09 14:20:00,178.0,-109.0
2024-05-09 14:21:00,183.0,-113.0
2024-05-09 14:22:00,180.0,-108.0
2024-05-09 14:23:00,182.0,-107.0
2024-05-09 14:24:00,180.0,-107.0
2024-05-09 14:25:00,182.0,-109.0
2024-05-09 14:26:00,190.0,-116.0
2024-05-09 14:27:00,206.0,-131.0
2024-05-09 14:28:00,224.0,-148.0
2024-05-09 14:29:00,229.0,-148.0
2024-05-09 14:30:00,227.0,-145.0
2024-05-09 14:31:00,223.0,-143.0
2024-05-09 14:32:00,215.0,-139.0
2024-05-09 14:33:00,216.0,-144.0
2024-05-09 14:34:00,226.0,-153.0
2024-05-09 14:35:00,233.0,-155.0
2024-05-09 14:36:00,233.0,-151.0
2024-05-09 14:37:00,226.0,-144.0
2024-05-09 14:38:00,209.0,-133.0
2024-05-09 14:39:00,204.0,-135.0
2024-05-09 14:40:00,204.0,-138.0
2024-05-09 14:41:00,200.0,-131.0
2024-05-09 14:42:00,198.0,-118.0
2024-05-09 14:43:00,182.0,-101.0
2024-05-09 14:44:00,164.0,-88.0
2024-05-09 14:45:00,152.0,-81.0
2024-05-09 14:46:00,152.0,-82.0
2024-05-09 14:47:00,164.0,-88.0
2024-05-09 14:48:00,171.0,-95.0
2024-05-09 14:49:00,173.0,-102.0
2024-05-09 14:50:00,173.0,-108.0
2024-05-09 14:51:00,181.0,-117.0
2024-05-09 14:52:00,191.0,-125.0
2024-05-09 14:53:00,194.0,-127.0
2024-05-09 14:54:00,197.0,-129.0
2024-05-09 14:55:00,204.0,-138.0
2024-05-09 14:56:00,199.0,-137.0
2024-05-09 14:57:00,199.0,-135.0
2024-05-09 14:58:00,200.0,-135.0
2024-05-09 14:59:00,203.0,-141.0
2024-05-09 15:00:00,197.0,-135.0
2024-05-09 15:01:00,185.0,-124.0
2024-05-09 15:02:00,171.0,-110.0
2024-05-09 15:03:00,151.0,-90.0
2024-05-09 15:04:00,133.0,-75.0
2024-05-09 15:05:00,126.0,-72.0
2024-05-09 15:06:00,137.0,-84.0
2024-05-09 15:07:00,144.0,-91.0
2024-05-09 15:08:00,143.0,-89.0
2024-05-09 15:09:00,141.0,-84.0
2024-05-09 15:10:00,133.0,-78.0
2024-05-09 15:11:00,126.0,-73.0
2024-05-09 15:12:00,125.0,-72.0
2024-05-09 15:13:00,132.0,-77.0
2024-05-09 15:14:00,145.0,-86.0
2024-05-09 15:15:00,155.0,-94.0
2024-05-09 15:16:00,164.0,-100.0
2024-05-09 15:17:00,162.0,-99.0
2024-05-09 15:18:00,158.0,-98.0
2024-05-09 15:19:00,158.0,-98.0
2024-05-09 15:20:00,154.0,-92.0
2024-05-09 15:21:00,147.0,-84.0
2024-05-09 15:22:00,144.0,-81.0
2024-05-09 15:23:00,149.0,-88.0
2024-05-09 15:24:00,160.0,-101.0
2024-05-09 15:25:00,171.0,-111.0
2024-05-09 15:26:00,185.0,-121.0
2024-05-09 15:27:00,198.0,-133.0
2024-05-09 15:28:00,205.0,-142.0
2024-05-09 15:29:00,205.0,-144.0
2024-05-09 15:30:00,204.0,-147.0
2024-05-09 15:31:00,203.0,-149.0
2024-05-09 15:32:00,196.0,-145.0
2024-05-09 15:33:00,186.0,-132.0
2024-05-09 15:34:00,176.0,-119.0
2024-05-09 15:35:00,175.0,-117.0
2024-05-09 15:36:00,180.0,-125.0
2024-05-09 15:37:00,184.0,-131.0
2024-05-09 15:38:00,183.0,-130.0
2024-05-09 15:39:00,183.0,-128.0
2024-05-09 15:40:00,178.0,-126.0
2024-05-09 15:41:00,172.0,-119.0
2024-05-09 15:42:00,163.0,-106.0
2024-05-09 15:43:00,150.0,-93.0
2024-05-09 15:44:00,150.0,-95.0
2024-05-09 15:45:00,165.0,-111.0
2024-05-09 15:46:00,170.0,-117.0
2024-05-09 15:47:00,156.0,-104.0
2024-05-09 15:48:00,132.0,-82.0
2024-05-09 15:49:00,119.0,-69.0
2024-05-09 15:50:00,117.0,-67.0
2024-05-09 15:51:00,114.0,-66.0
2024-05-09 15:52:00,108.0,-62.0
2024-05-09 15:53:00,100.0,-56.0
2024-05-09 15:54:00,90.0,-49.0
2024-05-09 15:55:00,85.0,-46.0
2024-05-09 15:56:00,87.0,-49.0
2024-05-09 15:57:00,92.0,-54.0
2024-05-09 15:58:00,95.0,-56.0
2024-05-09 15:59:00,95.0,-56.0
2024-05-09 16:00:00,91.0,-52.0
2024-05-09 16:01:00,89.0,-48.0
2024-05-09 16:02:00,86.0,-44.0
2024-05-09 16:03:00,83.0,-40.0
2024-05-09 16:04:00,81.0,-36.0
2024-05-09 16:05:00,82.0,-35.0
2024-05-09 16:06:00,84.0,-36.0
2024-05-09 16:07:00,84.0,-36.0
2024-05-09 16:08:00,86.0,-37.0
2024-05-09 16:09:00,86.0,-37.0
2024-05-09 16:10:00,86.0,-37.0
2024-05-09 16:11:00,85.0,-37.0
2024-05-09 16:12:00,85.0,-37.0
2024-05-09 16:13:00,85.0,-37.0
2024-05-09 16:14:00,88.0,-40.0
2024-05-09 16:15:00,94.0,-45.0
2024-05-09 16:16:00,96.0,-46.0
2024-05-09 16:17:00,95.0,-44.0
2024-05-09 16:18:00,92.0,-40.0
2024-05-09 16:19:00,93.0,-40.0
2024-05-09 16:20:00,93.0,-40.0
2024-05-09 16:21:00,93.0,-41.0
2024-05-09 16:22:00,92.0,-40.0
2024-05-09 16:23:00,93.0,-40.0
2024-05-09 16:24:00,92.0,-39.0
2024-05-09 16:25:00,92.0,-39.0
2024-05-09 16:26:00,89.0,-38.0
2024-05-09 16:27:00,87.0,-38.0
2024-05-09 16:28:00,86.0,-38.0
2024-05-09 16:29:00,84.0,-36.0
2024-05-09 16:30:00,84.0,-36.0
2024-05-09 16:31:00,83.0,-35.0
2024-05-09 16:32:00,82.0,-35.0
2024-05-09 16:33:00,82.0,-35.0
2024-05-09 16:34:00,83.0,-36.0
2024-05-09 16:35:00,83.0,-36.0
2024-05-09 16:36:00,83.0,-36.0
2024-05-09 16:37:00,81.0,-35.0
2024-05-09 16:38:00,82.0,-36.0
2024-05-09 16:39:00,82.0,-36.0
2024-05-09 16:40:00,82.0,-36.0
2024-05-09 16:41:00,83.0,-36.0
2024-05-09 16:42:00,82.0,-35.0
2024-05-09 16:43:00,83.0,-35.0
2024-05-09 16:44:00,84.0,-36.0
2024-05-09 16:45:00,83.0,-36.0
2024-05-09 16:46:00,82.0,-35.0
2024-05-09 16:47:00,82.0,-35.0
2024-05-09 16:48:00,82.0,-34.0
2024-05-09 16:49:00,81.0,-34.0
2024-05-09 16:50:00,80.0,-34.0
2024-05-09 16:51:00,79.0,-34.0
2024-05-09 16:52:00,79.0,-34.0
2024-05-09 16:53:00,77.0,-33.0
2024-05-09 16:54:00,77.0,-33.0
2024-05-09 16:55:00,77.0,-33.0
2024-05-09 16:56:00,77.0,-33.0
2024-05-09 16:57:00,77.0,-33.0
2024-05-09 16:58:00,76.0,-33.0
2024-05-09 16:59:00,77.0,-34.0
2024-05-09 17:00:00,78.0,-35.0
2024-05-09 17:01:00,78.0,-35.0
2024-05-09 17:02:00,77.0,-34.0
2024-05-09 17:03:00,76.0,-33.0
2024-05-09 17:04:00,78.0,-34.0
2024-05-09 17:05:00,78.0,-34.0
2024-05-09 17:06:00,79.0,-35.0
2024-05-09 17:07:00,78.0,-35.0
2024-05-09 17:08:00,79.0,-35.0
2024-05-09 17:09:00,79.0,-35.0
2024-05-09 17:10:00,78.0,-34.0
2024-05-09 17:11:00,80.0,-35.0
2024-05-09 17:12:00,81.0,-36.0
2024-05-09 17:13:00,84.0,-38.0
2024-05-09 17:14:00,85.0,-39.0
2024-05-09 17:15:00,83.0,-38.0
2024-05-09 17:16:00,84.0,-38.0
2024-05-09 17:17:00,84.0,-38.0
2024-05-09 17:18:00,84.0,-39.0
2024-05-09 17:19:00,86.0,-41.0
2024-05-09 17:20:00,84.0,-40.0
2024-05-09 17:21:00,83.0,-39.0
2024-05-09 17:22:00,82.0,-38.0
2024-05-09 17:23:00,83.0,-39.0
2024-05-09 17:24:00,85.0,-40.0
2024-05-09 17:25:00,87.0,-41.0
2024-05-09 17:26:00,88.0,-41.0
2024-05-09 17:27:00,87.0,-40.0
2024-05-09 17:28:00,85.0,-39.0
2024-05-09 17:29:00,85.0,-39.0
2024-05-09 17:30:00,86.0,-40.0
2024-05-09 17:31:00,86.0,-40.0
2024-05-09 17:32:00,86.0,-40.0
2024-05-09 17:33:00,88.0,-41.0
2024-05-09 17:34:00,88.0,-41.0
2024-05-09 17:35:00,89.0,-42.0
2024-05-09 17:36:00,89.0,-42.0
2024-05-09 17:37:00,88.0,-41.0
2024-05-09 17:38:00,87.0,-40.0
2024-05-09 17:39:00,87.0,-41.0
2024-05-09 17:40:00,88.0,-42.0
2024-05-09 17:41:00,90.0,-44.0
2024-05-09 17:42:00,89.0,-44.0
2024-05-09 17:43:00,89.0,-44.0
2024-05-09 17:44:00,88.0,-43.0
2024-05-09 17:45:00,88.0,-43.0
2024-05-09 17:46:00,88.0,-44.0
2024-05-09 17:47:00,88.0,-45.0
2024-05-09 17:48:00,87.0,-44.0
2024-05-09 17:49:00,88.0,-44.0
2024-05-09 17:50:00,88.0,-44.0
2024-05-09 17:51:00,88.0,-43.0
2024-05-09 17:52:00,86.0,-41.0
2024-05-09 17:53:00,85.0,-40.0
2024-05-09 17:54:00,85.0,-40.0
2024-05-09 17:55:00,85.0,-41.0
2024-05-09 17:56:00,84.0,-40.0
2024-05-09 17:57:00,83.0,-40.0
2024-05-09 17:58:00,82.0,-39.0
2024-05-09 17:59:00,82.0,-39.0
2024-05-09 18:00:00,81.0,-39.0
2024-05-09 18:01:00,80.0,-38.0
2024-05-09 18:02:00,80.0,-39.0
2024-05-09 18:03:00,79.0,-38.0
2024-05-09 18:04:00,80.0,-39.0
2024-05-09 18:05:00,80.0,-38.0
2024-05-09 18:06:00,81.0,-39.0
2024-05-09 18:07:00,79.0,-38.0
2024-05-09 18:08:00,80.0,-39.0
2024-05-09 18:09:00,82.0,-41.0
2024-05-09 18:10:00,85.0,-42.0
2024-05-09 18:11:00,83.0,-40.0
2024-05-09 18:12:00,81.0,-38.0
2024-05-09 18:13:00,79.0,-36.0
2024-05-09 18:14:00,77.0,-35.0
2024-05-09 18:15:00,77.0,-36.0
2024-05-09 18:16:00,77.0,-37.0
2024-05-09 18:17:00,75.0,-36.0
2024-05-09 18:18:00,74.0,-35.0
2024-05-09 18:19:00,75.0,-36.0
2024-05-09 18:20:00,72.0,-35.0
2024-05-09 18:21:00,61.0,-27.0
2024-05-09 18:22:00,64.0,-32.0
2024-05-09 18:23:00,79.0,-35.0
2024-05-09 18:24:00,78.0,-39.0
2024-05-09 18:25:00,88.0,-41.0
2024-05-09 18:26:00,96.0,-44.0
2024-05-09 18:27:00,91.0,-37.0
2024-05-09 18:28:00,88.0,-32.0
2024-05-09 18:29:00,90.0,-32.0
2024-05-09 18:30:00,92.0,-34.0
2024-05-09 18:31:00,97.0,-38.0
2024-05-09 18:32:00,101.0,-40.0
2024-05-09 18:33:00,105.0,-41.0
2024-05-09 18:34:00,106.0,-40.0
2024-05-09 18:35:00,104.0,-39.0
2024-05-09 18:36:00,108.0,-41.0
2024-05-09 18:37:00,111.0,-43.0
2024-05-09 18:38:00,113.0,-44.0
2024-05-09 18:39:00,112.0,-43.0
2024-05-09 18:40:00,111.0,-43.0
2024-05-09 18:41:00,111.0,-42.0
2024-05-09 18:42:00,110.0,-42.0
2024-05-09 18:43:00,109.0,-41.0
2024-05-09 18:44:00,106.0,-38.0
2024-05-09 18:45:00,110.0,-42.0
2024-05-09 18:46:00,106.0,-39.0
2024-05-09 18:47:00,106.0,-39.0
2024-05-09 18:48:00,112.0,-45.0
2024-05-09 18:49:00,111.0,-44.0
2024-05-09 18:50:00,120.0,-52.0
2024-05-09 18:51:00,125.0,-58.0
2024-05-09 18:52:00,120.0,-55.0
2024-05-09 18:53:00,114.0,-50.0
2024-05-09 18:54:00,110.0,-45.0
2024-05-09 18:55:00,121.0,-55.0
2024-05-09 18:56:00,130.0,-63.0
2024-05-09 18:57:00,123.0,-56.0
2024-05-09 18:58:00,117.0,-51.0
2024-05-09 18:59:00,122.0,-56.0
2024-05-09 19:00:00,122.0,-57.0
2024-05-09 19:01:00,120.0,-56.0
2024-05-09 19:02:00,122.0,-58.0
2024-05-09 19:03:00,127.0,-63.0
2024-05-09 19:04:00,127.0,-64.0
2024-05-09 19:05:00,123.0,-62.0
2024-05-09 19:06:00,116.0,-59.0
2024-05-09 19:07:00,112.0,-57.0
2024-05-09 19:08:00,104.0,-51.0
2024-05-09 19:09:00,96.0,-44.0
2024-05-09 19:10:00,96.0,-46.0
2024-05-09 19:11:00,94.0,-45.0
2024-05-09 19:12:00,93.0,-44.0
2024-05-09 19:13:00,92.0,-42.0
2024-05-09 19:14:00,95.0,-43.0
2024-05-09 19:15:00,109.0,-56.0
2024-05-09 19:16:00,105.0,-53.0
2024-05-09 19:17:00,93.0,-41.0
2024-05-09 19:18:00,102.0,-47.0
2024-05-09 19:19:00,115.0,-57.0
2024-05-09 19:20:00,123.0,-62.0
2024-05-09 19:21:00,127.0,-62.0
2024-05-09 19:22:00,139.0,-70.0
2024-05-09 19:23:00,153.0,-79.0
2024-05-09 19:24:00,150.0,-76.0
2024-05-09 19:25:00,150.0,-74.0
2024-05-09 19:26:00,176.0,-99.0
2024-05-09 19:27:00,160.0,-80.0
2024-05-09 19:28:00,155.0,-69.0
2024-05-09 19:29:00,199.0,-104.0
2024-05-09 19:30:00,207.0,-109.0
2024-05-09 19:31:00,197.0,-97.0
2024-05-09 19:32:00,202.0,-106.0
2024-05-09 19:33:00,205.0,-111.0
2024-05-09 19:34:00,197.0,-106.0
2024-05-09 19:35:00,195.0,-108.0
2024-05-09 19:36:00,197.0,-114.0
2024-05-09 19:37:00,182.0,-105.0
2024-05-09 19:38:00,170.0,-99.0
2024-05-09 19:39:00,164.0,-97.0
2024-05-09 19:40:00,151.0,-85.0
2024-05-09 19:41:00,149.0,-86.0
2024-05-09 19:42:00,128.0,-69.0
2024-05-09 19:43:00,107.0,-50.0
2024-05-09 19:44:00,101.0,-46.0
2024-05-09 19:45:00,84.0,-33.0
2024-05-09 19:46:00,85.0,-37.0
2024-05-09 19:47:00,91.0,-41.0
2024-05-09 19:48:00,97.0,-46.0
2024-05-09 19:49:00,99.0,-45.0
2024-05-09 19:50:00,103.0,-48.0
2024-05-09 19:51:00,106.0,-50.0
2024-05-09 19:52:00,105.0,-49.0
2024-05-09 19:53:00,114.0,-56.0
2024-05-09 19:54:00,119.0,-63.0
2024-05-09 19:55:00,133.0,-81.0
2024-05-09 19:56:00,180.0,-130.0
2024-05-09 19:57:00,232.0,-179.0
2024-05-09 19:58:00,249.0,-191.0
2024-05-09 19:59:00,255.0,-201.0
2024-05-09 20:00:00,249.0,-198.0
2024-05-09 20:01:00,244.0,-191.0
2024-05-09 20:02:00,220.0,-166.0
2024-05-09 20:03:00,181.0,-127.0
2024-05-09 20:04:00,177.0,-124.0
2024-05-09 20:05:00,187.0,-130.0
2024-05-09 20:06:00,200.0,-139.0
2024-05-09 20:07:00,219.0,-154.0
2024-05-09 20:08:00,245.0,-174.0
2024-05-09 20:09:00,268.0,-194.0
2024-05-09 20:10:00,279.0,-205.0
2024-05-09 20:11:00,285.0,-211.0
2024-05-09 20:12:00,287.0,-214.0
2024-05-09 20:13:00,294.0,-221.0
2024-05-09 20:14:00,282.0,-209.0
2024-05-09 20:15:00,270.0,-197.0
2024-05-09 20:16:00,280.0,-207.0
2024-05-09 20:17:00,289.0,-217.0
2024-05-09 20:18:00,278.0,-209.0
2024-05-09 20:19:00,277.0,-210.0
2024-05-09 20:20:00,269.0,-203.0
2024-05-09 20:21:00,264.0,-198.0
2024-05-09 20:22:00,264.0,-198.0
2024-05-09 20:23:00,243.0,-177.0
2024-05-09 20:24:00,225.0,-159.0
2024-05-09 20:25:00,210.0,-144.0
2024-05-09 20:26:00,208.0,-140.0
2024-05-09 20:27:00,205.0,-139.0
2024-05-09 20:28:00,197.0,-133.0
2024-05-09 20:29:00,189.0,-126.0
2024-05-09 20:30:00,188.0,-125.0
2024-05-09 20:31:00,184.0,-122.0
2024-05-09 20:32:00,183.0,-123.0
2024-05-09 20:33:00,189.0,-132.0
2024-05-09 20:34:00,191.0,-137.0
2024-05-09 20:35:00,189.0,-135.0
2024-05-09 20:36:00,193.0,-137.0
2024-05-09 20:37:00,191.0,-136.0
2024-05-09 20:38:00,188.0,-135.0
2024-05-09 20:39:00,185.0,-133.0
2024-05-09 20:40:00,182.0,-131.0
2024-05-09 20:41:00,176.0,-125.0
2024-05-09 20:42:00,175.0,-125.0
2024-05-09 20:43:00,173.0,-122.0
2024-05-09 20:44:00,171.0,-120.0
2024-05-09 20:45:00,166.0,-115.0
2024-05-09 20:46:00,163.0,-112.0
2024-05-09 20:47:00,157.0,-106.0
2024-05-09 20:48:00,151.0,-101.0
2024-05-09 20:49:00,144.0,-96.0
2024-05-09 20:50:00,140.0,-92.0
2024-05-09 20:51:00,135.0,-89.0
2024-05-09 20:52:00,131.0,-84.0
2024-05-09 20:53:00,129.0,-82.0
2024-05-09 20:54:00,125.0,-76.0
2024-05-09 20:55:00,123.0,-76.0
2024-05-09 20:56:00,118.0,-73.0
2024-05-09 20:57:00,111.0,-66.0
2024-05-09 20:58:00,104.0,-59.0
2024-05-09 20:59:00,100.0,-55.0
2024-05-09 21:00:00,98.0,-53.0
2024-05-09 21:01:00,96.0,-51.0
2024-05-09 21:02:00,95.0,-49.0
2024-05-09 21:03:00,95.0,-48.0
2024-05-09 21:04:00,97.0,-50.0
2024-05-09 21:05:00,99.0,-53.0
2024-05-09 21:06:00,101.0,-56.0
2024-05-09 21:07:00,102.0,-61.0
2024-05-09 21:08:00,100.0,-66.0
2024-05-09 21:09:00,101.0,-72.0
2024-05-09 21:10:00,110.0,-79.0
2024-05-09 21:11:00,116.0,-79.0
2024-05-09 21:12:00,114.0,-71.0
2024-05-09 21:13:00,102.0,-57.0
2024-05-09 21:14:00,89.0,-45.0
2024-05-09 21:15:00,81.0,-38.0
2024-05-09 21:16:00,73.0,-33.0
2024-05-09 21:17:00,73.0,-34.0
2024-05-09 21:18:00,71.0,-33.0
2024-05-09 21:19:00,73.0,-35.0
2024-05-09 21:20:00,75.0,-35.0
2024-05-09 21:21:00,88.0,-46.0
2024-05-09 21:22:00,104.0,-59.0
2024-05-09 21:23:00,113.0,-65.0
2024-05-09 21:24:00,113.0,-59.0
2024-05-09 21:25:00,118.0,-60.0
2024-05-09 21:26:00,121.0,-62.0
2024-05-09 21:27:00,118.0,-59.0
2024-05-09 21:28:00,122.0,-63.0
2024-05-09 21:29:00,121.0,-61.0
2024-05-09 21:30:00,116.0,-56.0
2024-05-09 21:31:00,118.0,-59.0
2024-05-09 21:32:00,114.0,-55.0
2024-05-09 21:33:00,105.0,-47.0
2024-05-09 21:34:00,101.0,-44.0
2024-05-09 21:35:00,97.0,-42.0
2024-05-09 21:36:00,97.0,-42.0
2024-05-09 21:37:00,94.0,-40.0
2024-05-09 21:38:00,89.0,-36.0
2024-05-09 21:39:00,87.0,-34.0
2024-05-09 21:40:00,87.0,-33.0
2024-05-09 21:41:00,90.0,-35.0
2024-05-09 21:42:00,89.0,-35.0
2024-05-09 21:43:00,91.0,-39.0
2024-05-09 21:44:00,91.0,-40.0
2024-05-09 21:45:00,91.0,-41.0
2024-05-09 21:46:00,90.0,-41.0
2024-05-09 21:47:00,95.0,-46.0
2024-05-09 21:48:00,97.0,-47.0
2024-05-09 21:49:00,95.0,-43.0
2024-05-09 21:50:00,95.0,-42.0
2024-05-09 21:51:00,93.0,-40.0
2024-05-09 21:52:00,89.0,-37.0
2024-05-09 21:53:00,89.0,-37.0
2024-05-09 21:54:00,90.0,-37.0
2024-05-09 21:55:00,90.0,-37.0
2024-05-09 21:56:00,87.0,-35.0
2024-05-09 21:57:00,88.0,-35.0
2024-05-09 21:58:00,88.0,-34.0
2024-05-09 21:59:00,87.0,-34.0
2024-05-09 22:00:00,85.0,-32.0
2024-05-09 22:01:00,91.0,-38.0
2024-05-09 22:02:00,92.0,-39.0
2024-05-09 22:03:00,82.0,-31.0
2024-05-09 22:04:00,83.0,-33.0
2024-05-09 22:05:00,80.0,-32.0
2024-05-09 22:06:00,78.0,-30.0
2024-05-09 22:07:00,78.0,-30.0
2024-05-09 22:08:00,77.0,-27.0
2024-05-09 22:09:00,67.0,-17.0
2024-05-09 22:10:00,59.0,-11.0
2024-05-09 22:11:00,60.0,-13.0
2024-05-09 22:12:00,60.0,-13.0
2024-05-09 22:13:00,63.0,-14.0
2024-05-09 22:14:00,65.0,-14.0
2024-05-09 22:15:00,63.0,-13.0
2024-05-09 22:16:00,63.0,-14.0
2024-05-09 22:17:00,63.0,-15.0
2024-05-09 22:18:00,63.0,-15.0
2024-05-09 22:19:00,61.0,-14.0
2024-05-09 22:20:00,60.0,-13.0
2024-05-09 22:21:00,57.0,-12.0
2024-05-09 22:22:00,55.0,-12.0
2024-05-09 22:23:00,53.0,-11.0
2024-05-09 22:24:00,53.0,-12.0
2024-05-09 22:25:00,53.0,-13.0
2024-05-09 22:26:00,52.0,-13.0
2024-05-09 22:27:00,51.0,-13.0
2024-05-09 22:28:00,54.0,-16.0
2024-05-09 22:29:00,56.0,-18.0
2024-05-09 22:30:00,58.0,-20.0
2024-05-09 22:31:00,59.0,-23.0
2024-05-09 22:32:00,58.0,-24.0
2024-05-09 22:33:00,60.0,-26.0
2024-05-09 22:34:00,65.0,-30.0
2024-05-09 22:35:00,68.0,-32.0
2024-05-09 22:36:00,68.0,-33.0
2024-05-09 22:37:00,67.0,-33.0
2024-05-09 22:38:00,69.0,-35.0
2024-05-09 22:39:00,71.0,-34.0
2024-05-09 22:40:00,71.0,-32.0
2024-05-09 22:41:00,66.0,-28.0
2024-05-09 22:42:00,61.0,-24.0
2024-05-09 22:43:00,56.0,-21.0
2024-05-09 22:44:00,54.0,-21.0
2024-05-09 22:45:00,58.0,-23.0
2024-05-09 22:46:00,64.0,-26.0
2024-05-09 22:47:00,67.0,-27.0
2024-05-09 22:48:00,70.0,-28.0
2024-05-09 22:49:00,75.0,-31.0
2024-05-09 22:50:00,79.0,-33.0
2024-05-09 22:51:00,79.0,-31.0
2024-05-09 22:52:00,79.0,-30.0
2024-05-09 22:53:00,82.0,-32.0
2024-05-09 22:54:00,82.0,-33.0
2024-05-09 22:55:00,82.0,-34.0
2024-05-09 22:56:00,79.0,-33.0
2024-05-09 22:57:00,75.0,-30.0
2024-05-09 22:58:00,71.0,-28.0
2024-05-09 22:59:00,71.0,-27.0
2024-05-09 23:00:00,72.0,-27.0
2024-05-09 23:01:00,73.0,-28.0
2024-05-09 23:02:00,75.0,-28.0
2024-05-09 23:03:00,76.0,-28.0
2024-05-09 23:04:00,76.0,-27.0
2024-05-09 23:05:00,77.0,-27.0
2024-05-09 23:06:00,77.0,-26.0
2024-05-09 23:07:00,77.0,-25.0
2024-05-09 23:08:00,79.0,-25.0
2024-05-09 23:09:00,78.0,-24.0
2024-05-09 23:10:00,79.0,-24.0
2024-05-09 23:11:00,82.0,-27.0
2024-05-09 23:12:00,80.0,-27.0
2024-05-09 23:13:00,77.0,-26.0
2024-05-09 23:14:00,74.0,-25.0
2024-05-09 23:15:00,76.0,-26.0
2024-05-09 23:16:00,76.0,-26.0
2024-05-09 23:17:00,74.0,-24.0
2024-05-09 23:18:00,75.0,-26.0
2024-05-09 23:19:00,83.0,-34.0
2024-05-09 23:20:00,89.0,-41.0
2024-05-09 23:21:00,94.0,-45.0
2024-05-09 23:22:00,103.0,-50.0
2024-05-09 23:23:00,108.0,-51.0
2024-05-09 23:24:00,107.0,-48.0
2024-05-09 23:25:00,107.0,-46.0
2024-05-09 23:26:00,106.0,-45.0
2024-05-09 23:27:00,109.0,-48.0
2024-05-09 23:28:00,114.0,-51.0
2024-05-09 23:29:00,116.0,-49.0
2024-05-09 23:30:00,112.0,-42.0
2024-05-09 23:31:00,108.0,-38.0
2024-05-09 23:32:00,110.0,-40.0
2024-05-09 23:33:00,116.0,-42.0
2024-05-09 23:34:00,121.0,-42.0
2024-05-09 23:35:00,128.0,-43.0
2024-05-09 23:36:00,129.0,-43.0
2024-05-09 23:37:00,125.0,-42.0
2024-05-09 23:38:00,119.0,-39.0
2024-05-09 23:39:00,114.0,-35.0
2024-05-09 23:40:00,111.0,-32.0
2024-05-09 23:41:00,107.0,-29.0
2024-05-09 23:42:00,104.0,-27.0
2024-05-09 23:43:00,102.0,-26.0
2024-05-09 23:44:00,100.0,-26.0
2024-05-09 23:45:00,98.0,-26.0
2024-05-09 23:46:00,99.0,-26.0
2024-05-09 23:47:00,105.0,-29.0
2024-05-09 23:48:00,104.0,-27.0
2024-05-09 23:49:00,109.0,-28.0
2024-05-09 23:50:00,111.0,-28.0
2024-05-09 23:51:00,114.0,-28.0
2024-05-09 23:52:00,116.0,-29.0
2024-05-09 23:53:00,121.0,-34.0
2024-05-09 23:54:00,123.0,-37.0
2024-05-09 23:55:00,123.0,-39.0
2024-05-09 23:56:00,119.0,-35.0
2024-05-09 23:57:00,117.0,-35.0
2024-05-09 23:58:00,115.0,-34.0
2024-05-09 23:59:00,114.0,-35.0
2024-05-10 00:00:00,118.0,-29.0
2024-05-10 00:01:00,117.0,-28.0
2024-05-10 00:02:00,118.0,-28.0
2024-05-10 00:03:00,117.0,-26.0
2024-05-10 00:04:00,116.0,-23.0
2024-05-10 00:05:00,118.0,-24.0
2024-05-10 00:06:00,121.0,-24.0
2024-05-10 00:07:00,125.0,-25.0
2024-05-10 00:08:00,125.0,-23.0
2024-05-10 00:09:00,125.0,-23.0
2024-05-10 00:10:00,128.0,-25.0
2024-05-10 00:11:00,131.0,-26.0
2024-05-10 00:12:00,130.0,-25.0
2024-05-10 00:13:00,131.0,-25.0
2024-05-10 00:14:00,133.0,-26.0
2024-05-10 00:15:00,136.0,-30.0
2024-05-10 00:16:00,140.0,-37.0
2024-05-10 00:17:00,154.0,-54.0
2024-05-10 00:18:00,163.0,-64.0
2024-05-10 00:19:00,166.0,-65.0
2024-05-10 00:20:00,169.0,-70.0
2024-05-10 00:21:00,172.0,-73.0
2024-05-10 00:22:00,166.0,-67.0
2024-05-10 00:23:00,163.0,-64.0
2024-05-10 00:24:00,156.0,-57.0
2024-05-10 00:25:00,150.0,-53.0
2024-05-10 00:26:00,146.0,-51.0
2024-05-10 00:27:00,135.0,-44.0
2024-05-10 00:28:00,132.0,-46.0
2024-05-10 00:29:00,142.0,-57.0
2024-05-10 00:30:00,145.0,-61.0
2024-05-10 00:31:00,140.0,-56.0
2024-05-10 00:32:00,140.0,-55.0
2024-05-10 00:33:00,147.0,-60.0
2024-05-10 00:34:00,154.0,-66.0
2024-05-10 00:35:00,154.0,-66.0
2024-05-10 00:36:00,150.0,-66.0
2024-05-10 00:37:00,146.0,-67.0
2024-05-10 00:38:00,141.0,-67.0
2024-05-10 00:39:00,137.0,-63.0
2024-05-10 00:40:00,177.0,-64.0
2024-05-10 00:41:00,170.0,-66.0
2024-05-10 00:42:00,139.0,-67.0
2024-05-10 00:43:00,165.0,-78.0
2024-05-10 00:44:00,202.0,-93.0
2024-05-10 00:45:00,210.0,-91.0
2024-05-10 00:46:00,212.0,-93.0
2024-05-10 00:47:00,207.0,-96.0
2024-05-10 00:48:00,205.0,-97.0
2024-05-10 00:49:00,212.0,-99.0
2024-05-10 00:50:00,221.0,-96.0
2024-05-10 00:51:00,236.0,-98.0
2024-05-10 00:52:00,247.0,-101.0
2024-05-10 00:53:00,253.0,-105.0
2024-05-10 00:54:00,256.0,-112.0
2024-05-10 00:55:00,266.0,-126.0
2024-05-10 00:56:00,275.0,-136.0
2024-05-10 00:57:00,276.0,-135.0
2024-05-10 00:58:00,276.0,-131.0
2024-05-10 00:59:00,278.0,-129.0
2024-05-10 01:00:00,290.0,-135.0
2024-05-10 01:01:00,295.0,-137.0
2024-05-10 01:02:00,301.0,-142.0
2024-05-10 01:03:00,305.0,-147.0
2024-05-10 01:04:00,314.0,-155.0
2024-05-10 01:05:00,323.0,-162.0
2024-05-10 01:06:00,328.0,-167.0
2024-05-10 01:07:00,330.0,-166.0
2024-05-10 01:08:00,336.0,-168.0
2024-05-10 01:09:00,341.0,-169.0
2024-05-10 01:10:00,356.0,-182.0
2024-05-10 01:11:00,356.0,-181.0
2024-05-10 01:12:00,351.0,-177.0
2024-05-10 01:13:00,357.0,-183.0
2024-05-10 01:14:00,360.0,-182.0
2024-05-10 01:15:00,370.0,-185.0
2024-05-10 01:16:00,389.0,-194.0
2024-05-10 01:17:00,404.0,-200.0
2024-05-10 01:18:00,412.0,-201.0
2024-05-10 01:19:00,425.0,-208.0
2024-05-10 01:20:00,430.0,-203.0
2024-05-10 01:21:00,443.0,-216.0
2024-05-10 01:22:00,443.0,-218.0
2024-05-10 01:23:00,454.0,-227.0
2024-05-10 01:24:00,465.0,-239.0
2024-05-10 01:25:00,462.0,-248.0
2024-05-10 01:26:00,467.0,-253.0
2024-05-10 01:27:00,488.0,-271.0
2024-05-10 01:28:00,488.0,-276.0
2024-05-10 01:29:00,495.0,-280.0
2024-05-10 01:30:00,505.0,-286.0
2024-05-10 01:31:00,518.0,-296.0
2024-05-10 01:32:00,531.0,-307.0
2024-05-10 01:33:00,537.0,-311.0
2024-05-10 01:34:00,553.0,-326.0
2024-05-10 01:35:00,567.0,-332.0
2024-05-10 01:36:00,601.0,-359.0
2024-05-10 01:37:00,619.0,-375.0
2024-05-10 01:38:00,619.0,-379.0
2024-05-10 01:39:00,641.0,-402.0
2024-05-10 01:40:00,642.0,-404.0
2024-05-10 01:41:00,656.0,-419.0
2024-05-10 01:42:00,649.0,-402.0
2024-05-10 01:43:00,632.0,-391.0
2024-05-10 01:44:00,627.0,-389.0
2024-05-10 01:45:00,640.0,-395.0
2024-05-10 01:46:00,638.0,-391.0
2024-05-10 01:47:00,622.0,-377.0
2024-05-10 01:48:00,611.0,-368.0
2024-05-10 01:49:00,592.0,-349.0
2024-05-10 01:50:00,585.0,-340.0
2024-05-10 01:51:00,553.0,-311.0
2024-05-10 01:52:00,542.0,-301.0
2024-05-10 01:53:00,535.0,-292.0
2024-05-10 01:54:00,522.0,-281.0
2024-05-10 01:55:00,509.0,-268.0
2024-05-10 01:56:00,497.0,-260.0
2024-05-10 01:57:00,482.0,-243.0
2024-05-10 01:58:00,468.0,-223.0
2024-05-10 01:59:00,451.0,-205.0
2024-05-10 02:00:00,436.0,-197.0
2024-05-10 02:01:00,416.0,-190.0
2024-05-10 02:02:00,419.0,-201.0
2024-05-10 02:03:00,425.0,-205.0
2024-05-10 02:04:00,412.0,-190.0
2024-05-10 02:05:00,389.0,-173.0
2024-05-10 02:06:00,368.0,-163.0
2024-05-10 02:07:00,360.0,-164.0
2024-05-10 02:08:00,340.0,-154.0
2024-05-10 02:09:00,340.0,-145.0
2024-05-10 02:10:00,327.0,-145.0
2024-05-10 02:11:00,310.0,-145.0
2024-05-10 02:12:00,301.0,-138.0
2024-05-10 02:13:00,295.0,-132.0
2024-05-10 02:14:00,282.0,-120.0
2024-05-10 02:15:00,270.0,-105.0
2024-05-10 02:16:00,269.0,-98.0
2024-05-10 02:17:00,276.0,-99.0
2024-05-10 02:18:00,278.0,-102.0
2024-05-10 02:19:00,284.0,-115.0
2024-05-10 02:20:00,275.0,-118.0
2024-05-10 02:21:00,255.0,-113.0
2024-05-10 02:22:00,229.0,-93.0
2024-05-10 02:23:00,202.0,-65.0
2024-05-10 02:24:00,208.0,-60.0
2024-05-10 02:25:00,219.0,-73.0
2024-05-10 02:26:00,208.0,-73.0
2024-05-10 02:27:00,174.0,-49.0
2024-05-10 02:28:00,151.0,-33.0
2024-05-10 02:29:00,145.0,-31.0
2024-05-10 02:30:00,148.0,-33.0
2024-05-10 02:31:00,140.0,-36.0
2024-05-10 02:32:00,122.0,-30.0
2024-05-10 02:33:00,132.0,-25.0
2024-05-10 02:34:00,140.0,-26.0
2024-05-10 02:35:00,140.0,-32.0
2024-05-10 02:36:00,143.0,-33.0
2024-05-10 02:37:00,129.0,-19.0
2024-05-10 02:38:00,116.0,-9.0
2024-05-10 02:39:00,102.0,-6.0
2024-05-10 02:40:00,94.0,-2.0
2024-05-10 02:41:00,96.0,-3.0
2024-05-10 02:42:00,92.0,-2.0
2024-05-10 02:43:00,97.0,-7.0
2024-05-10 02:44:00,86.0,-4.0
2024-05-10 02:45:00,82.0,0.0
2024-05-10 02:46:00,88.0,-5.0
2024-05-10 02:47:00,98.0,-9.0
2024-05-10 02:48:00,100.0,-6.0
2024-05-10 02:49:00,99.0,-4.0
2024-05-10 02:50:00,93.0,-4.0
2024-05-10 02:51:00,83.0,-1.0
2024-05-10 02:52:00,81.0,0.0
2024-05-10 02:53:00,78.0,0.0
2024-05-10 02:54:00,77.0,-1.0
2024-05-10 02:55:00,72.0,0.0
2024-05-10 02:56:00,71.0,1.0
2024-05-10 02:57:00,73.0,0.0
2024-05-10 02:58:00,70.0,-1.0
2024-05-10 02:59:00,66.0,0.0
2024-05-10 03:00:00,65.0,0.0
2024-05-10 03:01:00,71.0,-4.0
2024-05-10 03:02:00,71.0,-4.0
2024-05-10 03:03:00,62.0,0.0
2024-05-10 03:04:00,60.0,0.0
2024-05-10 03:05:00,57.0,0.0
2024-05-10 03:06:00,54.0,0.0
2024-05-10 03:07:00,56.0,0.0
2024-05-10 03:08:00,51.0,-2.0
2024-05-10 03:09:00,57.0,-11.0
2024-05-10 03:10:00,70.0,-2.0
2024-05-10 03:11:00,81.0,-19.0
2024-05-10 03:12:00,97.0,-17.0
2024-05-10 03:13:00,82.0,-3.0
2024-05-10 03:14:00,72.0,2.0
2024-05-10 03:15:00,75.0,15.0
2024-05-10 03:16:00,112.0,-1.0
2024-05-10 03:17:00,61.0,1.0
2024-05-10 03:18:00,48.0,11.0
2024-05-10 03:19:00,53.0,5.0
2024-05-10 03:20:00,57.0,0.0
2024-05-10 03:21:00,94.0,0.0
2024-05-10 03:22:00,122.0,-2.0
2024-05-10 03:23:00,193.0,-29.0
2024-05-10 03:24:00,272.0,-82.0
2024-05-10 03:25:00,288.0,-100.0
2024-05-10 03:26:00,316.0,-115.0
2024-05-10 03:27:00,197.0,-66.0
2024-05-10 03:28:00,120.0,-13.0
2024-05-10 03:29:00,118.0,-18.0
2024-05-10 03:30:00,157.0,-8.0
2024-05-10 03:31:00,281.0,-70.0
2024-05-10 03:32:00,362.0,-118.0
2024-05-10 03:33:00,268.0,-24.0
2024-05-10 03:34:00,241.0,-19.0
2024-05-10 03:35:00,258.0,-25.0
2024-05-10 03:36:00,279.0,-31.0
2024-05-10 03:37:00,282.0,-41.0
2024-05-10 03:38:00,248.0,-16.0
2024-05-10 03:39:00,236.0,-10.0
2024-05-10 03:40:00,229.0,-11.0
2024-05-10 03:41:00,228.0,-17.0
2024-05-10 03:42:00,237.0,-25.0
2024-05-10 03:43:00,246.0,-30.0
2024-05-10 03:44:00,263.0,-32.0
2024-05-10 03:45:00,281.0,-32.0
2024-05-10 03:46:00,284.0,-33.0
2024-05-10 03:47:00,285.0,-37.0
2024-05-10 03:48:00,293.0,-41.0
2024-05-10 03:49:00,305.0,-40.0
2024-05-10 03:50:00,327.0,-40.0
2024-05-10 03:51:00,340.0,-43.0
2024-05-10 03:52:00,357.0,-49.0
2024-05-10 03:53:00,378.0,-55.0
2024-05-10 03:54:00,374.0,-56.0
2024-05-10 03:55:00,382.0,-58.0
2024-05-10 03:56:00,396.0,-65.0
2024-05-10 03:57:00,399.0,-71.0
2024-05-10 03:58:00,415.0,-76.0
2024-05-10 03:59:00,406.0,-79.0
2024-05-10 04:00:00,413.0,-81.0
2024-05-10 04:01:00,411.0,-81.0
2024-05-10 04:02:00,409.0,-77.0
2024-05-10 04:03:00,414.0,-78.0
2024-05-10 04:04:00,430.0,-87.0
2024-05-10 04:05:00,418.0,-92.0
2024-05-10 04:06:00,411.0,-94.0
2024-05-10 04:07:00,417.0,-101.0
2024-05-10 04:08:00,442.0,-106.0
2024-05-10 04:09:00,442.0,-104.0
2024-05-10 04:10:00,445.0,-111.0
2024-05-10 04:11:00,439.0,-119.0
2024-05-10 04:12:00,456.0,-122.0
2024-05-10 04:13:00,441.0,-127.0
2024-05-10 04:14:00,439.0,-131.0
2024-05-10 04:15:00,449.0,-133.0
2024-05-10 04:16:00,456.0,-138.0
2024-05-10 04:17:00,470.0,-139.0
2024-05-10 04:18:00,447.0,-136.0
2024-05-10 04:19:00,424.0,-132.0
2024-05-10 04:20:00,388.0,-126.0
2024-05-10 04:21:00,394.0,-139.0
2024-05-10 04:22:00,393.0,-145.0
2024-05-10 04:23:00,387.0,-150.0
2024-05-10 04:24:00,377.0,-153.0
2024-05-10 04:25:00,379.0,-154.0
2024-05-10 04:26:00,367.0,-147.0
2024-05-10 04:27:00,358.0,-142.0
2024-05-10 04:28:00,367.0,-150.0
2024-05-10 04:29:00,364.0,-157.0
2024-05-10 04:30:00,360.0,-155.0
2024-05-10 04:31:00,351.0,-150.0
2024-05-10 04:32:00,360.0,-142.0
2024-05-10 04:33:00,354.0,-133.0
2024-05-10 04:34:00,343.0,-135.0
2024-05-10 04:35:00,340.0,-141.0
2024-05-10 04:36:00,330.0,-142.0
2024-05-10 04:37:00,323.0,-137.0
2024-05-10 04:38:00,314.0,-135.0
2024-05-10 04:39:00,308.0,-134.0
2024-05-10 04:40:00,290.0,-127.0
2024-05-10 04:41:00,285.0,-115.0
2024-05-10 04:42:00,296.0,-121.0
2024-05-10 04:43:00,299.0,-126.0
2024-05-10 04:44:00,299.0,-127.0
2024-05-10 04:45:00,276.0,-112.0
2024-05-10 04:46:00,266.0,-104.0
2024-05-10 04:47:00,273.0,-102.0
2024-05-10 04:48:00,272.0,-97.0
2024-05-10 04:49:00,289.0,-109.0
2024-05-10 04:50:00,329.0,-146.0
2024-05-10 04:51:00,346.0,-159.0
2024-05-10 04:52:00,318.0,-140.0
2024-05-10 04:53:00,318.0,-143.0
2024-05-10 04:54:00,309.0,-131.0
2024-05-10 04:55:00,315.0,-138.0
2024-05-10 04:56:00,305.0,-130.0
2024-05-10 04:57:00,307.0,-126.0
2024-05-10 04:58:00,309.0,-124.0
2024-05-10 04:59:00,306.0,-125.0
2024-05-10 05:00:00,307.0,-124.0
2024-05-10 05:01:00,313.0,-130.0
2024-05-10 05:02:00,334.0,-146.0
2024-05-10 05:03:00,330.0,-137.0
2024-05-10 05:04:00,302.0,-115.0
2024-05-10 05:05:00,281.0,-88.0
2024-05-10 05:06:00,288.0,-92.0
2024-05-10 05:07:00,275.0,-85.0
2024-05-10 05:08:00,277.0,-90.0
2024-05-10 05:09:00,284.0,-93.0
2024-05-10 05:10:00,278.0,-94.0
2024-05-10 05:11:00,292.0,-111.0
2024-05-10 05:12:00,278.0,-106.0
2024-05-10 05:13:00,296.0,-119.0
2024-05-10 05:14:00,312.0,-133.0
2024-05-10 05:15:00,292.0,-119.0
2024-05-10 05:16:00,275.0,-105.0
2024-05-10 05:17:00,241.0,-73.0
2024-05-10 05:18:00,231.0,-67.0
2024-05-10 05:19:00,236.0,-76.0
2024-05-10 05:20:00,243.0,-95.0
2024-05-10 05:21:00,253.0,-108.0
2024-05-10 05:22:00,250.0,-110.0
2024-05-10 05:23:00,242.0,-108.0
2024-05-10 05:24:00,237.0,-103.0
2024-05-10 05:25:00,238.0,-101.0
2024-05-10 05:26:00,247.0,-112.0
2024-05-10 05:27:00,257.0,-125.0
2024-05-10 05:28:00,250.0,-120.0
2024-05-10 05:29:00,246.0,-114.0
2024-05-10 05:30:00,233.0,-106.0
2024-05-10 05:31:00,235.0,-110.0
2024-05-10 05:32:00,242.0,-116.0
2024-05-10 05:33:00,230.0,-112.0
2024-05-10 05:34:00,209.0,-99.0
2024-05-10 05:35:00,189.0,-79.0
2024-05-10 05:36:00,169.0,-62.0
2024-05-10 05:37:00,200.0,-93.0
2024-05-10 05:38:00,174.0,-70.0
2024-05-10 05:39:00,175.0,-75.0
2024-05-10 05:40:00,155.0,-62.0
2024-05-10 05:41:00,152.0,-59.0
2024-05-10 05:42:00,176.0,-76.0
2024-05-10 05:43:00,177.0,-63.0
2024-05-10 05:44:00,166.0,-46.0
2024-05-10 05:45:00,168.0,-52.0
2024-05-10 05:46:00,160.0,-61.0
2024-05-10 05:47:00,144.0,-58.0
2024-05-10 05:48:00,158.0,-74.0
2024-05-10 05:49:00,159.0,-74.0
2024-05-10 05:50:00,167.0,-81.0
2024-05-10 05:51:00,177.0,-90.0
2024-05-10 05:52:00,159.0,-74.0
2024-05-10 05:53:00,159.0,-79.0
2024-05-10 05:54:00,159.0,-80.0
2024-05-10 05:55:00,167.0,-89.0
2024-05-10 05:56:00,165.0,-86.0
2024-05-10 05:57:00,168.0,-90.0
2024-05-10 05:58:00,168.0,-91.0
2024-05-10 05:59:00,161.0,-83.0
2024-05-10 06:00:00,166.0,-88.0
2024-05-10 06:01:00,158.0,-82.0
2024-05-10 06:02:00,144.0,-71.0
2024-05-10 06:03:00,129.0,-61.0
2024-05-10 06:04:00,128.0,-61.0
2024-05-10 06:05:00,131.0,-63.0
2024-05-10 06:06:00,128.0,-61.0
2024-05-10 06:07:00,132.0,-64.0
2024-05-10 06:08:00,136.0,-66.0
2024-05-10 06:09:00,141.0,-69.0
2024-05-10 06:10:00,144.0,-70.0
2024-05-10 06:11:00,150.0,-72.0
2024-05-10 06:12:00,154.0,-70.0
2024-05-10 06:13:00,160.0,-70.0
2024-05-10 06:14:00,164.0,-68.0
2024-05-10 06:15:00,170.0,-67.0
2024-05-10 06:16:00,171.0,-66.0
2024-05-10 06:17:00,172.0,-67.0
2024-05-10 06:18:00,161.0,-61.0
2024-05-10 06:19:00,153.0,-56.0
2024-05-10 06:20:00,147.0,-53.0
2024-05-10 06:21:00,148.0,-54.0
2024-05-10 06:22:00,144.0,-54.0
2024-05-10 06:23:00,144.0,-54.0
2024-05-10 06:24:00,142.0,-52.0
2024-05-10 06:25:00,140.0,-47.0
2024-05-10 06:26:00,136.0,-47.0
2024-05-10 06:27:00,140.0,-56.0
2024-05-10 06:28:00,138.0,-62.0
2024-05-10 06:29:00,135.0,-64.0
2024-05-10 06:30:00,140.0,-65.0
2024-05-10 06:31:00,141.0,-64.0
2024-05-10 06:32:00,144.0,-65.0
2024-05-10 06:33:00,146.0,-66.0
2024-05-10 06:34:00,148.0,-64.0
2024-05-10 06:35:00,147.0,-60.0
2024-05-10 06:36:00,146.0,-56.0
2024-05-10 06:37:00,143.0,-54.0
2024-05-10 06:38:00,143.0,-57.0
2024-05-10 06:39:00,144.0,-61.0
2024-05-10 06:40:00,141.0,-61.0
2024-05-10 06:41:00,138.0,-60.0
2024-05-10 06:42:00,134.0,-57.0
2024-05-10 06:43:00,129.0,-52.0
2024-05-10 06:44:00,128.0,-49.0
2024-05-10 06:45:00,131.0,-47.0
2024-05-10 06:46:00,131.0,-42.0
2024-05-10 06:47:00,131.0,-40.0
2024-05-10 06:48:00,129.0,-39.0
2024-05-10 06:49:00,129.0,-39.0
2024-05-10 06:50:00,139.0,-40.0
2024-05-10 06:51:00,145.0,-37.0
2024-05-10 06:52:00,153.0,-36.0
2024-05-10 06:53:00,161.0,-35.0
2024-05-10 06:54:00,166.0,-34.0
2024-05-10 06:55:00,174.0,-38.0
2024-05-10 06:56:00,179.0,-38.0
2024-05-10 06:57:00,188.0,-41.0
2024-05-10 06:58:00,196.0,-43.0
2024-05-10 06:59:00,195.0,-39.0
2024-05-10 07:00:00,190.0,-35.0
2024-05-10 07:01:00,177.0,-30.0
2024-05-10 07:02:00,178.0,-37.0
2024-05-10 07:03:00,166.0,-29.0
2024-05-10 07:04:00,157.0,-25.0
2024-05-10 07:05:00,152.0,-24.0
2024-05-10 07:06:00,148.0,-24.0
2024-05-10 07:07:00,145.0,-25.0
2024-05-10 07:08:00,141.0,-23.0
2024-05-10 07:09:00,140.0,-26.0
2024-05-10 07:10:00,140.0,-30.0
2024-05-10 07:11:00,143.0,-40.0
2024-05-10 07:12:00,141.0,-48.0
2024-05-10 07:13:00,147.0,-49.0
2024-05-10 07:14:00,148.0,-51.0
2024-05-10 07:15:00,154.0,-57.0
2024-05-10 07:16:00,171.0,-64.0
2024-05-10 07:17:00,189.0,-67.0
2024-05-10 07:18:00,196.0,-68.0
2024-05-10 07:19:00,218.0,-105.0
2024-05-10 07:20:00,244.0,-140.0
2024-05-10 07:21:00,224.0,-128.0
2024-05-10 07:22:00,215.0,-109.0
2024-05-10 07:23:00,229.0,-113.0
2024-05-10 07:24:00,252.0,-116.0
2024-05-10 07:25:00,260.0,-118.0
2024-05-10 07:26:00,267.0,-114.0
2024-05-10 07:27:00,275.0,-116.0
2024-05-10 07:28:00,273.0,-111.0
2024-05-10 07:29:00,272.0,-111.0
2024-05-10 07:30:00,270.0,-109.0
2024-05-10 07:31:00,273.0,-107.0
2024-05-10 07:32:00,269.0,-106.0
2024-05-10 07:33:00,272.0,-109.0
2024-05-10 07:34:00,273.0,-112.0
2024-05-10 07:35:00,277.0,-116.0
2024-05-10 07:36:00,278.0,-114.0
2024-05-10 07:37:00,292.0,-118.0
2024-05-10 07:38:00,293.0,-116.0
2024-05-10 07:39:00,302.0,-120.0
2024-05-10 07:40:00,309.0,-126.0
2024-05-10 07:41:00,314.0,-132.0
2024-05-10 07:42:00,319.0,-137.0
2024-05-10 07:43:00,315.0,-136.0
2024-05-10 07:44:00,313.0,-134.0
2024-05-10 07:45:00,316.0,-131.0
2024-05-10 07:46:00,324.0,-134.0
2024-05-10 07:47:00,330.0,-137.0
2024-05-10 07:48:00,323.0,-133.0
2024-05-10 07:49:00,318.0,-127.0
2024-05-10 07:50:00,324.0,-127.0
2024-05-10 07:51:00,322.0,-123.0
2024-05-10 07:52:00,320.0,-117.0
2024-05-10 07:53:00,315.0,-113.0
2024-05-10 07:54:00,309.0,-109.0
2024-05-10 07:55:00,308.0,-108.0
2024-05-10 07:56:00,303.0,-104.0
2024-05-10 07:57:00,301.0,-102.0
2024-05-10 07:58:00,303.0,-106.0
2024-05-10 07:59:00,299.0,-104.0
2024-05-10 08:00:00,319.0,-124.0
2024-05-10 08:01:00,330.0,-132.0
2024-05-10 08:02:00,331.0,-130.0
2024-05-10 08:03:00,345.0,-144.0
2024-05-10 08:04:00,344.0,-147.0
2024-05-10 08:05:00,360.0,-160.0
2024-05-10 08:06:00,369.0,-167.0
2024-05-10 08:07:00,357.0,-156.0
2024-05-10 08:08:00,352.0,-155.0
2024-05-10 08:09:00,353.0,-159.0
2024-05-10 08:10:00,344.0,-149.0
2024-05-10 08:11:00,318.0,-124.0
2024-05-10 08:12:00,327.0,-132.0
2024-05-10 08:13:00,305.0,-115.0
2024-05-10 08:14:00,258.0,-73.0
2024-05-10 08:15:00,257.0,-75.0
2024-05-10 08:16:00,262.0,-79.0
2024-05-10 08:17:00,258.0,-76.0
2024-05-10 08:18:00,286.0,-103.0
2024-05-10 08:19:00,345.0,-158.0
2024-05-10 08:20:00,383.0,-198.0
2024-05-10 08:21:00,413.0,-232.0
2024-05-10 08:22:00,414.0,-233.0
2024-05-10 08:23:00,415.0,-233.0
2024-05-10 08:24:00,406.0,-221.0
2024-05-10 08:25:00,395.0,-207.0
2024-05-10 08:26:00,365.0,-178.0
2024-05-10 08:27:00,406.0,-219.0
2024-05-10 08:28:00,424.0,-235.0
2024-05-10 08:29:00,404.0,-221.0
2024-05-10 08:30:00,374.0,-195.0
2024-05-10 08:31:00,374.0,-201.0
2024-05-10 08:32:00,374.0,-204.0
2024-05-10 08:33:00,351.0,-191.0
2024-05-10 08:34:00,340.0,-181.0
2024-05-10 08:35:00,338.0,-177.0
2024-05-10 08:36:00,337.0,-178.0
2024-05-10 08:37:00,327.0,-174.0
2024-05-10 08:38:00,309.0,-159.0
2024-05-10 08:39:00,291.0,-148.0
2024-05-10 08:40:00,269.0,-134.0
2024-05-10 08:41:00,252.0,-120.0
2024-05-10 08:42:00,231.0,-101.0
2024-05-10 08:43:00,209.0,-80.0
2024-05-10 08:44:00,192.0,-66.0
2024-05-10 08:45:00,180.0,-57.0
2024-05-10 08:46:00,178.0,-56.0
2024-05-10 08:47:00,173.0,-53.0
2024-05-10 08:48:00,168.0,-52.0
2024-05-10 08:49:00,168.0,-55.0
2024-05-10 08:50:00,168.0,-57.0
2024-05-10 08:51:00,165.0,-58.0
2024-05-10 08:52:00,164.0,-60.0
2024-05-10 08:53:00,161.0,-60.0
2024-05-10 08:54:00,157.0,-57.0
2024-05-10 08:55:00,157.0,-57.0
2024-05-10 08:56:00,157.0,-56.0
2024-05-10 08:57:00,158.0,-56.0
2024-05-10 08:58:00,159.0,-56.0
2024-05-10 08:59:00,157.0,-56.0
2024-05-10 09:00:00,154.0,-57.0
2024-05-10 09:01:00,145.0,-56.0
2024-05-10 09:02:00,139.0,-55.0
2024-05-10 09:03:00,118.0,-49.0
2024-05-10 09:04:00,116.0,-45.0
2024-05-10 09:05:00,139.0,-49.0
2024-05-10 09:06:00,146.0,-54.0
2024-05-10 09:07:00,142.0,-59.0
2024-05-10 09:08:00,144.0,-65.0
2024-05-10 09:09:00,145.0,-70.0
2024-05-10 09:10:00,147.0,-73.0
2024-05-10 09:11:00,146.0,-71.0
2024-05-10 09:12:00,137.0,-62.0
2024-05-10 09:13:00,126.0,-56.0
2024-05-10 09:14:00,115.0,-54.0
2024-05-10 09:15:00,131.0,-53.0
2024-05-10 09:16:00,127.0,-51.0
2024-05-10 09:17:00,119.0,-48.0
2024-05-10 09:18:00,111.0,-43.0
2024-05-10 09:19:00,101.0,-37.0
2024-05-10 09:20:00,93.0,-31.0
2024-05-10 09:21:00,91.0,-25.0
2024-05-10 09:22:00,92.0,-20.0
2024-05-10 09:23:00,92.0,-17.0
2024-05-10 09:24:00,90.0,-16.0
2024-05-10 09:25:00,90.0,-16.0
2024-05-10 09:26:00,90.0,-14.0
2024-05-10 09:27:00,88.0,-9.0
2024-05-10 09:28:00,86.0,-9.0
2024-05-10 09:29:00,79.0,-5.0
2024-05-10 09:30:00,79.0,-6.0
2024-05-10 09:31:00,78.0,-12.0
2024-05-10 09:32:00,74.0,-23.0
2024-05-10 09:33:00,66.0,-28.0
2024-05-10 09:34:00,66.0,-29.0
2024-05-10 09:35:00,64.0,-27.0
2024-05-10 09:36:00,60.0,-23.0
2024-05-10 09:37:00,57.0,-21.0
2024-05-10 09:38:00,58.0,-21.0
2024-05-10 09:39:00,59.0,-24.0
2024-05-10 09:40:00,61.0,-26.0
2024-05-10 09:41:00,66.0,-30.0
2024-05-10 09:42:00,67.0,-31.0
2024-05-10 09:43:00,69.0,-29.0
2024-05-10 09:44:00,62.0,-22.0
2024-05-10 09:45:00,57.0,-17.0
2024-05-10 09:46:00,60.0,-20.0
2024-05-10 09:47:00,63.0,-23.0
2024-05-10 09:48:00,66.0,-22.0
2024-05-10 09:49:00,64.0,-16.0
2024-05-10 09:50:00,68.0,-17.0
2024-05-10 09:51:00,67.0,-17.0
2024-05-10 09:52:00,70.0,-19.0
2024-05-10 09:53:00,69.0,-17.0
2024-05-10 09:54:00,69.0,-15.0
2024-05-10 09:55:00,63.0,-12.0
2024-05-10 09:56:00,67.0,-17.0
2024-05-10 09:57:00,72.0,-17.0
2024-05-10 09:58:00,80.0,-20.0
2024-05-10 09:59:00,89.0,-27.0
2024-05-10 10:00:00,88.0,-26.0
2024-05-10 10:01:00,90.0,-29.0
2024-05-10 10:02:00,102.0,-40.0
2024-05-10 10:03:00,108.0,-46.0
2024-05-10 10:04:00,94.0,-30.0
2024-05-10 10:05:00,87.0,-17.0
2024-05-10 10:06:00,95.0,-18.0
2024-05-10 10:07:00,100.0,-20.0
2024-05-10 10:08:00,86.0,-18.0
2024-05-10 10:09:00,88.0,-19.0
2024-05-10 10:10:00,87.0,-17.0
2024-05-10 10:11:00,86.0,-17.0
2024-05-10 10:12:00,87.0,-17.0
2024-05-10 10:13:00,92.0,-18.0
2024-05-10 10:14:00,97.0,-19.0
2024-05-10 10:15:00,100.0,-20.0
2024-05-10 10:16:00,104.0,-21.0
2024-05-10 10:17:00,116.0,-24.0
2024-05-10 10:18:00,123.0,-28.0
2024-05-10 10:19:00,133.0,-31.0
2024-05-10 10:20:00,141.0,-33.0
2024-05-10 10:21:00,149.0,-38.0
2024-05-10 10:22:00,163.0,-46.0
2024-05-10 10:23:00,170.0,-50.0
2024-05-10 10:24:00,178.0,-55.0
2024-05-10 10:25:00,189.0,-59.0
2024-05-10 10:26:00,193.0,-57.0
2024-05-10 10:27:00,190.0,-54.0
2024-05-10 10:28:00,191.0,-55.0
2024-05-10 10:29:00,198.0,-62.0
2024-05-10 10:30:00,213.0,-74.0
2024-05-10 10:31:00,214.0,-74.0
2024-05-10 10:32:00,214.0,-74.0
2024-05-10 10:33:00,218.0,-77.0
2024-05-10 10:34:00,218.0,-81.0
2024-05-10 10:35:00,213.0,-81.0
2024-05-10 10:36:00,221.0,-83.0
2024-05-10 10:37:00,234.0,-87.0
2024-05-10 10:38:00,238.0,-93.0
2024-05-10 10:39:00,242.0,-101.0
2024-05-10 10:40:00,258.0,-108.0
2024-05-10 10:41:00,276.0,-115.0
2024-05-10 10:42:00,295.0,-124.0
2024-05-10 10:43:00,302.0,-126.0
2024-05-10 10:44:00,306.0,-129.0
2024-05-10 10:45:00,308.0,-133.0
2024-05-10 10:46:00,306.0,-133.0
2024-05-10 10:47:00,317.0,-140.0
2024-05-10 10:48:00,323.0,-143.0
2024-05-10 10:49:00,334.0,-146.0
2024-05-10 10:50:00,340.0,-147.0
2024-05-10 10:51:00,346.0,-149.0
2024-05-10 10:52:00,366.0,-155.0
2024-05-10 10:53:00,385.0,-162.0
2024-05-10 10:54:00,390.0,-162.0
2024-05-10 10:55:00,382.0,-160.0
2024-05-10 10:56:00,371.0,-159.0
2024-05-10 10:57:00,359.0,-159.0
2024-05-10 10:58:00,352.0,-159.0
2024-05-10 10:59:00,354.0,-160.0
2024-05-10 11:00:00,356.0,-160.0
2024-05-10 11:01:00,353.0,-158.0
2024-05-10 11:02:00,343.0,-157.0
2024-05-10 11:03:00,334.0,-154.0
2024-05-10 11:04:00,331.0,-154.0
2024-05-10 11:05:00,312.0,-147.0
2024-05-10 11:06:00,298.0,-143.0
2024-05-10 11:07:00,292.0,-140.0
2024-05-10 11:08:00,301.0,-143.0
2024-05-10 11:09:00,326.0,-152.0
2024-05-10 11:10:00,335.0,-152.0
2024-05-10 11:11:00,352.0,-153.0
2024-05-10 11:12:00,362.0,-152.0
2024-05-10 11:13:00,363.0,-153.0
2024-05-10 11:14:00,353.0,-156.0
2024-05-10 11:15:00,327.0,-148.0
2024-05-10 11:16:00,308.0,-140.0
2024-05-10 11:17:00,311.0,-140.0
2024-05-10 11:18:00,312.0,-141.0
2024-05-10 11:19:00,317.0,-142.0
2024-05-10 11:20:00,326.0,-146.0
2024-05-10 11:21:00,358.0,-181.0
2024-05-10 11:22:00,377.0,-204.0
2024-05-10 11:23:00,332.0,-164.0
2024-05-10 11:24:00,320.0,-153.0
2024-05-10 11:25:00,316.0,-148.0
2024-05-10 11:26:00,334.0,-167.0
2024-05-10 11:27:00,344.0,-185.0
2024-05-10 11:28:00,360.0,-201.0
2024-05-10 11:29:00,361.0,-199.0
2024-05-10 11:30:00,342.0,-177.0
2024-05-10 11:31:00,341.0,-176.0
2024-05-10 11:32:00,364.0,-197.0
2024-05-10 11:33:00,379.0,-207.0
2024-05-10 11:34:00,368.0,-194.0
2024-05-10 11:35:00,372.0,-195.0
2024-05-10 11:36:00,368.0,-191.0
2024-05-10 11:37:00,364.0,-179.0
2024-05-10 11:38:00,374.0,-179.0
2024-05-10 11:39:00,390.0,-194.0
2024-05-10 11:40:00,399.0,-201.0
2024-05-10 11:41:00,402.0,-205.0
2024-05-10 11:42:00,381.0,-198.0
2024-05-10 11:43:00,379.0,-198.0
2024-05-10 11:44:00,392.0,-207.0
2024-05-10 11:45:00,418.0,-222.0
2024-05-10 11:46:00,438.0,-230.0
2024-05-10 11:47:00,426.0,-224.0
2024-05-10 11:48:00,436.0,-233.0
2024-05-10 11:49:00,468.0,-255.0
2024-05-10 11:50:00,544.0,-322.0
2024-05-10 11:51:00,538.0,-314.0
2024-05-10 11:52:00,532.0,-297.0
2024-05-10 11:53:00,527.0,-293.0
2024-05-10 11:54:00,529.0,-298.0
2024-05-10 11:55:00,556.0,-328.0
2024-05-10 11:56:00,563.0,-330.0
2024-05-10 11:57:00,561.0,-336.0
2024-05-10 11:58:00,562.0,-350.0
2024-05-10 11:59:00,554.0,-351.0
2024-05-10 12:00:00,532.0,-334.0
2024-05-10 12:01:00,521.0,-328.0
2024-05-10 12:02:00,508.0,-311.0
2024-05-10 12:03:00,503.0,-295.0
2024-05-10 12:04:00,512.0,-297.0
2024-05-10 12:05:00,515.0,-295.0
2024-05-10 12:06:00,522.0,-298.0
2024-05-10 12:07:00,519.0,-296.0
2024-05-10 12:08:00,530.0,-300.0
2024-05-10 12:09:00,540.0,-307.0
2024-05-10 12:10:00,549.0,-316.0
2024-05-10 12:11:00,548.0,-317.0
2024-05-10 12:12:00,550.0,-323.0
2024-05-10 12:13:00,553.0,-330.0
2024-05-10 12:14:00,554.0,-336.0
2024-05-10 12:15:00,556.0,-341.0
2024-05-10 12:16:00,548.0,-342.0
2024-05-10 12:17:00,542.0,-343.0
2024-05-10 12:18:00,539.0,-347.0
2024-05-10 12:19:00,531.0,-342.0
2024-05-10 12:20:00,535.0,-346.0
2024-05-10 12:21:00,539.0,-348.0
2024-05-10 12:22:00,537.0,-348.0
2024-05-10 12:23:00,528.0,-339.0
2024-05-10 12:24:00,519.0,-329.0
2024-05-10 12:25:00,509.0,-316.0
2024-05-10 12:26:00,503.0,-310.0
2024-05-10 12:27:00,497.0,-309.0
2024-05-10 12:28:00,488.0,-305.0
2024-05-10 12:29:00,488.0,-303.0
2024-05-10 12:30:00,498.0,-307.0
2024-05-10 12:31:00,505.0,-307.0
2024-05-10 12:32:00,508.0,-303.0
2024-05-10 12:33:00,512.0,-302.0
2024-05-10 12:34:00,510.0,-295.0
2024-05-10 12:35:00,508.0,-291.0
2024-05-10 12:36:00,505.0,-291.0
2024-05-10 12:37:00,498.0,-285.0
2024-05-10 12:38:00,497.0,-279.0
2024-05-10 12:39:00,498.0,-275.0
2024-05-10 12:40:00,496.0,-270.0
2024-05-10 12:41:00,495.0,-269.0
2024-05-10 12:42:00,499.0,-269.0
2024-05-10 12:43:00,501.0,-265.0
2024-05-10 12:44:00,499.0,-259.0
2024-05-10 12:45:00,506.0,-257.0
2024-05-10 12:46:00,508.0,-258.0
2024-05-10 12:47:00,502.0,-258.0
2024-05-10 12:48:00,503.0,-261.0
2024-05-10 12:49:00,510.0,-258.0
2024-05-10 12:50:00,514.0,-249.0
2024-05-10 12:51:00,512.0,-241.0
2024-05-10 12:52:00,514.0,-240.0
2024-05-10 12:53:00,501.0,-238.0
2024-05-10 12:54:00,483.0,-237.0
2024-05-10 12:55:00,478.0,-239.0
2024-05-10 12:56:00,473.0,-244.0
2024-05-10 12:57:00,478.0,-250.0
2024-05-10 12:58:00,476.0,-256.0
2024-05-10 12:59:00,474.0,-258.0
2024-05-10 13:00:00,473.0,-254.0
2024-05-10 13:01:00,461.0,-249.0
2024-05-10 13:02:00,460.0,-242.0
2024-05-10 13:03:00,438.0,-241.0
2024-05-10 13:04:00,435.0,-241.0
2024-05-10 13:05:00,430.0,-239.0
2024-05-10 13:06:00,430.0,-242.0
2024-05-10 13:07:00,416.0,-235.0
2024-05-10 13:08:00,410.0,-231.0
2024-05-10 13:09:00,400.0,-229.0
2024-05-10 13:10:00,388.0,-220.0
2024-05-10 13:11:00,395.0,-219.0
2024-05-10 13:12:00,415.0,-222.0
2024-05-10 13:13:00,432.0,-225.0
2024-05-10 13:14:00,451.0,-233.0
2024-05-10 13:15:00,483.0,-251.0
2024-05-10 13:16:00,503.0,-265.0
2024-05-10 13:17:00,511.0,-273.0
2024-05-10 13:18:00,485.0,-260.0
2024-05-10 13:19:00,442.0,-236.0
2024-05-10 13:20:00,395.0,-211.0
2024-05-10 13:21:00,373.0,-202.0
2024-05-10 13:22:00,368.0,-211.0
2024-05-10 13:23:00,375.0,-221.0
2024-05-10 13:24:00,369.0,-219.0
2024-05-10 13:25:00,362.0,-211.0
2024-05-10 13:26:00,356.0,-204.0
2024-05-10 13:27:00,352.0,-201.0
2024-05-10 13:28:00,356.0,-203.0
2024-05-10 13:29:00,352.0,-199.0
2024-05-10 13:30:00,341.0,-195.0
2024-05-10 13:31:00,340.0,-194.0
2024-05-10 13:32:00,341.0,-197.0
2024-05-10 13:33:00,347.0,-199.0
2024-05-10 13:34:00,352.0,-201.0
2024-05-10 13:35:00,356.0,-203.0
2024-05-10 13:36:00,358.0,-204.0
2024-05-10 13:37:00,352.0,-201.0
2024-05-10 13:38:00,355.0,-202.0
2024-05-10 13:39:00,355.0,-202.0
2024-05-10 13:40:00,348.0,-198.0
2024-05-10 13:41:00,336.0,-194.0
2024-05-10 13:42:00,332.0,-194.0
2024-05-10 13:43:00,335.0,-197.0
2024-05-10 13:44:00,343.0,-201.0
2024-05-10 13:45:00,346.0,-201.0
2024-05-10 13:46:00,341.0,-197.0
2024-05-10 13:47:00,330.0,-190.0
2024-05-10 13:48:00,315.0,-181.0
2024-05-10 13:49:00,308.0,-177.0
2024-05-10 13:50:00,317.0,-182.0
2024-05-10 13:51:00,319.0,-177.0
2024-05-10 13:52:00,313.0,-171.0
2024-05-10 13:53:00,299.0,-164.0
2024-05-10 13:54:00,298.0,-164.0
2024-05-10 13:55:00,310.0,-179.0
2024-05-10 13:56:00,332.0,-202.0
2024-05-10 13:57:00,342.0,-202.0
2024-05-10 13:58:00,327.0,-186.0
2024-05-10 13:59:00,322.0,-170.0
2024-05-10 14:00:00,341.0,-172.0
2024-05-10 14:01:00,367.0,-179.0
2024-05-10 14:02:00,380.0,-181.0
2024-05-10 14:03:00,384.0,-180.0
2024-05-10 14:04:00,390.0,-185.0
2024-05-10 14:05:00,393.0,-195.0
2024-05-10 14:06:00,386.0,-201.0
2024-05-10 14:07:00,386.0,-209.0
2024-05-10 14:08:00,393.0,-212.0
2024-05-10 14:09:00,416.0,-217.0
2024-05-10 14:10:00,428.0,-218.0
2024-05-10 14:11:00,434.0,-220.0
2024-05-10 14:12:00,434.0,-223.0
2024-05-10 14:13:00,435.0,-234.0
2024-05-10 14:14:00,428.0,-244.0
2024-05-10 14:15:00,418.0,-252.0
2024-05-10 14:16:00,409.0,-247.0
2024-05-10 14:17:00,413.0,-243.0
2024-05-10 14:18:00,418.0,-248.0
2024-05-10 14:19:00,415.0,-255.0
2024-05-10 14:20:00,421.0,-261.0
2024-05-10 14:21:00,425.0,-261.0
2024-05-10 14:22:00,410.0,-242.0
2024-05-10 14:23:00,411.0,-236.0
2024-05-10 14:24:00,407.0,-238.0
2024-05-10 14:25:00,411.0,-246.0
2024-05-10 14:26:00,413.0,-243.0
2024-05-10 14:27:00,424.0,-237.0
2024-05-10 14:28:00,418.0,-234.0
2024-05-10 14:29:00,439.0,-261.0
2024-05-10 14:30:00,433.0,-268.0
2024-05-10 14:31:00,371.0,-209.0
2024-05-10 14:32:00,334.0,-169.0
2024-05-10 14:33:00,354.0,-192.0
2024-05-10 14:34:00,375.0,-223.0
2024-05-10 14:35:00,379.0,-233.0
2024-05-10 14:36:00,398.0,-255.0
2024-05-10 14:37:00,412.0,-270.0
2024-05-10 14:38:00,422.0,-273.0
2024-05-10 14:39:00,419.0,-269.0
2024-05-10 14:40:00,426.0,-273.0
2024-05-10 14:41:00,443.0,-297.0
2024-05-10 14:42:00,447.0,-316.0
2024-05-10 14:43:00,441.0,-322.0
2024-05-10 14:44:00,440.0,-330.0
2024-05-10 14:45:00,449.0,-353.0
2024-05-10 14:46:00,481.0,-383.0
2024-05-10 14:47:00,513.0,-409.0
2024-05-10 14:48:00,517.0,-412.0
2024-05-10 14:49:00,485.0,-385.0
2024-05-10 14:50:00,435.0,-329.0
2024-05-10 14:51:00,387.0,-266.0
2024-05-10 14:52:00,348.0,-221.0
2024-05-10 14:53:00,301.0,-175.0
2024-05-10 14:54:00,285.0,-145.0
2024-05-10 14:55:00,293.0,-132.0
2024-05-10 14:56:00,299.0,-127.0
2024-05-10 14:57:00,285.0,-113.0
2024-05-10 14:58:00,324.0,-144.0
2024-05-10 14:59:00,345.0,-153.0
2024-05-10 15:00:00,293.0,-105.0
2024-05-10 15:01:00,244.0,-77.0
2024-05-10 15:02:00,233.0,-71.0
2024-05-10 15:03:00,222.0,-65.0
2024-05-10 15:04:00,203.0,-55.0
2024-05-10 15:05:00,217.0,-65.0
2024-05-10 15:06:00,212.0,-66.0
2024-05-10 15:07:00,243.0,-105.0
2024-05-10 15:08:00,263.0,-131.0
2024-05-10 15:09:00,279.0,-154.0
2024-05-10 15:10:00,296.0,-178.0
2024-05-10 15:11:00,317.0,-196.0
2024-05-10 15:12:00,350.0,-224.0
2024-05-10 15:13:00,370.0,-253.0
2024-05-10 15:14:00,400.0,-282.0
2024-05-10 15:15:00,416.0,-301.0
2024-05-10 15:16:00,403.0,-291.0
2024-05-10 15:17:00,387.0,-277.0
2024-05-10 15:18:00,358.0,-267.0
2024-05-10 15:19:00,325.0,-240.0
2024-05-10 15:20:00,307.0,-214.0
2024-05-10 15:21:00,283.0,-176.0
2024-05-10 15:22:00,266.0,-160.0
2024-05-10 15:23:00,275.0,-180.0
2024-05-10 15:24:00,281.0,-210.0
2024-05-10 15:25:00,307.0,-238.0
2024-05-10 15:26:00,328.0,-262.0
2024-05-10 15:27:00,335.0,-252.0
2024-05-10 15:28:00,334.0,-234.0
2024-05-10 15:29:00,312.0,-219.0
2024-05-10 15:30:00,324.0,-220.0
2024-05-10 15:31:00,338.0,-223.0
2024-05-10 15:32:00,345.0,-225.0
2024-05-10 15:33:00,324.0,-219.0
2024-05-10 15:34:00,279.0,-204.0
2024-05-10 15:35:00,242.0,-179.0
2024-05-10 15:36:00,252.0,-174.0
2024-05-10 15:37:00,257.0,-163.0
2024-05-10 15:38:00,255.0,-147.0
2024-05-10 15:39:00,250.0,-136.0
2024-05-10 15:40:00,249.0,-137.0
2024-05-10 15:41:00,195.0,-88.0
2024-05-10 15:42:00,143.0,-45.0
2024-05-10 15:43:00,123.0,-32.0
2024-05-10 15:44:00,160.0,-74.0
2024-05-10 15:45:00,212.0,-118.0
2024-05-10 15:46:00,152.0,-53.0
2024-05-10 15:47:00,148.0,-60.0
2024-05-10 15:48:00,189.0,-97.0
2024-05-10 15:49:00,244.0,-143.0
2024-05-10 15:50:00,251.0,-144.0
2024-05-10 15:51:00,225.0,-120.0
2024-05-10 15:52:00,186.0,-79.0
2024-05-10 15:53:00,160.0,-61.0
2024-05-10 15:54:00,167.0,-64.0
2024-05-10 15:55:00,176.0,-62.0
2024-05-10 15:56:00,191.0,-76.0
2024-05-10 15:57:00,212.0,-107.0
2024-05-10 15:58:00,215.0,-121.0
2024-05-10 15:59:00,211.0,-122.0
2024-05-10 16:00:00,189.0,-106.0
2024-05-10 16:01:00,189.0,-103.0
2024-05-10 16:02:00,210.0,-122.0
2024-05-10 16:03:00,259.0,-171.0
2024-05-10 16:04:00,275.0,-189.0
2024-05-10 16:05:00,252.0,-167.0
2024-05-10 16:06:00,270.0,-182.0
2024-05-10 16:07:00,282.0,-196.0
2024-05-10 16:08:00,274.0,-192.0
2024-05-10 16:09:00,273.0,-192.0
2024-05-10 16:10:00,251.0,-175.0
2024-05-10 16:11:00,253.0,-177.0
2024-05-10 16:12:00,242.0,-170.0
2024-05-10 16:13:00,174.0,-106.0
2024-05-10 16:14:00,156.0,-92.0
2024-05-10 16:15:00,178.0,-117.0
2024-05-10 16:16:00,191.0,-132.0
2024-05-10 16:17:00,201.0,-139.0
2024-05-10 16:18:00,231.0,-168.0
2024-05-10 16:19:00,229.0,-168.0
2024-05-10 16:20:00,229.0,-164.0
2024-05-10 16:21:00,220.0,-154.0
2024-05-10 16:22:00,186.0,-122.0
2024-05-10 16:23:00,166.0,-106.0
2024-05-10 16:24:00,200.0,-148.0
2024-05-10 16:25:00,267.0,-212.0
2024-05-10 16:26:00,283.0,-231.0
2024-05-10 16:27:00,224.0,-163.0
2024-05-10 16:28:00,205.0,-144.0
2024-05-10 16:29:00,207.0,-145.0
2024-05-10 16:30:00,216.0,-156.0
2024-05-10 16:31:00,235.0,-185.0
2024-05-10 16:32:00,220.0,-176.0
2024-05-10 16:33:00,213.0,-163.0
2024-05-10 16:34:00,183.0,-122.0
2024-05-10 16:35:00,161.0,-98.0
2024-05-10 16:36:00,135.0,-70.0
2024-05-10 16:37:00,120.0,-56.0
2024-05-10 16:38:00,125.0,-63.0
2024-05-10 16:39:00,146.0,-84.0
2024-05-10 16:40:00,156.0,-92.0
2024-05-10 16:41:00,133.0,-70.0
2024-05-10 16:42:00,109.0,-31.0
2024-05-10 16:43:00,111.0,-24.0
2024-05-10 16:44:00,118.0,-28.0
2024-05-10 16:45:00,108.0,-26.0
2024-05-10 16:46:00,91.0,-20.0
2024-05-10 16:47:00,78.0,-12.0
2024-05-10 16:48:00,105.0,-38.0
2024-05-10 16:49:00,140.0,-73.0
2024-05-10 16:50:00,127.0,-63.0
2024-05-10 16:51:00,114.0,-57.0
2024-05-10 16:52:00,128.0,-79.0
2024-05-10 16:53:00,174.0,-117.0
2024-05-10 16:54:00,193.0,-120.0
2024-05-10 16:55:00,137.0,-55.0
2024-05-10 16:56:00,116.0,-47.0
2024-05-10 16:57:00,96.0,-34.0
2024-05-10 16:58:00,70.0,-15.0
2024-05-10 16:59:00,123.0,-62.0
2024-05-10 17:00:00,124.0,-65.0
2024-05-10 17:01:00,85.0,-38.0
2024-05-10 17:02:00,78.0,-30.0
2024-05-10 17:03:00,94.0,-36.0
2024-05-10 17:04:00,81.0,-33.0
2024-05-10 17:05:00,74.0,-27.0
2024-05-10 17:06:00,260.0,-131.0
2024-05-10 17:07:00,516.0,-44.0
2024-05-10 17:08:00,1297.0,-86.0
2024-05-10 17:09:00,730.0,-109.0
2024-05-10 17:10:00,597.0,-280.0
2024-05-10 17:11:00,390.0,-189.0
2024-05-10 17:12:00,910.0,-372.0
2024-05-10 17:13:00,662.0,-417.0
2024-05-10 17:14:00,642.0,-345.0
2024-05-10 17:15:00,608.0,-334.0
2024-05-10 17:16:00,447.0,-249.0
2024-05-10 17:17:00,496.0,-272.0
2024-05-10 17:18:00,632.0,-324.0
2024-05-10 17:19:00,781.0,-392.0
2024-05-10 17:20:00,693.0,-271.0
2024-05-10 17:21:00,847.0,-366.0
2024-05-10 17:22:00,1308.0,-780.0
2024-05-10 17:23:00,1728.0,-1159.0
2024-05-10 17:24:00,1592.0,-1034.0
2024-05-10 17:25:00,1854.0,-1294.0
2024-05-10 17:26:00,2220.0,-1643.0
2024-05-10 17:27:00,2211.0,-1624.0
2024-05-10 17:28:00,2379.0,-1830.0
2024-05-10 17:29:00,2220.0,-1674.0
2024-05-10 17:30:00,1949.0,-1412.0
2024-05-10 17:31:00,1693.0,-1113.0
2024-05-10 17:32:00,1551.0,-970.0
2024-05-10 17:33:00,1485.0,-874.0
2024-05-10 17:34:00,1614.0,-963.0
2024-05-10 17:35:00,1685.0,-1032.0
2024-05-10 17:36:00,1835.0,-1154.0
2024-05-10 17:37:00,1893.0,-1151.0
2024-05-10 17:38:00,2323.0,-1493.0
2024-05-10 17:39:00,2181.0,-1431.0
2024-05-10 17:40:00,2250.0,-1457.0
2024-05-10 17:41:00,2151.0,-1329.0
2024-05-10 17:42:00,2012.0,-1242.0
2024-05-10 17:43:00,1745.0,-990.0
2024-05-10 17:44:00,1724.0,-981.0
2024-05-10 17:45:00,1819.0,-1013.0
2024-05-10 17:46:00,1826.0,-902.0
2024-05-10 17:47:00,1591.0,-824.0
2024-05-10 17:48:00,1298.0,-709.0
2024-05-10 17:49:00,1380.0,-810.0
2024-05-10 17:50:00,1655.0,-976.0
2024-05-10 17:51:00,1761.0,-1049.0
2024-05-10 17:52:00,1829.0,-1145.0
2024-05-10 17:53:00,1665.0,-1060.0
2024-05-10 17:54:00,1558.0,-914.0
2024-05-10 17:55:00,1408.0,-767.0
2024-05-10 17:56:00,1228.0,-685.0
2024-05-10 17:57:00,1207.0,-670.0
2024-05-10 17:58:00,1163.0,-597.0
2024-05-10 17:59:00,1111.0,-612.0
2024-05-10 18:00:00,1214.0,-824.0
2024-05-10 18:01:00,1502.0,-1069.0
2024-05-10 18:02:00,1777.0,-1339.0
2024-05-10 18:03:00,2012.0,-1594.0
2024-05-10 18:04:00,2055.0,-1620.0
2024-05-10 18:05:00,2078.0,-1694.0
2024-05-10 18:06:00,2000.0,-1687.0
2024-05-10 18:07:00,1798.0,-1569.0
2024-05-10 18:08:00,1630.0,-1420.0
2024-05-10 18:09:00,1461.0,-1288.0
2024-05-10 18:10:00,1232.0,-1042.0
2024-05-10 18:11:00,1023.0,-876.0
2024-05-10 18:12:00,990.0,-846.0
2024-05-10 18:13:00,1048.0,-889.0
2024-05-10 18:14:00,1093.0,-875.0
2024-05-10 18:15:00,1213.0,-887.0
2024-05-10 18:16:00,1273.0,-865.0
2024-05-10 18:17:00,1240.0,-843.0
2024-05-10 18:18:00,1206.0,-870.0
2024-05-10 18:19:00,1165.0,-901.0
2024-05-10 18:20:00,1030.0,-857.0
2024-05-10 18:21:00,920.0,-818.0
2024-05-10 18:22:00,896.0,-763.0
2024-05-10 18:23:00,763.0,-685.0
2024-05-10 18:24:00,651.0,-677.0
2024-05-10 18:25:00,701.0,-749.0
2024-05-10 18:26:00,887.0,-935.0
2024-05-10 18:27:00,1132.0,-1129.0
2024-05-10 18:28:00,1299.0,-1246.0
2024-05-10 18:29:00,1351.0,-1259.0
2024-05-10 18:30:00,1325.0,-1210.0
2024-05-10 18:31:00,1367.0,-1230.0
2024-05-10 18:32:00,1504.0,-1369.0
2024-05-10 18:33:00,1181.0,-1054.0
2024-05-10 18:34:00,830.0,-671.0
2024-05-10 18:35:00,637.0,-438.0
2024-05-10 18:36:00,618.0,-423.0
2024-05-10 18:37:00,713.0,-272.0
2024-05-10 18:38:00,862.0,-294.0
2024-05-10 18:39:00,942.0,-324.0
2024-05-10 18:40:00,916.0,-373.0
2024-05-10 18:41:00,873.0,-412.0
2024-05-10 18:42:00,755.0,-430.0
2024-05-10 18:43:00,626.0,-397.0
2024-05-10 18:44:00,633.0,-397.0
2024-05-10 18:45:00,637.0,-342.0
2024-05-10 18:46:00,781.0,-379.0
2024-05-10 18:47:00,877.0,-380.0
2024-05-10 18:48:00,846.0,-305.0
2024-05-10 18:49:00,829.0,-261.0
2024-05-10 18:50:00,824.0,-247.0
2024-05-10 18:51:00,978.0,-317.0
2024-05-10 18:52:00,1032.0,-360.0
2024-05-10 18:53:00,1021.0,-388.0
2024-05-10 18:54:00,952.0,-394.0
2024-05-10 18:55:00,1025.0,-487.0
2024-05-10 18:56:00,1038.0,-515.0
2024-05-10 18:57:00,1022.0,-549.0
2024-05-10 18:58:00,1021.0,-590.0
2024-05-10 18:59:00,817.0,-517.0
2024-05-10 19:00:00,559.0,-381.0
2024-05-10 19:01:00,431.0,-292.0
2024-05-10 19:02:00,368.0,-297.0
2024-05-10 19:03:00,307.0,-287.0
2024-05-10 19:04:00,275.0,-267.0
2024-05-10 19:05:00,239.0,-239.0
2024-05-10 19:06:00,256.0,-257.0
2024-05-10 19:07:00,311.0,-341.0
2024-05-10 19:08:00,404.0,-434.0
2024-05-10 19:09:00,549.0,-579.0
2024-05-10 19:10:00,519.0,-559.0
2024-05-10 19:11:00,642.0,-693.0
2024-05-10 19:12:00,1220.0,-1247.0
2024-05-10 19:13:00,1832.0,-1838.0
2024-05-10 19:14:00,2235.0,-2281.0
2024-05-10 19:15:00,2457.0,-2498.0
2024-05-10 19:16:00,2518.0,-2589.0
2024-05-10 19:17:00,2700.0,-2784.0
2024-05-10 19:18:00,2774.0,-2866.0
2024-05-10 19:19:00,2642.0,-2753.0
2024-05-10 19:20:00,2346.0,-2482.0
2024-05-10 19:21:00,2196.0,-2347.0
2024-05-10 19:22:00,2239.0,-2410.0
2024-05-10 19:23:00,2242.0,-2430.0
2024-05-10 19:24:00,2147.0,-2315.0
2024-05-10 19:25:00,1922.0,-2070.0
2024-05-10 19:26:00,1784.0,-1928.0
2024-05-10 19:27:00,1785.0,-1943.0
2024-05-10 19:28:00,1728.0,-1876.0
2024-05-10 19:29:00,1555.0,-1686.0
2024-05-10 19:30:00,1349.0,-1447.0
2024-05-10 19:31:00,1432.0,-1526.0
2024-05-10 19:32:00,1358.0,-1440.0
2024-05-10 19:33:00,1454.0,-1509.0
2024-05-10 19:34:00,1521.0,-1564.0
2024-05-10 19:35:00,1522.0,-1552.0
2024-05-10 19:36:00,1675.0,-1709.0
2024-05-10 19:37:00,1889.0,-1903.0
2024-05-10 19:38:00,1950.0,-1956.0
2024-05-10 19:39:00,2214.0,-2253.0
2024-05-10 19:40:00,2632.0,-2690.0
2024-05-10 19:41:00,2816.0,-2878.0
2024-05-10 19:42:00,2931.0,-2952.0
2024-05-10 19:43:00,2945.0,-2930.0
2024-05-10 19:44:00,2824.0,-2766.0
2024-05-10 19:45:00,2986.0,-2880.0
2024-05-10 19:46:00,3147.0,-3001.0
2024-05-10 19:47:00,3601.0,-3357.0
2024-05-10 19:48:00,4098.0,-3797.0
2024-05-10 19:49:00,3869.0,-3653.0
2024-05-10 19:50:00,3245.0,-3063.0
2024-05-10 19:51:00,2850.0,-2571.0
2024-05-10 19:52:00,2319.0,-2003.0
2024-05-10 19:53:00,1956.0,-1611.0
2024-05-10 19:54:00,1573.0,-1322.0
2024-05-10 19:55:00,1250.0,-1049.0
2024-05-10 19:56:00,1122.0,-953.0
2024-05-10 19:57:00,1033.0,-904.0
2024-05-10 19:58:00,897.0,-767.0
2024-05-10 19:59:00,799.0,-639.0
2024-05-10 20:00:00,704.0,-591.0
2024-05-10 20:01:00,672.0,-560.0
2024-05-10 20:02:00,615.0,-478.0
2024-05-10 20:03:00,657.0,-505.0
2024-05-10 20:04:00,639.0,-467.0
2024-05-10 20:05:00,640.0,-487.0
2024-05-10 20:06:00,666.0,-524.0
2024-05-10 20:07:00,727.0,-590.0
2024-05-10 20:08:00,732.0,-601.0
2024-05-10 20:09:00,737.0,-638.0
2024-05-10 20:10:00,773.0,-671.0
2024-05-10 20:11:00,709.0,-607.0
2024-05-10 20:12:00,683.0,-588.0
2024-05-10 20:13:00,729.0,-645.0
2024-05-10 20:14:00,706.0,-613.0
2024-05-10 20:15:00,682.0,-579.0
2024-05-10 20:16:00,650.0,-482.0
2024-05-10 20:17:00,674.0,-432.0
2024-05-10 20:18:00,696.0,-421.0
2024-05-10 20:19:00,657.0,-325.0
2024-05-10 20:20:00,664.0,-308.0
2024-05-10 20:21:00,661.0,-225.0
2024-05-10 20:22:00,641.0,-197.0
2024-05-10 20:23:00,751.0,-275.0
2024-05-10 20:24:00,732.0,-185.0
2024-05-10 20:25:00,791.0,-180.0
2024-05-10 20:26:00,835.0,-133.0
2024-05-10 20:27:00,891.0,-98.0
2024-05-10 20:28:00,956.0,-96.0
2024-05-10 20:29:00,895.0,-5.0
2024-05-10 20:30:00,970.0,-40.0
2024-05-10 20:31:00,1062.0,-82.0
2024-05-10 20:32:00,1056.0,-143.0
2024-05-10 20:33:00,1035.0,-238.0
2024-05-10 20:34:00,907.0,-271.0
2024-05-10 20:35:00,942.0,-331.0
2024-05-10 20:36:00,990.0,-391.0
2024-05-10 20:37:00,1047.0,-435.0
2024-05-10 20:38:00,1053.0,-493.0
2024-05-10 20:39:00,974.0,-455.0
2024-05-10 20:40:00,1007.0,-473.0
2024-05-10 20:41:00,1046.0,-475.0
2024-05-10 20:42:00,1100.0,-508.0
2024-05-10 20:43:00,1112.0,-505.0
2024-05-10 20:44:00,1067.0,-452.0
2024-05-10 20:45:00,1068.0,-459.0
2024-05-10 20:46:00,977.0,-451.0
2024-05-10 20:47:00,955.0,-519.0
2024-05-10 20:48:00,1002.0,-532.0
2024-05-10 20:49:00,1040.0,-633.0
2024-05-10 20:50:00,1042.0,-657.0
2024-05-10 20:51:00,1070.0,-683.0
2024-05-10 20:52:00,1009.0,-631.0
2024-05-10 20:53:00,1036.0,-614.0
2024-05-10 20:54:00,1057.0,-669.0
2024-05-10 20:55:00,1024.0,-676.0
2024-05-10 20:56:00,1043.0,-697.0
2024-05-10 20:57:00,1012.0,-718.0
2024-05-10 20:58:00,941.0,-749.0
2024-05-10 20:59:00,839.0,-707.0
2024-05-10 21:00:00,773.0,-687.0
2024-05-10 21:01:00,784.0,-667.0
2024-05-10 21:02:00,848.0,-667.0
2024-05-10 21:03:00,844.0,-674.0
2024-05-10 21:04:00,850.0,-665.0
2024-05-10 21:05:00,894.0,-723.0
2024-05-10 21:06:00,887.0,-728.0
2024-05-10 21:07:00,851.0,-694.0
2024-05-10 21:08:00,800.0,-659.0
2024-05-10 21:09:00,816.0,-680.0
2024-05-10 21:10:00,865.0,-710.0
2024-05-10 21:11:00,876.0,-709.0
2024-05-10 21:12:00,878.0,-772.0
2024-05-10 21:13:00,814.0,-793.0
2024-05-10 21:14:00,767.0,-808.0
2024-05-10 21:15:00,769.0,-827.0
2024-05-10 21:16:00,764.0,-776.0
2024-05-10 21:17:00,789.0,-783.0
2024-05-10 21:18:00,809.0,-794.0
2024-05-10 21:19:00,710.0,-685.0
2024-05-10 21:20:00,716.0,-674.0
2024-05-10 21:21:00,708.0,-668.0
2024-05-10 21:22:00,717.0,-665.0
2024-05-10 21:23:00,825.0,-758.0
2024-05-10 21:24:00,917.0,-752.0
2024-05-10 21:25:00,1007.0,-714.0
2024-05-10 21:26:00,1068.0,-667.0
2024-05-10 21:27:00,1066.0,-621.0
2024-05-10 21:28:00,936.0,-581.0
2024-05-10 21:29:00,762.0,-547.0
2024-05-10 21:30:00,500.0,-538.0
2024-05-10 21:31:00,496.0,-567.0
2024-05-10 21:32:00,503.0,-629.0
2024-05-10 21:33:00,717.0,-812.0
2024-05-10 21:34:00,841.0,-885.0
2024-05-10 21:35:00,836.0,-859.0
2024-05-10 21:36:00,802.0,-805.0
2024-05-10 21:37:00,764.0,-731.0
2024-05-10 21:38:00,726.0,-689.0
2024-05-10 21:39:00,649.0,-648.0
2024-05-10 21:40:00,589.0,-633.0
2024-05-10 21:41:00,559.0,-595.0
2024-05-10 21:42:00,527.0,-517.0
2024-05-10 21:43:00,456.0,-456.0
2024-05-10 21:44:00,371.0,-383.0
2024-05-10 21:45:00,396.0,-385.0
2024-05-10 21:46:00,380.0,-369.0
2024-05-10 21:47:00,385.0,-362.0
2024-05-10 21:48:00,410.0,-364.0
2024-05-10 21:49:00,430.0,-343.0
2024-05-10 21:50:00,466.0,-344.0
2024-05-10 21:51:00,562.0,-372.0
2024-05-10 21:52:00,725.0,-440.0
2024-05-10 21:53:00,810.0,-521.0
2024-05-10 21:54:00,762.0,-500.0
2024-05-10 21:55:00,639.0,-423.0
2024-05-10 21:56:00,552.0,-370.0
2024-05-10 21:57:00,551.0,-357.0
2024-05-10 21:58:00,607.0,-399.0
2024-05-10 21:59:00,703.0,-443.0
2024-05-10 22:00:00,753.0,-436.0
2024-05-10 22:01:00,779.0,-413.0
2024-05-10 22:02:00,799.0,-374.0
2024-05-10 22:03:00,818.0,-358.0
2024-05-10 22:04:00,866.0,-432.0
2024-05-10 22:05:00,784.0,-442.0
2024-05-10 22:06:00,659.0,-450.0
2024-05-10 22:07:00,554.0,-464.0
2024-05-10 22:08:00,590.0,-472.0
2024-05-10 22:09:00,590.0,-501.0
2024-05-10 22:10:00,532.0,-488.0
2024-05-10 22:11:00,500.0,-474.0
2024-05-10 22:12:00,594.0,-569.0
2024-05-10 22:13:00,645.0,-625.0
2024-05-10 22:14:00,764.0,-707.0
2024-05-10 22:15:00,860.0,-808.0
2024-05-10 22:16:00,899.0,-869.0
2024-05-10 22:17:00,804.0,-852.0
2024-05-10 22:18:00,749.0,-847.0
2024-05-10 22:19:00,985.0,-1031.0
2024-05-10 22:20:00,1073.0,-1112.0
2024-05-10 22:21:00,1090.0,-1118.0
2024-05-10 22:22:00,1019.0,-1061.0
2024-05-10 22:23:00,1037.0,-1019.0
2024-05-10 22:24:00,1009.0,-942.0
2024-05-10 22:25:00,987.0,-893.0
2024-05-10 22:26:00,990.0,-814.0
2024-05-10 22:27:00,885.0,-699.0
2024-05-10 22:28:00,737.0,-576.0
2024-05-10 22:29:00,577.0,-449.0
2024-05-10 22:30:00,489.0,-421.0
2024-05-10 22:31:00,494.0,-436.0
2024-05-10 22:32:00,560.0,-473.0
2024-05-10 22:33:00,620.0,-502.0
2024-05-10 22:34:00,674.0,-520.0
2024-05-10 22:35:00,1011.0,-710.0
2024-05-10 22:36:00,1340.0,-1067.0
2024-05-10 22:37:00,1132.0,-1128.0
2024-05-10 22:38:00,1207.0,-1278.0
2024-05-10 22:39:00,1427.0,-1557.0
2024-05-10 22:40:00,1976.0,-1989.0
2024-05-10 22:41:00,2023.0,-1957.0
2024-05-10 22:42:00,1541.0,-1434.0
2024-05-10 22:43:00,1211.0,-1007.0
2024-05-10 22:44:00,688.0,-427.0
2024-05-10 22:45:00,689.0,-354.0
2024-05-10 22:46:00,977.0,-323.0
2024-05-10 22:47:00,1192.0,-284.0
2024-05-10 22:48:00,1330.0,-168.0
2024-05-10 22:49:00,1743.0,-120.0
2024-05-10 22:50:00,1938.0,-103.0
2024-05-10 22:51:00,1983.0,-107.0
2024-05-10 22:52:00,1914.0,-98.0
2024-05-10 22:53:00,1824.0,-94.0
2024-05-10 22:54:00,1865.0,-113.0
2024-05-10 22:55:00,1778.0,-156.0
2024-05-10 22:56:00,1829.0,-208.0
2024-05-10 22:57:00,1730.0,-189.0
2024-05-10 22:58:00,1639.0,-135.0
2024-05-10 22:59:00,1603.0,-96.0
2024-05-10 23:00:00,1545.0,-69.0
2024-05-10 23:01:00,1456.0,-28.0
2024-05-10 23:02:00,1410.0,-39.0
2024-05-10 23:03:00,1436.0,-47.0
2024-05-10 23:04:00,1563.0,-117.0
2024-05-10 23:05:00,1735.0,-237.0
2024-05-10 23:06:00,1792.0,-275.0
2024-05-10 23:07:00,1730.0,-337.0
2024-05-10 23:08:00,1696.0,-429.0
2024-05-10 23:09:00,1509.0,-382.0
2024-05-10 23:10:00,1342.0,-390.0
2024-05-10 23:11:00,1107.0,-248.0
2024-05-10 23:12:00,1247.0,-290.0
2024-05-10 23:13:00,1338.0,-245.0
2024-05-10 23:14:00,1548.0,-275.0
2024-05-10 23:15:00,1753.0,-336.0
2024-05-10 23:16:00,1852.0,-398.0
2024-05-10 23:17:00,1847.0,-423.0
2024-05-10 23:18:00,1768.0,-402.0
2024-05-10 23:19:00,1642.0,-346.0
2024-05-10 23:20:00,1549.0,-320.0
2024-05-10 23:21:00,1511.0,-339.0
2024-05-10 23:22:00,1498.0,-382.0
2024-05-10 23:23:00,1595.0,-461.0
2024-05-10 23:24:00,1641.0,-517.0
2024-05-10 23:25:00,1551.0,-429.0
2024-05-10 23:26:00,1441.0,-295.0
2024-05-10 23:27:00,1315.0,-210.0
2024-05-10 23:28:00,1228.0,-180.0
2024-05-10 23:29:00,1116.0,-129.0
2024-05-10 23:30:00,1034.0,-134.0
2024-05-10 23:31:00,1052.0,-171.0
2024-05-10 23:32:00,1056.0,-83.0
2024-05-10 23:33:00,1051.0,-97.0
2024-05-10 23:34:00,956.0,-58.0
2024-05-10 23:35:00,990.0,-67.0
2024-05-10 23:36:00,984.0,-26.0
2024-05-10 23:37:00,1011.0,3.0
2024-05-10 23:38:00,1014.0,7.0
2024-05-10 23:39:00,1012.0,43.0
2024-05-10 23:40:00,1082.0,118.0
2024-05-10 23:41:00,1100.0,137.0
2024-05-10 23:42:00,1032.0,95.0
2024-05-10 23:43:00,1055.0,-12.0
2024-05-10 23:44:00,1034.0,-63.0
2024-05-10 23:45:00,1068.0,-110.0
2024-05-10 23:46:00,1054.0,-95.0
2024-05-10 23:47:00,1163.0,-131.0
2024-05-10 23:48:00,1291.0,-188.0
2024-05-10 23:49:00,1416.0,-272.0
2024-05-10 23:50:00,1419.0,-317.0
2024-05-10 23:51:00,1380.0,-322.0
2024-05-10 23:52:00,1359.0,-304.0
2024-05-10 23:53:00,1341.0,-277.0
2024-05-10 23:54:00,1258.0,-232.0
2024-05-10 23:55:00,1097.0,-209.0
2024-05-10 23:56:00,912.0,-160.0
2024-05-10 23:57:00,812.0,-120.0
2024-05-10 23:58:00,762.0,-121.0
2024-05-10 23:59:00,720.0,-114.0
2024-05-11 00:00:00,674.0,-99.0
2024-05-11 00:01:00,661.0,-83.0
2024-05-11 00:02:00,619.0,-68.0
2024-05-11 00:03:00,577.0,-89.0
2024-05-11 00:04:00,580.0,-107.0
2024-05-11 00:05:00,562.0,-113.0
2024-05-11 00:06:00,521.0,-98.0
2024-05-11 00:07:00,456.0,-70.0
2024-05-11 00:08:00,399.0,-42.0
2024-05-11 00:09:00,387.0,-4.0
2024-05-11 00:10:00,335.0,37.0
2024-05-11 00:11:00,319.0,86.0
2024-05-11 00:12:00,323.0,100.0
2024-05-11 00:13:00,291.0,115.0
2024-05-11 00:14:00,262.0,135.0
2024-05-11 00:15:00,332.0,148.0
2024-05-11 00:16:00,444.0,137.0
2024-05-11 00:17:00,638.0,117.0
2024-05-11 00:18:00,879.0,100.0
2024-05-11 00:19:00,1084.0,40.0
2024-05-11 00:20:00,1030.0,-1.0
2024-05-11 00:21:00,905.0,-21.0
2024-05-11 00:22:00,909.0,-86.0
2024-05-11 00:23:00,938.0,-109.0
2024-05-11 00:24:00,866.0,-116.0
2024-05-11 00:25:00,790.0,-123.0
2024-05-11 00:26:00,876.0,-211.0
2024-05-11 00:27:00,923.0,-251.0
2024-05-11 00:28:00,1017.0,-275.0
2024-05-11 00:29:00,1104.0,-300.0
2024-05-11 00:30:00,1131.0,-300.0
2024-05-11 00:31:00,1114.0,-304.0
2024-05-11 00:32:00,1215.0,-312.0
2024-05-11 00:33:00,1159.0,-310.0
2024-05-11 00:34:00,1190.0,-324.0
2024-05-11 00:35:00,1089.0,-324.0
2024-05-11 00:36:00,1168.0,-287.0
2024-05-11 00:37:00,1130.0,-314.0
2024-05-11 00:38:00,1170.0,-339.0
2024-05-11 00:39:00,1252.0,-296.0
2024-05-11 00:40:00,1308.0,-266.0
2024-05-11 00:41:00,1338.0,-309.0
2024-05-11 00:42:00,1366.0,-349.0
2024-05-11 00:43:00,1413.0,-352.0
2024-05-11 00:44:00,1414.0,-332.0
2024-05-11 00:45:00,1304.0,-313.0
2024-05-11 00:46:00,1134.0,-339.0
2024-05-11 00:47:00,827.0,-359.0
2024-05-11 00:48:00,751.0,-367.0
2024-05-11 00:49:00,837.0,-440.0
2024-05-11 00:50:00,757.0,-419.0
2024-05-11 00:51:00,805.0,-416.0
2024-05-11 00:52:00,876.0,-452.0
2024-05-11 00:53:00,928.0,-523.0
2024-05-11 00:54:00,999.0,-611.0
2024-05-11 00:55:00,1005.0,-595.0
2024-05-11 00:56:00,991.0,-566.0
2024-05-11 00:57:00,967.0,-545.0
2024-05-11 00:58:00,1022.0,-593.0
2024-05-11 00:59:00,1073.0,-649.0
2024-05-11 01:00:00,1078.0,-663.0
2024-05-11 01:01:00,1043.0,-660.0
2024-05-11 01:02:00,1036.0,-682.0
2024-05-11 01:03:00,1006.0,-721.0
2024-05-11 01:04:00,998.0,-794.0
2024-05-11 01:05:00,1015.0,-845.0
2024-05-11 01:06:00,916.0,-803.0
2024-05-11 01:07:00,913.0,-693.0
2024-05-11 01:08:00,804.0,-580.0
2024-05-11 01:09:00,683.0,-448.0
2024-05-11 01:10:00,640.0,-462.0
2024-05-11 01:11:00,551.0,-476.0
2024-05-11 01:12:00,619.0,-577.0
2024-05-11 01:13:00,677.0,-642.0
2024-05-11 01:14:00,748.0,-703.0
2024-05-11 01:15:00,934.0,-836.0
2024-05-11 01:16:00,976.0,-859.0
2024-05-11 01:17:00,927.0,-791.0
2024-05-11 01:18:00,861.0,-675.0
2024-05-11 01:19:00,882.0,-644.0
2024-05-11 01:20:00,893.0,-612.0
2024-05-11 01:21:00,849.0,-536.0
2024-05-11 01:22:00,969.0,-589.0
2024-05-11 01:23:00,985.0,-603.0
2024-05-11 01:24:00,971.0,-619.0
2024-05-11 01:25:00,939.0,-633.0
2024-05-11 01:26:00,903.0,-579.0
2024-05-11 01:27:00,891.0,-567.0
2024-05-11 01:28:00,803.0,-570.0
2024-05-11 01:29:00,860.0,-703.0
2024-05-11 01:30:00,858.0,-777.0
2024-05-11 01:31:00,1011.0,-841.0
2024-05-11 01:32:00,1117.0,-904.0
2024-05-11 01:33:00,1143.0,-876.0
2024-05-11 01:34:00,1158.0,-935.0
2024-05-11 01:35:00,1130.0,-951.0
2024-05-11 01:36:00,1028.0,-880.0
2024-05-11 01:37:00,1071.0,-920.0
2024-05-11 01:38:00,1111.0,-907.0
2024-05-11 01:39:00,1122.0,-882.0
2024-05-11 01:40:00,1055.0,-818.0
2024-05-11 01:41:00,985.0,-835.0
2024-05-11 01:42:00,943.0,-835.0
2024-05-11 01:43:00,832.0,-770.0
2024-05-11 01:44:00,731.0,-738.0
2024-05-11 01:45:00,764.0,-764.0
2024-05-11 01:46:00,874.0,-832.0
2024-05-11 01:47:00,892.0,-784.0
2024-05-11 01:48:00,883.0,-757.0
2024-05-11 01:49:00,990.0,-769.0
2024-05-11 01:50:00,932.0,-804.0
2024-05-11 01:51:00,990.0,-847.0
2024-05-11 01:52:00,1032.0,-857.0
2024-05-11 01:53:00,983.0,-858.0
2024-05-11 01:54:00,884.0,-842.0
2024-05-11 01:55:00,915.0,-839.0
2024-05-11 01:56:00,963.0,-840.0
2024-05-11 01:57:00,999.0,-830.0
2024-05-11 01:58:00,934.0,-762.0
2024-05-11 01:59:00,887.0,-694.0
2024-05-11 02:00:00,824.0,-641.0
2024-05-11 02:01:00,793.0,-628.0
2024-05-11 02:02:00,802.0,-633.0
2024-05-11 02:03:00,844.0,-634.0
2024-05-11 02:04:00,911.0,-668.0
2024-05-11 02:05:00,933.0,-687.0
2024-05-11 02:06:00,845.0,-706.0
2024-05-11 02:07:00,855.0,-688.0
2024-05-11 02:08:00,853.0,-685.0
2024-05-11 02:09:00,892.0,-718.0
2024-05-11 02:10:00,883.0,-791.0
2024-05-11 02:11:00,945.0,-861.0
2024-05-11 02:12:00,1101.0,-969.0
2024-05-11 02:13:00,1158.0,-1042.0
2024-05-11 02:14:00,1227.0,-1083.0
2024-05-11 02:15:00,1193.0,-1020.0
2024-05-11 02:16:00,1147.0,-943.0
2024-05-11 02:17:00,1140.0,-883.0
2024-05-11 02:18:00,1095.0,-818.0
2024-05-11 02:19:00,1096.0,-805.0
2024-05-11 02:20:00,1026.0,-741.0
2024-05-11 02:21:00,1063.0,-669.0
2024-05-11 02:22:00,1156.0,-592.0
2024-05-11 02:23:00,1059.0,-428.0
2024-05-11 02:24:00,1105.0,-441.0
2024-05-11 02:25:00,1069.0,-415.0
2024-05-11 02:26:00,1051.0,-422.0
2024-05-11 02:27:00,969.0,-404.0
2024-05-11 02:28:00,975.0,-420.0
2024-05-11 02:29:00,950.0,-463.0
2024-05-11 02:30:00,933.0,-523.0
2024-05-11 02:31:00,915.0,-558.0
2024-05-11 02:32:00,991.0,-626.0
2024-05-11 02:33:00,1081.0,-673.0
2024-05-11 02:34:00,1046.0,-595.0
2024-05-11 02:35:00,977.0,-514.0
2024-05-11 02:36:00,1050.0,-601.0
2024-05-11 02:37:00,1106.0,-661.0
2024-05-11 02:38:00,1175.0,-764.0
2024-05-11 02:39:00,1173.0,-816.0
2024-05-11 02:40:00,1158.0,-811.0
2024-05-11 02:41:00,1192.0,-842.0
2024-05-11 02:42:00,1213.0,-846.0
2024-05-11 02:43:00,1117.0,-764.0
2024-05-11 02:44:00,1106.0,-785.0
2024-05-11 02:45:00,1164.0,-845.0
2024-05-11 02:46:00,1167.0,-861.0
2024-05-11 02:47:00,1108.0,-807.0
2024-05-11 02:48:00,1138.0,-823.0
2024-05-11 02:49:00,1222.0,-822.0
2024-05-11 02:50:00,1118.0,-773.0
2024-05-11 02:51:00,1068.0,-817.0
2024-05-11 02:52:00,975.0,-761.0
2024-05-11 02:53:00,935.0,-763.0
2024-05-11 02:54:00,933.0,-763.0
2024-05-11 02:55:00,827.0,-709.0
2024-05-11 02:56:00,730.0,-678.0
2024-05-11 02:57:00,747.0,-613.0
2024-05-11 02:58:00,749.0,-564.0
2024-05-11 02:59:00,743.0,-530.0
2024-05-11 03:00:00,724.0,-512.0
2024-05-11 03:01:00,714.0,-496.0
2024-05-11 03:02:00,663.0,-441.0
2024-05-11 03:03:00,673.0,-445.0
2024-05-11 03:04:00,779.0,-558.0
2024-05-11 03:05:00,831.0,-599.0
2024-05-11 03:06:00,873.0,-681.0
2024-05-11 03:07:00,1004.0,-758.0
2024-05-11 03:08:00,1082.0,-847.0
2024-05-11 03:09:00,1108.0,-862.0
2024-05-11 03:10:00,1063.0,-929.0
2024-05-11 03:11:00,1194.0,-969.0
2024-05-11 03:12:00,1158.0,-984.0
2024-05-11 03:13:00,989.0,-933.0
2024-05-11 03:14:00,823.0,-828.0
2024-05-11 03:15:00,736.0,-744.0
2024-05-11 03:16:00,712.0,-688.0
2024-05-11 03:17:00,747.0,-663.0
2024-05-11 03:18:00,721.0,-639.0
2024-05-11 03:19:00,696.0,-623.0
2024-05-11 03:20:00,668.0,-613.0
2024-05-11 03:21:00,654.0,-594.0
2024-05-11 03:22:00,614.0,-584.0
2024-05-11 03:23:00,567.0,-542.0
2024-05-11 03:24:00,528.0,-509.0
2024-05-11 03:25:00,506.0,-489.0
2024-05-11 03:26:00,508.0,-446.0
2024-05-11 03:27:00,525.0,-440.0
2024-05-11 03:28:00,501.0,-431.0
2024-05-11 03:29:00,495.0,-405.0
2024-05-11 03:30:00,514.0,-391.0
2024-05-11 03:31:00,511.0,-379.0
2024-05-11 03:32:00,495.0,-350.0
2024-05-11 03:33:00,475.0,-328.0
2024-05-11 03:34:00,466.0,-318.0
2024-05-11 03:35:00,550.0,-387.0
2024-05-11 03:36:00,640.0,-452.0
2024-05-11 03:37:00,698.0,-498.0
2024-05-11 03:38:00,725.0,-529.0
2024-05-11 03:39:00,734.0,-540.0
2024-05-11 03:40:00,727.0,-516.0
2024-05-11 03:41:00,719.0,-519.0
2024-05-11 03:42:00,705.0,-481.0
2024-05-11 03:43:00,718.0,-477.0
2024-05-11 03:44:00,730.0,-504.0
2024-05-11 03:45:00,767.0,-532.0
2024-05-11 03:46:00,771.0,-587.0
2024-05-11 03:47:00,894.0,-759.0
2024-05-11 03:48:00,826.0,-724.0
2024-05-11 03:49:00,753.0,-654.0
2024-05-11 03:50:00,730.0,-663.0
2024-05-11 03:51:00,679.0,-619.0
2024-05-11 03:52:00,645.0,-581.0
2024-05-11 03:53:00,637.0,-572.0
2024-05-11 03:54:00,639.0,-557.0
2024-05-11 03:55:00,653.0,-536.0
2024-05-11 03:56:00,682.0,-534.0
2024-05-11 03:57:00,686.0,-543.0
2024-05-11 03:58:00,665.0,-520.0
2024-05-11 03:59:00,722.0,-594.0
2024-05-11 04:00:00,691.0,-572.0
2024-05-11 04:01:00,762.0,-632.0
2024-05-11 04:02:00,760.0,-627.0
2024-05-11 04:03:00,720.0,-569.0
2024-05-11 04:04:00,659.0,-518.0
2024-05-11 04:05:00,597.0,-452.0
2024-05-11 04:06:00,556.0,-417.0
2024-05-11 04:07:00,515.0,-391.0
2024-05-11 04:08:00,504.0,-392.0
2024-05-11 04:09:00,531.0,-403.0
2024-05-11 04:10:00,548.0,-428.0
2024-05-11 04:11:00,570.0,-440.0
2024-05-11 04:12:00,598.0,-455.0
2024-05-11 04:13:00,601.0,-457.0
2024-05-11 04:14:00,616.0,-495.0
2024-05-11 04:15:00,627.0,-495.0
2024-05-11 04:16:00,632.0,-504.0
2024-05-11 04:17:00,620.0,-510.0
2024-05-11 04:18:00,627.0,-509.0
2024-05-11 04:19:00,725.0,-540.0
2024-05-11 04:20:00,798.0,-626.0
2024-05-11 04:21:00,686.0,-544.0
2024-05-11 04:22:00,646.0,-506.0
2024-05-11 04:23:00,607.0,-509.0
2024-05-11 04:24:00,617.0,-466.0
2024-05-11 04:25:00,572.0,-426.0
2024-05-11 04:26:00,553.0,-416.0
2024-05-11 04:27:00,528.0,-398.0
2024-05-11 04:28:00,630.0,-395.0
2024-05-11 04:29:00,817.0,-541.0
2024-05-11 04:30:00,873.0,-635.0
2024-05-11 04:31:00,789.0,-600.0
2024-05-11 04:32:00,693.0,-585.0
2024-05-11 04:33:00,708.0,-568.0
2024-05-11 04:34:00,784.0,-645.0
2024-05-11 04:35:00,875.0,-733.0
2024-05-11 04:36:00,831.0,-697.0
2024-05-11 04:37:00,799.0,-634.0
2024-05-11 04:38:00,838.0,-679.0
2024-05-11 04:39:00,975.0,-786.0
2024-05-11 04:40:00,907.0,-713.0
2024-05-11 04:41:00,874.0,-763.0
2024-05-11 04:42:00,729.0,-786.0
2024-05-11 04:43:00,998.0,-1052.0
2024-05-11 04:44:00,1021.0,-1078.0
2024-05-11 04:45:00,975.0,-1077.0
2024-05-11 04:46:00,1252.0,-1331.0
2024-05-11 04:47:00,1432.0,-1493.0
2024-05-11 04:48:00,1392.0,-1440.0
2024-05-11 04:49:00,1333.0,-1377.0
2024-05-11 04:50:00,1383.0,-1437.0
2024-05-11 04:51:00,1343.0,-1409.0
2024-05-11 04:52:00,1312.0,-1361.0
2024-05-11 04:53:00,1380.0,-1431.0
2024-05-11 04:54:00,1394.0,-1446.0
2024-05-11 04:55:00,1363.0,-1431.0
2024-05-11 04:56:00,1231.0,-1288.0
2024-05-11 04:57:00,1104.0,-1133.0
2024-05-11 04:58:00,1071.0,-1103.0
2024-05-11 04:59:00,1124.0,-1176.0
2024-05-11 05:00:00,1218.0,-1275.0
2024-05-11 05:01:00,1254.0,-1259.0
2024-05-11 05:02:00,1363.0,-1296.0
2024-05-11 05:03:00,1404.0,-1304.0
2024-05-11 05:04:00,1585.0,-1449.0
2024-05-11 05:05:00,1826.0,-1684.0
2024-05-11 05:06:00,1839.0,-1716.0
2024-05-11 05:07:00,1743.0,-1643.0
2024-05-11 05:08:00,1667.0,-1587.0
2024-05-11 05:09:00,1548.0,-1451.0
2024-05-11 05:10:00,1463.0,-1400.0
2024-05-11 05:11:00,1317.0,-1273.0
2024-05-11 05:12:00,1270.0,-1182.0
2024-05-11 05:13:00,1147.0,-1075.0
2024-05-11 05:14:00,1011.0,-963.0
2024-05-11 05:15:00,1101.0,-924.0
2024-05-11 05:16:00,955.0,-737.0
2024-05-11 05:17:00,814.0,-615.0
2024-05-11 05:18:00,1075.0,-827.0
2024-05-11 05:19:00,1168.0,-934.0
2024-05-11 05:20:00,985.0,-798.0
2024-05-11 05:21:00,694.0,-541.0
2024-05-11 05:22:00,646.0,-509.0
2024-05-11 05:23:00,609.0,-531.0
2024-05-11 05:24:00,592.0,-541.0
2024-05-11 05:25:00,631.0,-546.0
2024-05-11 05:26:00,601.0,-516.0
2024-05-11 05:27:00,576.0,-491.0
2024-05-11 05:28:00,570.0,-459.0
2024-05-11 05:29:00,558.0,-458.0
2024-05-11 05:30:00,561.0,-465.0
2024-05-11 05:31:00,570.0,-454.0
2024-05-11 05:32:00,603.0,-452.0
2024-05-11 05:33:00,623.0,-480.0
2024-05-11 05:34:00,588.0,-454.0
2024-05-11 05:35:00,531.0,-393.0
2024-05-11 05:36:00,517.0,-379.0
2024-05-11 05:37:00,572.0,-396.0
2024-05-11 05:38:00,613.0,-443.0
2024-05-11 05:39:00,626.0,-492.0
2024-05-11 05:40:00,642.0,-526.0
2024-05-11 05:41:00,648.0,-544.0
2024-05-11 05:42:00,660.0,-563.0
2024-05-11 05:43:00,658.0,-589.0
2024-05-11 05:44:00,670.0,-599.0
2024-05-11 05:45:00,690.0,-609.0
2024-05-11 05:46:00,666.0,-612.0
2024-05-11 05:47:00,695.0,-646.0
2024-05-11 05:48:00,703.0,-650.0
2024-05-11 05:49:00,711.0,-622.0
2024-05-11 05:50:00,775.0,-633.0
2024-05-11 05:51:00,753.0,-623.0
2024-05-11 05:52:00,724.0,-642.0
2024-05-11 05:53:00,746.0,-689.0
2024-05-11 05:54:00,799.0,-729.0
2024-05-11 05:55:00,784.0,-698.0
2024-05-11 05:56:00,819.0,-712.0
2024-05-11 05:57:00,857.0,-736.0
2024-05-11 05:58:00,850.0,-739.0
2024-05-11 05:59:00,851.0,-750.0
2024-05-11 06:00:00,890.0,-798.0
2024-05-11 06:01:00,910.0,-817.0
2024-05-11 06:02:00,897.0,-812.0
2024-05-11 06:03:00,868.0,-775.0
2024-05-11 06:04:00,901.0,-803.0
2024-05-11 06:05:00,928.0,-836.0
2024-05-11 06:06:00,909.0,-827.0
2024-05-11 06:07:00,798.0,-727.0
2024-05-11 06:08:00,732.0,-662.0
2024-05-11 06:09:00,712.0,-655.0
2024-05-11 06:10:00,689.0,-655.0
2024-05-11 06:11:00,690.0,-661.0
2024-05-11 06:12:00,695.0,-637.0
2024-05-11 06:13:00,651.0,-568.0
2024-05-11 06:14:00,639.0,-607.0
2024-05-11 06:15:00,609.0,-579.0
2024-05-11 06:16:00,569.0,-523.0
2024-05-11 06:17:00,540.0,-460.0
2024-05-11 06:18:00,543.0,-447.0
2024-05-11 06:19:00,579.0,-446.0
2024-05-11 06:20:00,642.0,-440.0
2024-05-11 06:21:00,683.0,-436.0
2024-05-11 06:22:00,720.0,-427.0
2024-05-11 06:23:00,692.0,-389.0
2024-05-11 06:24:00,771.0,-405.0
2024-05-11 06:25:00,785.0,-471.0
2024-05-11 06:26:00,734.0,-476.0
2024-05-11 06:27:00,766.0,-491.0
2024-05-11 06:28:00,820.0,-516.0
2024-05-11 06:29:00,719.0,-462.0
2024-05-11 06:30:00,611.0,-372.0
2024-05-11 06:31:00,557.0,-318.0
2024-05-11 06:32:00,579.0,-312.0
2024-05-11 06:33:00,611.0,-329.0
2024-05-11 06:34:00,547.0,-285.0
2024-05-11 06:35:00,505.0,-250.0
2024-05-11 06:36:00,535.0,-225.0
2024-05-11 06:37:00,545.0,-233.0
2024-05-11 06:38:00,573.0,-250.0
2024-05-11 06:39:00,610.0,-265.0
2024-05-11 06:40:00,582.0,-256.0
2024-05-11 06:41:00,571.0,-235.0
2024-05-11 06:42:00,541.0,-207.0
2024-05-11 06:43:00,532.0,-203.0
2024-05-11 06:44:00,539.0,-235.0
2024-05-11 06:45:00,603.0,-295.0
2024-05-11 06:46:00,716.0,-362.0
2024-05-11 06:47:00,802.0,-415.0
2024-05-11 06:48:00,796.0,-408.0
2024-05-11 06:49:00,767.0,-415.0
2024-05-11 06:50:00,771.0,-406.0
2024-05-11 06:51:00,1176.0,-513.0
2024-05-11 06:52:00,1450.0,-651.0
2024-05-11 06:53:00,1698.0,-756.0
2024-05-11 06:54:00,1849.0,-887.0
2024-05-11 06:55:00,2033.0,-1187.0
2024-05-11 06:56:00,2332.0,-1480.0
2024-05-11 06:57:00,2389.0,-1583.0
2024-05-11 06:58:00,2063.0,-1285.0
2024-05-11 06:59:00,1873.0,-1121.0
2024-05-11 07:00:00,1614.0,-927.0
2024-05-11 07:01:00,1421.0,-762.0
2024-05-11 07:02:00,1244.0,-602.0
2024-05-11 07:03:00,923.0,-412.0
2024-05-11 07:04:00,929.0,-444.0
2024-05-11 07:05:00,1106.0,-611.0
2024-05-11 07:06:00,1135.0,-595.0
2024-05-11 07:07:00,1259.0,-684.0
2024-05-11 07:08:00,1285.0,-710.0
2024-05-11 07:09:00,1172.0,-613.0
2024-05-11 07:10:00,1195.0,-711.0
2024-05-11 07:11:00,1227.0,-823.0
2024-05-11 07:12:00,1309.0,-928.0
2024-05-11 07:13:00,1365.0,-1010.0
2024-05-11 07:14:00,1565.0,-1173.0
2024-05-11 07:15:00,1403.0,-968.0
2024-05-11 07:16:00,1353.0,-816.0
2024-05-11 07:17:00,1359.0,-795.0
2024-05-11 07:18:00,1623.0,-1056.0
2024-05-11 07:19:00,2058.0,-1505.0
2024-05-11 07:20:00,2093.0,-1563.0
2024-05-11 07:21:00,1799.0,-1273.0
2024-05-11 07:22:00,1568.0,-1015.0
2024-05-11 07:23:00,1459.0,-893.0
2024-05-11 07:24:00,1400.0,-917.0
2024-05-11 07:25:00,1344.0,-944.0
2024-05-11 07:26:00,1649.0,-1261.0
2024-05-11 07:27:00,1674.0,-1287.0
2024-05-11 07:28:00,1708.0,-1276.0
2024-05-11 07:29:00,1773.0,-1361.0
2024-05-11 07:30:00,1973.0,-1553.0
2024-05-11 07:31:00,1597.0,-1127.0
2024-05-11 07:32:00,1539.0,-1073.0
2024-05-11 07:33:00,1519.0,-1074.0
2024-05-11 07:34:00,1596.0,-1143.0
2024-05-11 07:35:00,1657.0,-1235.0
2024-05-11 07:36:00,1489.0,-1022.0
2024-05-11 07:37:00,1327.0,-865.0
2024-05-11 07:38:00,1285.0,-791.0
2024-05-11 07:39:00,1340.0,-806.0
2024-05-11 07:40:00,1437.0,-907.0
2024-05-11 07:41:00,1515.0,-944.0
2024-05-11 07:42:00,1807.0,-1150.0
2024-05-11 07:43:00,1962.0,-1317.0
2024-05-11 07:44:00,1893.0,-1267.0
2024-05-11 07:45:00,1966.0,-1203.0
2024-05-11 07:46:00,1676.0,-1008.0
2024-05-11 07:47:00,1670.0,-949.0
2024-05-11 07:48:00,1647.0,-859.0
2024-05-11 07:49:00,1648.0,-869.0
2024-05-11 07:50:00,1590.0,-843.0
2024-05-11 07:51:00,1610.0,-878.0
2024-05-11 07:52:00,1639.0,-919.0
2024-05-11 07:53:00,1434.0,-756.0
2024-05-11 07:54:00,1407.0,-700.0
2024-05-11 07:55:00,1537.0,-711.0
2024-05-11 07:56:00,1601.0,-752.0
2024-05-11 07:57:00,1540.0,-724.0
2024-05-11 07:58:00,1486.0,-709.0
2024-05-11 07:59:00,1509.0,-705.0
2024-05-11 08:00:00,1574.0,-703.0
2024-05-11 08:01:00,1672.0,-701.0
2024-05-11 08:02:00,1639.0,-727.0
2024-05-11 08:03:00,1638.0,-721.0
2024-05-11 08:04:00,1638.0,-711.0
2024-05-11 08:05:00,1609.0,-607.0
2024-05-11 08:06:00,1654.0,-576.0
2024-05-11 08:07:00,1197.0,-538.0
2024-05-11 08:08:00,1134.0,-582.0
2024-05-11 08:09:00,1067.0,-694.0
2024-05-11 08:10:00,876.0,-666.0
2024-05-11 08:11:00,767.0,-599.0
2024-05-11 08:12:00,740.0,-635.0
2024-05-11 08:13:00,1577.0,-578.0
2024-05-11 08:14:00,1359.0,-578.0
2024-05-11 08:15:00,1044.0,-550.0
2024-05-11 08:16:00,854.0,-630.0
2024-05-11 08:17:00,908.0,-748.0
2024-05-11 08:18:00,809.0,-648.0
2024-05-11 08:19:00,822.0,-481.0
2024-05-11 08:20:00,1091.0,-482.0
2024-05-11 08:21:00,1149.0,-621.0
2024-05-11 08:22:00,1146.0,-734.0
2024-05-11 08:23:00,1146.0,-665.0
2024-05-11 08:24:00,861.0,-359.0
2024-05-11 08:25:00,1057.0,-308.0
2024-05-11 08:26:00,1046.0,-270.0
2024-05-11 08:27:00,1218.0,-282.0
2024-05-11 08:28:00,1130.0,-209.0
2024-05-11 08:29:00,1082.0,-137.0
2024-05-11 08:30:00,1087.0,-109.0
2024-05-11 08:31:00,929.0,-154.0
2024-05-11 08:32:00,822.0,-136.0
2024-05-11 08:33:00,806.0,-133.0
2024-05-11 08:34:00,906.0,-127.0
2024-05-11 08:35:00,871.0,-154.0
2024-05-11 08:36:00,911.0,-186.0
2024-05-11 08:37:00,846.0,-272.0
2024-05-11 08:38:00,689.0,-311.0
2024-05-11 08:39:00,653.0,-258.0
2024-05-11 08:40:00,651.0,-191.0
2024-05-11 08:41:00,711.0,-161.0
2024-05-11 08:42:00,694.0,-144.0
2024-05-11 08:43:00,754.0,-154.0
2024-05-11 08:44:00,700.0,-127.0
2024-05-11 08:45:00,650.0,-119.0
2024-05-11 08:46:00,532.0,-154.0
2024-05-11 08:47:00,543.0,-153.0
2024-05-11 08:48:00,537.0,-105.0
2024-05-11 08:49:00,512.0,-64.0
2024-05-11 08:50:00,700.0,-214.0
2024-05-11 08:51:00,983.0,-537.0
2024-05-11 08:52:00,1136.0,-735.0
2024-05-11 08:53:00,1331.0,-895.0
2024-05-11 08:54:00,1468.0,-966.0
2024-05-11 08:55:00,1984.0,-1435.0
2024-05-11 08:56:00,2660.0,-2088.0
2024-05-11 08:57:00,3239.0,-2659.0
2024-05-11 08:58:00,3667.0,-3120.0
2024-05-11 08:59:00,3837.0,-3253.0
2024-05-11 09:00:00,3982.0,-3392.0
2024-05-11 09:01:00,3822.0,-3184.0
2024-05-11 09:02:00,3387.0,-2793.0
2024-05-11 09:03:00,3215.0,-2578.0
2024-05-11 09:04:00,2738.0,-2097.0
2024-05-11 09:05:00,2365.0,-1708.0
2024-05-11 09:06:00,2063.0,-1385.0
2024-05-11 09:07:00,1794.0,-1145.0
2024-05-11 09:08:00,1499.0,-897.0
2024-05-11 09:09:00,1253.0,-723.0
2024-05-11 09:10:00,1088.0,-584.0
2024-05-11 09:11:00,1100.0,-608.0
2024-05-11 09:12:00,1030.0,-598.0
2024-05-11 09:13:00,1044.0,-606.0
2024-05-11 09:14:00,962.0,-555.0
2024-05-11 09:15:00,1005.0,-598.0
2024-05-11 09:16:00,1056.0,-635.0
2024-05-11 09:17:00,1089.0,-645.0
2024-05-11 09:18:00,1104.0,-664.0
2024-05-11 09:19:00,1128.0,-712.0
2024-05-11 09:20:00,1122.0,-747.0
2024-05-11 09:21:00,1302.0,-906.0
2024-05-11 09:22:00,1405.0,-1029.0
2024-05-11 09:23:00,1368.0,-1022.0
2024-05-11 09:24:00,1429.0,-998.0
2024-05-11 09:25:00,1410.0,-950.0
2024-05-11 09:26:00,1465.0,-1089.0
2024-05-11 09:27:00,1333.0,-1021.0
2024-05-11 09:28:00,1381.0,-992.0
2024-05-11 09:29:00,1360.0,-1008.0
2024-05-11 09:30:00,1212.0,-967.0
2024-05-11 09:31:00,1139.0,-934.0
2024-05-11 09:32:00,1087.0,-902.0
2024-05-11 09:33:00,1068.0,-904.0
2024-05-11 09:34:00,1158.0,-1003.0
2024-05-11 09:35:00,1338.0,-1098.0
2024-05-11 09:36:00,1560.0,-1336.0
2024-05-11 09:37:00,1790.0,-1538.0
2024-05-11 09:38:00,1965.0,-1715.0
2024-05-11 09:39:00,2240.0,-1962.0
2024-05-11 09:40:00,2591.0,-2317.0
2024-05-11 09:41:00,3109.0,-2955.0
2024-05-11 09:42:00,3428.0,-3341.0
2024-05-11 09:43:00,3463.0,-3349.0
2024-05-11 09:44:00,3264.0,-3158.0
2024-05-11 09:45:00,2826.0,-2770.0
2024-05-11 09:46:00,2472.0,-2471.0
2024-05-11 09:47:00,2473.0,-2456.0
2024-05-11 09:48:00,2527.0,-2525.0
2024-05-11 09:49:00,2621.0,-2677.0
2024-05-11 09:50:00,2554.0,-2588.0
2024-05-11 09:51:00,2448.0,-2421.0
2024-05-11 09:52:00,2756.0,-2605.0
2024-05-11 09:53:00,2574.0,-2306.0
2024-05-11 09:54:00,2650.0,-2341.0
2024-05-11 09:55:00,2297.0,-2044.0
2024-05-11 09:56:00,1894.0,-1700.0
2024-05-11 09:57:00,2155.0,-1958.0
2024-05-11 09:58:00,2261.0,-2028.0
2024-05-11 09:59:00,2148.0,-1900.0
2024-05-11 10:00:00,2018.0,-1848.0
2024-05-11 10:01:00,2025.0,-1867.0
2024-05-11 10:02:00,1956.0,-1882.0
2024-05-11 10:03:00,1867.0,-1854.0
2024-05-11 10:04:00,1655.0,-1682.0
2024-05-11 10:05:00,1599.0,-1610.0
2024-05-11 10:06:00,1502.0,-1514.0
2024-05-11 10:07:00,1514.0,-1498.0
2024-05-11 10:08:00,1685.0,-1576.0
2024-05-11 10:09:00,1620.0,-1440.0
2024-05-11 10:10:00,1555.0,-1333.0
2024-05-11 10:11:00,1640.0,-1401.0
2024-05-11 10:12:00,1687.0,-1435.0
2024-05-11 10:13:00,1668.0,-1389.0
2024-05-11 10:14:00,1604.0,-1281.0
2024-05-11 10:15:00,1529.0,-1207.0
2024-05-11 10:16:00,1522.0,-1209.0
2024-05-11 10:17:00,1620.0,-1335.0
2024-05-11 10:18:00,1485.0,-1300.0
2024-05-11 10:19:00,1478.0,-1193.0
2024-05-11 10:20:00,1494.0,-1237.0
2024-05-11 10:21:00,1498.0,-1251.0
2024-05-11 10:22:00,1512.0,-1267.0
2024-05-11 10:23:00,1511.0,-1303.0
2024-05-11 10:24:00,1602.0,-1411.0
2024-05-11 10:25:00,1472.0,-1277.0
2024-05-11 10:26:00,1427.0,-1251.0
2024-05-11 10:27:00,1484.0,-1341.0
2024-05-11 10:28:00,1378.0,-1312.0
2024-05-11 10:29:00,1483.0,-1458.0
2024-05-11 10:30:00,1554.0,-1518.0
2024-05-11 10:31:00,1452.0,-1373.0
2024-05-11 10:32:00,1564.0,-1473.0
2024-05-11 10:33:00,1562.0,-1446.0
2024-05-11 10:34:00,1494.0,-1410.0
2024-05-11 10:35:00,1568.0,-1470.0
2024-05-11 10:36:00,1491.0,-1318.0
2024-05-11 10:37:00,1340.0,-1155.0
2024-05-11 10:38:00,1546.0,-1292.0
2024-05-11 10:39:00,1364.0,-1138.0
2024-05-11 10:40:00,1548.0,-1375.0
2024-05-11 10:41:00,1404.0,-1221.0
2024-05-11 10:42:00,1323.0,-1152.0
2024-05-11 10:43:00,1462.0,-1304.0
2024-05-11 10:44:00,1403.0,-1298.0
2024-05-11 10:45:00,1448.0,-1369.0
2024-05-11 10:46:00,1528.0,-1464.0
2024-05-11 10:47:00,1586.0,-1545.0
2024-05-11 10:48:00,1166.0,-1115.0
2024-05-11 10:49:00,1278.0,-1201.0
2024-05-11 10:50:00,1189.0,-1126.0
2024-05-11 10:51:00,1027.0,-971.0
2024-05-11 10:52:00,1058.0,-1012.0
2024-05-11 10:53:00,1288.0,-1214.0
2024-05-11 10:54:00,1854.0,-1741.0
2024-05-11 10:55:00,1846.0,-1701.0
2024-05-11 10:56:00,1581.0,-1416.0
2024-05-11 10:57:00,1247.0,-1074.0
2024-05-11 10:58:00,1033.0,-816.0
2024-05-11 10:59:00,1082.0,-790.0
2024-05-11 11:00:00,1179.0,-768.0
2024-05-11 11:01:00,1082.0,-628.0
2024-05-11 11:02:00,1057.0,-599.0
2024-05-11 11:03:00,1162.0,-619.0
2024-05-11 11:04:00,1205.0,-651.0
2024-05-11 11:05:00,1179.0,-690.0
2024-05-11 11:06:00,1180.0,-767.0
2024-05-11 11:07:00,1169.0,-809.0
2024-05-11 11:08:00,1121.0,-779.0
2024-05-11 11:09:00,1135.0,-737.0
2024-05-11 11:10:00,1082.0,-644.0
2024-05-11 11:11:00,1001.0,-563.0
2024-05-11 11:12:00,967.0,-536.0
2024-05-11 11:13:00,906.0,-477.0
2024-05-11 11:14:00,882.0,-466.0
2024-05-11 11:15:00,867.0,-462.0
2024-05-11 11:16:00,843.0,-512.0
2024-05-11 11:17:00,742.0,-535.0
2024-05-11 11:18:00,637.0,-550.0
2024-05-11 11:19:00,624.0,-566.0
2024-05-11 11:20:00,642.0,-595.0
2024-05-11 11:21:00,605.0,-581.0
2024-05-11 11:22:00,638.0,-568.0
2024-05-11 11:23:00,663.0,-560.0
2024-05-11 11:24:00,661.0,-581.0
2024-05-11 11:25:00,725.0,-609.0
2024-05-11 11:26:00,752.0,-630.0
2024-05-11 11:27:00,758.0,-606.0
2024-05-11 11:28:00,772.0,-584.0
2024-05-11 11:29:00,781.0,-586.0
2024-05-11 11:30:00,782.0,-595.0
2024-05-11 11:31:00,928.0,-650.0
2024-05-11 11:32:00,931.0,-721.0
2024-05-11 11:33:00,1003.0,-744.0
2024-05-11 11:34:00,1021.0,-709.0
2024-05-11 11:35:00,1023.0,-638.0
2024-05-11 11:36:00,835.0,-512.0
2024-05-11 11:37:00,720.0,-463.0
2024-05-11 11:38:00,694.0,-473.0
2024-05-11 11:39:00,683.0,-460.0
2024-05-11 11:40:00,806.0,-530.0
2024-05-11 11:41:00,909.0,-598.0
2024-05-11 11:42:00,933.0,-605.0
2024-05-11 11:43:00,959.0,-650.0
2024-05-11 11:44:00,1180.0,-799.0
2024-05-11 11:45:00,1328.0,-761.0
2024-05-11 11:46:00,1378.0,-640.0
2024-05-11 11:47:00,1367.0,-670.0
2024-05-11 11:48:00,1353.0,-703.0
2024-05-11 11:49:00,1422.0,-797.0
2024-05-11 11:50:00,1403.0,-783.0
2024-05-11 11:51:00,1264.0,-592.0
2024-05-11 11:52:00,1273.0,-498.0
2024-05-11 11:53:00,1189.0,-437.0
2024-05-11 11:54:00,1123.0,-394.0
2024-05-11 11:55:00,1188.0,-473.0
2024-05-11 11:56:00,1317.0,-597.0
2024-05-11 11:57:00,1297.0,-653.0
2024-05-11 11:58:00,1266.0,-646.0
2024-05-11 11:59:00,1290.0,-632.0
2024-05-11 12:00:00,1237.0,-539.0
2024-05-11 12:01:00,1183.0,-440.0
2024-05-11 12:02:00,1156.0,-334.0
2024-05-11 12:03:00,1186.0,-316.0
2024-05-11 12:04:00,1197.0,-292.0
2024-05-11 12:05:00,1235.0,-312.0
2024-05-11 12:06:00,1338.0,-393.0
2024-05-11 12:07:00,1418.0,-373.0
2024-05-11 12:08:00,1669.0,-400.0
2024-05-11 12:09:00,1688.0,-334.0
2024-05-11 12:10:00,1752.0,-343.0
2024-05-11 12:11:00,1804.0,-373.0
2024-05-11 12:12:00,1705.0,-333.0
2024-05-11 12:13:00,1562.0,-300.0
2024-05-11 12:14:00,1473.0,-237.0
2024-05-11 12:15:00,1353.0,-184.0
2024-05-11 12:16:00,1303.0,-155.0
2024-05-11 12:17:00,1278.0,-158.0
2024-05-11 12:18:00,1341.0,-195.0
2024-05-11 12:19:00,1276.0,-155.0
2024-05-11 12:20:00,1311.0,-134.0
2024-05-11 12:21:00,1263.0,-107.0
2024-05-11 12:22:00,1339.0,-160.0
2024-05-11 12:23:00,1421.0,-213.0
2024-05-11 12:24:00,1420.0,-230.0
2024-05-11 12:25:00,1400.0,-269.0
2024-05-11 12:26:00,1447.0,-316.0
2024-05-11 12:27:00,1472.0,-320.0
2024-05-11 12:28:00,1477.0,-347.0
2024-05-11 12:29:00,1457.0,-343.0
2024-05-11 12:30:00,1389.0,-328.0
2024-05-11 12:31:00,1341.0,-345.0
2024-05-11 12:32:00,1228.0,-243.0
2024-05-11 12:33:00,1147.0,-201.0
2024-05-11 12:34:00,1161.0,-274.0
2024-05-11 12:35:00,1172.0,-330.0
2024-05-11 12:36:00,1100.0,-294.0
2024-05-11 12:37:00,1108.0,-329.0
2024-05-11 12:38:00,1159.0,-403.0
2024-05-11 12:39:00,1256.0,-492.0
2024-05-11 12:40:00,1565.0,-823.0
2024-05-11 12:41:00,2191.0,-1501.0
2024-05-11 12:42:00,2598.0,-1938.0
2024-05-11 12:43:00,2808.0,-2140.0
2024-05-11 12:44:00,2438.0,-1791.0
2024-05-11 12:45:00,2261.0,-1594.0
2024-05-11 12:46:00,2323.0,-1683.0
2024-05-11 12:47:00,2401.0,-1801.0
2024-05-11 12:48:00,2159.0,-1622.0
2024-05-11 12:49:00,2159.0,-1664.0
2024-05-11 12:50:00,2056.0,-1607.0
2024-05-11 12:51:00,1906.0,-1498.0
2024-05-11 12:52:00,1812.0,-1442.0
2024-05-11 12:53:00,2094.0,-1749.0
2024-05-11 12:54:00,2068.0,-1741.0
2024-05-11 12:55:00,2006.0,-1686.0
2024-05-11 12:56:00,1839.0,-1520.0
2024-05-11 12:57:00,1860.0,-1523.0
2024-05-11 12:58:00,1849.0,-1535.0
2024-05-11 12:59:00,1767.0,-1508.0
2024-05-11 13:00:00,1900.0,-1673.0
2024-05-11 13:01:00,1784.0,-1600.0
2024-05-11 13:02:00,1766.0,-1627.0
2024-05-11 13:03:00,1796.0,-1686.0
2024-05-11 13:04:00,1774.0,-1708.0
2024-05-11 13:05:00,2001.0,-1956.0
2024-05-11 13:06:00,2005.0,-1974.0
2024-05-11 13:07:00,1715.0,-1706.0
2024-05-11 13:08:00,1549.0,-1564.0
2024-05-11 13:09:00,1437.0,-1496.0
2024-05-11 13:10:00,1246.0,-1314.0
2024-05-11 13:11:00,1258.0,-1335.0
2024-05-11 13:12:00,1389.0,-1476.0
2024-05-11 13:13:00,1481.0,-1572.0
2024-05-11 13:14:00,1615.0,-1668.0
2024-05-11 13:15:00,1516.0,-1594.0
2024-05-11 13:16:00,1606.0,-1682.0
2024-05-11 13:17:00,1645.0,-1788.0
2024-05-11 13:18:00,1787.0,-1958.0
2024-05-11 13:19:00,1923.0,-2094.0
2024-05-11 13:20:00,1967.0,-2091.0
2024-05-11 13:21:00,2027.0,-2106.0
2024-05-11 13:22:00,2270.0,-2321.0
2024-05-11 13:23:00,2359.0,-2401.0
2024-05-11 13:24:00,2090.0,-2122.0
2024-05-11 13:25:00,2002.0,-2002.0
2024-05-11 13:26:00,2212.0,-2180.0
2024-05-11 13:27:00,2213.0,-2125.0
2024-05-11 13:28:00,2274.0,-2168.0
2024-05-11 13:29:00,2330.0,-2240.0
2024-05-11 13:30:00,2336.0,-2296.0
2024-05-11 13:31:00,2455.0,-2391.0
2024-05-11 13:32:00,2542.0,-2458.0
2024-05-11 13:33:00,2358.0,-2278.0
2024-05-11 13:34:00,2390.0,-2327.0
2024-05-11 13:35:00,2360.0,-2260.0
2024-05-11 13:36:00,2388.0,-2246.0
2024-05-11 13:37:00,2338.0,-2209.0
2024-05-11 13:38:00,2314.0,-2159.0
2024-05-11 13:39:00,2310.0,-2091.0
2024-05-11 13:40:00,2171.0,-1932.0
2024-05-11 13:41:00,2002.0,-1771.0
2024-05-11 13:42:00,1897.0,-1629.0
2024-05-11 13:43:00,1733.0,-1469.0
2024-05-11 13:44:00,2010.0,-1817.0
2024-05-11 13:45:00,2185.0,-2007.0
2024-05-11 13:46:00,2098.0,-1942.0
2024-05-11 13:47:00,1957.0,-1830.0
2024-05-11 13:48:00,1949.0,-1807.0
2024-05-11 13:49:00,1889.0,-1679.0
2024-05-11 13:50:00,1690.0,-1442.0
2024-05-11 13:51:00,1761.0,-1494.0
2024-05-11 13:52:00,1860.0,-1576.0
2024-05-11 13:53:00,1876.0,-1563.0
2024-05-11 13:54:00,1902.0,-1623.0
2024-05-11 13:55:00,1755.0,-1472.0
2024-05-11 13:56:00,1743.0,-1401.0
2024-05-11 13:57:00,1684.0,-1318.0
2024-05-11 13:58:00,2456.0,-2012.0
2024-05-11 13:59:00,2619.0,-2144.0
2024-05-11 14:00:00,2416.0,-1946.0
2024-05-11 14:01:00,2188.0,-1711.0
2024-05-11 14:02:00,1892.0,-1366.0
2024-05-11 14:03:00,1826.0,-1301.0
2024-05-11 14:04:00,1718.0,-1210.0
2024-05-11 14:05:00,1711.0,-1179.0
2024-05-11 14:06:00,1492.0,-976.0
2024-05-11 14:07:00,1487.0,-945.0
2024-05-11 14:08:00,1421.0,-900.0
2024-05-11 14:09:00,1451.0,-928.0
2024-05-11 14:10:00,1568.0,-1026.0
2024-05-11 14:11:00,1603.0,-1045.0
2024-05-11 14:12:00,1549.0,-994.0
2024-05-11 14:13:00,1497.0,-924.0
2024-05-11 14:14:00,1495.0,-919.0
2024-05-11 14:15:00,1408.0,-844.0
2024-05-11 14:16:00,1291.0,-760.0
2024-05-11 14:17:00,1152.0,-638.0
2024-05-11 14:18:00,1017.0,-508.0
2024-05-11 14:19:00,996.0,-463.0
2024-05-11 14:20:00,1004.0,-432.0
2024-05-11 14:21:00,1074.0,-456.0
2024-05-11 14:22:00,1003.0,-420.0
2024-05-11 14:23:00,996.0,-406.0
2024-05-11 14:24:00,955.0,-373.0
2024-05-11 14:25:00,1001.0,-403.0
2024-05-11 14:26:00,1057.0,-435.0
2024-05-11 14:27:00,1080.0,-480.0
2024-05-11 14:28:00,1089.0,-517.0
2024-05-11 14:29:00,1107.0,-518.0
2024-05-11 14:30:00,1250.0,-649.0
2024-05-11 14:31:00,1655.0,-1071.0
2024-05-11 14:32:00,2131.0,-1593.0
2024-05-11 14:33:00,2361.0,-1827.0
2024-05-11 14:34:00,2706.0,-2140.0
2024-05-11 14:35:00,2733.0,-2158.0
2024-05-11 14:36:00,2658.0,-2083.0
2024-05-11 14:37:00,2426.0,-1839.0
2024-05-11 14:38:00,2265.0,-1643.0
2024-05-11 14:39:00,2089.0,-1446.0
2024-05-11 14:40:00,2248.0,-1610.0
2024-05-11 14:41:00,2366.0,-1745.0
2024-05-11 14:42:00,2691.0,-2044.0
2024-05-11 14:43:00,2864.0,-2189.0
2024-05-11 14:44:00,2553.0,-1935.0
2024-05-11 14:45:00,2275.0,-1738.0
2024-05-11 14:46:00,2107.0,-1611.0
2024-05-11 14:47:00,1994.0,-1510.0
2024-05-11 14:48:00,1847.0,-1371.0
2024-05-11 14:49:00,1872.0,-1405.0
2024-05-11 14:50:00,1872.0,-1411.0
2024-05-11 14:51:00,1865.0,-1364.0
2024-05-11 14:52:00,1776.0,-1297.0
2024-05-11 14:53:00,1536.0,-1130.0
2024-05-11 14:54:00,1493.0,-1122.0
2024-05-11 14:55:00,1587.0,-1250.0
2024-05-11 14:56:00,1639.0,-1342.0
2024-05-11 14:57:00,1655.0,-1351.0
2024-05-11 14:58:00,1640.0,-1301.0
2024-05-11 14:59:00,1630.0,-1220.0
2024-05-11 15:00:00,1424.0,-983.0
2024-05-11 15:01:00,1371.0,-910.0
2024-05-11 15:02:00,1425.0,-948.0
2024-05-11 15:03:00,1470.0,-970.0
2024-05-11 15:04:00,1504.0,-972.0
2024-05-11 15:05:00,1581.0,-1068.0
2024-05-11 15:06:00,1563.0,-1053.0
2024-05-11 15:07:00,1640.0,-1125.0
2024-05-11 15:08:00,1614.0,-1099.0
2024-05-11 15:09:00,1668.0,-1188.0
2024-05-11 15:10:00,1831.0,-1366.0
2024-05-11 15:11:00,1914.0,-1394.0
2024-05-11 15:12:00,1756.0,-1234.0
2024-05-11 15:13:00,1670.0,-1112.0
2024-05-11 15:14:00,1646.0,-1080.0
2024-05-11 15:15:00,1688.0,-1129.0
2024-05-11 15:16:00,1673.0,-1114.0
2024-05-11 15:17:00,1639.0,-1085.0
2024-05-11 15:18:00,1543.0,-1016.0
2024-05-11 15:19:00,1559.0,-1082.0
2024-05-11 15:20:00,1554.0,-1130.0
2024-05-11 15:21:00,1522.0,-1140.0
2024-05-11 15:22:00,1473.0,-1169.0
2024-05-11 15:23:00,1437.0,-1231.0
2024-05-11 15:24:00,1383.0,-1143.0
2024-05-11 15:25:00,1403.0,-1138.0
2024-05-11 15:26:00,1316.0,-1146.0
2024-05-11 15:27:00,1286.0,-1083.0
2024-05-11 15:28:00,1332.0,-1098.0
2024-05-11 15:29:00,1333.0,-1076.0
2024-05-11 15:30:00,1374.0,-1097.0
2024-05-11 15:31:00,1411.0,-1134.0
2024-05-11 15:32:00,1388.0,-1084.0
2024-05-11 15:33:00,1460.0,-1075.0
2024-05-11 15:34:00,1558.0,-1103.0
2024-05-11 15:35:00,1593.0,-1109.0
2024-05-11 15:36:00,1641.0,-1129.0
2024-05-11 15:37:00,1669.0,-1157.0
2024-05-11 15:38:00,1697.0,-1198.0
2024-05-11 15:39:00,1817.0,-1348.0
2024-05-11 15:40:00,1970.0,-1527.0
2024-05-11 15:41:00,2072.0,-1671.0
2024-05-11 15:42:00,2214.0,-1856.0
2024-05-11 15:43:00,2417.0,-2044.0
2024-05-11 15:44:00,2406.0,-2057.0
2024-05-11 15:45:00,2079.0,-1743.0
2024-05-11 15:46:00,1879.0,-1547.0
2024-05-11 15:47:00,1948.0,-1631.0
2024-05-11 15:48:00,1993.0,-1696.0
2024-05-11 15:49:00,1950.0,-1672.0
2024-05-11 15:50:00,1915.0,-1654.0
2024-05-11 15:51:00,1766.0,-1495.0
2024-05-11 15:52:00,1497.0,-1295.0
2024-05-11 15:53:00,1425.0,-1230.0
2024-05-11 15:54:00,1374.0,-1180.0
2024-05-11 15:55:00,1352.0,-1118.0
2024-05-11 15:56:00,1349.0,-1171.0
2024-05-11 15:57:00,1153.0,-1035.0
2024-05-11 15:58:00,983.0,-886.0
2024-05-11 15:59:00,800.0,-723.0
2024-05-11 16:00:00,861.0,-680.0
2024-05-11 16:01:00,1080.0,-806.0
2024-05-11 16:02:00,1109.0,-787.0
2024-05-11 16:03:00,1117.0,-766.0
2024-05-11 16:04:00,1119.0,-805.0
2024-05-11 16:05:00,1132.0,-919.0
2024-05-11 16:06:00,1210.0,-1161.0
2024-05-11 16:07:00,1343.0,-1362.0
2024-05-11 16:08:00,1432.0,-1441.0
2024-05-11 16:09:00,1307.0,-1327.0
2024-05-11 16:10:00,1217.0,-1245.0
2024-05-11 16:11:00,1095.0,-1104.0
2024-05-11 16:12:00,1005.0,-1003.0
2024-05-11 16:13:00,755.0,-770.0
2024-05-11 16:14:00,617.0,-644.0
2024-05-11 16:15:00,650.0,-685.0
2024-05-11 16:16:00,755.0,-796.0
2024-05-11 16:17:00,953.0,-985.0
2024-05-11 16:18:00,1109.0,-1104.0
2024-05-11 16:19:00,1411.0,-1389.0
2024-05-11 16:20:00,1605.0,-1571.0
2024-05-11 16:21:00,1703.0,-1662.0
2024-05-11 16:22:00,1689.0,-1647.0
2024-05-11 16:23:00,1508.0,-1474.0
2024-05-11 16:24:00,1315.0,-1287.0
2024-05-11 16:25:00,1181.0,-1159.0
2024-05-11 16:26:00,1222.0,-1179.0
2024-05-11 16:27:00,1438.0,-1357.0
2024-05-11 16:28:00,1770.0,-1664.0
2024-05-11 16:29:00,1864.0,-1742.0
2024-05-11 16:30:00,1634.0,-1503.0
2024-05-11 16:31:00,1404.0,-1272.0
2024-05-11 16:32:00,1426.0,-1243.0
2024-05-11 16:33:00,1494.0,-1289.0
2024-05-11 16:34:00,1495.0,-1338.0
2024-05-11 16:35:00,1451.0,-1320.0
2024-05-11 16:36:00,1296.0,-1172.0
2024-05-11 16:37:00,1275.0,-1133.0
2024-05-11 16:38:00,1230.0,-1067.0
2024-05-11 16:39:00,1091.0,-910.0
2024-05-11 16:40:00,982.0,-786.0
2024-05-11 16:41:00,962.0,-754.0
2024-05-11 16:42:00,1024.0,-808.0
2024-05-11 16:43:00,1138.0,-884.0
2024-05-11 16:44:00,1192.0,-930.0
2024-05-11 16:45:00,1123.0,-852.0
2024-05-11 16:46:00,1073.0,-801.0
2024-05-11 16:47:00,991.0,-728.0
2024-05-11 16:48:00,1075.0,-809.0
2024-05-11 16:49:00,1220.0,-946.0
2024-05-11 16:50:00,1295.0,-1019.0
2024-05-11 16:51:00,1319.0,-1041.0
2024-05-11 16:52:00,1275.0,-983.0
2024-05-11 16:53:00,1213.0,-924.0
2024-05-11 16:54:00,1151.0,-856.0
2024-05-11 16:55:00,1115.0,-820.0
2024-05-11 16:56:00,1125.0,-840.0
2024-05-11 16:57:00,1157.0,-882.0
2024-05-11 16:58:00,1142.0,-886.0
2024-05-11 16:59:00,1163.0,-912.0
2024-05-11 17:00:00,1232.0,-966.0
2024-05-11 17:01:00,1158.0,-902.0
2024-05-11 17:02:00,1054.0,-821.0
2024-05-11 17:03:00,998.0,-776.0
2024-05-11 17:04:00,981.0,-748.0
2024-05-11 17:05:00,923.0,-671.0
2024-05-11 17:06:00,828.0,-583.0
2024-05-11 17:07:00,808.0,-578.0
2024-05-11 17:08:00,845.0,-648.0
2024-05-11 17:09:00,835.0,-680.0
2024-05-11 17:10:00,771.0,-618.0
2024-05-11 17:11:00,710.0,-580.0
2024-05-11 17:12:00,815.0,-643.0
2024-05-11 17:13:00,869.0,-674.0
2024-05-11 17:14:00,912.0,-696.0
2024-05-11 17:15:00,957.0,-730.0
2024-05-11 17:16:00,977.0,-738.0
2024-05-11 17:17:00,927.0,-691.0
2024-05-11 17:18:00,910.0,-644.0
2024-05-11 17:19:00,918.0,-627.0
2024-05-11 17:20:00,925.0,-647.0
2024-05-11 17:21:00,830.0,-589.0
2024-05-11 17:22:00,867.0,-655.0
2024-05-11 17:23:00,995.0,-751.0
2024-05-11 17:24:00,1145.0,-847.0
2024-05-11 17:25:00,1314.0,-996.0
2024-05-11 17:26:00,1343.0,-1078.0
2024-05-11 17:27:00,1197.0,-1006.0
2024-05-11 17:28:00,1201.0,-974.0
2024-05-11 17:29:00,1155.0,-934.0
2024-05-11 17:30:00,1008.0,-812.0
2024-05-11 17:31:00,901.0,-697.0
2024-05-11 17:32:00,879.0,-636.0
2024-05-11 17:33:00,897.0,-608.0
2024-05-11 17:34:00,963.0,-630.0
2024-05-11 17:35:00,974.0,-620.0
2024-05-11 17:36:00,968.0,-607.0
2024-05-11 17:37:00,847.0,-484.0
2024-05-11 17:38:00,723.0,-378.0
2024-05-11 17:39:00,739.0,-383.0
2024-05-11 17:40:00,841.0,-450.0
2024-05-11 17:41:00,810.0,-393.0
2024-05-11 17:42:00,785.0,-361.0
2024-05-11 17:43:00,841.0,-394.0
2024-05-11 17:44:00,941.0,-473.0
2024-05-11 17:45:00,916.0,-449.0
2024-05-11 17:46:00,896.0,-475.0
2024-05-11 17:47:00,1054.0,-614.0
2024-05-11 17:48:00,1043.0,-623.0
2024-05-11 17:49:00,809.0,-427.0
2024-05-11 17:50:00,801.0,-437.0
2024-05-11 17:51:00,833.0,-469.0
2024-05-11 17:52:00,710.0,-355.0
2024-05-11 17:53:00,704.0,-342.0
2024-05-11 17:54:00,775.0,-393.0
2024-05-11 17:55:00,796.0,-441.0
2024-05-11 17:56:00,675.0,-390.0
2024-05-11 17:57:00,491.0,-303.0
2024-05-11 17:58:00,364.0,-222.0
2024-05-11 17:59:00,376.0,-219.0
2024-05-11 18:00:00,448.0,-258.0
2024-05-11 18:01:00,574.0,-328.0
2024-05-11 18:02:00,623.0,-311.0
2024-05-11 18:03:00,578.0,-246.0
2024-05-11 18:04:00,515.0,-194.0
2024-05-11 18:05:00,524.0,-193.0
2024-05-11 18:06:00,610.0,-241.0
2024-05-11 18:07:00,681.0,-268.0
2024-05-11 18:08:00,712.0,-325.0
2024-05-11 18:09:00,749.0,-393.0
2024-05-11 18:10:00,738.0,-391.0
2024-05-11 18:11:00,645.0,-316.0
2024-05-11 18:12:00,558.0,-240.0
2024-05-11 18:13:00,524.0,-219.0
2024-05-11 18:14:00,609.0,-293.0
2024-05-11 18:15:00,499.0,-186.0
2024-05-11 18:16:00,560.0,-260.0
2024-05-11 18:17:00,311.0,-56.0
2024-05-11 18:18:00,294.0,-52.0
2024-05-11 18:19:00,310.0,-49.0
2024-05-11 18:20:00,334.0,-57.0
2024-05-11 18:21:00,644.0,-250.0
2024-05-11 18:22:00,734.0,-401.0
2024-05-11 18:23:00,722.0,-436.0
2024-05-11 18:24:00,735.0,-421.0
2024-05-11 18:25:00,999.0,-597.0
2024-05-11 18:26:00,1138.0,-692.0
2024-05-11 18:27:00,877.0,-521.0
2024-05-11 18:28:00,633.0,-297.0
2024-05-11 18:29:00,621.0,-240.0
2024-05-11 18:30:00,643.0,-230.0
2024-05-11 18:31:00,659.0,-238.0
2024-05-11 18:32:00,638.0,-220.0
2024-05-11 18:33:00,628.0,-235.0
2024-05-11 18:34:00,544.0,-195.0
2024-05-11 18:35:00,528.0,-137.0
2024-05-11 18:36:00,500.0,-76.0
2024-05-11 18:37:00,379.0,-22.0
2024-05-11 18:38:00,311.0,-14.0
2024-05-11 18:39:00,386.0,-29.0
2024-05-11 18:40:00,462.0,-33.0
2024-05-11 18:41:00,416.0,17.0
2024-05-11 18:42:00,291.0,-11.0
2024-05-11 18:43:00,448.0,-46.0
2024-05-11 18:44:00,529.0,-90.0
2024-05-11 18:45:00,582.0,-142.0
2024-05-11 18:46:00,495.0,-175.0
2024-05-11 18:47:00,513.0,-162.0
2024-05-11 18:48:00,551.0,-177.0
2024-05-11 18:49:00,581.0,-234.0
2024-05-11 18:50:00,581.0,-327.0
2024-05-11 18:51:00,596.0,-349.0
2024-05-11 18:52:00,621.0,-347.0
2024-05-11 18:53:00,601.0,-343.0
2024-05-11 18:54:00,509.0,-291.0
2024-05-11 18:55:00,459.0,-249.0
2024-05-11 18:56:00,403.0,-186.0
2024-05-11 18:57:00,402.0,-164.0
2024-05-11 18:58:00,473.0,-207.0
2024-05-11 18:59:00,549.0,-267.0
2024-05-11 19:00:00,507.0,-258.0
2024-05-11 19:01:00,575.0,-339.0
2024-05-11 19:02:00,595.0,-352.0
2024-05-11 19:03:00,497.0,-261.0
2024-05-11 19:04:00,430.0,-178.0
2024-05-11 19:05:00,426.0,-170.0
2024-05-11 19:06:00,456.0,-214.0
2024-05-11 19:07:00,547.0,-295.0
2024-05-11 19:08:00,509.0,-241.0
2024-05-11 19:09:00,577.0,-286.0
2024-05-11 19:10:00,636.0,-314.0
2024-05-11 19:11:00,738.0,-391.0
2024-05-11 19:12:00,725.0,-416.0
2024-05-11 19:13:00,670.0,-365.0
2024-05-11 19:14:00,656.0,-339.0
2024-05-11 19:15:00,796.0,-412.0
2024-05-11 19:16:00,969.0,-551.0
2024-05-11 19:17:00,1123.0,-674.0
2024-05-11 19:18:00,1305.0,-816.0
2024-05-11 19:19:00,1500.0,-1008.0
2024-05-11 19:20:00,1772.0,-1260.0
2024-05-11 19:21:00,1890.0,-1342.0
2024-05-11 19:22:00,1891.0,-1311.0
2024-05-11 19:23:00,1709.0,-1099.0
2024-05-11 19:24:00,1604.0,-991.0
2024-05-11 19:25:00,1565.0,-964.0
2024-05-11 19:26:00,1327.0,-839.0
2024-05-11 19:27:00,1215.0,-767.0
2024-05-11 19:28:00,1145.0,-748.0
2024-05-11 19:29:00,966.0,-627.0
2024-05-11 19:30:00,783.0,-446.0
2024-05-11 19:31:00,650.0,-340.0
2024-05-11 19:32:00,644.0,-299.0
2024-05-11 19:33:00,675.0,-276.0
2024-05-11 19:34:00,654.0,-265.0
2024-05-11 19:35:00,544.0,-207.0
2024-05-11 19:36:00,533.0,-266.0
2024-05-11 19:37:00,605.0,-375.0
2024-05-11 19:38:00,388.0,-215.0
2024-05-11 19:39:00,428.0,-230.0
2024-05-11 19:40:00,503.0,-226.0
2024-05-11 19:41:00,609.0,-181.0
2024-05-11 19:42:00,776.0,-368.0
2024-05-11 19:43:00,505.0,-186.0
2024-05-11 19:44:00,337.0,-91.0
2024-05-11 19:45:00,284.0,-93.0
2024-05-11 19:46:00,284.0,-104.0
2024-05-11 19:47:00,253.0,-129.0
2024-05-11 19:48:00,324.0,-155.0
2024-05-11 19:49:00,363.0,-186.0
2024-05-11 19:50:00,444.0,-196.0
2024-05-11 19:51:00,417.0,-182.0
2024-05-11 19:52:00,352.0,-139.0
2024-05-11 19:53:00,268.0,-119.0
2024-05-11 19:54:00,241.0,-117.0
2024-05-11 19:55:00,227.0,-106.0
2024-05-11 19:56:00,193.0,-71.0
2024-05-11 19:57:00,175.0,-66.0
2024-05-11 19:58:00,177.0,-60.0
2024-05-11 19:59:00,155.0,-88.0
2024-05-11 20:00:00,202.0,-77.0
2024-05-11 20:01:00,169.0,-15.0
2024-05-11 20:02:00,148.0,-61.0
2024-05-11 20:03:00,243.0,-47.0
2024-05-11 20:04:00,244.0,-60.0
2024-05-11 20:05:00,179.0,-85.0
2024-05-11 20:06:00,262.0,-115.0
2024-05-11 20:07:00,306.0,-168.0
2024-05-11 20:08:00,274.0,-124.0
2024-05-11 20:09:00,257.0,-125.0
2024-05-11 20:10:00,331.0,-144.0
2024-05-11 20:11:00,332.0,-79.0
2024-05-11 20:12:00,246.0,-70.0
2024-05-11 20:13:00,323.0,-76.0
2024-05-11 20:14:00,471.0,-95.0
2024-05-11 20:15:00,630.0,-118.0
2024-05-11 20:16:00,687.0,-41.0
2024-05-11 20:17:00,703.0,-78.0
2024-05-11 20:18:00,463.0,-97.0
2024-05-11 20:19:00,274.0,-114.0
2024-05-11 20:20:00,306.0,-126.0
2024-05-11 20:21:00,336.0,-159.0
2024-05-11 20:22:00,354.0,-158.0
2024-05-11 20:23:00,383.0,-179.0
2024-05-11 20:24:00,426.0,-193.0
2024-05-11 20:25:00,469.0,-198.0
2024-05-11 20:26:00,601.0,-299.0
2024-05-11 20:27:00,727.0,-402.0
2024-05-11 20:28:00,740.0,-389.0
2024-05-11 20:29:00,726.0,-333.0
2024-05-11 20:30:00,808.0,-395.0
2024-05-11 20:31:00,922.0,-492.0
2024-05-11 20:32:00,809.0,-377.0
2024-05-11 20:33:00,676.0,-273.0
2024-05-11 20:34:00,706.0,-299.0
2024-05-11 20:35:00,731.0,-298.0
2024-05-11 20:36:00,724.0,-264.0
2024-05-11 20:37:00,744.0,-273.0
2024-05-11 20:38:00,784.0,-287.0
2024-05-11 20:39:00,721.0,-254.0
2024-05-11 20:40:00,953.0,-460.0
2024-05-11 20:41:00,989.0,-472.0
2024-05-11 20:42:00,827.0,-300.0
2024-05-11 20:43:00,873.0,-303.0
2024-05-11 20:44:00,1153.0,-573.0
2024-05-11 20:45:00,1286.0,-719.0
2024-05-11 20:46:00,1199.0,-657.0
2024-05-11 20:47:00,1255.0,-710.0
2024-05-11 20:48:00,1418.0,-877.0
2024-05-11 20:49:00,1542.0,-1004.0
2024-05-11 20:50:00,1699.0,-1173.0
2024-05-11 20:51:00,1767.0,-1259.0
2024-05-11 20:52:00,1802.0,-1330.0
2024-05-11 20:53:00,1726.0,-1271.0
2024-05-11 20:54:00,1661.0,-1244.0
2024-05-11 20:55:00,1463.0,-1052.0
2024-05-11 20:56:00,1225.0,-815.0
2024-05-11 20:57:00,1137.0,-771.0
2024-05-11 20:58:00,1037.0,-725.0
2024-05-11 20:59:00,1016.0,-706.0
2024-05-11 21:00:00,983.0,-662.0
2024-05-11 21:01:00,898.0,-569.0
2024-05-11 21:02:00,854.0,-518.0
2024-05-11 21:03:00,866.0,-544.0
2024-05-11 21:04:00,815.0,-547.0
2024-05-11 21:05:00,819.0,-569.0
2024-05-11 21:06:00,800.0,-528.0
2024-05-11 21:07:00,1019.0,-738.0
2024-05-11 21:08:00,1308.0,-1032.0
2024-05-11 21:09:00,1396.0,-1122.0
2024-05-11 21:10:00,1349.0,-1069.0
2024-05-11 21:11:00,1252.0,-948.0
2024-05-11 21:12:00,1185.0,-884.0
2024-05-11 21:13:00,1137.0,-784.0
2024-05-11 21:14:00,1011.0,-667.0
2024-05-11 21:15:00,1025.0,-821.0
2024-05-11 21:16:00,1094.0,-868.0
2024-05-11 21:17:00,1032.0,-747.0
2024-05-11 21:18:00,1172.0,-739.0
2024-05-11 21:19:00,1262.0,-810.0
2024-05-11 21:20:00,1350.0,-859.0
2024-05-11 21:21:00,1432.0,-960.0
2024-05-11 21:22:00,1365.0,-871.0
2024-05-11 21:23:00,1316.0,-790.0
2024-05-11 21:24:00,1255.0,-784.0
2024-05-11 21:25:00,1222.0,-781.0
2024-05-11 21:26:00,1185.0,-713.0
2024-05-11 21:27:00,1101.0,-615.0
2024-05-11 21:28:00,1120.0,-566.0
2024-05-11 21:29:00,1069.0,-549.0
2024-05-11 21:30:00,1037.0,-566.0
2024-05-11 21:31:00,1000.0,-571.0
2024-05-11 21:32:00,926.0,-537.0
2024-05-11 21:33:00,850.0,-521.0
2024-05-11 21:34:00,893.0,-585.0
2024-05-11 21:35:00,936.0,-564.0
2024-05-11 21:36:00,946.0,-552.0
2024-05-11 21:37:00,1045.0,-591.0
2024-05-11 21:38:00,1102.0,-610.0
2024-05-11 21:39:00,1013.0,-623.0
2024-05-11 21:40:00,907.0,-586.0
2024-05-11 21:41:00,870.0,-577.0
2024-05-11 21:42:00,757.0,-520.0
2024-05-11 21:43:00,670.0,-435.0
2024-05-11 21:44:00,616.0,-368.0
2024-05-11 21:45:00,601.0,-354.0
2024-05-11 21:46:00,569.0,-339.0
2024-05-11 21:47:00,528.0,-306.0
2024-05-11 21:48:00,470.0,-273.0
2024-05-11 21:49:00,471.0,-269.0
2024-05-11 21:50:00,454.0,-276.0
2024-05-11 21:51:00,420.0,-249.0
2024-05-11 21:52:00,399.0,-222.0
2024-05-11 21:53:00,397.0,-220.0
2024-05-11 21:54:00,435.0,-248.0
2024-05-11 21:55:00,430.0,-243.0
2024-05-11 21:56:00,414.0,-242.0
2024-05-11 21:57:00,399.0,-237.0
2024-05-11 21:58:00,436.0,-245.0
2024-05-11 21:59:00,479.0,-236.0
2024-05-11 22:00:00,479.0,-232.0
2024-05-11 22:01:00,486.0,-228.0
2024-05-11 22:02:00,449.0,-248.0
2024-05-11 22:03:00,429.0,-294.0
2024-05-11 22:04:00,447.0,-301.0
2024-05-11 22:05:00,453.0,-301.0
2024-05-11 22:06:00,520.0,-262.0
2024-05-11 22:07:00,535.0,-260.0
2024-05-11 22:08:00,448.0,-239.0
2024-05-11 22:09:00,448.0,-207.0
2024-05-11 22:10:00,554.0,-242.0
2024-05-11 22:11:00,651.0,-275.0
2024-05-11 22:12:00,515.0,-250.0
2024-05-11 22:13:00,472.0,-226.0
2024-05-11 22:14:00,366.0,-227.0
2024-05-11 22:15:00,362.0,-228.0
2024-05-11 22:16:00,363.0,-220.0
2024-05-11 22:17:00,450.0,-259.0
2024-05-11 22:18:00,452.0,-285.0
2024-05-11 22:19:00,473.0,-271.0
2024-05-11 22:20:00,428.0,-230.0
2024-05-11 22:21:00,322.0,-181.0
2024-05-11 22:22:00,281.0,-139.0
2024-05-11 22:23:00,256.0,-128.0
2024-05-11 22:24:00,267.0,-140.0
2024-05-11 22:25:00,373.0,-170.0
2024-05-11 22:26:00,458.0,-203.0
2024-05-11 22:27:00,457.0,-233.0
2024-05-11 22:28:00,461.0,-249.0
2024-05-11 22:29:00,419.0,-230.0
2024-05-11 22:30:00,367.0,-235.0
2024-05-11 22:31:00,474.0,-306.0
2024-05-11 22:32:00,548.0,-372.0
2024-05-11 22:33:00,561.0,-369.0
2024-05-11 22:34:00,569.0,-368.0
2024-05-11 22:35:00,459.0,-281.0
2024-05-11 22:36:00,401.0,-244.0
2024-05-11 22:37:00,400.0,-244.0
2024-05-11 22:38:00,487.0,-292.0
2024-05-11 22:39:00,542.0,-372.0
2024-05-11 22:40:00,527.0,-384.0
2024-05-11 22:41:00,506.0,-352.0
2024-05-11 22:42:00,544.0,-390.0
2024-05-11 22:43:00,570.0,-425.0
2024-05-11 22:44:00,510.0,-375.0
2024-05-11 22:45:00,421.0,-302.0
2024-05-11 22:46:00,368.0,-255.0
2024-05-11 22:47:00,492.0,-346.0
2024-05-11 22:48:00,571.0,-411.0
2024-05-11 22:49:00,623.0,-450.0
2024-05-11 22:50:00,503.0,-342.0
2024-05-11 22:51:00,361.0,-238.0
2024-05-11 22:52:00,307.0,-197.0
2024-05-11 22:53:00,296.0,-185.0
2024-05-11 22:54:00,312.0,-211.0
2024-05-11 22:55:00,338.0,-233.0
2024-05-11 22:56:00,376.0,-267.0
2024-05-11 22:57:00,391.0,-272.0
2024-05-11 22:58:00,382.0,-264.0
2024-05-11 22:59:00,325.0,-229.0
2024-05-11 23:00:00,287.0,-201.0
2024-05-11 23:01:00,303.0,-216.0
2024-05-11 23:02:00,323.0,-229.0
2024-05-11 23:03:00,315.0,-206.0
2024-05-11 23:04:00,332.0,-232.0
2024-05-11 23:05:00,350.0,-259.0
2024-05-11 23:06:00,333.0,-252.0
2024-05-11 23:07:00,301.0,-222.0
2024-05-11 23:08:00,206.0,-127.0
2024-05-11 23:09:00,161.0,-80.0
2024-05-11 23:10:00,139.0,-60.0
2024-05-11 23:11:00,150.0,-62.0
2024-05-11 23:12:00,154.0,-55.0
2024-05-11 23:13:00,163.0,-57.0
2024-05-11 23:14:00,187.0,-53.0
2024-05-11 23:15:00,162.0,-58.0
2024-05-11 23:16:00,151.0,-70.0
2024-05-11 23:17:00,160.0,-90.0
2024-05-11 23:18:00,197.0,-112.0
2024-05-11 23:19:00,224.0,-119.0
2024-05-11 23:20:00,281.0,-144.0
2024-05-11 23:21:00,298.0,-144.0
2024-05-11 23:22:00,269.0,-126.0
2024-05-11 23:23:00,249.0,-134.0
2024-05-11 23:24:00,218.0,-135.0
2024-05-11 23:25:00,246.0,-147.0
2024-05-11 23:26:00,265.0,-154.0
2024-05-11 23:27:00,217.0,-107.0
2024-05-11 23:28:00,211.0,-105.0
2024-05-11 23:29:00,230.0,-140.0
2024-05-11 23:30:00,141.0,-64.0
2024-05-11 23:31:00,135.0,-61.0
2024-05-11 23:32:00,168.0,-64.0
2024-05-11 23:33:00,272.0,-132.0
2024-05-11 23:34:00,353.0,-184.0
2024-05-11 23:35:00,363.0,-205.0
2024-05-11 23:36:00,339.0,-213.0
2024-05-11 23:37:00,300.0,-206.0
2024-05-11 23:38:00,288.0,-211.0
2024-05-11 23:39:00,288.0,-216.0
2024-05-11 23:40:00,253.0,-175.0
2024-05-11 23:41:00,213.0,-135.0
2024-05-11 23:42:00,189.0,-86.0
2024-05-11 23:43:00,192.0,-86.0
2024-05-11 23:44:00,181.0,-91.0
2024-05-11 23:45:00,154.0,-98.0
2024-05-11 23:46:00,202.0,-97.0
2024-05-11 23:47:00,253.0,-118.0
2024-05-11 23:48:00,258.0,-105.0
2024-05-11 23:49:00,251.0,-100.0
2024-05-11 23:50:00,251.0,-121.0
2024-05-11 23:51:00,231.0,-125.0
2024-05-11 23:52:00,215.0,-118.0
2024-05-11 23:53:00,219.0,-115.0
2024-05-11 23:54:00,222.0,-113.0
2024-05-11 23:55:00,218.0,-103.0
2024-05-11 23:56:00,195.0,-81.0
2024-05-11 23:57:00,191.0,-76.0
2024-05-11 23:58:00,193.0,-80.0
2024-05-11 23:59:00,181.0,-87.0
2024-05-12 00:00:00,174.0,-88.0
2024-05-12 00:01:00,158.0,-86.0
2024-05-12 00:02:00,166.0,-92.0
2024-05-12 00:03:00,192.0,-97.0
2024-05-12 00:04:00,212.0,-94.0
2024-05-12 00:05:00,214.0,-94.0
2024-05-12 00:06:00,214.0,-90.0
2024-05-12 00:07:00,255.0,-133.0
2024-05-12 00:08:00,213.0,-99.0
2024-05-12 00:09:00,211.0,-101.0
2024-05-12 00:10:00,207.0,-106.0
2024-05-12 00:11:00,209.0,-115.0
2024-05-12 00:12:00,218.0,-125.0
2024-05-12 00:13:00,226.0,-134.0
2024-05-12 00:14:00,229.0,-141.0
2024-05-12 00:15:00,267.0,-160.0
2024-05-12 00:16:00,299.0,-167.0
2024-05-12 00:17:00,290.0,-159.0
2024-05-12 00:18:00,316.0,-176.0
2024-05-12 00:19:00,349.0,-195.0
2024-05-12 00:20:00,350.0,-208.0
2024-05-12 00:21:00,349.0,-247.0
2024-05-12 00:22:00,386.0,-275.0
2024-05-12 00:23:00,537.0,-352.0
2024-05-12 00:24:00,623.0,-403.0
2024-05-12 00:25:00,628.0,-423.0
2024-05-12 00:26:00,640.0,-426.0
2024-05-12 00:27:00,675.0,-434.0
2024-05-12 00:28:00,638.0,-398.0
2024-05-12 00:29:00,607.0,-383.0
2024-05-12 00:30:00,624.0,-400.0
2024-05-12 00:31:00,671.0,-437.0
2024-05-12 00:32:00,688.0,-441.0
2024-05-12 00:33:00,693.0,-446.0
2024-05-12 00:34:00,712.0,-441.0
2024-05-12 00:35:00,728.0,-430.0
2024-05-12 00:36:00,661.0,-394.0
2024-05-12 00:37:00,568.0,-359.0
2024-05-12 00:38:00,529.0,-349.0
2024-05-12 00:39:00,577.0,-349.0
2024-05-12 00:40:00,642.0,-370.0
2024-05-12 00:41:00,617.0,-381.0
2024-05-12 00:42:00,655.0,-412.0
2024-05-12 00:43:00,708.0,-463.0
2024-05-12 00:44:00,638.0,-382.0
2024-05-12 00:45:00,767.0,-512.0
2024-05-12 00:46:00,890.0,-630.0
2024-05-12 00:47:00,940.0,-682.0
2024-05-12 00:48:00,946.0,-704.0
2024-05-12 00:49:00,979.0,-751.0
2024-05-12 00:50:00,1002.0,-765.0
2024-05-12 00:51:00,1054.0,-787.0
2024-05-12 00:52:00,1086.0,-816.0
2024-05-12 00:53:00,1063.0,-809.0
2024-05-12 00:54:00,997.0,-789.0
2024-05-12 00:55:00,930.0,-754.0
2024-05-12 00:56:00,909.0,-705.0
2024-05-12 00:57:00,923.0,-699.0
2024-05-12 00:58:00,806.0,-565.0
2024-05-12 00:59:00,732.0,-496.0
2024-05-12 01:00:00,690.0,-522.0
2024-05-12 01:01:00,638.0,-479.0
2024-05-12 01:02:00,647.0,-464.0
2024-05-12 01:03:00,668.0,-460.0
2024-05-12 01:04:00,697.0,-480.0
2024-05-12 01:05:00,705.0,-474.0
2024-05-12 01:06:00,735.0,-512.0
2024-05-12 01:07:00,806.0,-567.0
2024-05-12 01:08:00,822.0,-545.0
2024-05-12 01:09:00,905.0,-605.0
2024-05-12 01:10:00,908.0,-622.0
2024-05-12 01:11:00,1017.0,-713.0
2024-05-12 01:12:00,1067.0,-774.0
2024-05-12 01:13:00,1079.0,-788.0
2024-05-12 01:14:00,1085.0,-804.0
2024-05-12 01:15:00,1082.0,-827.0
2024-05-12 01:16:00,1116.0,-886.0
2024-05-12 01:17:00,1118.0,-875.0
2024-05-12 01:18:00,1163.0,-899.0
2024-05-12 01:19:00,1240.0,-987.0
2024-05-12 01:20:00,1280.0,-1033.0
2024-05-12 01:21:00,1205.0,-946.0
2024-05-12 01:22:00,1244.0,-930.0
2024-05-12 01:23:00,1319.0,-993.0
2024-05-12 01:24:00,1309.0,-1023.0
2024-05-12 01:25:00,1304.0,-1029.0
2024-05-12 01:26:00,1340.0,-1055.0
2024-05-12 01:27:00,1308.0,-1038.0
2024-05-12 01:28:00,1331.0,-1087.0
2024-05-12 01:29:00,1471.0,-1165.0
2024-05-12 01:30:00,1439.0,-1154.0
2024-05-12 01:31:00,1400.0,-1228.0
2024-05-12 01:32:00,1311.0,-1236.0
2024-05-12 01:33:00,1245.0,-1164.0
2024-05-12 01:34:00,1092.0,-989.0
2024-05-12 01:35:00,1035.0,-953.0
2024-05-12 01:36:00,1080.0,-912.0
2024-05-12 01:37:00,1113.0,-996.0
2024-05-12 01:38:00,981.0,-938.0
2024-05-12 01:39:00,1019.0,-1028.0
2024-05-12 01:40:00,991.0,-1055.0
2024-05-12 01:41:00,869.0,-967.0
2024-05-12 01:42:00,875.0,-958.0
2024-05-12 01:43:00,878.0,-947.0
2024-05-12 01:44:00,939.0,-986.0
2024-05-12 01:45:00,914.0,-965.0
2024-05-12 01:46:00,1021.0,-1085.0
2024-05-12 01:47:00,921.0,-969.0
2024-05-12 01:48:00,1079.0,-1043.0
2024-05-12 01:49:00,1117.0,-1094.0
2024-05-12 01:50:00,1084.0,-1105.0
2024-05-12 01:51:00,1250.0,-1149.0
2024-05-12 01:52:00,1295.0,-1159.0
2024-05-12 01:53:00,1189.0,-1054.0
2024-05-12 01:54:00,1267.0,-1106.0
2024-05-12 01:55:00,1232.0,-1175.0
2024-05-12 01:56:00,1074.0,-1062.0
2024-05-12 01:57:00,942.0,-944.0
2024-05-12 01:58:00,938.0,-1033.0
2024-05-12 01:59:00,969.0,-1052.0
2024-05-12 02:00:00,962.0,-1050.0
2024-05-12 02:01:00,881.0,-1027.0
2024-05-12 02:02:00,946.0,-1097.0
2024-05-12 02:03:00,781.0,-931.0
2024-05-12 02:04:00,714.0,-887.0
2024-05-12 02:05:00,814.0,-964.0
2024-05-12 02:06:00,830.0,-899.0
2024-05-12 02:07:00,892.0,-996.0
2024-05-12 02:08:00,1028.0,-1122.0
2024-05-12 02:09:00,1006.0,-1115.0
2024-05-12 02:10:00,1104.0,-1198.0
2024-05-12 02:11:00,1211.0,-1243.0
2024-05-12 02:12:00,1212.0,-1264.0
2024-05-12 02:13:00,1337.0,-1416.0
2024-05-12 02:14:00,1274.0,-1376.0
2024-05-12 02:15:00,1278.0,-1285.0
2024-05-12 02:16:00,1056.0,-1119.0
2024-05-12 02:17:00,1021.0,-998.0
2024-05-12 02:18:00,1176.0,-1044.0
2024-05-12 02:19:00,1249.0,-968.0
2024-05-12 02:20:00,1229.0,-851.0
2024-05-12 02:21:00,1287.0,-893.0
2024-05-12 02:22:00,1204.0,-960.0
2024-05-12 02:23:00,1073.0,-866.0
2024-05-12 02:24:00,1199.0,-913.0
2024-05-12 02:25:00,1452.0,-1047.0
2024-05-12 02:26:00,1365.0,-970.0
2024-05-12 02:27:00,1195.0,-751.0
2024-05-12 02:28:00,1160.0,-668.0
2024-05-12 02:29:00,1256.0,-778.0
2024-05-12 02:30:00,1298.0,-820.0
2024-05-12 02:31:00,1288.0,-729.0
2024-05-12 02:32:00,1239.0,-702.0
2024-05-12 02:33:00,1132.0,-707.0
2024-05-12 02:34:00,1055.0,-669.0
2024-05-12 02:35:00,990.0,-642.0
2024-05-12 02:36:00,1000.0,-676.0
2024-05-12 02:37:00,1246.0,-854.0
2024-05-12 02:38:00,1088.0,-741.0
2024-05-12 02:39:00,1057.0,-744.0
2024-05-12 02:40:00,1009.0,-751.0
2024-05-12 02:41:00,1087.0,-815.0
2024-05-12 02:42:00,1153.0,-792.0
2024-05-12 02:43:00,1071.0,-644.0
2024-05-12 02:44:00,1010.0,-630.0
2024-05-12 02:45:00,936.0,-674.0
2024-05-12 02:46:00,981.0,-659.0
2024-05-12 02:47:00,1024.0,-695.0
2024-05-12 02:48:00,1064.0,-757.0
2024-05-12 02:49:00,1052.0,-738.0
2024-05-12 02:50:00,1035.0,-713.0
2024-05-12 02:51:00,1208.0,-916.0
2024-05-12 02:52:00,1208.0,-938.0
2024-05-12 02:53:00,1052.0,-849.0
2024-05-12 02:54:00,887.0,-805.0
2024-05-12 02:55:00,1124.0,-1046.0
2024-05-12 02:56:00,1045.0,-974.0
2024-05-12 02:57:00,996.0,-1028.0
2024-05-12 02:58:00,669.0,-741.0
2024-05-12 02:59:00,768.0,-818.0
2024-05-12 03:00:00,1001.0,-1052.0
2024-05-12 03:01:00,1251.0,-1253.0
2024-05-12 03:02:00,1089.0,-1055.0
2024-05-12 03:03:00,910.0,-840.0
2024-05-12 03:04:00,967.0,-783.0
2024-05-12 03:05:00,1224.0,-993.0
2024-05-12 03:06:00,1220.0,-1026.0
2024-05-12 03:07:00,1097.0,-874.0
2024-05-12 03:08:00,984.0,-741.0
2024-05-12 03:09:00,975.0,-753.0
2024-05-12 03:10:00,997.0,-795.0
2024-05-12 03:11:00,1033.0,-813.0
2024-05-12 03:12:00,1002.0,-808.0
2024-05-12 03:13:00,957.0,-751.0
2024-05-12 03:14:00,1098.0,-904.0
2024-05-12 03:15:00,1084.0,-908.0
2024-05-12 03:16:00,1052.0,-801.0
2024-05-12 03:17:00,942.0,-687.0
2024-05-12 03:18:00,1025.0,-785.0
2024-05-12 03:19:00,974.0,-726.0
2024-05-12 03:20:00,950.0,-687.0
2024-05-12 03:21:00,1113.0,-791.0
2024-05-12 03:22:00,951.0,-612.0
2024-05-12 03:23:00,850.0,-558.0
2024-05-12 03:24:00,918.0,-690.0
2024-05-12 03:25:00,793.0,-530.0
2024-05-12 03:26:00,851.0,-623.0
2024-05-12 03:27:00,887.0,-624.0
2024-05-12 03:28:00,891.0,-625.0
2024-05-12 03:29:00,923.0,-561.0
2024-05-12 03:30:00,910.0,-550.0
2024-05-12 03:31:00,860.0,-472.0
2024-05-12 03:32:00,993.0,-733.0
2024-05-12 03:33:00,882.0,-598.0
2024-05-12 03:34:00,755.0,-506.0
2024-05-12 03:35:00,892.0,-622.0
2024-05-12 03:36:00,802.0,-570.0
2024-05-12 03:37:00,908.0,-643.0
2024-05-12 03:38:00,899.0,-580.0
2024-05-12 03:39:00,1063.0,-684.0
2024-05-12 03:40:00,925.0,-343.0
2024-05-12 03:41:00,949.0,-462.0
2024-05-12 03:42:00,1067.0,-680.0
2024-05-12 03:43:00,769.0,-573.0
2024-05-12 03:44:00,858.0,-729.0
2024-05-12 03:45:00,912.0,-876.0
2024-05-12 03:46:00,799.0,-849.0
2024-05-12 03:47:00,799.0,-862.0
2024-05-12 03:48:00,707.0,-781.0
2024-05-12 03:49:00,644.0,-733.0
2024-05-12 03:50:00,796.0,-876.0
2024-05-12 03:51:00,720.0,-777.0
2024-05-12 03:52:00,764.0,-780.0
2024-05-12 03:53:00,756.0,-751.0
2024-05-12 03:54:00,746.0,-745.0
2024-05-12 03:55:00,689.0,-685.0
2024-05-12 03:56:00,707.0,-660.0
2024-05-12 03:57:00,1086.0,-980.0
2024-05-12 03:58:00,1130.0,-938.0
2024-05-12 03:59:00,1019.0,-756.0
2024-05-12 04:00:00,1102.0,-692.0
2024-05-12 04:01:00,1261.0,-858.0
2024-05-12 04:02:00,1437.0,-981.0
2024-05-12 04:03:00,1266.0,-828.0
2024-05-12 04:04:00,1293.0,-817.0
2024-05-12 04:05:00,1239.0,-851.0
2024-05-12 04:06:00,1140.0,-941.0
2024-05-12 04:07:00,1129.0,-910.0
2024-05-12 04:08:00,1159.0,-914.0
2024-05-12 04:09:00,1136.0,-894.0
2024-05-12 04:10:00,1231.0,-877.0
2024-05-12 04:11:00,962.0,-691.0
2024-05-12 04:12:00,913.0,-696.0
2024-05-12 04:13:00,833.0,-735.0
2024-05-12 04:14:00,970.0,-827.0
2024-05-12 04:15:00,984.0,-745.0
2024-05-12 04:16:00,797.0,-563.0
2024-05-12 04:17:00,930.0,-587.0
2024-05-12 04:18:00,1090.0,-704.0
2024-05-12 04:19:00,941.0,-675.0
2024-05-12 04:20:00,610.0,-539.0
2024-05-12 04:21:00,573.0,-614.0
2024-05-12 04:22:00,733.0,-718.0
2024-05-12 04:23:00,711.0,-770.0
2024-05-12 04:24:00,642.0,-660.0
2024-05-12 04:25:00,604.0,-624.0
2024-05-12 04:26:00,708.0,-534.0
2024-05-12 04:27:00,595.0,-459.0
2024-05-12 04:28:00,757.0,-476.0
2024-05-12 04:29:00,707.0,-465.0
2024-05-12 04:30:00,468.0,-387.0
2024-05-12 04:31:00,696.0,-769.0
2024-05-12 04:32:00,794.0,-851.0
2024-05-12 04:33:00,1023.0,-1076.0
2024-05-12 04:34:00,1230.0,-1341.0
2024-05-12 04:35:00,1221.0,-1284.0
2024-05-12 04:36:00,1112.0,-1192.0
2024-05-12 04:37:00,957.0,-1040.0
2024-05-12 04:38:00,747.0,-799.0
2024-05-12 04:39:00,647.0,-657.0
2024-05-12 04:40:00,506.0,-537.0
2024-05-12 04:41:00,541.0,-512.0
2024-05-12 04:42:00,658.0,-601.0
2024-05-12 04:43:00,622.0,-566.0
2024-05-12 04:44:00,494.0,-438.0
2024-05-12 04:45:00,496.0,-413.0
2024-05-12 04:46:00,444.0,-343.0
2024-05-12 04:47:00,432.0,-287.0
2024-05-12 04:48:00,414.0,-233.0
2024-05-12 04:49:00,380.0,-249.0
2024-05-12 04:50:00,402.0,-276.0
2024-05-12 04:51:00,383.0,-255.0
2024-05-12 04:52:00,474.0,-272.0
2024-05-12 04:53:00,487.0,-265.0
2024-05-12 04:54:00,558.0,-246.0
2024-05-12 04:55:00,553.0,-210.0
2024-05-12 04:56:00,394.0,-184.0
2024-05-12 04:57:00,447.0,-184.0
2024-05-12 04:58:00,522.0,-168.0
2024-05-12 04:59:00,516.0,-143.0
2024-05-12 05:00:00,396.0,-164.0
2024-05-12 05:01:00,276.0,-160.0
2024-05-12 05:02:00,266.0,-159.0
2024-05-12 05:03:00,262.0,-178.0
2024-05-12 05:04:00,272.0,-189.0
2024-05-12 05:05:00,294.0,-153.0
2024-05-12 05:06:00,330.0,-129.0
2024-05-12 05:07:00,330.0,-136.0
2024-05-12 05:08:00,337.0,-141.0
2024-05-12 05:09:00,414.0,-140.0
2024-05-12 05:10:00,387.0,-139.0
2024-05-12 05:11:00,247.0,-138.0
2024-05-12 05:12:00,260.0,-149.0
2024-05-12 05:13:00,257.0,-148.0
2024-05-12 05:14:00,286.0,-145.0
2024-05-12 05:15:00,333.0,-149.0
2024-05-12 05:16:00,345.0,-152.0
2024-05-12 05:17:00,322.0,-140.0
2024-05-12 05:18:00,276.0,-128.0
2024-05-12 05:19:00,254.0,-124.0
2024-05-12 05:20:00,251.0,-134.0
2024-05-12 05:21:00,244.0,-150.0
2024-05-12 05:22:00,246.0,-151.0
2024-05-12 05:23:00,234.0,-138.0
2024-05-12 05:24:00,258.0,-144.0
2024-05-12 05:25:00,329.0,-144.0
2024-05-12 05:26:00,345.0,-134.0
2024-05-12 05:27:00,334.0,-139.0
2024-05-12 05:28:00,303.0,-144.0
2024-05-12 05:29:00,258.0,-147.0
2024-05-12 05:30:00,244.0,-145.0
2024-05-12 05:31:00,241.0,-139.0
2024-05-12 05:32:00,278.0,-145.0
2024-05-12 05:33:00,297.0,-142.0
2024-05-12 05:34:00,291.0,-131.0
2024-05-12 05:35:00,292.0,-132.0
2024-05-12 05:36:00,295.0,-135.0
2024-05-12 05:37:00,295.0,-138.0
2024-05-12 05:38:00,294.0,-135.0
2024-05-12 05:39:00,274.0,-117.0
2024-05-12 05:40:00,240.0,-97.0
2024-05-12 05:41:00,211.0,-86.0
2024-05-12 05:42:00,224.0,-94.0
2024-05-12 05:43:00,230.0,-98.0
2024-05-12 05:44:00,229.0,-95.0
2024-05-12 05:45:00,230.0,-98.0
2024-05-12 05:46:00,233.0,-101.0
2024-05-12 05:47:00,240.0,-98.0
2024-05-12 05:48:00,241.0,-90.0
2024-05-12 05:49:00,238.0,-87.0
2024-05-12 05:50:00,220.0,-78.0
2024-05-12 05:51:00,199.0,-70.0
2024-05-12 05:52:00,183.0,-69.0
2024-05-12 05:53:00,187.0,-77.0
2024-05-12 05:54:00,231.0,-115.0
2024-05-12 05:55:00,221.0,-89.0
2024-05-12 05:56:00,234.0,-85.0
2024-05-12 05:57:00,229.0,-68.0
2024-05-12 05:58:00,213.0,-63.0
2024-05-12 05:59:00,202.0,-67.0
2024-05-12 06:00:00,187.0,-69.0
2024-05-12 06:01:00,165.0,-64.0
2024-05-12 06:02:00,162.0,-60.0
2024-05-12 06:03:00,176.0,-67.0
2024-05-12 06:04:00,197.0,-79.0
2024-05-12 06:05:00,221.0,-89.0
2024-05-12 06:06:00,245.0,-93.0
2024-05-12 06:07:00,262.0,-100.0
2024-05-12 06:08:00,268.0,-103.0
2024-05-12 06:09:00,278.0,-112.0
2024-05-12 06:10:00,275.0,-105.0
2024-05-12 06:11:00,266.0,-114.0
2024-05-12 06:12:00,258.0,-124.0
2024-05-12 06:13:00,267.0,-132.0
2024-05-12 06:14:00,260.0,-139.0
2024-05-12 06:15:00,255.0,-151.0
2024-05-12 06:16:00,253.0,-156.0
2024-05-12 06:17:00,256.0,-158.0
2024-05-12 06:18:00,257.0,-155.0
2024-05-12 06:19:00,240.0,-139.0
2024-05-12 06:20:00,226.0,-134.0
2024-05-12 06:21:00,216.0,-130.0
2024-05-12 06:22:00,216.0,-127.0
2024-05-12 06:23:00,215.0,-126.0
2024-05-12 06:24:00,223.0,-134.0
2024-05-12 06:25:00,211.0,-116.0
2024-05-12 06:26:00,199.0,-102.0
2024-05-12 06:27:00,187.0,-99.0
2024-05-12 06:28:00,180.0,-104.0
2024-05-12 06:29:00,171.0,-95.0
2024-05-12 06:30:00,183.0,-99.0
2024-05-12 06:31:00,208.0,-108.0
2024-05-12 06:32:00,211.0,-114.0
2024-05-12 06:33:00,293.0,-199.0
2024-05-12 06:34:00,325.0,-227.0
2024-05-12 06:35:00,311.0,-210.0
2024-05-12 06:36:00,265.0,-161.0
2024-05-12 06:37:00,239.0,-128.0
2024-05-12 06:38:00,251.0,-122.0
2024-05-12 06:39:00,253.0,-120.0
2024-05-12 06:40:00,249.0,-117.0
2024-05-12 06:41:00,240.0,-112.0
2024-05-12 06:42:00,231.0,-103.0
2024-05-12 06:43:00,237.0,-97.0
2024-05-12 06:44:00,252.0,-90.0
2024-05-12 06:45:00,244.0,-80.0
2024-05-12 06:46:00,234.0,-80.0
2024-05-12 06:47:00,228.0,-83.0
2024-05-12 06:48:00,228.0,-82.0
2024-05-12 06:49:00,224.0,-75.0
2024-05-12 06:50:00,212.0,-64.0
2024-05-12 06:51:00,226.0,-61.0
2024-05-12 06:52:00,238.0,-66.0
2024-05-12 06:53:00,221.0,-70.0
2024-05-12 06:54:00,216.0,-73.0
2024-05-12 06:55:00,225.0,-81.0
2024-05-12 06:56:00,229.0,-84.0
2024-05-12 06:57:00,224.0,-85.0
2024-05-12 06:58:00,195.0,-78.0
2024-05-12 06:59:00,193.0,-80.0
2024-05-12 07:00:00,225.0,-84.0
2024-05-12 07:01:00,247.0,-86.0
2024-05-12 07:02:00,242.0,-85.0
2024-05-12 07:03:00,246.0,-83.0
2024-05-12 07:04:00,250.0,-83.0
2024-05-12 07:05:00,243.0,-84.0
2024-05-12 07:06:00,230.0,-83.0
2024-05-12 07:07:00,220.0,-78.0
2024-05-12 07:08:00,225.0,-80.0
2024-05-12 07:09:00,232.0,-79.0
2024-05-12 07:10:00,245.0,-84.0
2024-05-12 07:11:00,260.0,-96.0
2024-05-12 07:12:00,256.0,-102.0
2024-05-12 07:13:00,249.0,-103.0
2024-05-12 07:14:00,255.0,-107.0
2024-05-12 07:15:00,270.0,-102.0
2024-05-12 07:16:00,257.0,-104.0
2024-05-12 07:17:00,241.0,-100.0
2024-05-12 07:18:00,244.0,-96.0
2024-05-12 07:19:00,271.0,-95.0
2024-05-12 07:20:00,280.0,-93.0
2024-05-12 07:21:00,276.0,-101.0
2024-05-12 07:22:00,270.0,-112.0
2024-05-12 07:23:00,255.0,-115.0
2024-05-12 07:24:00,238.0,-114.0
2024-05-12 07:25:00,244.0,-112.0
2024-05-12 07:26:00,275.0,-116.0
2024-05-12 07:27:00,313.0,-116.0
2024-05-12 07:28:00,309.0,-112.0
2024-05-12 07:29:00,299.0,-113.0
2024-05-12 07:30:00,317.0,-113.0
2024-05-12 07:31:00,310.0,-115.0
2024-05-12 07:32:00,302.0,-116.0
2024-05-12 07:33:00,286.0,-110.0
2024-05-12 07:34:00,267.0,-112.0
2024-05-12 07:35:00,258.0,-121.0
2024-05-12 07:36:00,271.0,-122.0
2024-05-12 07:37:00,291.0,-118.0
2024-05-12 07:38:00,286.0,-110.0
2024-05-12 07:39:00,281.0,-103.0
2024-05-12 07:40:00,274.0,-95.0
2024-05-12 07:41:00,258.0,-87.0
2024-05-12 07:42:00,243.0,-84.0
2024-05-12 07:43:00,242.0,-91.0
2024-05-12 07:44:00,251.0,-103.0
2024-05-12 07:45:00,247.0,-96.0
2024-05-12 07:46:00,242.0,-90.0
2024-05-12 07:47:00,247.0,-93.0
2024-05-12 07:48:00,256.0,-95.0
2024-05-12 07:49:00,259.0,-97.0
2024-05-12 07:50:00,246.0,-102.0
2024-05-12 07:51:00,243.0,-110.0
2024-05-12 07:52:00,245.0,-114.0
2024-05-12 07:53:00,256.0,-116.0
2024-05-12 07:54:00,253.0,-116.0
2024-05-12 07:55:00,250.0,-111.0
2024-05-12 07:56:00,263.0,-110.0
2024-05-12 07:57:00,260.0,-115.0
2024-05-12 07:58:00,249.0,-121.0
2024-05-12 07:59:00,250.0,-122.0
2024-05-12 08:00:00,267.0,-129.0
2024-05-12 08:01:00,277.0,-137.0
2024-05-12 08:02:00,289.0,-142.0
2024-05-12 08:03:00,294.0,-141.0
2024-05-12 08:04:00,312.0,-138.0
2024-05-12 08:05:00,330.0,-136.0
2024-05-12 08:06:00,326.0,-135.0
2024-05-12 08:07:00,328.0,-140.0
2024-05-12 08:08:00,333.0,-144.0
2024-05-12 08:09:00,340.0,-151.0
2024-05-12 08:10:00,323.0,-160.0
2024-05-12 08:11:00,303.0,-162.0
2024-05-12 08:12:00,306.0,-162.0
2024-05-12 08:13:00,324.0,-165.0
2024-05-12 08:14:00,321.0,-169.0
2024-05-12 08:15:00,313.0,-174.0
2024-05-12 08:16:00,323.0,-172.0
2024-05-12 08:17:00,367.0,-172.0
2024-05-12 08:18:00,402.0,-172.0
2024-05-12 08:19:00,415.0,-172.0
2024-05-12 08:20:00,396.0,-173.0
2024-05-12 08:21:00,365.0,-177.0
2024-05-12 08:22:00,353.0,-183.0
2024-05-12 08:23:00,328.0,-164.0
2024-05-12 08:24:00,330.0,-163.0
2024-05-12 08:25:00,312.0,-163.0
2024-05-12 08:26:00,311.0,-170.0
2024-05-12 08:27:00,328.0,-176.0
2024-05-12 08:28:00,339.0,-176.0
2024-05-12 08:29:00,367.0,-180.0
2024-05-12 08:30:00,390.0,-190.0
2024-05-12 08:31:00,404.0,-193.0
2024-05-12 08:32:00,409.0,-195.0
2024-05-12 08:33:00,403.0,-199.0
2024-05-12 08:34:00,405.0,-211.0
2024-05-12 08:35:00,382.0,-208.0
2024-05-12 08:36:00,349.0,-198.0
2024-05-12 08:37:00,318.0,-190.0
2024-05-12 08:38:00,289.0,-189.0
2024-05-12 08:39:00,275.0,-179.0
2024-05-12 08:40:00,287.0,-170.0
2024-05-12 08:41:00,312.0,-164.0
2024-05-12 08:42:00,342.0,-167.0
2024-05-12 08:43:00,352.0,-161.0
2024-05-12 08:44:00,376.0,-164.0
2024-05-12 08:45:00,433.0,-219.0
2024-05-12 08:46:00,416.0,-167.0
2024-05-12 08:47:00,445.0,-200.0
2024-05-12 08:48:00,439.0,-213.0
2024-05-12 08:49:00,360.0,-179.0
2024-05-12 08:50:00,337.0,-213.0
2024-05-12 08:51:00,383.0,-224.0
2024-05-12 08:52:00,408.0,-228.0
2024-05-12 08:53:00,480.0,-309.0
2024-05-12 08:54:00,525.0,-328.0
2024-05-12 08:55:00,469.0,-265.0
2024-05-12 08:56:00,441.0,-251.0
2024-05-12 08:57:00,461.0,-261.0
2024-05-12 08:58:00,463.0,-278.0
2024-05-12 08:59:00,454.0,-313.0
2024-05-12 09:00:00,513.0,-352.0
2024-05-12 09:01:00,547.0,-357.0
2024-05-12 09:02:00,544.0,-345.0
2024-05-12 09:03:00,499.0,-310.0
2024-05-12 09:04:00,432.0,-271.0
2024-05-12 09:05:00,385.0,-239.0
2024-05-12 09:06:00,368.0,-235.0
2024-05-12 09:07:00,349.0,-230.0
2024-05-12 09:08:00,353.0,-224.0
2024-05-12 09:09:00,405.0,-235.0
2024-05-12 09:10:00,422.0,-223.0
2024-05-12 09:11:00,383.0,-213.0
2024-05-12 09:12:00,388.0,-211.0
2024-05-12 09:13:00,386.0,-214.0
2024-05-12 09:14:00,370.0,-204.0
2024-05-12 09:15:00,367.0,-208.0
2024-05-12 09:16:00,367.0,-207.0
2024-05-12 09:17:00,375.0,-217.0
2024-05-12 09:18:00,506.0,-246.0
2024-05-12 09:19:00,538.0,-244.0
2024-05-12 09:20:00,419.0,-262.0
2024-05-12 09:21:00,582.0,-427.0
2024-05-12 09:22:00,633.0,-495.0
2024-05-12 09:23:00,798.0,-482.0
2024-05-12 09:24:00,781.0,-459.0
2024-05-12 09:25:00,732.0,-430.0
2024-05-12 09:26:00,664.0,-426.0
2024-05-12 09:27:00,658.0,-425.0
2024-05-12 09:28:00,779.0,-434.0
2024-05-12 09:29:00,820.0,-458.0
2024-05-12 09:30:00,655.0,-425.0
2024-05-12 09:31:00,548.0,-419.0
2024-05-12 09:32:00,584.0,-413.0
2024-05-12 09:33:00,487.0,-326.0
2024-05-12 09:34:00,493.0,-341.0
2024-05-12 09:35:00,518.0,-327.0
2024-05-12 09:36:00,627.0,-451.0
2024-05-12 09:37:00,487.0,-357.0
2024-05-12 09:38:00,414.0,-295.0
2024-05-12 09:39:00,418.0,-298.0
2024-05-12 09:40:00,473.0,-337.0
2024-05-12 09:41:00,530.0,-377.0
2024-05-12 09:42:00,513.0,-366.0
2024-05-12 09:43:00,478.0,-347.0
2024-05-12 09:44:00,479.0,-359.0
2024-05-12 09:45:00,486.0,-368.0
2024-05-12 09:46:00,463.0,-346.0
2024-05-12 09:47:00,433.0,-314.0
2024-05-12 09:48:00,424.0,-300.0
2024-05-12 09:49:00,442.0,-304.0
2024-05-12 09:50:00,448.0,-302.0
2024-05-12 09:51:00,417.0,-284.0
2024-05-12 09:52:00,384.0,-259.0
2024-05-12 09:53:00,402.0,-280.0
2024-05-12 09:54:00,398.0,-299.0
2024-05-12 09:55:00,373.0,-289.0
2024-05-12 09:56:00,400.0,-303.0
2024-05-12 09:57:00,431.0,-311.0
2024-05-12 09:58:00,410.0,-288.0
2024-05-12 09:59:00,394.0,-273.0
2024-05-12 10:00:00,421.0,-297.0
2024-05-12 10:01:00,398.0,-316.0
2024-05-12 10:02:00,400.0,-316.0
2024-05-12 10:03:00,380.0,-282.0
2024-05-12 10:04:00,378.0,-273.0
2024-05-12 10:05:00,402.0,-281.0
2024-05-12 10:06:00,405.0,-278.0
2024-05-12 10:07:00,375.0,-274.0
2024-05-12 10:08:00,367.0,-282.0
2024-05-12 10:09:00,364.0,-283.0
2024-05-12 10:10:00,381.0,-278.0
2024-05-12 10:11:00,412.0,-267.0
2024-05-12 10:12:00,383.0,-244.0
2024-05-12 10:13:00,397.0,-219.0
2024-05-12 10:14:00,327.0,-188.0
2024-05-12 10:15:00,305.0,-162.0
2024-05-12 10:16:00,279.0,-151.0
2024-05-12 10:17:00,232.0,-139.0
2024-05-12 10:18:00,230.0,-114.0
2024-05-12 10:19:00,200.0,-87.0
2024-05-12 10:20:00,186.0,-89.0
2024-05-12 10:21:00,176.0,-86.0
2024-05-12 10:22:00,159.0,-107.0
2024-05-12 10:23:00,162.0,-108.0
2024-05-12 10:24:00,132.0,-100.0
2024-05-12 10:25:00,165.0,-102.0
2024-05-12 10:26:00,189.0,-107.0
2024-05-12 10:27:00,215.0,-107.0
2024-05-12 10:28:00,216.0,-110.0
2024-05-12 10:29:00,206.0,-72.0
2024-05-12 10:30:00,202.0,-86.0
2024-05-12 10:31:00,136.0,-92.0
2024-05-12 10:32:00,109.0,-72.0
2024-05-12 10:33:00,170.0,-124.0
2024-05-12 10:34:00,195.0,-143.0
2024-05-12 10:35:00,128.0,-59.0
2024-05-12 10:36:00,130.0,-65.0
2024-05-12 10:37:00,119.0,-73.0
2024-05-12 10:38:00,104.0,-75.0
2024-05-12 10:39:00,144.0,-94.0
2024-05-12 10:40:00,150.0,-76.0
2024-05-12 10:41:00,134.0,-76.0
2024-05-12 10:42:00,127.0,-88.0
2024-05-12 10:43:00,111.0,-89.0
2024-05-12 10:44:00,137.0,-101.0
2024-05-12 10:45:00,169.0,-106.0
2024-05-12 10:46:00,163.0,-101.0
2024-05-12 10:47:00,118.0,-92.0
2024-05-12 10:48:00,96.0,-82.0
2024-05-12 10:49:00,133.0,-77.0
2024-05-12 10:50:00,144.0,-74.0
2024-05-12 10:51:00,146.0,-77.0
2024-05-12 10:52:00,138.0,-92.0
2024-05-12 10:53:00,134.0,-86.0
2024-05-12 10:54:00,117.0,-66.0
2024-05-12 10:55:00,134.0,-62.0
2024-05-12 10:56:00,150.0,-69.0
2024-05-12 10:57:00,141.0,-88.0
2024-05-12 10:58:00,108.0,-86.0
2024-05-12 10:59:00,92.0,-71.0
2024-05-12 11:00:00,74.0,-61.0
2024-05-12 11:01:00,87.0,-80.0
2024-05-12 11:02:00,112.0,-94.0
2024-05-12 11:03:00,122.0,-82.0
2024-05-12 11:04:00,138.0,-69.0
2024-05-12 11:05:00,158.0,-66.0
2024-05-12 11:06:00,147.0,-62.0
2024-05-12 11:07:00,125.0,-59.0
2024-05-12 11:08:00,100.0,-55.0
2024-05-12 11:09:00,78.0,-47.0
2024-05-12 11:10:00,77.0,-51.0
2024-05-12 11:11:00,78.0,-52.0
2024-05-12 11:12:00,60.0,-43.0
2024-05-12 11:13:00,39.0,-30.0
2024-05-12 11:14:00,34.0,-26.0
2024-05-12 11:15:00,30.0,-24.0
2024-05-12 11:16:00,49.0,-23.0
2024-05-12 11:17:00,70.0,-24.0
2024-05-12 11:18:00,62.0,-21.0
2024-05-12 11:19:00,65.0,-27.0
2024-05-12 11:20:00,86.0,-35.0
2024-05-12 11:21:00,82.0,-29.0
2024-05-12 11:22:00,62.0,-39.0
2024-05-12 11:23:00,56.0,-34.0
2024-05-12 11:24:00,95.0,-49.0
2024-05-12 11:25:00,91.0,-43.0
2024-05-12 11:26:00,74.0,-37.0
2024-05-12 11:27:00,136.0,-45.0
2024-05-12 11:28:00,156.0,-51.0
2024-05-12 11:29:00,145.0,-56.0
2024-05-12 11:30:00,136.0,-65.0
2024-05-12 11:31:00,111.0,-75.0
2024-05-12 11:32:00,107.0,-81.0
2024-05-12 11:33:00,124.0,-83.0
2024-05-12 11:34:00,110.0,-86.0
2024-05-12 11:35:00,119.0,-91.0
2024-05-12 11:36:00,199.0,-98.0
2024-05-12 11:37:00,225.0,-97.0
2024-05-12 11:38:00,141.0,-91.0
2024-05-12 11:39:00,130.0,-83.0
2024-05-12 11:40:00,117.0,-78.0
2024-05-12 11:41:00,102.0,-69.0
2024-05-12 11:42:00,102.0,-68.0
2024-05-12 11:43:00,123.0,-84.0
2024-05-12 11:44:00,125.0,-69.0
2024-05-12 11:45:00,121.0,-47.0
2024-05-12 11:46:00,100.0,-48.0
2024-05-12 11:47:00,92.0,-47.0
2024-05-12 11:48:00,104.0,-65.0
2024-05-12 11:49:00,94.0,-61.0
2024-05-12 11:50:00,89.0,-56.0
2024-05-12 11:51:00,89.0,-54.0
2024-05-12 11:52:00,87.0,-54.0
2024-05-12 11:53:00,95.0,-61.0
2024-05-12 11:54:00,102.0,-60.0
2024-05-12 11:55:00,107.0,-57.0
2024-05-12 11:56:00,92.0,-55.0
2024-05-12 11:57:00,86.0,-54.0
2024-05-12 11:58:00,83.0,-52.0
2024-05-12 11:59:00,82.0,-49.0
2024-05-12 12:00:00,110.0,-50.0
2024-05-12 12:01:00,116.0,-45.0
2024-05-12 12:02:00,107.0,-39.0
2024-05-12 12:03:00,88.0,-38.0
2024-05-12 12:04:00,84.0,-45.0
2024-05-12 12:05:00,79.0,-50.0
2024-05-12 12:06:00,76.0,-56.0
2024-05-12 12:07:00,81.0,-62.0
2024-05-12 12:08:00,99.0,-82.0
2024-05-12 12:09:00,91.0,-76.0
2024-05-12 12:10:00,70.0,-60.0
2024-05-12 12:11:00,72.0,-67.0
2024-05-12 12:12:00,71.0,-66.0
2024-05-12 12:13:00,69.0,-66.0
2024-05-12 12:14:00,53.0,-48.0
2024-05-12 12:15:00,42.0,-37.0
2024-05-12 12:16:00,55.0,-50.0
2024-05-12 12:17:00,68.0,-54.0
2024-05-12 12:18:00,69.0,-64.0
2024-05-12 12:19:00,80.0,-71.0
2024-05-12 12:20:00,61.0,-58.0
2024-05-12 12:21:00,81.0,-71.0
2024-05-12 12:22:00,112.0,-77.0
2024-05-12 12:23:00,148.0,-83.0
2024-05-12 12:24:00,157.0,-86.0
2024-05-12 12:25:00,145.0,-90.0
2024-05-12 12:26:00,121.0,-89.0
2024-05-12 12:27:00,113.0,-87.0
2024-05-12 12:28:00,94.0,-80.0
2024-05-12 12:29:00,89.0,-75.0
2024-05-12 12:30:00,86.0,-71.0
2024-05-12 12:31:00,84.0,-69.0
2024-05-12 12:32:00,89.0,-67.0
2024-05-12 12:33:00,101.0,-67.0
2024-05-12 12:34:00,107.0,-66.0
2024-05-12 12:35:00,110.0,-64.0
2024-05-12 12:36:00,104.0,-63.0
2024-05-12 12:37:00,95.0,-63.0
2024-05-12 12:38:00,92.0,-64.0
2024-05-12 12:39:00,93.0,-64.0
2024-05-12 12:40:00,108.0,-76.0
2024-05-12 12:41:00,113.0,-79.0
2024-05-12 12:42:00,111.0,-74.0
2024-05-12 12:43:00,110.0,-69.0
2024-05-12 12:44:00,99.0,-58.0
2024-05-12 12:45:00,108.0,-64.0
2024-05-12 12:46:00,121.0,-73.0
2024-05-12 12:47:00,134.0,-75.0
2024-05-12 12:48:00,137.0,-74.0
2024-05-12 12:49:00,132.0,-77.0
2024-05-12 12:50:00,118.0,-72.0
2024-05-12 12:51:00,108.0,-68.0
2024-05-12 12:52:00,100.0,-65.0
2024-05-12 12:53:00,90.0,-60.0
2024-05-12 12:54:00,81.0,-58.0
2024-05-12 12:55:00,80.0,-62.0
2024-05-12 12:56:00,85.0,-71.0
2024-05-12 12:57:00,84.0,-72.0
2024-05-12 12:58:00,77.0,-63.0
2024-05-12 12:59:00,76.0,-60.0
2024-05-12 13:00:00,76.0,-62.0
2024-05-12 13:01:00,79.0,-64.0
2024-05-12 13:02:00,84.0,-64.0
2024-05-12 13:03:00,88.0,-66.0
2024-05-12 13:04:00,102.0,-76.0
2024-05-12 13:05:00,109.0,-74.0
2024-05-12 13:06:00,108.0,-65.0
2024-05-12 13:07:00,110.0,-60.0
2024-05-12 13:08:00,115.0,-61.0
2024-05-12 13:09:00,121.0,-65.0
2024-05-12 13:10:00,124.0,-65.0
2024-05-12 13:11:00,126.0,-62.0
2024-05-12 13:12:00,124.0,-57.0
2024-05-12 13:13:00,130.0,-62.0
2024-05-12 13:14:00,137.0,-66.0
2024-05-12 13:15:00,136.0,-70.0
2024-05-12 13:16:00,130.0,-68.0
2024-05-12 13:17:00,125.0,-65.0
2024-05-12 13:18:00,111.0,-59.0
2024-05-12 13:19:00,97.0,-55.0
2024-05-12 13:20:00,93.0,-56.0
2024-05-12 13:21:00,89.0,-57.0
2024-05-12 13:22:00,88.0,-57.0
2024-05-12 13:23:00,89.0,-59.0
2024-05-12 13:24:00,83.0,-62.0
2024-05-12 13:25:00,79.0,-59.0
2024-05-12 13:26:00,84.0,-55.0
2024-05-12 13:27:00,81.0,-50.0
2024-05-12 13:28:00,83.0,-58.0
2024-05-12 13:29:00,90.0,-50.0
2024-05-12 13:30:00,103.0,-63.0
2024-05-12 13:31:00,102.0,-65.0
2024-05-12 13:32:00,80.0,-57.0
2024-05-12 13:33:00,53.0,-38.0
2024-05-12 13:34:00,48.0,-35.0
2024-05-12 13:35:00,43.0,-32.0
2024-05-12 13:36:00,40.0,-31.0
2024-05-12 13:37:00,39.0,-34.0
2024-05-12 13:38:00,41.0,-38.0
2024-05-12 13:39:00,47.0,-46.0
2024-05-12 13:40:00,54.0,-55.0
2024-05-12 13:41:00,52.0,-57.0
2024-05-12 13:42:00,48.0,-55.0
2024-05-12 13:43:00,43.0,-50.0
2024-05-12 13:44:00,49.0,-42.0
2024-05-12 13:45:00,58.0,-42.0
2024-05-12 13:46:00,70.0,-48.0
2024-05-12 13:47:00,72.0,-48.0
2024-05-12 13:48:00,73.0,-57.0
2024-05-12 13:49:00,79.0,-55.0
2024-05-12 13:50:00,68.0,-49.0
2024-05-12 13:51:00,58.0,-48.0
2024-05-12 13:52:00,55.0,-44.0
2024-05-12 13:53:00,56.0,-44.0
2024-05-12 13:54:00,46.0,-38.0
2024-05-12 13:55:00,43.0,-40.0
2024-05-12 13:56:00,47.0,-43.0
2024-05-12 13:57:00,44.0,-36.0
2024-05-12 13:58:00,45.0,-38.0
2024-05-12 13:59:00,47.0,-35.0
2024-05-12 14:00:00,48.0,-32.0
2024-05-12 14:01:00,53.0,-37.0
2024-05-12 14:02:00,54.0,-37.0
2024-05-12 14:03:00,47.0,-31.0
2024-05-12 14:04:00,45.0,-28.0
2024-05-12 14:05:00,44.0,-29.0
2024-05-12 14:06:00,46.0,-32.0
2024-05-12 14:07:00,46.0,-32.0
2024-05-12 14:08:00,51.0,-33.0
2024-05-12 14:09:00,54.0,-39.0
2024-05-12 14:10:00,58.0,-42.0
2024-05-12 14:11:00,58.0,-43.0
2024-05-12 14:12:00,54.0,-39.0
2024-05-12 14:13:00,47.0,-37.0
2024-05-12 14:14:00,49.0,-35.0
2024-05-12 14:15:00,44.0,-34.0
2024-05-12 14:16:00,47.0,-36.0
2024-05-12 14:17:00,53.0,-41.0
2024-05-12 14:18:00,54.0,-42.0
2024-05-12 14:19:00,52.0,-39.0
2024-05-12 14:20:00,59.0,-47.0
2024-05-12 14:21:00,58.0,-46.0
2024-05-12 14:22:00,60.0,-47.0
2024-05-12 14:23:00,69.0,-49.0
2024-05-12 14:24:00,56.0,-39.0
2024-05-12 14:25:00,57.0,-40.0
2024-05-12 14:26:00,66.0,-51.0
2024-05-12 14:27:00,67.0,-49.0
2024-05-12 14:28:00,68.0,-48.0
2024-05-12 14:29:00,63.0,-40.0
2024-05-12 14:30:00,58.0,-37.0
2024-05-12 14:31:00,65.0,-43.0
2024-05-12 14:32:00,69.0,-45.0
2024-05-12 14:33:00,72.0,-44.0
2024-05-12 14:34:00,75.0,-50.0
2024-05-12 14:35:00,78.0,-48.0
2024-05-12 14:36:00,80.0,-46.0
2024-05-12 14:37:00,90.0,-53.0
2024-05-12 14:38:00,94.0,-53.0
2024-05-12 14:39:00,84.0,-43.0
2024-05-12 14:40:00,80.0,-43.0
2024-05-12 14:41:00,83.0,-50.0
2024-05-12 14:42:00,95.0,-55.0
2024-05-12 14:43:00,95.0,-53.0
2024-05-12 14:44:00,94.0,-58.0
2024-05-12 14:45:00,104.0,-58.0
2024-05-12 14:46:00,126.0,-72.0
2024-05-12 14:47:00,121.0,-67.0
2024-05-12 14:48:00,105.0,-51.0
2024-05-12 14:49:00,98.0,-43.0
2024-05-12 14:50:00,100.0,-52.0
2024-05-12 14:51:00,92.0,-40.0
2024-05-12 14:52:00,116.0,-57.0
2024-05-12 14:53:00,119.0,-51.0
2024-05-12 14:54:00,129.0,-55.0
2024-05-12 14:55:00,128.0,-50.0
2024-05-12 14:56:00,128.0,-54.0
2024-05-12 14:57:00,116.0,-38.0
2024-05-12 14:58:00,119.0,-42.0
2024-05-12 14:59:00,112.0,-39.0
2024-05-12 15:00:00,112.0,-40.0
2024-05-12 15:01:00,114.0,-37.0
2024-05-12 15:02:00,128.0,-42.0
2024-05-12 15:03:00,146.0,-50.0
2024-05-12 15:04:00,153.0,-61.0
2024-05-12 15:05:00,182.0,-88.0
2024-05-12 15:06:00,197.0,-89.0
2024-05-12 15:07:00,226.0,-102.0
2024-05-12 15:08:00,224.0,-95.0
2024-05-12 15:09:00,215.0,-99.0
2024-05-12 15:10:00,193.0,-88.0
2024-05-12 15:11:00,206.0,-107.0
2024-05-12 15:12:00,201.0,-94.0
2024-05-12 15:13:00,208.0,-93.0
2024-05-12 15:14:00,207.0,-89.0
2024-05-12 15:15:00,188.0,-67.0
2024-05-12 15:16:00,180.0,-64.0
2024-05-12 15:17:00,191.0,-82.0
2024-05-12 15:18:00,206.0,-99.0
2024-05-12 15:19:00,193.0,-89.0
2024-05-12 15:20:00,163.0,-63.0
2024-05-12 15:21:00,167.0,-52.0
2024-05-12 15:22:00,186.0,-60.0
2024-05-12 15:23:00,207.0,-74.0
2024-05-12 15:24:00,226.0,-91.0
2024-05-12 15:25:00,233.0,-96.0
2024-05-12 15:26:00,250.0,-101.0
2024-05-12 15:27:00,251.0,-103.0
2024-05-12 15:28:00,242.0,-100.0
2024-05-12 15:29:00,233.0,-95.0
2024-05-12 15:30:00,238.0,-96.0
2024-05-12 15:31:00,248.0,-109.0
2024-05-12 15:32:00,251.0,-110.0
2024-05-12 15:33:00,255.0,-122.0
2024-05-12 15:34:00,260.0,-127.0
2024-05-12 15:35:00,272.0,-125.0
2024-05-12 15:36:00,280.0,-124.0
2024-05-12 15:37:00,303.0,-135.0
2024-05-12 15:38:00,301.0,-120.0
2024-05-12 15:39:00,311.0,-118.0
2024-05-12 15:40:00,307.0,-116.0
2024-05-12 15:41:00,305.0,-118.0
2024-05-12 15:42:00,325.0,-134.0
2024-05-12 15:43:00,328.0,-137.0
2024-05-12 15:44:00,306.0,-111.0
2024-05-12 15:45:00,303.0,-117.0
2024-05-12 15:46:00,315.0,-138.0
2024-05-12 15:47:00,320.0,-151.0
2024-05-12 15:48:00,390.0,-227.0
2024-05-12 15:49:00,413.0,-250.0
2024-05-12 15:50:00,451.0,-289.0
2024-05-12 15:51:00,414.0,-250.0
2024-05-12 15:52:00,371.0,-213.0
2024-05-12 15:53:00,519.0,-375.0
2024-05-12 15:54:00,460.0,-299.0
2024-05-12 15:55:00,439.0,-272.0
2024-05-12 15:56:00,375.0,-222.0
2024-05-12 15:57:00,370.0,-231.0
2024-05-12 15:58:00,389.0,-247.0
2024-05-12 15:59:00,367.0,-224.0
2024-05-12 16:00:00,352.0,-203.0
2024-05-12 16:01:00,351.0,-199.0
2024-05-12 16:02:00,350.0,-200.0
2024-05-12 16:03:00,343.0,-201.0
2024-05-12 16:04:00,353.0,-213.0
2024-05-12 16:05:00,378.0,-234.0
2024-05-12 16:06:00,394.0,-231.0
2024-05-12 16:07:00,401.0,-236.0
2024-05-12 16:08:00,397.0,-240.0
2024-05-12 16:09:00,403.0,-241.0
2024-05-12 16:10:00,425.0,-245.0
2024-05-12 16:11:00,414.0,-227.0
2024-05-12 16:12:00,404.0,-214.0
2024-05-12 16:13:00,389.0,-206.0
2024-05-12 16:14:00,384.0,-202.0
2024-05-12 16:15:00,376.0,-203.0
2024-05-12 16:16:00,386.0,-209.0
2024-05-12 16:17:00,399.0,-226.0
2024-05-12 16:18:00,393.0,-233.0
2024-05-12 16:19:00,376.0,-224.0
2024-05-12 16:20:00,357.0,-207.0
2024-05-12 16:21:00,365.0,-204.0
2024-05-12 16:22:00,378.0,-208.0
2024-05-12 16:23:00,367.0,-197.0
2024-05-12 16:24:00,344.0,-183.0
2024-05-12 16:25:00,314.0,-161.0
2024-05-12 16:26:00,303.0,-154.0
2024-05-12 16:27:00,305.0,-157.0
2024-05-12 16:28:00,304.0,-158.0
2024-05-12 16:29:00,288.0,-151.0
2024-05-12 16:30:00,282.0,-150.0
2024-05-12 16:31:00,296.0,-158.0
2024-05-12 16:32:00,312.0,-163.0
2024-05-12 16:33:00,307.0,-158.0
2024-05-12 16:34:00,298.0,-151.0
2024-05-12 16:35:00,288.0,-141.0
2024-05-12 16:36:00,271.0,-127.0
2024-05-12 16:37:00,257.0,-114.0
2024-05-12 16:38:00,255.0,-115.0
2024-05-12 16:39:00,257.0,-123.0
2024-05-12 16:40:00,250.0,-124.0
2024-05-12 16:41:00,238.0,-122.0
2024-05-12 16:42:00,215.0,-107.0
2024-05-12 16:43:00,212.0,-102.0
2024-05-12 16:44:00,215.0,-102.0
2024-05-12 16:45:00,213.0,-106.0
2024-05-12 16:46:00,220.0,-122.0
2024-05-12 16:47:00,228.0,-138.0
2024-05-12 16:48:00,227.0,-140.0
2024-05-12 16:49:00,222.0,-136.0
2024-05-12 16:50:00,215.0,-135.0
2024-05-12 16:51:00,213.0,-138.0
2024-05-12 16:52:00,214.0,-142.0
2024-05-12 16:53:00,206.0,-139.0
2024-05-12 16:54:00,197.0,-133.0
2024-05-12 16:55:00,187.0,-126.0
2024-05-12 16:56:00,185.0,-126.0
2024-05-12 16:57:00,195.0,-135.0
2024-05-12 16:58:00,200.0,-141.0
2024-05-12 16:59:00,196.0,-136.0
2024-05-12 17:00:00,207.0,-141.0
2024-05-12 17:01:00,208.0,-141.0
2024-05-12 17:02:00,205.0,-133.0
2024-05-12 17:03:00,197.0,-121.0
2024-05-12 17:04:00,175.0,-105.0
2024-05-12 17:05:00,171.0,-100.0
2024-05-12 17:06:00,177.0,-100.0
2024-05-12 17:07:00,182.0,-100.0
2024-05-12 17:08:00,180.0,-102.0
2024-05-12 17:09:00,176.0,-108.0
2024-05-12 17:10:00,181.0,-114.0
2024-05-12 17:11:00,183.0,-118.0
2024-05-12 17:12:00,182.0,-121.0
2024-05-12 17:13:00,183.0,-125.0
2024-05-12 17:14:00,187.0,-126.0
2024-05-12 17:15:00,200.0,-130.0
2024-05-12 17:16:00,200.0,-132.0
2024-05-12 17:17:00,197.0,-129.0
2024-05-12 17:18:00,187.0,-124.0
2024-05-12 17:19:00,182.0,-122.0
2024-05-12 17:20:00,183.0,-123.0
2024-05-12 17:21:00,198.0,-132.0
2024-05-12 17:22:00,208.0,-144.0
2024-05-12 17:23:00,216.0,-148.0
2024-05-12 17:24:00,223.0,-147.0
2024-05-12 17:25:00,214.0,-132.0
2024-05-12 17:26:00,205.0,-123.0
2024-05-12 17:27:00,229.0,-153.0
2024-05-12 17:28:00,195.0,-132.0
2024-05-12 17:29:00,204.0,-130.0
2024-05-12 17:30:00,196.0,-125.0
2024-05-12 17:31:00,224.0,-164.0
2024-05-12 17:32:00,231.0,-187.0
2024-05-12 17:33:00,224.0,-181.0
2024-05-12 17:34:00,225.0,-182.0
2024-05-12 17:35:00,189.0,-140.0
2024-05-12 17:36:00,151.0,-97.0
2024-05-12 17:37:00,171.0,-90.0
2024-05-12 17:38:00,171.0,-87.0
2024-05-12 17:39:00,265.0,-194.0
2024-05-12 17:40:00,310.0,-236.0
2024-05-12 17:41:00,281.0,-207.0
2024-05-12 17:42:00,194.0,-116.0
2024-05-12 17:43:00,195.0,-109.0
2024-05-12 17:44:00,233.0,-142.0
2024-05-12 17:45:00,243.0,-152.0
2024-05-12 17:46:00,224.0,-136.0
2024-05-12 17:47:00,240.0,-151.0
2024-05-12 17:48:00,259.0,-166.0
2024-05-12 17:49:00,245.0,-156.0
2024-05-12 17:50:00,234.0,-142.0
2024-05-12 17:51:00,241.0,-139.0
2024-05-12 17:52:00,242.0,-136.0
2024-05-12 17:53:00,237.0,-139.0
2024-05-12 17:54:00,233.0,-140.0
2024-05-12 17:55:00,229.0,-135.0
2024-05-12 17:56:00,226.0,-129.0
2024-05-12 17:57:00,235.0,-138.0
2024-05-12 17:58:00,227.0,-135.0
2024-05-12 17:59:00,220.0,-130.0
2024-05-12 18:00:00,273.0,-178.0
2024-05-12 18:01:00,305.0,-208.0
2024-05-12 18:02:00,287.0,-187.0
2024-05-12 18:03:00,257.0,-155.0
2024-05-12 18:04:00,263.0,-167.0
2024-05-12 18:05:00,260.0,-168.0
2024-05-12 18:06:00,254.0,-158.0
2024-05-12 18:07:00,247.0,-154.0
2024-05-12 18:08:00,254.0,-158.0
2024-05-12 18:09:00,265.0,-168.0
2024-05-12 18:10:00,272.0,-170.0
2024-05-12 18:11:00,268.0,-166.0
2024-05-12 18:12:00,263.0,-159.0
2024-05-12 18:13:00,269.0,-156.0
2024-05-12 18:14:00,305.0,-192.0
2024-05-12 18:15:00,303.0,-193.0
2024-05-12 18:16:00,297.0,-190.0
2024-05-12 18:17:00,304.0,-193.0
2024-05-12 18:18:00,311.0,-195.0
2024-05-12 18:19:00,315.0,-208.0
2024-05-12 18:20:00,308.0,-210.0
2024-05-12 18:21:00,323.0,-213.0
2024-05-12 18:22:00,332.0,-214.0
2024-05-12 18:23:00,337.0,-218.0
2024-05-12 18:24:00,341.0,-221.0
2024-05-12 18:25:00,349.0,-231.0
2024-05-12 18:26:00,371.0,-253.0
2024-05-12 18:27:00,385.0,-268.0
2024-05-12 18:28:00,381.0,-271.0
2024-05-12 18:29:00,382.0,-264.0
2024-05-12 18:30:00,408.0,-273.0
2024-05-12 18:31:00,422.0,-289.0
2024-05-12 18:32:00,395.0,-269.0
2024-05-12 18:33:00,396.0,-262.0
2024-05-12 18:34:00,429.0,-294.0
2024-05-12 18:35:00,437.0,-308.0
2024-05-12 18:36:00,415.0,-293.0
2024-05-12 18:37:00,390.0,-277.0
2024-05-12 18:38:00,374.0,-275.0
2024-05-12 18:39:00,350.0,-249.0
2024-05-12 18:40:00,335.0,-226.0
2024-05-12 18:41:00,319.0,-219.0
2024-05-12 18:42:00,314.0,-221.0
2024-05-12 18:43:00,295.0,-212.0
2024-05-12 18:44:00,279.0,-193.0
2024-05-12 18:45:00,262.0,-162.0
2024-05-12 18:46:00,251.0,-143.0
2024-05-12 18:47:00,258.0,-148.0
2024-05-12 18:48:00,263.0,-159.0
2024-05-12 18:49:00,249.0,-153.0
2024-05-12 18:50:00,243.0,-142.0
2024-05-12 18:51:00,242.0,-133.0
2024-05-12 18:52:00,246.0,-137.0
2024-05-12 18:53:00,242.0,-142.0
2024-05-12 18:54:00,230.0,-136.0
2024-05-12 18:55:00,216.0,-118.0
2024-05-12 18:56:00,223.0,-120.0
2024-05-12 18:57:00,223.0,-120.0
2024-05-12 18:58:00,246.0,-134.0
2024-05-12 18:59:00,260.0,-143.0
2024-05-12 19:00:00,252.0,-143.0
2024-05-12 19:01:00,231.0,-129.0
2024-05-12 19:02:00,238.0,-128.0
2024-05-12 19:03:00,259.0,-138.0
2024-05-12 19:04:00,281.0,-160.0
2024-05-12 19:05:00,282.0,-165.0
2024-05-12 19:06:00,275.0,-164.0
2024-05-12 19:07:00,277.0,-164.0
2024-05-12 19:08:00,284.0,-166.0
2024-05-12 19:09:00,308.0,-173.0
2024-05-12 19:10:00,310.0,-180.0
2024-05-12 19:11:00,329.0,-197.0
2024-05-12 19:12:00,353.0,-214.0
2024-05-12 19:13:00,372.0,-225.0
2024-05-12 19:14:00,362.0,-217.0
2024-05-12 19:15:00,364.0,-220.0
2024-05-12 19:16:00,375.0,-226.0
2024-05-12 19:17:00,394.0,-236.0
2024-05-12 19:18:00,411.0,-248.0
2024-05-12 19:19:00,414.0,-247.0
2024-05-12 19:20:00,408.0,-241.0
2024-05-12 19:21:00,399.0,-237.0
2024-05-12 19:22:00,410.0,-240.0
2024-05-12 19:23:00,418.0,-250.0
2024-05-12 19:24:00,425.0,-261.0
2024-05-12 19:25:00,416.0,-255.0
2024-05-12 19:26:00,410.0,-248.0
2024-05-12 19:27:00,411.0,-249.0
2024-05-12 19:28:00,406.0,-246.0
2024-05-12 19:29:00,392.0,-239.0
2024-05-12 19:30:00,384.0,-230.0
2024-05-12 19:31:00,383.0,-223.0
2024-05-12 19:32:00,421.0,-261.0
2024-05-12 19:33:00,462.0,-307.0
2024-05-12 19:34:00,488.0,-334.0
2024-05-12 19:35:00,459.0,-305.0
2024-05-12 19:36:00,471.0,-315.0
2024-05-12 19:37:00,495.0,-340.0
2024-05-12 19:38:00,472.0,-318.0
2024-05-12 19:39:00,393.0,-244.0
2024-05-12 19:40:00,330.0,-188.0
2024-05-12 19:41:00,315.0,-174.0
2024-05-12 19:42:00,300.0,-159.0
2024-05-12 19:43:00,305.0,-162.0
2024-05-12 19:44:00,318.0,-172.0
2024-05-12 19:45:00,328.0,-176.0
2024-05-12 19:46:00,325.0,-176.0
2024-05-12 19:47:00,318.0,-174.0
2024-05-12 19:48:00,308.0,-165.0
2024-05-12 19:49:00,298.0,-163.0
2024-05-12 19:50:00,291.0,-161.0
2024-05-12 19:51:00,289.0,-155.0
2024-05-12 19:52:00,316.0,-166.0
2024-05-12 19:53:00,313.0,-166.0
2024-05-12 19:54:00,314.0,-164.0
2024-05-12 19:55:00,311.0,-158.0
2024-05-12 19:56:00,327.0,-173.0
2024-05-12 19:57:00,298.0,-146.0
2024-05-12 19:58:00,300.0,-151.0
2024-05-12 19:59:00,313.0,-157.0
2024-05-12 20:00:00,314.0,-157.0
2024-05-12 20:01:00,318.0,-159.0
2024-05-12 20:02:00,331.0,-166.0
2024-05-12 20:03:00,322.0,-164.0
2024-05-12 20:04:00,317.0,-162.0
2024-05-12 20:05:00,321.0,-171.0
2024-05-12 20:06:00,312.0,-158.0
2024-05-12 20:07:00,290.0,-136.0
2024-05-12 20:08:00,303.0,-142.0
2024-05-12 20:09:00,317.0,-156.0
2024-05-12 20:10:00,339.0,-166.0
2024-05-12 20:11:00,382.0,-175.0
2024-05-12 20:12:00,384.0,-177.0
2024-05-12 20:13:00,403.0,-182.0
2024-05-12 20:14:00,408.0,-183.0
2024-05-12 20:15:00,398.0,-177.0
2024-05-12 20:16:00,431.0,-191.0
2024-05-12 20:17:00,444.0,-214.0
2024-05-12 20:18:00,438.0,-219.0
2024-05-12 20:19:00,475.0,-245.0
2024-05-12 20:20:00,539.0,-305.0
2024-05-12 20:21:00,525.0,-285.0
2024-05-12 20:22:00,516.0,-264.0
2024-05-12 20:23:00,537.0,-257.0
2024-05-12 20:24:00,573.0,-282.0
2024-05-12 20:25:00,641.0,-336.0
2024-05-12 20:26:00,717.0,-391.0
2024-05-12 20:27:00,772.0,-414.0
2024-05-12 20:28:00,783.0,-412.0
2024-05-12 20:29:00,790.0,-423.0
2024-05-12 20:30:00,831.0,-467.0
2024-05-12 20:31:00,882.0,-524.0
2024-05-12 20:32:00,935.0,-573.0
2024-05-12 20:33:00,952.0,-604.0
2024-05-12 20:34:00,994.0,-644.0
2024-05-12 20:35:00,1037.0,-669.0
2024-05-12 20:36:00,1084.0,-683.0
2024-05-12 20:37:00,1114.0,-713.0
2024-05-12 20:38:00,1088.0,-718.0
2024-05-12 20:39:00,1070.0,-725.0
2024-05-12 20:40:00,1077.0,-717.0
2024-05-12 20:41:00,1054.0,-696.0
2024-05-12 20:42:00,995.0,-652.0
2024-05-12 20:43:00,948.0,-619.0
2024-05-12 20:44:00,931.0,-614.0
2024-05-12 20:45:00,871.0,-573.0
2024-05-12 20:46:00,816.0,-533.0
2024-05-12 20:47:00,817.0,-530.0
2024-05-12 20:48:00,762.0,-470.0
2024-05-12 20:49:00,731.0,-411.0
2024-05-12 20:50:00,714.0,-399.0
2024-05-12 20:51:00,667.0,-352.0
2024-05-12 20:52:00,691.0,-364.0
2024-05-12 20:53:00,731.0,-376.0
2024-05-12 20:54:00,776.0,-400.0
2024-05-12 20:55:00,795.0,-400.0
2024-05-12 20:56:00,872.0,-479.0
2024-05-12 20:57:00,895.0,-517.0
2024-05-12 20:58:00,878.0,-518.0
2024-05-12 20:59:00,933.0,-547.0
2024-05-12 21:00:00,1047.0,-612.0
2024-05-12 21:01:00,1080.0,-648.0
2024-05-12 21:02:00,1110.0,-711.0
2024-05-12 21:03:00,1144.0,-741.0
2024-05-12 21:04:00,1154.0,-762.0
2024-05-12 21:05:00,1174.0,-779.0
2024-05-12 21:06:00,1172.0,-795.0
2024-05-12 21:07:00,1247.0,-865.0
2024-05-12 21:08:00,1267.0,-889.0
2024-05-12 21:09:00,1331.0,-939.0
2024-05-12 21:10:00,1357.0,-958.0
2024-05-12 21:11:00,1413.0,-994.0
2024-05-12 21:12:00,1517.0,-1074.0
2024-05-12 21:13:00,1671.0,-1209.0
2024-05-12 21:14:00,1658.0,-1197.0
2024-05-12 21:15:00,1617.0,-1140.0
2024-05-12 21:16:00,1608.0,-1113.0
2024-05-12 21:17:00,1500.0,-1014.0
2024-05-12 21:18:00,1429.0,-944.0
2024-05-12 21:19:00,1450.0,-953.0
2024-05-12 21:20:00,1468.0,-979.0
2024-05-12 21:21:00,1609.0,-1096.0
2024-05-12 21:22:00,1754.0,-1231.0
2024-05-12 21:23:00,1736.0,-1217.0
2024-05-12 21:24:00,1583.0,-1090.0
2024-05-12 21:25:00,1482.0,-1003.0
2024-05-12 21:26:00,1263.0,-803.0
2024-05-12 21:27:00,1185.0,-744.0
2024-05-12 21:28:00,1196.0,-744.0
2024-05-12 21:29:00,1258.0,-776.0
2024-05-12 21:30:00,1307.0,-790.0
2024-05-12 21:31:00,1332.0,-787.0
2024-05-12 21:32:00,1312.0,-760.0
2024-05-12 21:33:00,1287.0,-731.0
2024-05-12 21:34:00,1289.0,-753.0
2024-05-12 21:35:00,1270.0,-774.0
2024-05-12 21:36:00,1246.0,-777.0
2024-05-12 21:37:00,1221.0,-749.0
2024-05-12 21:38:00,1229.0,-760.0
2024-05-12 21:39:00,1224.0,-750.0
2024-05-12 21:40:00,1274.0,-799.0
2024-05-12 21:41:00,1346.0,-873.0
2024-05-12 21:42:00,1366.0,-902.0
2024-05-12 21:43:00,1318.0,-854.0
2024-05-12 21:44:00,1289.0,-809.0
2024-05-12 21:45:00,1232.0,-748.0
2024-05-12 21:46:00,1188.0,-694.0
2024-05-12 21:47:00,1240.0,-747.0
2024-05-12 21:48:00,1422.0,-928.0
2024-05-12 21:49:00,1452.0,-964.0
2024-05-12 21:50:00,1336.0,-857.0
2024-05-12 21:51:00,1296.0,-830.0
2024-05-12 21:52:00,1390.0,-928.0
2024-05-12 21:53:00,1440.0,-952.0
2024-05-12 21:54:00,1546.0,-1033.0
2024-05-12 21:55:00,1661.0,-1131.0
2024-05-12 21:56:00,1708.0,-1187.0
2024-05-12 21:57:00,1713.0,-1199.0
2024-05-12 21:58:00,1726.0,-1206.0
2024-05-12 21:59:00,1746.0,-1229.0
2024-05-12 22:00:00,1563.0,-1046.0
2024-05-12 22:01:00,1434.0,-920.0
2024-05-12 22:02:00,1338.0,-825.0
2024-05-12 22:03:00,1344.0,-838.0
2024-05-12 22:04:00,1371.0,-862.0
2024-05-12 22:05:00,1361.0,-844.0
2024-05-12 22:06:00,1343.0,-820.0
2024-05-12 22:07:00,1311.0,-792.0
2024-05-12 22:08:00,1372.0,-832.0
2024-05-12 22:09:00,1474.0,-911.0
2024-05-12 22:10:00,1511.0,-960.0
2024-05-12 22:11:00,1610.0,-1088.0
2024-05-12 22:12:00,1625.0,-1120.0
2024-05-12 22:13:00,1676.0,-1160.0
2024-05-12 22:14:00,1797.0,-1278.0
2024-05-12 22:15:00,1820.0,-1304.0
2024-05-12 22:16:00,1849.0,-1279.0
2024-05-12 22:17:00,1853.0,-1231.0
2024-05-12 22:18:00,1808.0,-1196.0
2024-05-12 22:19:00,1721.0,-1115.0
2024-05-12 22:20:00,1619.0,-1033.0
2024-05-12 22:21:00,1528.0,-979.0
2024-05-12 22:22:00,1396.0,-912.0
2024-05-12 22:23:00,1325.0,-910.0
2024-05-12 22:24:00,1225.0,-920.0
2024-05-12 22:25:00,1217.0,-976.0
2024-05-12 22:26:00,1360.0,-1109.0
2024-05-12 22:27:00,1303.0,-1076.0
2024-05-12 22:28:00,1217.0,-1024.0
2024-05-12 22:29:00,1095.0,-923.0
2024-05-12 22:30:00,1082.0,-944.0
2024-05-12 22:31:00,1138.0,-998.0
2024-05-12 22:32:00,1022.0,-914.0
2024-05-12 22:33:00,1144.0,-1020.0
2024-05-12 22:34:00,1108.0,-1000.0
2024-05-12 22:35:00,1020.0,-927.0
2024-05-12 22:36:00,959.0,-862.0
2024-05-12 22:37:00,992.0,-896.0
2024-05-12 22:38:00,1055.0,-963.0
2024-05-12 22:39:00,1081.0,-988.0
2024-05-12 22:40:00,1032.0,-948.0
2024-05-12 22:41:00,1077.0,-993.0
2024-05-12 22:42:00,950.0,-876.0
2024-05-12 22:43:00,967.0,-867.0
2024-05-12 22:44:00,971.0,-876.0
2024-05-12 22:45:00,1018.0,-928.0
2024-05-12 22:46:00,942.0,-830.0
2024-05-12 22:47:00,875.0,-788.0
2024-05-12 22:48:00,832.0,-734.0
2024-05-12 22:49:00,786.0,-723.0
2024-05-12 22:50:00,795.0,-723.0
2024-05-12 22:51:00,778.0,-696.0
2024-05-12 22:52:00,776.0,-702.0
2024-05-12 22:53:00,791.0,-709.0
2024-05-12 22:54:00,806.0,-705.0
2024-05-12 22:55:00,804.0,-678.0
2024-05-12 22:56:00,732.0,-608.0
2024-05-12 22:57:00,742.0,-610.0
2024-05-12 22:58:00,758.0,-588.0
2024-05-12 22:59:00,671.0,-472.0
2024-05-12 23:00:00,822.0,-594.0
2024-05-12 23:01:00,803.0,-570.0
2024-05-12 23:02:00,787.0,-553.0
2024-05-12 23:03:00,718.0,-487.0
2024-05-12 23:04:00,684.0,-453.0
2024-05-12 23:05:00,744.0,-509.0
2024-05-12 23:06:00,780.0,-536.0
2024-05-12 23:07:00,737.0,-483.0
2024-05-12 23:08:00,774.0,-516.0
2024-05-12 23:09:00,780.0,-542.0
2024-05-12 23:10:00,749.0,-501.0
2024-05-12 23:11:00,669.0,-403.0
2024-05-12 23:12:00,778.0,-499.0
2024-05-12 23:13:00,827.0,-567.0
2024-05-12 23:14:00,758.0,-520.0
2024-05-12 23:15:00,706.0,-505.0
2024-05-12 23:16:00,741.0,-547.0
2024-05-12 23:17:00,737.0,-521.0
2024-05-12 23:18:00,752.0,-517.0
2024-05-12 23:19:00,782.0,-527.0
2024-05-12 23:20:00,818.0,-532.0
2024-05-12 23:21:00,824.0,-528.0
2024-05-12 23:22:00,779.0,-478.0
2024-05-12 23:23:00,792.0,-520.0
2024-05-12 23:24:00,820.0,-586.0
2024-05-12 23:25:00,737.0,-519.0
2024-05-12 23:26:00,688.0,-480.0
2024-05-12 23:27:00,706.0,-484.0
2024-05-12 23:28:00,731.0,-514.0
2024-05-12 23:29:00,778.0,-562.0
2024-05-12 23:30:00,803.0,-566.0
2024-05-12 23:31:00,832.0,-580.0
2024-05-12 23:32:00,835.0,-557.0
2024-05-12 23:33:00,655.0,-372.0
2024-05-12 23:34:00,703.0,-444.0
2024-05-12 23:35:00,705.0,-474.0
2024-05-12 23:36:00,657.0,-430.0
2024-05-12 23:37:00,603.0,-381.0
2024-05-12 23:38:00,580.0,-348.0
2024-05-12 23:39:00,726.0,-498.0
2024-05-12 23:40:00,659.0,-439.0
2024-05-12 23:41:00,580.0,-360.0
2024-05-12 23:42:00,644.0,-409.0
2024-05-12 23:43:00,619.0,-384.0
2024-05-12 23:44:00,652.0,-414.0
2024-05-12 23:45:00,744.0,-512.0
2024-05-12 23:46:00,649.0,-427.0
2024-05-12 23:47:00,589.0,-359.0
2024-05-12 23:48:00,631.0,-395.0
2024-05-12 23:49:00,631.0,-386.0
2024-05-12 23:50:00,588.0,-327.0
2024-05-12 23:51:00,614.0,-354.0
2024-05-12 23:52:00,583.0,-329.0
2024-05-12 23:53:00,545.0,-297.0
2024-05-12 23:54:00,534.0,-309.0
2024-05-12 23:55:00,628.0,-422.0
2024-05-12 23:56:00,462.0,-238.0
2024-05-12 23:57:00,521.0,-283.0
2024-05-12 23:58:00,597.0,-368.0
2024-05-12 23:59:00,539.0,-323.0
2024-05-13 00:00:00,494.0,-293.0
2024-05-13 00:01:00,457.0,-284.0
2024-05-13 00:02:00,450.0,-284.0
2024-05-13 00:03:00,478.0,-278.0
2024-05-13 00:04:00,401.0,-212.0
2024-05-13 00:05:00,427.0,-223.0
2024-05-13 00:06:00,466.0,-282.0
2024-05-13 00:07:00,430.0,-273.0
2024-05-13 00:08:00,373.0,-230.0
2024-05-13 00:09:00,358.0,-213.0
2024-05-13 00:10:00,367.0,-225.0
2024-05-13 00:11:00,406.0,-262.0
2024-05-13 00:12:00,362.0,-209.0
2024-05-13 00:13:00,363.0,-221.0
2024-05-13 00:14:00,397.0,-263.0
2024-05-13 00:15:00,370.0,-235.0
2024-05-13 00:16:00,367.0,-242.0
2024-05-13 00:17:00,300.0,-195.0
2024-05-13 00:18:00,260.0,-151.0
2024-05-13 00:19:00,307.0,-193.0
2024-05-13 00:20:00,321.0,-211.0
2024-05-13 00:21:00,318.0,-209.0
2024-05-13 00:22:00,337.0,-231.0
2024-05-13 00:23:00,328.0,-230.0
2024-05-13 00:24:00,296.0,-203.0
2024-05-13 00:25:00,277.0,-181.0
2024-05-13 00:26:00,205.0,-120.0
2024-05-13 00:27:00,230.0,-121.0
2024-05-13 00:28:00,314.0,-213.0
2024-05-13 00:29:00,391.0,-253.0
2024-05-13 00:30:00,390.0,-232.0
2024-05-13 00:31:00,396.0,-266.0
2024-05-13 00:32:00,426.0,-285.0
2024-05-13 00:33:00,526.0,-383.0
2024-05-13 00:34:00,591.0,-424.0
2024-05-13 00:35:00,647.0,-486.0
2024-05-13 00:36:00,600.0,-461.0
2024-05-13 00:37:00,556.0,-431.0
2024-05-13 00:38:00,529.0,-403.0
2024-05-13 00:39:00,505.0,-395.0
2024-05-13 00:40:00,519.0,-407.0
2024-05-13 00:41:00,493.0,-379.0
2024-05-13 00:42:00,485.0,-354.0
2024-05-13 00:43:00,468.0,-330.0
2024-05-13 00:44:00,489.0,-342.0
2024-05-13 00:45:00,516.0,-347.0
2024-05-13 00:46:00,548.0,-348.0
2024-05-13 00:47:00,539.0,-373.0
2024-05-13 00:48:00,521.0,-355.0
2024-05-13 00:49:00,520.0,-352.0
2024-05-13 00:50:00,515.0,-356.0
2024-05-13 00:51:00,567.0,-380.0
2024-05-13 00:52:00,600.0,-348.0
2024-05-13 00:53:00,572.0,-346.0
2024-05-13 00:54:00,563.0,-335.0
2024-05-13 00:55:00,681.0,-424.0
2024-05-13 00:56:00,652.0,-484.0
2024-05-13 00:57:00,683.0,-501.0
2024-05-13 00:58:00,720.0,-520.0
2024-05-13 00:59:00,720.0,-535.0
2024-05-13 01:00:00,701.0,-518.0
2024-05-13 01:01:00,668.0,-483.0
2024-05-13 01:02:00,662.0,-477.0
2024-05-13 01:03:00,622.0,-441.0
2024-05-13 01:04:00,574.0,-402.0
2024-05-13 01:05:00,579.0,-416.0
2024-05-13 01:06:00,569.0,-405.0
2024-05-13 01:07:00,563.0,-392.0
2024-05-13 01:08:00,582.0,-402.0
2024-05-13 01:09:00,604.0,-422.0
2024-05-13 01:10:00,618.0,-434.0
2024-05-13 01:11:00,639.0,-446.0
2024-05-13 01:12:00,663.0,-456.0
2024-05-13 01:13:00,677.0,-456.0
2024-05-13 01:14:00,643.0,-417.0
2024-05-13 01:15:00,605.0,-383.0
2024-05-13 01:16:00,586.0,-359.0
2024-05-13 01:17:00,586.0,-351.0
2024-05-13 01:18:00,584.0,-344.0
2024-05-13 01:19:00,589.0,-340.0
2024-05-13 01:20:00,583.0,-339.0
2024-05-13 01:21:00,597.0,-345.0
2024-05-13 01:22:00,606.0,-350.0
2024-05-13 01:23:00,608.0,-353.0
2024-05-13 01:24:00,621.0,-365.0
2024-05-13 01:25:00,593.0,-353.0
2024-05-13 01:26:00,568.0,-342.0
2024-05-13 01:27:00,573.0,-329.0
2024-05-13 01:28:00,534.0,-296.0
2024-05-13 01:29:00,509.0,-275.0
2024-05-13 01:30:00,517.0,-266.0
2024-05-13 01:31:00,498.0,-247.0
2024-05-13 01:32:00,476.0,-232.0
2024-05-13 01:33:00,474.0,-226.0
2024-05-13 01:34:00,469.0,-238.0
2024-05-13 01:35:00,457.0,-226.0
2024-05-13 01:36:00,445.0,-210.0
2024-05-13 01:37:00,440.0,-212.0
2024-05-13 01:38:00,431.0,-216.0
2024-05-13 01:39:00,417.0,-201.0
2024-05-13 01:40:00,408.0,-188.0
2024-05-13 01:41:00,430.0,-201.0
2024-05-13 01:42:00,445.0,-213.0
2024-05-13 01:43:00,391.0,-161.0
2024-05-13 01:44:00,396.0,-172.0
2024-05-13 01:45:00,382.0,-167.0
2024-05-13 01:46:00,385.0,-169.0
2024-05-13 01:47:00,411.0,-192.0
2024-05-13 01:48:00,424.0,-209.0
2024-05-13 01:49:00,427.0,-215.0
2024-05-13 01:50:00,394.0,-195.0
2024-05-13 01:51:00,393.0,-199.0
2024-05-13 01:52:00,414.0,-209.0
2024-05-13 01:53:00,430.0,-217.0
2024-05-13 01:54:00,403.0,-208.0
2024-05-13 01:55:00,419.0,-206.0
2024-05-13 01:56:00,452.0,-227.0
2024-05-13 01:57:00,448.0,-221.0
2024-05-13 01:58:00,453.0,-245.0
2024-05-13 01:59:00,455.0,-247.0
2024-05-13 02:00:00,446.0,-250.0
2024-05-13 02:01:00,410.0,-225.0
2024-05-13 02:02:00,365.0,-184.0
2024-05-13 02:03:00,352.0,-178.0
2024-05-13 02:04:00,332.0,-167.0
2024-05-13 02:05:00,333.0,-170.0
2024-05-13 02:06:00,339.0,-149.0
2024-05-13 02:07:00,359.0,-145.0
2024-05-13 02:08:00,373.0,-159.0
2024-05-13 02:09:00,384.0,-174.0
2024-05-13 02:10:00,384.0,-155.0
2024-05-13 02:11:00,434.0,-181.0
2024-05-13 02:12:00,432.0,-170.0
2024-05-13 02:13:00,418.0,-171.0
2024-05-13 02:14:00,365.0,-173.0
2024-05-13 02:15:00,406.0,-189.0
2024-05-13 02:16:00,394.0,-192.0
2024-05-13 02:17:00,425.0,-181.0
2024-05-13 02:18:00,472.0,-209.0
2024-05-13 02:19:00,394.0,-157.0
2024-05-13 02:20:00,380.0,-138.0
2024-05-13 02:21:00,351.0,-116.0
2024-05-13 02:22:00,364.0,-132.0
2024-05-13 02:23:00,358.0,-146.0
2024-05-13 02:24:00,324.0,-135.0
2024-05-13 02:25:00,316.0,-118.0
2024-05-13 02:26:00,315.0,-110.0
2024-05-13 02:27:00,315.0,-114.0
2024-05-13 02:28:00,359.0,-135.0
2024-05-13 02:29:00,422.0,-186.0
2024-05-13 02:30:00,375.0,-155.0
2024-05-13 02:31:00,284.0,-93.0
2024-05-13 02:32:00,315.0,-116.0
2024-05-13 02:33:00,392.0,-145.0
2024-05-13 02:34:00,398.0,-121.0
2024-05-13 02:35:00,433.0,-175.0
2024-05-13 02:36:00,378.0,-129.0
2024-05-13 02:37:00,353.0,-129.0
2024-05-13 02:38:00,349.0,-138.0
2024-05-13 02:39:00,355.0,-144.0
2024-05-13 02:40:00,275.0,-106.0
2024-05-13 02:41:00,397.0,-222.0
2024-05-13 02:42:00,397.0,-189.0
2024-05-13 02:43:00,419.0,-204.0
2024-05-13 02:44:00,547.0,-308.0
2024-05-13 02:45:00,576.0,-333.0
2024-05-13 02:46:00,568.0,-308.0
2024-05-13 02:47:00,619.0,-329.0
2024-05-13 02:48:00,656.0,-391.0
2024-05-13 02:49:00,711.0,-418.0
2024-05-13 02:50:00,815.0,-508.0
2024-05-13 02:51:00,844.0,-528.0
2024-05-13 02:52:00,898.0,-547.0
2024-05-13 02:53:00,672.0,-367.0
2024-05-13 02:54:00,600.0,-350.0
2024-05-13 02:55:00,658.0,-369.0
2024-05-13 02:56:00,918.0,-582.0
2024-05-13 02:57:00,1233.0,-857.0
2024-05-13 02:58:00,1360.0,-1019.0
2024-05-13 02:59:00,1380.0,-1068.0
2024-05-13 03:00:00,1315.0,-997.0
2024-05-13 03:01:00,1479.0,-1158.0
2024-05-13 03:02:00,1436.0,-1084.0
2024-05-13 03:03:00,1160.0,-850.0
2024-05-13 03:04:00,1204.0,-939.0
2024-05-13 03:05:00,1166.0,-920.0
2024-05-13 03:06:00,1274.0,-1029.0
2024-05-13 03:07:00,1172.0,-871.0
2024-05-13 03:08:00,1167.0,-848.0
2024-05-13 03:09:00,1063.0,-797.0
2024-05-13 03:10:00,1005.0,-758.0
2024-05-13 03:11:00,990.0,-777.0
2024-05-13 03:12:00,1055.0,-838.0
2024-05-13 03:13:00,1100.0,-866.0
2024-05-13 03:14:00,1095.0,-877.0
2024-05-13 03:15:00,1033.0,-784.0
2024-05-13 03:16:00,992.0,-730.0
2024-05-13 03:17:00,960.0,-671.0
2024-05-13 03:18:00,926.0,-616.0
2024-05-13 03:19:00,966.0,-584.0
2024-05-13 03:20:00,1035.0,-563.0
2024-05-13 03:21:00,1040.0,-559.0
2024-05-13 03:22:00,1016.0,-497.0
2024-05-13 03:23:00,968.0,-485.0
2024-05-13 03:24:00,949.0,-515.0
2024-05-13 03:25:00,967.0,-543.0
2024-05-13 03:26:00,1026.0,-528.0
2024-05-13 03:27:00,1116.0,-549.0
2024-05-13 03:28:00,1184.0,-582.0
2024-05-13 03:29:00,1045.0,-517.0
2024-05-13 03:30:00,1042.0,-491.0
2024-05-13 03:31:00,1138.0,-501.0
2024-05-13 03:32:00,1230.0,-616.0
2024-05-13 03:33:00,1121.0,-565.0
2024-05-13 03:34:00,1066.0,-544.0
2024-05-13 03:35:00,1117.0,-580.0
2024-05-13 03:36:00,1033.0,-485.0
2024-05-13 03:37:00,986.0,-445.0
2024-05-13 03:38:00,1024.0,-492.0
2024-05-13 03:39:00,1016.0,-492.0
2024-05-13 03:40:00,1025.0,-504.0
2024-05-13 03:41:00,917.0,-416.0
2024-05-13 03:42:00,887.0,-456.0
2024-05-13 03:43:00,867.0,-472.0
2024-05-13 03:44:00,787.0,-385.0
2024-05-13 03:45:00,723.0,-328.0
2024-05-13 03:46:00,693.0,-323.0
2024-05-13 03:47:00,744.0,-355.0
2024-05-13 03:48:00,755.0,-384.0
2024-05-13 03:49:00,736.0,-378.0
2024-05-13 03:50:00,702.0,-372.0
2024-05-13 03:51:00,679.0,-358.0
2024-05-13 03:52:00,679.0,-369.0
2024-05-13 03:53:00,747.0,-406.0
2024-05-13 03:54:00,802.0,-464.0
2024-05-13 03:55:00,857.0,-441.0
2024-05-13 03:56:00,872.0,-455.0
2024-05-13 03:57:00,863.0,-464.0
2024-05-13 03:58:00,863.0,-468.0
2024-05-13 03:59:00,812.0,-421.0
2024-05-13 04:00:00,749.0,-385.0
2024-05-13 04:01:00,751.0,-425.0
2024-05-13 04:02:00,771.0,-461.0
2024-05-13 04:03:00,796.0,-469.0
2024-05-13 04:04:00,802.0,-468.0
2024-05-13 04:05:00,822.0,-475.0
2024-05-13 04:06:00,846.0,-481.0
2024-05-13 04:07:00,846.0,-488.0
2024-05-13 04:08:00,815.0,-446.0
2024-05-13 04:09:00,761.0,-435.0
2024-05-13 04:10:00,761.0,-435.0
2024-05-13 04:11:00,777.0,-435.0
2024-05-13 04:12:00,774.0,-452.0
2024-05-13 04:13:00,753.0,-432.0
2024-05-13 04:14:00,747.0,-416.0
2024-05-13 04:15:00,729.0,-399.0
2024-05-13 04:16:00,706.0,-389.0
2024-05-13 04:17:00,685.0,-405.0
2024-05-13 04:18:00,702.0,-433.0
2024-05-13 04:19:00,666.0,-397.0
2024-05-13 04:20:00,628.0,-361.0
2024-05-13 04:21:00,613.0,-347.0
2024-05-13 04:22:00,619.0,-350.0
2024-05-13 04:23:00,605.0,-337.0
2024-05-13 04:24:00,584.0,-324.0
2024-05-13 04:25:00,560.0,-284.0
2024-05-13 04:26:00,531.0,-268.0
2024-05-13 04:27:00,544.0,-299.0
2024-05-13 04:28:00,558.0,-321.0
2024-05-13 04:29:00,525.0,-300.0
2024-05-13 04:30:00,479.0,-269.0
2024-05-13 04:31:00,458.0,-266.0
2024-05-13 04:32:00,518.0,-305.0
2024-05-13 04:33:00,530.0,-302.0
2024-05-13 04:34:00,518.0,-261.0
2024-05-13 04:35:00,514.0,-252.0
2024-05-13 04:36:00,552.0,-287.0
2024-05-13 04:37:00,561.0,-302.0
2024-05-13 04:38:00,543.0,-288.0
2024-05-13 04:39:00,544.0,-283.0
2024-05-13 04:40:00,551.0,-300.0
2024-05-13 04:41:00,519.0,-275.0
2024-05-13 04:42:00,504.0,-258.0
2024-05-13 04:43:00,492.0,-278.0
2024-05-13 04:44:00,469.0,-277.0
2024-05-13 04:45:00,447.0,-275.0
2024-05-13 04:46:00,456.0,-312.0
2024-05-13 04:47:00,437.0,-306.0
2024-05-13 04:48:00,396.0,-264.0
2024-05-13 04:49:00,392.0,-253.0
2024-05-13 04:50:00,370.0,-237.0
2024-05-13 04:51:00,336.0,-214.0
2024-05-13 04:52:00,319.0,-202.0
2024-05-13 04:53:00,310.0,-188.0
2024-05-13 04:54:00,316.0,-191.0
2024-05-13 04:55:00,315.0,-198.0
2024-05-13 04:56:00,287.0,-184.0
2024-05-13 04:57:00,275.0,-183.0
2024-05-13 04:58:00,265.0,-176.0
2024-05-13 04:59:00,276.0,-166.0
2024-05-13 05:00:00,266.0,-172.0
2024-05-13 05:01:00,296.0,-190.0
2024-05-13 05:02:00,315.0,-192.0
2024-05-13 05:03:00,314.0,-193.0
2024-05-13 05:04:00,347.0,-222.0
2024-05-13 05:05:00,345.0,-226.0
2024-05-13 05:06:00,337.0,-202.0
2024-05-13 05:07:00,350.0,-194.0
2024-05-13 05:08:00,358.0,-198.0
2024-05-13 05:09:00,335.0,-188.0
2024-05-13 05:10:00,340.0,-174.0
2024-05-13 05:11:00,325.0,-161.0
2024-05-13 05:12:00,286.0,-151.0
2024-05-13 05:13:00,285.0,-167.0
2024-05-13 05:14:00,324.0,-194.0
2024-05-13 05:15:00,337.0,-186.0
2024-05-13 05:16:00,346.0,-173.0
2024-05-13 05:17:00,371.0,-178.0
2024-05-13 05:18:00,392.0,-191.0
2024-05-13 05:19:00,418.0,-206.0
2024-05-13 05:20:00,416.0,-206.0
2024-05-13 05:21:00,397.0,-190.0
2024-05-13 05:22:00,381.0,-169.0
2024-05-13 05:23:00,351.0,-162.0
2024-05-13 05:24:00,332.0,-152.0
2024-05-13 05:25:00,331.0,-150.0
2024-05-13 05:26:00,312.0,-149.0
2024-05-13 05:27:00,304.0,-148.0
2024-05-13 05:28:00,303.0,-153.0
2024-05-13 05:29:00,309.0,-166.0
2024-05-13 05:30:00,288.0,-165.0
2024-05-13 05:31:00,286.0,-174.0
2024-05-13 05:32:00,287.0,-189.0
2024-05-13 05:33:00,265.0,-180.0
2024-05-13 05:34:00,254.0,-176.0
2024-05-13 05:35:00,266.0,-175.0
2024-05-13 05:36:00,299.0,-185.0
2024-05-13 05:37:00,305.0,-189.0
2024-05-13 05:38:00,317.0,-189.0
2024-05-13 05:39:00,321.0,-190.0
2024-05-13 05:40:00,319.0,-193.0
2024-05-13 05:41:00,307.0,-187.0
2024-05-13 05:42:00,298.0,-170.0
2024-05-13 05:43:00,303.0,-160.0
2024-05-13 05:44:00,315.0,-164.0
2024-05-13 05:45:00,319.0,-164.0
2024-05-13 05:46:00,316.0,-153.0
2024-05-13 05:47:00,311.0,-146.0
2024-05-13 05:48:00,303.0,-146.0
2024-05-13 05:49:00,300.0,-142.0
2024-05-13 05:50:00,287.0,-136.0
2024-05-13 05:51:00,268.0,-130.0
2024-05-13 05:52:00,253.0,-129.0
2024-05-13 05:53:00,256.0,-134.0
2024-05-13 05:54:00,261.0,-140.0
2024-05-13 05:55:00,259.0,-136.0
2024-05-13 05:56:00,257.0,-132.0
2024-05-13 05:57:00,253.0,-130.0
2024-05-13 05:58:00,249.0,-128.0
2024-05-13 05:59:00,247.0,-131.0
2024-05-13 06:00:00,240.0,-138.0
2024-05-13 06:01:00,248.0,-140.0
2024-05-13 06:02:00,253.0,-146.0
2024-05-13 06:03:00,247.0,-149.0
2024-05-13 06:04:00,259.0,-153.0
2024-05-13 06:05:00,255.0,-154.0
2024-05-13 06:06:00,244.0,-151.0
2024-05-13 06:07:00,240.0,-150.0
2024-05-13 06:08:00,246.0,-148.0
2024-05-13 06:09:00,269.0,-149.0
2024-05-13 06:10:00,268.0,-146.0
2024-05-13 06:11:00,272.0,-145.0
2024-05-13 06:12:00,268.0,-151.0
2024-05-13 06:13:00,280.0,-163.0
2024-05-13 06:14:00,298.0,-180.0
2024-05-13 06:15:00,320.0,-192.0
2024-05-13 06:16:00,322.0,-195.0
2024-05-13 06:17:00,337.0,-199.0
2024-05-13 06:18:00,351.0,-210.0
2024-05-13 06:19:00,338.0,-211.0
2024-05-13 06:20:00,339.0,-213.0
2024-05-13 06:21:00,337.0,-205.0
2024-05-13 06:22:00,312.0,-193.0
2024-05-13 06:23:00,304.0,-181.0
2024-05-13 06:24:00,285.0,-168.0
2024-05-13 06:25:00,272.0,-161.0
2024-05-13 06:26:00,348.0,-219.0
2024-05-13 06:27:00,386.0,-265.0
2024-05-13 06:28:00,362.0,-236.0
2024-05-13 06:29:00,352.0,-217.0
2024-05-13 06:30:00,385.0,-230.0
2024-05-13 06:31:00,396.0,-234.0
2024-05-13 06:32:00,395.0,-247.0
2024-05-13 06:33:00,404.0,-265.0
2024-05-13 06:34:00,436.0,-277.0
2024-05-13 06:35:00,447.0,-285.0
2024-05-13 06:36:00,438.0,-282.0
2024-05-13 06:37:00,416.0,-267.0
2024-05-13 06:38:00,412.0,-263.0
2024-05-13 06:39:00,396.0,-256.0
2024-05-13 06:40:00,393.0,-250.0
2024-05-13 06:41:00,394.0,-255.0
2024-05-13 06:42:00,386.0,-241.0
2024-05-13 06:43:00,379.0,-236.0
2024-05-13 06:44:00,384.0,-233.0
2024-05-13 06:45:00,390.0,-227.0
2024-05-13 06:46:00,379.0,-222.0
2024-05-13 06:47:00,356.0,-220.0
2024-05-13 06:48:00,342.0,-219.0
2024-05-13 06:49:00,366.0,-222.0
2024-05-13 06:50:00,398.0,-246.0
2024-05-13 06:51:00,448.0,-294.0
2024-05-13 06:52:00,450.0,-294.0
2024-05-13 06:53:00,445.0,-292.0
2024-05-13 06:54:00,446.0,-284.0
2024-05-13 06:55:00,448.0,-297.0
2024-05-13 06:56:00,449.0,-305.0
2024-05-13 06:57:00,454.0,-303.0
2024-05-13 06:58:00,466.0,-308.0
2024-05-13 06:59:00,495.0,-330.0
2024-05-13 07:00:00,537.0,-373.0
2024-05-13 07:01:00,577.0,-405.0
2024-05-13 07:02:00,550.0,-380.0
2024-05-13 07:03:00,541.0,-368.0
2024-05-13 07:04:00,496.0,-326.0
2024-05-13 07:05:00,476.0,-309.0
2024-05-13 07:06:00,500.0,-304.0
2024-05-13 07:07:00,495.0,-274.0
2024-05-13 07:08:00,484.0,-267.0
2024-05-13 07:09:00,454.0,-253.0
2024-05-13 07:10:00,416.0,-232.0
2024-05-13 07:11:00,370.0,-227.0
2024-05-13 07:12:00,338.0,-211.0
2024-05-13 07:13:00,340.0,-217.0
2024-05-13 07:14:00,358.0,-214.0
2024-05-13 07:15:00,352.0,-207.0
2024-05-13 07:16:00,328.0,-207.0
2024-05-13 07:17:00,340.0,-205.0
2024-05-13 07:18:00,346.0,-209.0
2024-05-13 07:19:00,380.0,-195.0
2024-05-13 07:20:00,334.0,-176.0
2024-05-13 07:21:00,320.0,-169.0
2024-05-13 07:22:00,307.0,-164.0
2024-05-13 07:23:00,309.0,-165.0
2024-05-13 07:24:00,318.0,-169.0
2024-05-13 07:25:00,318.0,-173.0
2024-05-13 07:26:00,335.0,-179.0
2024-05-13 07:27:00,371.0,-181.0
2024-05-13 07:28:00,356.0,-173.0
2024-05-13 07:29:00,320.0,-156.0
2024-05-13 07:30:00,365.0,-150.0
2024-05-13 07:31:00,343.0,-149.0
2024-05-13 07:32:00,346.0,-144.0
2024-05-13 07:33:00,325.0,-140.0
2024-05-13 07:34:00,296.0,-142.0
2024-05-13 07:35:00,275.0,-141.0
2024-05-13 07:36:00,247.0,-127.0
2024-05-13 07:37:00,250.0,-126.0
2024-05-13 07:38:00,270.0,-131.0
2024-05-13 07:39:00,296.0,-132.0
2024-05-13 07:40:00,333.0,-127.0
2024-05-13 07:41:00,299.0,-111.0
2024-05-13 07:42:00,264.0,-109.0
2024-05-13 07:43:00,251.0,-108.0
2024-05-13 07:44:00,220.0,-112.0
2024-05-13 07:45:00,218.0,-112.0
2024-05-13 07:46:00,247.0,-104.0
2024-05-13 07:47:00,275.0,-100.0
2024-05-13 07:48:00,258.0,-107.0
2024-05-13 07:49:00,231.0,-107.0
2024-05-13 07:50:00,221.0,-113.0
2024-05-13 07:51:00,212.0,-112.0
2024-05-13 07:52:00,221.0,-110.0
2024-05-13 07:53:00,230.0,-115.0
2024-05-13 07:54:00,225.0,-108.0
2024-05-13 07:55:00,276.0,-101.0
2024-05-13 07:56:00,322.0,-103.0
2024-05-13 07:57:00,261.0,-113.0
2024-05-13 07:58:00,235.0,-101.0
2024-05-13 07:59:00,224.0,-95.0
2024-05-13 08:00:00,234.0,-105.0
2024-05-13 08:01:00,269.0,-113.0
2024-05-13 08:02:00,277.0,-109.0
2024-05-13 08:03:00,241.0,-96.0
2024-05-13 08:04:00,214.0,-99.0
2024-05-13 08:05:00,189.0,-91.0
2024-05-13 08:06:00,176.0,-78.0
2024-05-13 08:07:00,192.0,-79.0
2024-05-13 08:08:00,241.0,-97.0
2024-05-13 08:09:00,230.0,-122.0
2024-05-13 08:10:00,254.0,-149.0
2024-05-13 08:11:00,272.0,-160.0
2024-05-13 08:12:00,284.0,-167.0
2024-05-13 08:13:00,292.0,-172.0
2024-05-13 08:14:00,294.0,-185.0
2024-05-13 08:15:00,293.0,-190.0
2024-05-13 08:16:00,267.0,-178.0
2024-05-13 08:17:00,249.0,-163.0
2024-05-13 08:18:00,242.0,-147.0
2024-05-13 08:19:00,229.0,-132.0
2024-05-13 08:20:00,228.0,-120.0
2024-05-13 08:21:00,229.0,-111.0
2024-05-13 08:22:00,218.0,-100.0
2024-05-13 08:23:00,218.0,-101.0
2024-05-13 08:24:00,221.0,-106.0
2024-05-13 08:25:00,176.0,-64.0
2024-05-13 08:26:00,172.0,-66.0
2024-05-13 08:27:00,188.0,-82.0
2024-05-13 08:28:00,196.0,-80.0
2024-05-13 08:29:00,215.0,-106.0
2024-05-13 08:30:00,243.0,-135.0
2024-05-13 08:31:00,258.0,-158.0
2024-05-13 08:32:00,285.0,-179.0
2024-05-13 08:33:00,292.0,-190.0
2024-05-13 08:34:00,274.0,-186.0
2024-05-13 08:35:00,248.0,-176.0
2024-05-13 08:36:00,252.0,-181.0
2024-05-13 08:37:00,271.0,-190.0
2024-05-13 08:38:00,260.0,-181.0
2024-05-13 08:39:00,233.0,-164.0
2024-05-13 08:40:00,204.0,-137.0
2024-05-13 08:41:00,192.0,-114.0
2024-05-13 08:42:00,181.0,-97.0
2024-05-13 08:43:00,199.0,-113.0
2024-05-13 08:44:00,239.0,-155.0
2024-05-13 08:45:00,263.0,-179.0
2024-05-13 08:46:00,278.0,-191.0
2024-05-13 08:47:00,264.0,-189.0
2024-05-13 08:48:00,236.0,-157.0
2024-05-13 08:49:00,209.0,-135.0
2024-05-13 08:50:00,178.0,-105.0
2024-05-13 08:51:00,191.0,-103.0
2024-05-13 08:52:00,198.0,-102.0
2024-05-13 08:53:00,206.0,-94.0
2024-05-13 08:54:00,216.0,-101.0
2024-05-13 08:55:00,228.0,-109.0
2024-05-13 08:56:00,225.0,-107.0
2024-05-13 08:57:00,239.0,-125.0
2024-05-13 08:58:00,229.0,-121.0
2024-05-13 08:59:00,233.0,-136.0
2024-05-13 09:00:00,246.0,-140.0
2024-05-13 09:01:00,229.0,-126.0
2024-05-13 09:02:00,209.0,-119.0
2024-05-13 09:03:00,195.0,-109.0
2024-05-13 09:04:00,183.0,-98.0
2024-05-13 09:05:00,197.0,-110.0
2024-05-13 09:06:00,202.0,-115.0
2024-05-13 09:07:00,215.0,-116.0
2024-05-13 09:08:00,228.0,-122.0
2024-05-13 09:09:00,225.0,-117.0
2024-05-13 09:10:00,202.0,-96.0
2024-05-13 09:11:00,184.0,-81.0
2024-05-13 09:12:00,202.0,-87.0
2024-05-13 09:13:00,205.0,-84.0
2024-05-13 09:14:00,202.0,-76.0
2024-05-13 09:15:00,220.0,-87.0
2024-05-13 09:16:00,237.0,-100.0
2024-05-13 09:17:00,218.0,-84.0
2024-05-13 09:18:00,194.0,-64.0
2024-05-13 09:19:00,173.0,-48.0
2024-05-13 09:20:00,180.0,-63.0
2024-05-13 09:21:00,192.0,-85.0
2024-05-13 09:22:00,248.0,-93.0
2024-05-13 09:23:00,236.0,-87.0
2024-05-13 09:24:00,241.0,-88.0
2024-05-13 09:25:00,231.0,-98.0
2024-05-13 09:26:00,195.0,-91.0
2024-05-13 09:27:00,223.0,-94.0
2024-05-13 09:28:00,259.0,-99.0
2024-05-13 09:29:00,301.0,-84.0
2024-05-13 09:30:00,265.0,-59.0
2024-05-13 09:31:00,235.0,-72.0
2024-05-13 09:32:00,233.0,-51.0
2024-05-13 09:33:00,227.0,-26.0
2024-05-13 09:34:00,242.0,-73.0
2024-05-13 09:35:00,225.0,-76.0
2024-05-13 09:36:00,159.0,-29.0
2024-05-13 09:37:00,141.0,-24.0
2024-05-13 09:38:00,140.0,-29.0
2024-05-13 09:39:00,157.0,-41.0
2024-05-13 09:40:00,182.0,-46.0
2024-05-13 09:41:00,181.0,-42.0
2024-05-13 09:42:00,281.0,-34.0
2024-05-13 09:43:00,293.0,-75.0
2024-05-13 09:44:00,180.0,-48.0
2024-05-13 09:45:00,177.0,-27.0
2024-05-13 09:46:00,168.0,-26.0
2024-05-13 09:47:00,168.0,-45.0
2024-05-13 09:48:00,171.0,-41.0
2024-05-13 09:49:00,214.0,-70.0
2024-05-13 09:50:00,224.0,-74.0
2024-05-13 09:51:00,174.0,-52.0
2024-05-13 09:52:00,132.0,-33.0
2024-05-13 09:53:00,131.0,-31.0
2024-05-13 09:54:00,160.0,-24.0
2024-05-13 09:55:00,171.0,-27.0
2024-05-13 09:56:00,187.0,-45.0
2024-05-13 09:57:00,190.0,-40.0
2024-05-13 09:58:00,320.0,-29.0
2024-05-13 09:59:00,297.0,-6.0
2024-05-13 10:00:00,294.0,-28.0
2024-05-13 10:01:00,280.0,-65.0
2024-05-13 10:02:00,299.0,-58.0
2024-05-13 10:03:00,198.0,-43.0
2024-05-13 10:04:00,317.0,-66.0
2024-05-13 10:05:00,461.0,-90.0
2024-05-13 10:06:00,454.0,-80.0
2024-05-13 10:07:00,450.0,-84.0
2024-05-13 10:08:00,325.0,-78.0
2024-05-13 10:09:00,258.0,-71.0
2024-05-13 10:10:00,230.0,-61.0
2024-05-13 10:11:00,246.0,-87.0
2024-05-13 10:12:00,362.0,-171.0
2024-05-13 10:13:00,405.0,-221.0
2024-05-13 10:14:00,408.0,-224.0
2024-05-13 10:15:00,458.0,-283.0
2024-05-13 10:16:00,383.0,-223.0
2024-05-13 10:17:00,399.0,-248.0
2024-05-13 10:18:00,358.0,-206.0
2024-05-13 10:19:00,369.0,-197.0
2024-05-13 10:20:00,351.0,-168.0
2024-05-13 10:21:00,319.0,-140.0
2024-05-13 10:22:00,276.0,-110.0
2024-05-13 10:23:00,249.0,-83.0
2024-05-13 10:24:00,231.0,-62.0
2024-05-13 10:25:00,222.0,-62.0
2024-05-13 10:26:00,208.0,-60.0
2024-05-13 10:27:00,217.0,-39.0
2024-05-13 10:28:00,226.0,-43.0
2024-05-13 10:29:00,236.0,-66.0
2024-05-13 10:30:00,217.0,-64.0
2024-05-13 10:31:00,197.0,-48.0
2024-05-13 10:32:00,182.0,-34.0
2024-05-13 10:33:00,217.0,-66.0
2024-05-13 10:34:00,260.0,-97.0
2024-05-13 10:35:00,237.0,-62.0
2024-05-13 10:36:00,216.0,-40.0
2024-05-13 10:37:00,202.0,-34.0
2024-05-13 10:38:00,186.0,-41.0
2024-05-13 10:39:00,198.0,-60.0
2024-05-13 10:40:00,197.0,-67.0
2024-05-13 10:41:00,197.0,-58.0
2024-05-13 10:42:00,229.0,-54.0
2024-05-13 10:43:00,244.0,-63.0
2024-05-13 10:44:00,239.0,-68.0
2024-05-13 10:45:00,223.0,-53.0
2024-05-13 10:46:00,260.0,-108.0
2024-05-13 10:47:00,255.0,-106.0
2024-05-13 10:48:00,289.0,-166.0
2024-05-13 10:49:00,289.0,-179.0
2024-05-13 10:50:00,293.0,-184.0
2024-05-13 10:51:00,276.0,-161.0
2024-05-13 10:52:00,300.0,-162.0
2024-05-13 10:53:00,299.0,-151.0
2024-05-13 10:54:00,261.0,-124.0
2024-05-13 10:55:00,248.0,-116.0
2024-05-13 10:56:00,222.0,-96.0
2024-05-13 10:57:00,195.0,-74.0
2024-05-13 10:58:00,178.0,-62.0
2024-05-13 10:59:00,162.0,-51.0
2024-05-13 11:00:00,152.0,-43.0
2024-05-13 11:01:00,153.0,-46.0
2024-05-13 11:02:00,153.0,-48.0
2024-05-13 11:03:00,151.0,-46.0
2024-05-13 11:04:00,163.0,-59.0
2024-05-13 11:05:00,198.0,-50.0
2024-05-13 11:06:00,220.0,-42.0
2024-05-13 11:07:00,178.0,-43.0
2024-05-13 11:08:00,168.0,-45.0
2024-05-13 11:09:00,150.0,-47.0
2024-05-13 11:10:00,137.0,-45.0
2024-05-13 11:11:00,134.0,-42.0
2024-05-13 11:12:00,142.0,-48.0
2024-05-13 11:13:00,144.0,-49.0
2024-05-13 11:14:00,135.0,-42.0
2024-05-13 11:15:00,124.0,-36.0
2024-05-13 11:16:00,115.0,-35.0
2024-05-13 11:17:00,112.0,-37.0
2024-05-13 11:18:00,119.0,-46.0
2024-05-13 11:19:00,124.0,-52.0
2024-05-13 11:20:00,118.0,-44.0
2024-05-13 11:21:00,98.0,-31.0
2024-05-13 11:22:00,95.0,-27.0
2024-05-13 11:23:00,100.0,-33.0
2024-05-13 11:24:00,104.0,-38.0
2024-05-13 11:25:00,105.0,-40.0
2024-05-13 11:26:00,100.0,-38.0
2024-05-13 11:27:00,96.0,-37.0
2024-05-13 11:28:00,100.0,-41.0
2024-05-13 11:29:00,102.0,-40.0
2024-05-13 11:30:00,98.0,-36.0
2024-05-13 11:31:00,92.0,-32.0
2024-05-13 11:32:00,96.0,-36.0
2024-05-13 11:33:00,106.0,-43.0
2024-05-13 11:34:00,105.0,-40.0
2024-05-13 11:35:00,95.0,-30.0
2024-05-13 11:36:00,91.0,-28.0
2024-05-13 11:37:00,92.0,-31.0
2024-05-13 11:38:00,98.0,-39.0
2024-05-13 11:39:00,117.0,-43.0
2024-05-13 11:40:00,97.0,-42.0
2024-05-13 11:41:00,82.0,-27.0
2024-05-13 11:42:00,82.0,-27.0
2024-05-13 11:43:00,84.0,-27.0
2024-05-13 11:44:00,80.0,-24.0
2024-05-13 11:45:00,90.0,-31.0
2024-05-13 11:46:00,96.0,-35.0
2024-05-13 11:47:00,94.0,-31.0
2024-05-13 11:48:00,90.0,-30.0
2024-05-13 11:49:00,82.0,-25.0
2024-05-13 11:50:00,75.0,-16.0
2024-05-13 11:51:00,77.0,-24.0
2024-05-13 11:52:00,89.0,-21.0
2024-05-13 11:53:00,101.0,-26.0
2024-05-13 11:54:00,89.0,-28.0
2024-05-13 11:55:00,95.0,-31.0
2024-05-13 11:56:00,93.0,-28.0
2024-05-13 11:57:00,87.0,-25.0
2024-05-13 11:58:00,84.0,-28.0
2024-05-13 11:59:00,82.0,-27.0
2024-05-13 12:00:00,75.0,-19.0
2024-05-13 12:01:00,77.0,-18.0
2024-05-13 12:02:00,74.0,-11.0
2024-05-13 12:03:00,81.0,-15.0
2024-05-13 12:04:00,81.0,-16.0
2024-05-13 12:05:00,83.0,-19.0
2024-05-13 12:06:00,77.0,-17.0
2024-05-13 12:07:00,75.0,-18.0
2024-05-13 12:08:00,73.0,-19.0
2024-05-13 12:09:00,65.0,-15.0
2024-05-13 12:10:00,68.0,-19.0
2024-05-13 12:11:00,63.0,-14.0
2024-05-13 12:12:00,75.0,-11.0
2024-05-13 12:13:00,85.0,-12.0
2024-05-13 12:14:00,76.0,-13.0
2024-05-13 12:15:00,66.0,-12.0
2024-05-13 12:16:00,66.0,-11.0
2024-05-13 12:17:00,70.0,-13.0
2024-05-13 12:18:00,66.0,-12.0
2024-05-13 12:19:00,62.0,-13.0
2024-05-13 12:20:00,82.0,-23.0
2024-05-13 12:21:00,99.0,-17.0
2024-05-13 12:22:00,122.0,-20.0
2024-05-13 12:23:00,135.0,-26.0
2024-05-13 12:24:00,105.0,-44.0
2024-05-13 12:25:00,136.0,-51.0
2024-05-13 12:26:00,188.0,-52.0
2024-05-13 12:27:00,123.0,-57.0
2024-05-13 12:28:00,135.0,-49.0
2024-05-13 12:29:00,170.0,-29.0
2024-05-13 12:30:00,172.0,-14.0
2024-05-13 12:31:00,149.0,-9.0
2024-05-13 12:32:00,135.0,-14.0
2024-05-13 12:33:00,137.0,-40.0
2024-05-13 12:34:00,138.0,-64.0
2024-05-13 12:35:00,138.0,-78.0
2024-05-13 12:36:00,163.0,-78.0
2024-05-13 12:37:00,196.0,-67.0
2024-05-13 12:38:00,232.0,-58.0
2024-05-13 12:39:00,238.0,-58.0
2024-05-13 12:40:00,218.0,-64.0
2024-05-13 12:41:00,201.0,-70.0
2024-05-13 12:42:00,186.0,-69.0
2024-05-13 12:43:00,161.0,-61.0
2024-05-13 12:44:00,135.0,-45.0
2024-05-13 12:45:00,127.0,-30.0
2024-05-13 12:46:00,141.0,-30.0
2024-05-13 12:47:00,160.0,-39.0
2024-05-13 12:48:00,169.0,-42.0
2024-05-13 12:49:00,172.0,-49.0
2024-05-13 12:50:00,154.0,-54.0
2024-05-13 12:51:00,151.0,-74.0
2024-05-13 12:52:00,200.0,-109.0
2024-05-13 12:53:00,199.0,-125.0
2024-05-13 12:54:00,247.0,-135.0
2024-05-13 12:55:00,297.0,-134.0
2024-05-13 12:56:00,297.0,-121.0
2024-05-13 12:57:00,274.0,-106.0
2024-05-13 12:58:00,237.0,-101.0
2024-05-13 12:59:00,206.0,-98.0
2024-05-13 13:00:00,185.0,-87.0
2024-05-13 13:01:00,180.0,-78.0
2024-05-13 13:02:00,182.0,-67.0
2024-05-13 13:03:00,161.0,-55.0
2024-05-13 13:04:00,144.0,-50.0
2024-05-13 13:05:00,145.0,-51.0
2024-05-13 13:06:00,150.0,-56.0
2024-05-13 13:07:00,149.0,-57.0
2024-05-13 13:08:00,158.0,-63.0
2024-05-13 13:09:00,187.0,-73.0
2024-05-13 13:10:00,203.0,-74.0
2024-05-13 13:11:00,190.0,-63.0
2024-05-13 13:12:00,152.0,-50.0
2024-05-13 13:13:00,110.0,-42.0
2024-05-13 13:14:00,90.0,-36.0
2024-05-13 13:15:00,80.0,-34.0
2024-05-13 13:16:00,76.0,-29.0
2024-05-13 13:17:00,75.0,-23.0
2024-05-13 13:18:00,79.0,-21.0
2024-05-13 13:19:00,104.0,-35.0
2024-05-13 13:20:00,114.0,-37.0
2024-05-13 13:21:00,114.0,-32.0
2024-05-13 13:22:00,112.0,-27.0
2024-05-13 13:23:00,113.0,-27.0
2024-05-13 13:24:00,106.0,-20.0
2024-05-13 13:25:00,103.0,-17.0
2024-05-13 13:26:00,100.0,-16.0
2024-05-13 13:27:00,96.0,-13.0
2024-05-13 13:28:00,93.0,-14.0
2024-05-13 13:29:00,84.0,-14.0
2024-05-13 13:30:00,77.0,-19.0
2024-05-13 13:31:00,72.0,-23.0
2024-05-13 13:32:00,66.0,-26.0
2024-05-13 13:33:00,72.0,-33.0
2024-05-13 13:34:00,78.0,-38.0
2024-05-13 13:35:00,85.0,-40.0
2024-05-13 13:36:00,90.0,-36.0
2024-05-13 13:37:00,89.0,-32.0
2024-05-13 13:38:00,84.0,-32.0
2024-05-13 13:39:00,85.0,-34.0
2024-05-13 13:40:00,86.0,-34.0
2024-05-13 13:41:00,83.0,-33.0
2024-05-13 13:42:00,79.0,-30.0
2024-05-13 13:43:00,81.0,-34.0
2024-05-13 13:44:00,90.0,-39.0
2024-05-13 13:45:00,91.0,-34.0
2024-05-13 13:46:00,89.0,-31.0
2024-05-13 13:47:00,86.0,-35.0
2024-05-13 13:48:00,77.0,-37.0
2024-05-13 13:49:00,67.0,-38.0
2024-05-13 13:50:00,62.0,-41.0
2024-05-13 13:51:00,58.0,-37.0
2024-05-13 13:52:00,50.0,-34.0
2024-05-13 13:53:00,49.0,-32.0
2024-05-13 13:54:00,57.0,-33.0
2024-05-13 13:55:00,66.0,-38.0
2024-05-13 13:56:00,61.0,-32.0
2024-05-13 13:57:00,61.0,-29.0
2024-05-13 13:58:00,59.0,-28.0
2024-05-13 13:59:00,54.0,-26.0
2024-05-13 14:00:00,47.0,-29.0
2024-05-13 14:01:00,51.0,-34.0
2024-05-13 14:02:00,63.0,-29.0
2024-05-13 14:03:00,63.0,-34.0
2024-05-13 14:04:00,51.0,-34.0
2024-05-13 14:05:00,60.0,-42.0
2024-05-13 14:06:00,70.0,-45.0
2024-05-13 14:07:00,70.0,-40.0
2024-05-13 14:08:00,66.0,-34.0
2024-05-13 14:09:00,72.0,-45.0
2024-05-13 14:10:00,70.0,-35.0
2024-05-13 14:11:00,67.0,-30.0
2024-05-13 14:12:00,68.0,-34.0
2024-05-13 14:13:00,60.0,-30.0
2024-05-13 14:14:00,56.0,-24.0
2024-05-13 14:15:00,55.0,-21.0
2024-05-13 14:16:00,52.0,-24.0
2024-05-13 14:17:00,46.0,-23.0
2024-05-13 14:18:00,43.0,-22.0
2024-05-13 14:19:00,50.0,-24.0
2024-05-13 14:20:00,53.0,-20.0
2024-05-13 14:21:00,48.0,-16.0
2024-05-13 14:22:00,38.0,-16.0
2024-05-13 14:23:00,38.0,-23.0
2024-05-13 14:24:00,45.0,-29.0
2024-05-13 14:25:00,44.0,-25.0
2024-05-13 14:26:00,53.0,-25.0
2024-05-13 14:27:00,56.0,-23.0
2024-05-13 14:28:00,48.0,-21.0
2024-05-13 14:29:00,59.0,-27.0
2024-05-13 14:30:00,60.0,-25.0
2024-05-13 14:31:00,61.0,-17.0
2024-05-13 14:32:00,71.0,-19.0
2024-05-13 14:33:00,70.0,-18.0
2024-05-13 14:34:00,63.0,-19.0
2024-05-13 14:35:00,66.0,-23.0
2024-05-13 14:36:00,59.0,-17.0
2024-05-13 14:37:00,65.0,-14.0
2024-05-13 14:38:00,75.0,-23.0
2024-05-13 14:39:00,82.0,-31.0
2024-05-13 14:40:00,54.0,-25.0
2024-05-13 14:41:00,54.0,-41.0
2024-05-13 14:42:00,90.0,-56.0
2024-05-13 14:43:00,106.0,-65.0
2024-05-13 14:44:00,113.0,-61.0
2024-05-13 14:45:00,80.0,-36.0
2024-05-13 14:46:00,72.0,-51.0
2024-05-13 14:47:00,60.0,-35.0
2024-05-13 14:48:00,71.0,-42.0
2024-05-13 14:49:00,73.0,-43.0
2024-05-13 14:50:00,66.0,-36.0
2024-05-13 14:51:00,64.0,-34.0
2024-05-13 14:52:00,62.0,-31.0
2024-05-13 14:53:00,62.0,-31.0
2024-05-13 14:54:00,54.0,-29.0
2024-05-13 14:55:00,58.0,-32.0
2024-05-13 14:56:00,62.0,-32.0
2024-05-13 14:57:00,60.0,-24.0
2024-05-13 14:58:00,68.0,-30.0
2024-05-13 14:59:00,76.0,-39.0
2024-05-13 15:00:00,63.0,-20.0
2024-05-13 15:01:00,94.0,-35.0
2024-05-13 15:02:00,79.0,-34.0
2024-05-13 15:03:00,70.0,-29.0
2024-05-13 15:04:00,66.0,-23.0
2024-05-13 15:05:00,73.0,-26.0
2024-05-13 15:06:00,71.0,-25.0
2024-05-13 15:07:00,71.0,-32.0
2024-05-13 15:08:00,88.0,-45.0
2024-05-13 15:09:00,104.0,-45.0
2024-05-13 15:10:00,89.0,-23.0
2024-05-13 15:11:00,89.0,-23.0
2024-05-13 15:12:00,96.0,-30.0
2024-05-13 15:13:00,95.0,-28.0
2024-05-13 15:14:00,86.0,-27.0
2024-05-13 15:15:00,80.0,-31.0
2024-05-13 15:16:00,71.0,-29.0
2024-05-13 15:17:00,65.0,-23.0
2024-05-13 15:18:00,60.0,-22.0
2024-05-13 15:19:00,49.0,-28.0
2024-05-13 15:20:00,50.0,-31.0
2024-05-13 15:21:00,51.0,-28.0
2024-05-13 15:22:00,56.0,-30.0
2024-05-13 15:23:00,52.0,-33.0
2024-05-13 15:24:00,52.0,-35.0
2024-05-13 15:25:00,54.0,-35.0
2024-05-13 15:26:00,48.0,-33.0
2024-05-13 15:27:00,48.0,-34.0
2024-05-13 15:28:00,47.0,-34.0
2024-05-13 15:29:00,46.0,-33.0
2024-05-13 15:30:00,48.0,-34.0
2024-05-13 15:31:00,49.0,-33.0
2024-05-13 15:32:00,49.0,-33.0
2024-05-13 15:33:00,48.0,-34.0
2024-05-13 15:34:00,60.0,-37.0
2024-05-13 15:35:00,59.0,-35.0
2024-05-13 15:36:00,54.0,-37.0
2024-05-13 15:37:00,53.0,-37.0
2024-05-13 15:38:00,52.0,-37.0
2024-05-13 15:39:00,52.0,-35.0
2024-05-13 15:40:00,60.0,-36.0
2024-05-13 15:41:00,64.0,-36.0
2024-05-13 15:42:00,62.0,-36.0
2024-05-13 15:43:00,73.0,-46.0
2024-05-13 15:44:00,81.0,-48.0
2024-05-13 15:45:00,59.0,-30.0
2024-05-13 15:46:00,41.0,-23.0
2024-05-13 15:47:00,47.0,-31.0
2024-05-13 15:48:00,66.0,-32.0
2024-05-13 15:49:00,56.0,-27.0
2024-05-13 15:50:00,66.0,-34.0
2024-05-13 15:51:00,68.0,-38.0
2024-05-13 15:52:00,53.0,-29.0
2024-05-13 15:53:00,65.0,-35.0
2024-05-13 15:54:00,79.0,-43.0
2024-05-13 15:55:00,69.0,-41.0
2024-05-13 15:56:00,49.0,-33.0
2024-05-13 15:57:00,42.0,-28.0
2024-05-13 15:58:00,42.0,-25.0
2024-05-13 15:59:00,46.0,-28.0
2024-05-13 16:00:00,49.0,-30.0
2024-05-13 16:01:00,53.0,-27.0
2024-05-13 16:02:00,70.0,-34.0
2024-05-13 16:03:00,64.0,-38.0
2024-05-13 16:04:00,54.0,-42.0
2024-05-13 16:05:00,55.0,-31.0
2024-05-13 16:06:00,71.0,-33.0
2024-05-13 16:07:00,70.0,-37.0
2024-05-13 16:08:00,59.0,-35.0
2024-05-13 16:09:00,65.0,-33.0
2024-05-13 16:10:00,71.0,-31.0
2024-05-13 16:11:00,72.0,-32.0
2024-05-13 16:12:00,70.0,-31.0
2024-05-13 16:13:00,80.0,-42.0
2024-05-13 16:14:00,74.0,-48.0
2024-05-13 16:15:00,67.0,-36.0
2024-05-13 16:16:00,58.0,-34.0
2024-05-13 16:17:00,76.0,-50.0
2024-05-13 16:18:00,78.0,-56.0
2024-05-13 16:19:00,68.0,-56.0
2024-05-13 16:20:00,52.0,-52.0
2024-05-13 16:21:00,63.0,-61.0
2024-05-13 16:22:00,87.0,-68.0
2024-05-13 16:23:00,105.0,-73.0
2024-05-13 16:24:00,94.0,-67.0
2024-05-13 16:25:00,77.0,-55.0
2024-05-13 16:26:00,72.0,-46.0
2024-05-13 16:27:00,70.0,-50.0
2024-05-13 16:28:00,77.0,-59.0
2024-05-13 16:29:00,91.0,-56.0
2024-05-13 16:30:00,69.0,-40.0
2024-05-13 16:31:00,76.0,-41.0
2024-05-13 16:32:00,82.0,-42.0
2024-05-13 16:33:00,89.0,-40.0
2024-05-13 16:34:00,91.0,-35.0
2024-05-13 16:35:00,93.0,-37.0
2024-05-13 16:36:00,94.0,-41.0
2024-05-13 16:37:00,81.0,-35.0
2024-05-13 16:38:00,83.0,-44.0
2024-05-13 16:39:00,91.0,-57.0
2024-05-13 16:40:00,92.0,-62.0
2024-05-13 16:41:00,89.0,-57.0
2024-05-13 16:42:00,80.0,-46.0
2024-05-13 16:43:00,80.0,-46.0
2024-05-13 16:44:00,87.0,-54.0
2024-05-13 16:45:00,82.0,-49.0
2024-05-13 16:46:00,80.0,-44.0
2024-05-13 16:47:00,79.0,-41.0
2024-05-13 16:48:00,90.0,-49.0
2024-05-13 16:49:00,108.0,-67.0
2024-05-13 16:50:00,120.0,-80.0
2024-05-13 16:51:00,129.0,-87.0
2024-05-13 16:52:00,131.0,-85.0
2024-05-13 16:53:00,127.0,-82.0
2024-05-13 16:54:00,119.0,-78.0
2024-05-13 16:55:00,116.0,-85.0
2024-05-13 16:56:00,111.0,-90.0
2024-05-13 16:57:00,107.0,-89.0
2024-05-13 16:58:00,98.0,-78.0
2024-05-13 16:59:00,89.0,-64.0
2024-05-13 17:00:00,84.0,-55.0
2024-05-13 17:01:00,76.0,-47.0
2024-05-13 17:02:00,73.0,-48.0
2024-05-13 17:03:00,73.0,-51.0
2024-05-13 17:04:00,69.0,-49.0
2024-05-13 17:05:00,67.0,-45.0
2024-05-13 17:06:00,61.0,-38.0
2024-05-13 17:07:00,64.0,-41.0
2024-05-13 17:08:00,61.0,-41.0
2024-05-13 17:09:00,63.0,-39.0
2024-05-13 17:10:00,62.0,-37.0
2024-05-13 17:11:00,73.0,-47.0
2024-05-13 17:12:00,70.0,-39.0
2024-05-13 17:13:00,53.0,-25.0
2024-05-13 17:14:00,52.0,-30.0
2024-05-13 17:15:00,54.0,-39.0
2024-05-13 17:16:00,65.0,-55.0
2024-05-13 17:17:00,85.0,-73.0
2024-05-13 17:18:00,90.0,-77.0
2024-05-13 17:19:00,81.0,-71.0
2024-05-13 17:20:00,71.0,-60.0
2024-05-13 17:21:00,68.0,-53.0
2024-05-13 17:22:00,65.0,-50.0
2024-05-13 17:23:00,65.0,-49.0
2024-05-13 17:24:00,68.0,-51.0
2024-05-13 17:25:00,70.0,-52.0
2024-05-13 17:26:00,81.0,-59.0
2024-05-13 17:27:00,96.0,-68.0
2024-05-13 17:28:00,93.0,-64.0
2024-05-13 17:29:00,85.0,-60.0
2024-05-13 17:30:00,73.0,-50.0
2024-05-13 17:31:00,67.0,-44.0
2024-05-13 17:32:00,69.0,-44.0
2024-05-13 17:33:00,72.0,-47.0
2024-05-13 17:34:00,68.0,-45.0
2024-05-13 17:35:00,79.0,-46.0
2024-05-13 17:36:00,81.0,-47.0
2024-05-13 17:37:00,105.0,-80.0
2024-05-13 17:38:00,136.0,-111.0
2024-05-13 17:39:00,132.0,-115.0
2024-05-13 17:40:00,117.0,-105.0
2024-05-13 17:41:00,89.0,-78.0
2024-05-13 17:42:00,69.0,-55.0
2024-05-13 17:43:00,60.0,-43.0
2024-05-13 17:44:00,60.0,-45.0
2024-05-13 17:45:00,64.0,-48.0
2024-05-13 17:46:00,72.0,-52.0
2024-05-13 17:47:00,71.0,-49.0
2024-05-13 17:48:00,78.0,-53.0
2024-05-13 17:49:00,95.0,-68.0
2024-05-13 17:50:00,102.0,-75.0
2024-05-13 17:51:00,97.0,-72.0
2024-05-13 17:52:00,86.0,-62.0
2024-05-13 17:53:00,68.0,-44.0
2024-05-13 17:54:00,81.0,-56.0
2024-05-13 17:55:00,133.0,-103.0
2024-05-13 17:56:00,182.0,-149.0
2024-05-13 17:57:00,205.0,-170.0
2024-05-13 17:58:00,192.0,-153.0
2024-05-13 17:59:00,160.0,-114.0
2024-05-13 18:00:00,134.0,-75.0
2024-05-13 18:01:00,119.0,-57.0
2024-05-13 18:02:00,129.0,-75.0
2024-05-13 18:03:00,149.0,-110.0
2024-05-13 18:04:00,156.0,-105.0
2024-05-13 18:05:00,233.0,-181.0
2024-05-13 18:06:00,329.0,-270.0
2024-05-13 18:07:00,375.0,-309.0
2024-05-13 18:08:00,325.0,-251.0
2024-05-13 18:09:00,205.0,-125.0
2024-05-13 18:10:00,149.0,-71.0
2024-05-13 18:11:00,152.0,-79.0
2024-05-13 18:12:00,131.0,-70.0
2024-05-13 18:13:00,151.0,-89.0
2024-05-13 18:14:00,273.0,-205.0
2024-05-13 18:15:00,325.0,-256.0
2024-05-13 18:16:00,300.0,-229.0
2024-05-13 18:17:00,234.0,-158.0
2024-05-13 18:18:00,169.0,-91.0
2024-05-13 18:19:00,151.0,-73.0
2024-05-13 18:20:00,175.0,-99.0
2024-05-13 18:21:00,198.0,-126.0
2024-05-13 18:22:00,221.0,-152.0
2024-05-13 18:23:00,236.0,-166.0
2024-05-13 18:24:00,236.0,-165.0
2024-05-13 18:25:00,210.0,-140.0
2024-05-13 18:26:00,190.0,-123.0
2024-05-13 18:27:00,201.0,-137.0
2024-05-13 18:28:00,189.0,-126.0
2024-05-13 18:29:00,145.0,-82.0
2024-05-13 18:30:00,148.0,-85.0
2024-05-13 18:31:00,231.0,-169.0
2024-05-13 18:32:00,250.0,-191.0
2024-05-13 18:33:00,199.0,-143.0
2024-05-13 18:34:00,162.0,-111.0
2024-05-13 18:35:00,161.0,-111.0
2024-05-13 18:36:00,167.0,-118.0
2024-05-13 18:37:00,155.0,-108.0
2024-05-13 18:38:00,143.0,-100.0
2024-05-13 18:39:00,138.0,-98.0
2024-05-13 18:40:00,111.0,-73.0
2024-05-13 18:41:00,99.0,-59.0
2024-05-13 18:42:00,97.0,-57.0
2024-05-13 18:43:00,94.0,-57.0
2024-05-13 18:44:00,90.0,-56.0
2024-05-13 18:45:00,89.0,-58.0
2024-05-13 18:46:00,89.0,-60.0
2024-05-13 18:47:00,88.0,-60.0
2024-05-13 18:48:00,89.0,-58.0
2024-05-13 18:49:00,88.0,-55.0
2024-05-13 18:50:00,81.0,-51.0
2024-05-13 18:51:00,74.0,-47.0
2024-05-13 18:52:00,72.0,-44.0
2024-05-13 18:53:00,72.0,-44.0
2024-05-13 18:54:00,71.0,-43.0
2024-05-13 18:55:00,67.0,-41.0
2024-05-13 18:56:00,70.0,-41.0
2024-05-13 18:57:00,76.0,-43.0
2024-05-13 18:58:00,75.0,-42.0
2024-05-13 18:59:00,83.0,-46.0
2024-05-13 19:00:00,81.0,-42.0
2024-05-13 19:01:00,79.0,-41.0
2024-05-13 19:02:00,70.0,-39.0
2024-05-13 19:03:00,70.0,-39.0
2024-05-13 19:04:00,73.0,-38.0
2024-05-13 19:05:00,80.0,-38.0
2024-05-13 19:06:00,99.0,-51.0
2024-05-13 19:07:00,103.0,-55.0
2024-05-13 19:08:00,98.0,-52.0
2024-05-13 19:09:00,87.0,-45.0
2024-05-13 19:10:00,78.0,-41.0
2024-05-13 19:11:00,97.0,-56.0
2024-05-13 19:12:00,106.0,-60.0
2024-05-13 19:13:00,116.0,-62.0
2024-05-13 19:14:00,131.0,-69.0
2024-05-13 19:15:00,132.0,-66.0
2024-05-13 19:16:00,120.0,-61.0
2024-05-13 19:17:00,123.0,-68.0
2024-05-13 19:18:00,110.0,-58.0
2024-05-13 19:19:00,113.0,-63.0
2024-05-13 19:20:00,86.0,-41.0
2024-05-13 19:21:00,73.0,-33.0
2024-05-13 19:22:00,69.0,-33.0
2024-05-13 19:23:00,70.0,-35.0
2024-05-13 19:24:00,70.0,-36.0
2024-05-13 19:25:00,67.0,-37.0
2024-05-13 19:26:00,75.0,-37.0
2024-05-13 19:27:00,91.0,-46.0
2024-05-13 19:28:00,99.0,-48.0
2024-05-13 19:29:00,99.0,-46.0
2024-05-13 19:30:00,87.0,-43.0
2024-05-13 19:31:00,88.0,-45.0
2024-05-13 19:32:00,91.0,-49.0
2024-05-13 19:33:00,90.0,-45.0
2024-05-13 19:34:00,93.0,-42.0
2024-05-13 19:35:00,97.0,-43.0
2024-05-13 19:36:00,97.0,-45.0
2024-05-13 19:37:00,88.0,-44.0
2024-05-13 19:38:00,84.0,-43.0
2024-05-13 19:39:00,84.0,-42.0
2024-05-13 19:40:00,92.0,-44.0
2024-05-13 19:41:00,109.0,-51.0
2024-05-13 19:42:00,113.0,-54.0
2024-05-13 19:43:00,100.0,-45.0
2024-05-13 19:44:00,98.0,-46.0
2024-05-13 19:45:00,100.0,-49.0
2024-05-13 19:46:00,107.0,-51.0
2024-05-13 19:47:00,106.0,-49.0
2024-05-13 19:48:00,102.0,-50.0
2024-05-13 19:49:00,104.0,-57.0
2024-05-13 19:50:00,101.0,-52.0
2024-05-13 19:51:00,107.0,-55.0
2024-05-13 19:52:00,110.0,-57.0
2024-05-13 19:53:00,107.0,-57.0
2024-05-13 19:54:00,102.0,-55.0
2024-05-13 19:55:00,98.0,-55.0
2024-05-13 19:56:00,99.0,-56.0
2024-05-13 19:57:00,101.0,-58.0
2024-05-13 19:58:00,103.0,-60.0
2024-05-13 19:59:00,109.0,-65.0
2024-05-13 20:00:00,111.0,-68.0
2024-05-13 20:01:00,108.0,-66.0
2024-05-13 20:02:00,101.0,-60.0
2024-05-13 20:03:00,98.0,-58.0
2024-05-13 20:04:00,101.0,-62.0
2024-05-13 20:05:00,103.0,-65.0
2024-05-13 20:06:00,100.0,-63.0
2024-05-13 20:07:00,96.0,-60.0
2024-05-13 20:08:00,92.0,-59.0
2024-05-13 20:09:00,90.0,-57.0
2024-05-13 20:10:00,92.0,-57.0
2024-05-13 20:11:00,93.0,-56.0
2024-05-13 20:12:00,91.0,-54.0
2024-05-13 20:13:00,91.0,-54.0
2024-05-13 20:14:00,93.0,-56.0
2024-05-13 20:15:00,94.0,-56.0
2024-05-13 20:16:00,93.0,-55.0
2024-05-13 20:17:00,92.0,-54.0
2024-05-13 20:18:00,88.0,-53.0
2024-05-13 20:19:00,87.0,-51.0
2024-05-13 20:20:00,92.0,-51.0
2024-05-13 20:21:00,106.0,-61.0
2024-05-13 20:22:00,94.0,-51.0
2024-05-13 20:23:00,89.0,-49.0
2024-05-13 20:24:00,90.0,-53.0
2024-05-13 20:25:00,95.0,-61.0
2024-05-13 20:26:00,89.0,-57.0
2024-05-13 20:27:00,84.0,-48.0
2024-05-13 20:28:00,90.0,-51.0
2024-05-13 20:29:00,90.0,-50.0
2024-05-13 20:30:00,88.0,-48.0
2024-05-13 20:31:00,92.0,-53.0
2024-05-13 20:32:00,87.0,-50.0
2024-05-13 20:33:00,81.0,-44.0
2024-05-13 20:34:00,83.0,-46.0
2024-05-13 20:35:00,83.0,-47.0
2024-05-13 20:36:00,81.0,-45.0
2024-05-13 20:37:00,87.0,-51.0
2024-05-13 20:38:00,84.0,-47.0
2024-05-13 20:39:00,82.0,-47.0
2024-05-13 20:40:00,75.0,-43.0
2024-05-13 20:41:00,74.0,-44.0
2024-05-13 20:42:00,73.0,-44.0
2024-05-13 20:43:00,75.0,-44.0
2024-05-13 20:44:00,74.0,-41.0
2024-05-13 20:45:00,77.0,-42.0
2024-05-13 20:46:00,78.0,-43.0
2024-05-13 20:47:00,75.0,-42.0
2024-05-13 20:48:00,75.0,-42.0
2024-05-13 20:49:00,75.0,-42.0
2024-05-13 20:50:00,75.0,-42.0
2024-05-13 20:51:00,74.0,-42.0
2024-05-13 20:52:00,72.0,-41.0
2024-05-13 20:53:00,72.0,-42.0
2024-05-13 20:54:00,73.0,-44.0
2024-05-13 20:55:00,75.0,-45.0
2024-05-13 20:56:00,75.0,-44.0
2024-05-13 20:57:00,75.0,-44.0
2024-05-13 20:58:00,73.0,-43.0
2024-05-13 20:59:00,72.0,-43.0
2024-05-13 21:00:00,74.0,-45.0
2024-05-13 21:01:00,71.0,-43.0
2024-05-13 21:02:00,71.0,-43.0
2024-05-13 21:03:00,71.0,-42.0
2024-05-13 21:04:00,71.0,-41.0
2024-05-13 21:05:00,69.0,-39.0
2024-05-13 21:06:00,70.0,-42.0
2024-05-13 21:07:00,68.0,-42.0
2024-05-13 21:08:00,63.0,-37.0
2024-05-13 21:09:00,63.0,-37.0
2024-05-13 21:10:00,64.0,-39.0
2024-05-13 21:11:00,62.0,-39.0
2024-05-13 21:12:00,63.0,-39.0
2024-05-13 21:13:00,65.0,-38.0
2024-05-13 21:14:00,69.0,-39.0
2024-05-13 21:15:00,69.0,-39.0
2024-05-13 21:16:00,66.0,-38.0
2024-05-13 21:17:00,64.0,-37.0
2024-05-13 21:18:00,65.0,-38.0
2024-05-13 21:19:00,65.0,-39.0
2024-05-13 21:20:00,67.0,-40.0
2024-05-13 21:21:00,63.0,-37.0
2024-05-13 21:22:00,65.0,-39.0
2024-05-13 21:23:00,69.0,-42.0
2024-05-13 21:24:00,64.0,-38.0
2024-05-13 21:25:00,62.0,-36.0
2024-05-13 21:26:00,64.0,-36.0
2024-05-13 21:27:00,65.0,-36.0
2024-05-13 21:28:00,65.0,-36.0
2024-05-13 21:29:00,62.0,-35.0
2024-05-13 21:30:00,64.0,-38.0
2024-05-13 21:31:00,69.0,-42.0
2024-05-13 21:32:00,69.0,-39.0
2024-05-13 21:33:00,68.0,-37.0
2024-05-13 21:34:00,70.0,-40.0
2024-05-13 21:35:00,70.0,-40.0
2024-05-13 21:36:00,63.0,-35.0
2024-05-13 21:37:00,62.0,-33.0
2024-05-13 21:38:00,66.0,-38.0
2024-05-13 21:39:00,66.0,-42.0
2024-05-13 21:40:00,65.0,-37.0
2024-05-13 21:41:00,73.0,-40.0
2024-05-13 21:42:00,76.0,-43.0
2024-05-13 21:43:00,73.0,-42.0
2024-05-13 21:44:00,78.0,-47.0
2024-05-13 21:45:00,88.0,-54.0
2024-05-13 21:46:00,79.0,-48.0
2024-05-13 21:47:00,89.0,-55.0
2024-05-13 21:48:00,86.0,-49.0
2024-05-13 21:49:00,88.0,-50.0
2024-05-13 21:50:00,88.0,-53.0
2024-05-13 21:51:00,85.0,-54.0
2024-05-13 21:52:00,82.0,-51.0
2024-05-13 21:53:00,91.0,-53.0
2024-05-13 21:54:00,91.0,-49.0
2024-05-13 21:55:00,93.0,-50.0
2024-05-13 21:56:00,89.0,-46.0
2024-05-13 21:57:00,88.0,-50.0
2024-05-13 21:58:00,80.0,-42.0
2024-05-13 21:59:00,79.0,-38.0
2024-05-13 22:00:00,84.0,-42.0
2024-05-13 22:01:00,79.0,-39.0
2024-05-13 22:02:00,77.0,-35.0
2024-05-13 22:03:00,85.0,-41.0
2024-05-13 22:04:00,84.0,-38.0
2024-05-13 22:05:00,83.0,-34.0
2024-05-13 22:06:00,88.0,-42.0
2024-05-13 22:07:00,79.0,-39.0
2024-05-13 22:08:00,81.0,-39.0
2024-05-13 22:09:00,77.0,-35.0
2024-05-13 22:10:00,74.0,-31.0
2024-05-13 22:11:00,80.0,-35.0
2024-05-13 22:12:00,79.0,-35.0
2024-05-13 22:13:00,80.0,-42.0
2024-05-13 22:14:00,68.0,-37.0
2024-05-13 22:15:00,66.0,-37.0
2024-05-13 22:16:00,75.0,-39.0
2024-05-13 22:17:00,76.0,-38.0
2024-05-13 22:18:00,72.0,-36.0
2024-05-13 22:19:00,79.0,-44.0
2024-05-13 22:20:00,67.0,-36.0
2024-05-13 22:21:00,63.0,-36.0
2024-05-13 22:22:00,61.0,-36.0
2024-05-13 22:23:00,69.0,-42.0
2024-05-13 22:24:00,74.0,-43.0
2024-05-13 22:25:00,80.0,-49.0
2024-05-13 22:26:00,75.0,-46.0
2024-05-13 22:27:00,68.0,-40.0
2024-05-13 22:28:00,76.0,-49.0
2024-05-13 22:29:00,74.0,-47.0
2024-05-13 22:30:00,63.0,-37.0
2024-05-13 22:31:00,65.0,-41.0
2024-05-13 22:32:00,63.0,-39.0
2024-05-13 22:33:00,61.0,-37.0
2024-05-13 22:34:00,64.0,-40.0
2024-05-13 22:35:00,66.0,-43.0
2024-05-13 22:36:00,64.0,-41.0
2024-05-13 22:37:00,61.0,-39.0
2024-05-13 22:38:00,63.0,-39.0
2024-05-13 22:39:00,63.0,-39.0
2024-05-13 22:40:00,64.0,-41.0
2024-05-13 22:41:00,60.0,-39.0
2024-05-13 22:42:00,60.0,-40.0
2024-05-13 22:43:00,69.0,-46.0
2024-05-13 22:44:00,68.0,-43.0
2024-05-13 22:45:00,65.0,-40.0
2024-05-13 22:46:00,69.0,-45.0
2024-05-13 22:47:00,64.0,-43.0
2024-05-13 22:48:00,58.0,-38.0
2024-05-13 22:49:00,64.0,-43.0
2024-05-13 22:50:00,68.0,-48.0
2024-05-13 22:51:00,68.0,-48.0
2024-05-13 22:52:00,61.0,-41.0
2024-05-13 22:53:00,58.0,-38.0
2024-05-13 22:54:00,69.0,-48.0
2024-05-13 22:55:00,74.0,-50.0
2024-05-13 22:56:00,72.0,-47.0
2024-05-13 22:57:00,73.0,-49.0
2024-05-13 22:58:00,82.0,-56.0
2024-05-13 22:59:00,79.0,-55.0
2024-05-13 23:00:00,74.0,-50.0
2024-05-13 23:01:00,66.0,-42.0
2024-05-13 23:02:00,61.0,-41.0
2024-05-13 23:03:00,66.0,-48.0
2024-05-13 23:04:00,69.0,-50.0
2024-05-13 23:05:00,71.0,-51.0
2024-05-13 23:06:00,70.0,-44.0
2024-05-13 23:07:00,69.0,-40.0
2024-05-13 23:08:00,73.0,-52.0
2024-05-13 23:09:00,77.0,-61.0
2024-05-13 23:10:00,69.0,-55.0
2024-05-13 23:11:00,62.0,-52.0
2024-05-13 23:12:00,72.0,-62.0
2024-05-13 23:13:00,84.0,-69.0
2024-05-13 23:14:00,84.0,-62.0
2024-05-13 23:15:00,81.0,-58.0
2024-05-13 23:16:00,78.0,-59.0
2024-05-13 23:17:00,95.0,-70.0
2024-05-13 23:18:00,80.0,-57.0
2024-05-13 23:19:00,65.0,-43.0
2024-05-13 23:20:00,73.0,-51.0
2024-05-13 23:21:00,74.0,-54.0
2024-05-13 23:22:00,77.0,-55.0
2024-05-13 23:23:00,84.0,-55.0
2024-05-13 23:24:00,85.0,-49.0
2024-05-13 23:25:00,86.0,-47.0
2024-05-13 23:26:00,83.0,-49.0
2024-05-13 23:27:00,76.0,-48.0
2024-05-13 23:28:00,64.0,-42.0
2024-05-13 23:29:00,58.0,-39.0
2024-05-13 23:30:00,63.0,-43.0
2024-05-13 23:31:00,64.0,-43.0
2024-05-13 23:32:00,57.0,-38.0
2024-05-13 23:33:00,53.0,-41.0
2024-05-13 23:34:00,79.0,-71.0
2024-05-13 23:35:00,97.0,-70.0
2024-05-13 23:36:00,136.0,-69.0
2024-05-13 23:37:00,172.0,-48.0
2024-05-13 23:38:00,171.0,-47.0
2024-05-13 23:39:00,140.0,-38.0
2024-05-13 23:40:00,127.0,-48.0
2024-05-13 23:41:00,121.0,-49.0
2024-05-13 23:42:00,110.0,-40.0
2024-05-13 23:43:00,108.0,-52.0
2024-05-13 23:44:00,82.0,-50.0
2024-05-13 23:45:00,62.0,-41.0
2024-05-13 23:46:00,69.0,-43.0
2024-05-13 23:47:00,80.0,-51.0
2024-05-13 23:48:00,77.0,-44.0
2024-05-13 23:49:00,65.0,-33.0
2024-05-13 23:50:00,65.0,-34.0
2024-05-13 23:51:00,71.0,-47.0
2024-05-13 23:52:00,62.0,-40.0
2024-05-13 23:53:00,56.0,-30.0
2024-05-13 23:54:00,62.0,-35.0
2024-05-13 23:55:00,67.0,-41.0
2024-05-13 23:56:00,65.0,-41.0
2024-05-13 23:57:00,62.0,-42.0
2024-05-13 23:58:00,64.0,-45.0
2024-05-13 23:59:00,68.0,-46.0
2024-05-14 00:00:00,72.0,-47.0
2024-05-14 00:01:00,74.0,-48.0
2024-05-14 00:02:00,73.0,-47.0
2024-05-14 00:03:00,69.0,-43.0
2024-05-14 00:04:00,65.0,-40.0
2024-05-14 00:05:00,65.0,-43.0
2024-05-14 00:06:00,66.0,-48.0
2024-05-14 00:07:00,66.0,-50.0
2024-05-14 00:08:00,67.0,-49.0
2024-05-14 00:09:00,69.0,-47.0
2024-05-14 00:10:00,75.0,-55.0
2024-05-14 00:11:00,71.0,-55.0
2024-05-14 00:12:00,67.0,-48.0
2024-05-14 00:13:00,76.0,-50.0
2024-05-14 00:14:00,79.0,-52.0
2024-05-14 00:15:00,73.0,-49.0
2024-05-14 00:16:00,68.0,-43.0
2024-05-14 00:17:00,71.0,-43.0
2024-05-14 00:18:00,69.0,-45.0
2024-05-14 00:19:00,64.0,-45.0
2024-05-14 00:20:00,67.0,-50.0
2024-05-14 00:21:00,70.0,-52.0
2024-05-14 00:22:00,68.0,-50.0
2024-05-14 00:23:00,65.0,-47.0
2024-05-14 00:24:00,67.0,-48.0
2024-05-14 00:25:00,69.0,-47.0
2024-05-14 00:26:00,72.0,-48.0
2024-05-14 00:27:00,68.0,-45.0
2024-05-14 00:28:00,66.0,-43.0
2024-05-14 00:29:00,68.0,-45.0
2024-05-14 00:30:00,64.0,-42.0
2024-05-14 00:31:00,67.0,-44.0
2024-05-14 00:32:00,65.0,-42.0
2024-05-14 00:33:00,61.0,-39.0
2024-05-14 00:34:00,57.0,-36.0
2024-05-14 00:35:00,59.0,-37.0
2024-05-14 00:36:00,67.0,-44.0
2024-05-14 00:37:00,63.0,-39.0
2024-05-14 00:38:00,62.0,-38.0
2024-05-14 00:39:00,60.0,-40.0
2024-05-14 00:40:00,70.0,-49.0
2024-05-14 00:41:00,78.0,-51.0
2024-05-14 00:42:00,81.0,-48.0
2024-05-14 00:43:00,72.0,-38.0
2024-05-14 00:44:00,65.0,-33.0
2024-05-14 00:45:00,64.0,-37.0
2024-05-14 00:46:00,63.0,-40.0
2024-05-14 00:47:00,55.0,-39.0
2024-05-14 00:48:00,67.0,-44.0
2024-05-14 00:49:00,75.0,-47.0
2024-05-14 00:50:00,66.0,-40.0
2024-05-14 00:51:00,55.0,-38.0
2024-05-14 00:52:00,60.0,-45.0
2024-05-14 00:53:00,65.0,-46.0
2024-05-14 00:54:00,63.0,-42.0
2024-05-14 00:55:00,59.0,-38.0
2024-05-14 00:56:00,58.0,-38.0
2024-05-14 00:57:00,54.0,-33.0
2024-05-14 00:58:00,58.0,-35.0
2024-05-14 00:59:00,63.0,-44.0
2024-05-14 01:00:00,56.0,-42.0
2024-05-14 01:01:00,53.0,-39.0
2024-05-14 01:02:00,53.0,-35.0
2024-05-14 01:03:00,53.0,-33.0
2024-05-14 01:04:00,55.0,-37.0
2024-05-14 01:05:00,57.0,-41.0
2024-05-14 01:06:00,55.0,-40.0
2024-05-14 01:07:00,54.0,-38.0
2024-05-14 01:08:00,63.0,-46.0
2024-05-14 01:09:00,68.0,-49.0
2024-05-14 01:10:00,58.0,-40.0
2024-05-14 01:11:00,56.0,-37.0
2024-05-14 01:12:00,63.0,-42.0
2024-05-14 01:13:00,59.0,-40.0
2024-05-14 01:14:00,60.0,-43.0
2024-05-14 01:15:00,66.0,-46.0
2024-05-14 01:16:00,57.0,-36.0
2024-05-14 01:17:00,55.0,-34.0
2024-05-14 01:18:00,57.0,-33.0
2024-05-14 01:19:00,57.0,-33.0
2024-05-14 01:20:00,56.0,-34.0
2024-05-14 01:21:00,52.0,-34.0
2024-05-14 01:22:00,53.0,-34.0
2024-05-14 01:23:00,57.0,-35.0
2024-05-14 01:24:00,53.0,-35.0
2024-05-14 01:25:00,53.0,-35.0
2024-05-14 01:26:00,51.0,-36.0
2024-05-14 01:27:00,49.0,-37.0
2024-05-14 01:28:00,66.0,-49.0
2024-05-14 01:29:00,61.0,-45.0
2024-05-14 01:30:00,56.0,-41.0
2024-05-14 01:31:00,65.0,-47.0
2024-05-14 01:32:00,74.0,-52.0
2024-05-14 01:33:00,73.0,-49.0
2024-05-14 01:34:00,66.0,-43.0
2024-05-14 01:35:00,68.0,-42.0
2024-05-14 01:36:00,64.0,-37.0
2024-05-14 01:37:00,53.0,-31.0
2024-05-14 01:38:00,52.0,-32.0
2024-05-14 01:39:00,58.0,-39.0
2024-05-14 01:40:00,67.0,-45.0
2024-05-14 01:41:00,55.0,-35.0
2024-05-14 01:42:00,46.0,-35.0
2024-05-14 01:43:00,45.0,-33.0
2024-05-14 01:44:00,69.0,-51.0
2024-05-14 01:45:00,67.0,-52.0
2024-05-14 01:46:00,57.0,-42.0
2024-05-14 01:47:00,57.0,-41.0
2024-05-14 01:48:00,64.0,-42.0
2024-05-14 01:49:00,67.0,-45.0
2024-05-14 01:50:00,57.0,-37.0
2024-05-14 01:51:00,45.0,-30.0
2024-05-14 01:52:00,49.0,-32.0
2024-05-14 01:53:00,84.0,-61.0
2024-05-14 01:54:00,87.0,-61.0
2024-05-14 01:55:00,55.0,-34.0
2024-05-14 01:56:00,51.0,-28.0
2024-05-14 01:57:00,52.0,-33.0
2024-05-14 01:58:00,63.0,-41.0
2024-05-14 01:59:00,64.0,-43.0
2024-05-14 02:00:00,61.0,-39.0
2024-05-14 02:01:00,51.0,-31.0
2024-05-14 02:02:00,48.0,-32.0
2024-05-14 02:03:00,48.0,-33.0
2024-05-14 02:04:00,53.0,-35.0
2024-05-14 02:05:00,54.0,-37.0
2024-05-14 02:06:00,47.0,-31.0
2024-05-14 02:07:00,56.0,-38.0
2024-05-14 02:08:00,56.0,-36.0
2024-05-14 02:09:00,59.0,-39.0
2024-05-14 02:10:00,57.0,-38.0
2024-05-14 02:11:00,58.0,-36.0
2024-05-14 02:12:00,55.0,-32.0
2024-05-14 02:13:00,56.0,-34.0
2024-05-14 02:14:00,55.0,-33.0
2024-05-14 02:15:00,50.0,-30.0
2024-05-14 02:16:00,50.0,-31.0
2024-05-14 02:17:00,51.0,-31.0
2024-05-14 02:18:00,57.0,-33.0
2024-05-14 02:19:00,55.0,-32.0
2024-05-14 02:20:00,47.0,-30.0
2024-05-14 02:21:00,49.0,-30.0
2024-05-14 02:22:00,48.0,-31.0
2024-05-14 02:23:00,49.0,-34.0
2024-05-14 02:24:00,48.0,-33.0
2024-05-14 02:25:00,48.0,-32.0
2024-05-14 02:26:00,47.0,-30.0
2024-05-14 02:27:00,50.0,-32.0
2024-05-14 02:28:00,50.0,-33.0
2024-05-14 02:29:00,50.0,-35.0
2024-05-14 02:30:00,48.0,-34.0
2024-05-14 02:31:00,45.0,-32.0
2024-05-14 02:32:00,46.0,-32.0
2024-05-14 02:33:00,48.0,-34.0
2024-05-14 02:34:00,51.0,-34.0
2024-05-14 02:35:00,51.0,-35.0
2024-05-14 02:36:00,48.0,-35.0
2024-05-14 02:37:00,48.0,-35.0
2024-05-14 02:38:00,48.0,-34.0
2024-05-14 02:39:00,49.0,-33.0
2024-05-14 02:40:00,48.0,-33.0
2024-05-14 02:41:00,48.0,-35.0
2024-05-14 02:42:00,46.0,-35.0
2024-05-14 02:43:00,48.0,-34.0
2024-05-14 02:44:00,49.0,-34.0
2024-05-14 02:45:00,50.0,-34.0
2024-05-14 02:46:00,48.0,-32.0
2024-05-14 02:47:00,47.0,-31.0
2024-05-14 02:48:00,50.0,-33.0
2024-05-14 02:49:00,52.0,-35.0
2024-05-14 02:50:00,51.0,-35.0
2024-05-14 02:51:00,51.0,-35.0
2024-05-14 02:52:00,52.0,-35.0
2024-05-14 02:53:00,52.0,-34.0
2024-05-14 02:54:00,52.0,-32.0
2024-05-14 02:55:00,53.0,-32.0
2024-05-14 02:56:00,55.0,-34.0
2024-05-14 02:57:00,54.0,-34.0
2024-05-14 02:58:00,55.0,-34.0
2024-05-14 02:59:00,55.0,-35.0
2024-05-14 03:00:00,55.0,-36.0
2024-05-14 03:01:00,51.0,-36.0
2024-05-14 03:02:00,50.0,-36.0
2024-05-14 03:03:00,59.0,-45.0
2024-05-14 03:04:00,62.0,-48.0
2024-05-14 03:05:00,63.0,-46.0
2024-05-14 03:06:00,54.0,-37.0
2024-05-14 03:07:00,51.0,-33.0
2024-05-14 03:08:00,53.0,-35.0
2024-05-14 03:09:00,51.0,-36.0
2024-05-14 03:10:00,49.0,-34.0
2024-05-14 03:11:00,45.0,-33.0
2024-05-14 03:12:00,43.0,-31.0
2024-05-14 03:13:00,49.0,-33.0
2024-05-14 03:14:00,52.0,-34.0
2024-05-14 03:15:00,53.0,-33.0
2024-05-14 03:16:00,51.0,-32.0
2024-05-14 03:17:00,52.0,-35.0
2024-05-14 03:18:00,58.0,-36.0
2024-05-14 03:19:00,54.0,-33.0
2024-05-14 03:20:00,47.0,-29.0
2024-05-14 03:21:00,44.0,-27.0
2024-05-14 03:22:00,44.0,-29.0
2024-05-14 03:23:00,49.0,-36.0
2024-05-14 03:24:00,60.0,-43.0
2024-05-14 03:25:00,60.0,-43.0
2024-05-14 03:26:00,53.0,-34.0
2024-05-14 03:27:00,50.0,-28.0
2024-05-14 03:28:00,49.0,-28.0
2024-05-14 03:29:00,55.0,-32.0
2024-05-14 03:30:00,52.0,-34.0
2024-05-14 03:31:00,49.0,-34.0
2024-05-14 03:32:00,45.0,-30.0
2024-05-14 03:33:00,44.0,-28.0
2024-05-14 03:34:00,49.0,-29.0
2024-05-14 03:35:00,51.0,-33.0
2024-05-14 03:36:00,56.0,-36.0
2024-05-14 03:37:00,56.0,-35.0
2024-05-14 03:38:00,54.0,-30.0
2024-05-14 03:39:00,54.0,-29.0
2024-05-14 03:40:00,55.0,-30.0
2024-05-14 03:41:00,57.0,-33.0
2024-05-14 03:42:00,56.0,-34.0
2024-05-14 03:43:00,53.0,-33.0
2024-05-14 03:44:00,51.0,-32.0
2024-05-14 03:45:00,48.0,-32.0
2024-05-14 03:46:00,47.0,-33.0
2024-05-14 03:47:00,46.0,-33.0
2024-05-14 03:48:00,45.0,-33.0
2024-05-14 03:49:00,43.0,-32.0
2024-05-14 03:50:00,46.0,-33.0
2024-05-14 03:51:00,46.0,-32.0
2024-05-14 03:52:00,48.0,-33.0
2024-05-14 03:53:00,48.0,-32.0
2024-05-14 03:54:00,49.0,-31.0
2024-05-14 03:55:00,50.0,-31.0
2024-05-14 03:56:00,51.0,-31.0
2024-05-14 03:57:00,52.0,-31.0
2024-05-14 03:58:00,51.0,-30.0
2024-05-14 03:59:00,51.0,-30.0
2024-05-14 04:00:00,50.0,-30.0
2024-05-14 04:01:00,48.0,-30.0
2024-05-14 04:02:00,46.0,-28.0
2024-05-14 04:03:00,48.0,-30.0
2024-05-14 04:04:00,53.0,-32.0
2024-05-14 04:05:00,54.0,-32.0
2024-05-14 04:06:00,51.0,-29.0
2024-05-14 04:07:00,50.0,-27.0
2024-05-14 04:08:00,50.0,-26.0
2024-05-14 04:09:00,52.0,-28.0
2024-05-14 04:10:00,56.0,-31.0
2024-05-14 04:11:00,58.0,-31.0
2024-05-14 04:12:00,58.0,-30.0
2024-05-14 04:13:00,56.0,-28.0
2024-05-14 04:14:00,56.0,-28.0
2024-05-14 04:15:00,56.0,-30.0
2024-05-14 04:16:00,56.0,-31.0
2024-05-14 04:17:00,55.0,-31.0
2024-05-14 04:18:00,51.0,-30.0
2024-05-14 04:19:00,52.0,-32.0
2024-05-14 04:20:00,52.0,-33.0
2024-05-14 04:21:00,52.0,-34.0
2024-05-14 04:22:00,53.0,-36.0
2024-05-14 04:23:00,55.0,-38.0
2024-05-14 04:24:00,57.0,-39.0
2024-05-14 04:25:00,58.0,-40.0
2024-05-14 04:26:00,61.0,-41.0
2024-05-14 04:27:00,62.0,-43.0
2024-05-14 04:28:00,65.0,-43.0
2024-05-14 04:29:00,70.0,-43.0
2024-05-14 04:30:00,70.0,-40.0
2024-05-14 04:31:00,68.0,-38.0
2024-05-14 04:32:00,62.0,-37.0
2024-05-14 04:33:00,58.0,-35.0
2024-05-14 04:34:00,61.0,-36.0
2024-05-14 04:35:00,64.0,-38.0
2024-05-14 04:36:00,70.0,-41.0
2024-05-14 04:37:00,74.0,-41.0
2024-05-14 04:38:00,78.0,-42.0
2024-05-14 04:39:00,82.0,-45.0
2024-05-14 04:40:00,86.0,-49.0
2024-05-14 04:41:00,85.0,-49.0
2024-05-14 04:42:00,83.0,-44.0
2024-05-14 04:43:00,80.0,-40.0
2024-05-14 04:44:00,75.0,-38.0
2024-05-14 04:45:00,76.0,-39.0
2024-05-14 04:46:00,77.0,-41.0
2024-05-14 04:47:00,87.0,-46.0
2024-05-14 04:48:00,99.0,-53.0
2024-05-14 04:49:00,102.0,-52.0
2024-05-14 04:50:00,100.0,-47.0
2024-05-14 04:51:00,102.0,-46.0
2024-05-14 04:52:00,94.0,-41.0
2024-05-14 04:53:00,95.0,-47.0
2024-05-14 04:54:00,107.0,-60.0
2024-05-14 04:55:00,117.0,-65.0
2024-05-14 04:56:00,129.0,-67.0
2024-05-14 04:57:00,143.0,-76.0
2024-05-14 04:58:00,144.0,-80.0
2024-05-14 04:59:00,144.0,-83.0
2024-05-14 05:00:00,151.0,-93.0
2024-05-14 05:01:00,139.0,-83.0
2024-05-14 05:02:00,146.0,-91.0
2024-05-14 05:03:00,150.0,-95.0
2024-05-14 05:04:00,158.0,-97.0
2024-05-14 05:05:00,170.0,-100.0
2024-05-14 05:06:00,184.0,-103.0
2024-05-14 05:07:00,179.0,-88.0
2024-05-14 05:08:00,189.0,-95.0
2024-05-14 05:09:00,191.0,-98.0
2024-05-14 05:10:00,178.0,-90.0
2024-05-14 05:11:00,169.0,-79.0
2024-05-14 05:12:00,176.0,-79.0
2024-05-14 05:13:00,179.0,-80.0
2024-05-14 05:14:00,182.0,-82.0
2024-05-14 05:15:00,195.0,-94.0
2024-05-14 05:16:00,181.0,-76.0
2024-05-14 05:17:00,181.0,-74.0
2024-05-14 05:18:00,188.0,-82.0
2024-05-14 05:19:00,199.0,-92.0
2024-05-14 05:20:00,209.0,-93.0
2024-05-14 05:21:00,202.0,-81.0
2024-05-14 05:22:00,203.0,-81.0
2024-05-14 05:23:00,197.0,-78.0
2024-05-14 05:24:00,196.0,-82.0
2024-05-14 05:25:00,206.0,-96.0
2024-05-14 05:26:00,206.0,-98.0
2024-05-14 05:27:00,206.0,-101.0
2024-05-14 05:28:00,215.0,-111.0
2024-05-14 05:29:00,224.0,-119.0
2024-05-14 05:30:00,239.0,-131.0
2024-05-14 05:31:00,232.0,-123.0
2024-05-14 05:32:00,226.0,-115.0
2024-05-14 05:33:00,228.0,-115.0
2024-05-14 05:34:00,217.0,-104.0
2024-05-14 05:35:00,206.0,-94.0
2024-05-14 05:36:00,198.0,-90.0
2024-05-14 05:37:00,182.0,-79.0
2024-05-14 05:38:00,169.0,-72.0
2024-05-14 05:39:00,153.0,-60.0
2024-05-14 05:40:00,146.0,-55.0
2024-05-14 05:41:00,144.0,-57.0
2024-05-14 05:42:00,131.0,-52.0
2024-05-14 05:43:00,117.0,-46.0
2024-05-14 05:44:00,107.0,-43.0
2024-05-14 05:45:00,104.0,-45.0
2024-05-14 05:46:00,106.0,-50.0
2024-05-14 05:47:00,107.0,-49.0
2024-05-14 05:48:00,108.0,-46.0
2024-05-14 05:49:00,123.0,-57.0
2024-05-14 05:50:00,128.0,-60.0
2024-05-14 05:51:00,127.0,-60.0
2024-05-14 05:52:00,117.0,-56.0
2024-05-14 05:53:00,94.0,-42.0
2024-05-14 05:54:00,85.0,-39.0
2024-05-14 05:55:00,83.0,-39.0
2024-05-14 05:56:00,84.0,-41.0
2024-05-14 05:57:00,92.0,-47.0
2024-05-14 05:58:00,95.0,-46.0
2024-05-14 05:59:00,105.0,-52.0
2024-05-14 06:00:00,112.0,-54.0
2024-05-14 06:01:00,109.0,-49.0
2024-05-14 06:02:00,105.0,-44.0
2024-05-14 06:03:00,103.0,-43.0
2024-05-14 06:04:00,102.0,-46.0
2024-05-14 06:05:00,102.0,-49.0
2024-05-14 06:06:00,100.0,-48.0
2024-05-14 06:07:00,97.0,-45.0
2024-05-14 06:08:00,95.0,-43.0
2024-05-14 06:09:00,96.0,-42.0
2024-05-14 06:10:00,96.0,-42.0
2024-05-14 06:11:00,97.0,-47.0
2024-05-14 06:12:00,96.0,-50.0
2024-05-14 06:13:00,96.0,-52.0
2024-05-14 06:14:00,86.0,-43.0
2024-05-14 06:15:00,85.0,-41.0
2024-05-14 06:16:00,86.0,-41.0
2024-05-14 06:17:00,92.0,-47.0
2024-05-14 06:18:00,92.0,-48.0
2024-05-14 06:19:00,97.0,-55.0
2024-05-14 06:20:00,105.0,-63.0
2024-05-14 06:21:00,103.0,-62.0
2024-05-14 06:22:00,91.0,-52.0
2024-05-14 06:23:00,77.0,-40.0
2024-05-14 06:24:00,72.0,-39.0
2024-05-14 06:25:00,64.0,-39.0
2024-05-14 06:26:00,56.0,-39.0
2024-05-14 06:27:00,54.0,-41.0
2024-05-14 06:28:00,60.0,-46.0
2024-05-14 06:29:00,71.0,-51.0
2024-05-14 06:30:00,78.0,-51.0
2024-05-14 06:31:00,80.0,-49.0
2024-05-14 06:32:00,79.0,-47.0
2024-05-14 06:33:00,75.0,-45.0
2024-05-14 06:34:00,72.0,-47.0
2024-05-14 06:35:00,71.0,-47.0
2024-05-14 06:36:00,71.0,-46.0
2024-05-14 06:37:00,70.0,-45.0
2024-05-14 06:38:00,68.0,-42.0
2024-05-14 06:39:00,65.0,-36.0
2024-05-14 06:40:00,61.0,-33.0
2024-05-14 06:41:00,51.0,-30.0
2024-05-14 06:42:00,47.0,-36.0
2024-05-14 06:43:00,51.0,-45.0
2024-05-14 06:44:00,61.0,-53.0
2024-05-14 06:45:00,69.0,-58.0
2024-05-14 06:46:00,78.0,-69.0
2024-05-14 06:47:00,76.0,-70.0
2024-05-14 06:48:00,67.0,-62.0
2024-05-14 06:49:00,55.0,-53.0
2024-05-14 06:50:00,54.0,-54.0
2024-05-14 06:51:00,52.0,-56.0
2024-05-14 06:52:00,53.0,-57.0
2024-05-14 06:53:00,51.0,-56.0
2024-05-14 06:54:00,46.0,-53.0
2024-05-14 06:55:00,42.0,-50.0
2024-05-14 06:56:00,46.0,-54.0
2024-05-14 06:57:00,49.0,-56.0
2024-05-14 06:58:00,56.0,-62.0
2024-05-14 06:59:00,74.0,-77.0
2024-05-14 07:00:00,83.0,-83.0
2024-05-14 07:01:00,72.0,-71.0
2024-05-14 07:02:00,48.0,-49.0
2024-05-14 07:03:00,43.0,-44.0
2024-05-14 07:04:00,47.0,-47.0
2024-05-14 07:05:00,43.0,-43.0
2024-05-14 07:06:00,37.0,-39.0
2024-05-14 07:07:00,42.0,-42.0
2024-05-14 07:08:00,33.0,-33.0
2024-05-14 07:09:00,36.0,-35.0
2024-05-14 07:10:00,52.0,-41.0
2024-05-14 07:11:00,54.0,-45.0
2024-05-14 07:12:00,43.0,-41.0
2024-05-14 07:13:00,57.0,-57.0
2024-05-14 07:14:00,49.0,-51.0
2024-05-14 07:15:00,34.0,-33.0
2024-05-14 07:16:00,37.0,-34.0
2024-05-14 07:17:00,40.0,-35.0
2024-05-14 07:18:00,39.0,-29.0
2024-05-14 07:19:00,38.0,-30.0
2024-05-14 07:20:00,37.0,-37.0
2024-05-14 07:21:00,46.0,-49.0
2024-05-14 07:22:00,57.0,-59.0
2024-05-14 07:23:00,52.0,-53.0
2024-05-14 07:24:00,39.0,-37.0
2024-05-14 07:25:00,40.0,-32.0
2024-05-14 07:26:00,41.0,-32.0
2024-05-14 07:27:00,41.0,-32.0
2024-05-14 07:28:00,37.0,-32.0
2024-05-14 07:29:00,35.0,-35.0
2024-05-14 07:30:00,39.0,-41.0
2024-05-14 07:31:00,39.0,-40.0
2024-05-14 07:32:00,34.0,-32.0
2024-05-14 07:33:00,39.0,-32.0
2024-05-14 07:34:00,41.0,-32.0
2024-05-14 07:35:00,43.0,-34.0
2024-05-14 07:36:00,41.0,-36.0
2024-05-14 07:37:00,40.0,-39.0
2024-05-14 07:38:00,42.0,-39.0
2024-05-14 07:39:00,46.0,-39.0
2024-05-14 07:40:00,47.0,-38.0
2024-05-14 07:41:00,44.0,-36.0
2024-05-14 07:42:00,46.0,-32.0
2024-05-14 07:43:00,45.0,-25.0
2024-05-14 07:44:00,53.0,-33.0
2024-05-14 07:45:00,59.0,-41.0
2024-05-14 07:46:00,54.0,-38.0
2024-05-14 07:47:00,58.0,-44.0
2024-05-14 07:48:00,65.0,-51.0
2024-05-14 07:49:00,63.0,-49.0
2024-05-14 07:50:00,56.0,-41.0
2024-05-14 07:51:00,52.0,-37.0
2024-05-14 07:52:00,54.0,-37.0
2024-05-14 07:53:00,55.0,-37.0
2024-05-14 07:54:00,57.0,-37.0
2024-05-14 07:55:00,57.0,-36.0
2024-05-14 07:56:00,55.0,-34.0
2024-05-14 07:57:00,56.0,-35.0
2024-05-14 07:58:00,57.0,-35.0
2024-05-14 07:59:00,56.0,-34.0
2024-05-14 08:00:00,57.0,-34.0
2024-05-14 08:01:00,58.0,-34.0
2024-05-14 08:02:00,59.0,-34.0
2024-05-14 08:03:00,57.0,-33.0
2024-05-14 08:04:00,56.0,-33.0
2024-05-14 08:05:00,53.0,-31.0
2024-05-14 08:06:00,52.0,-31.0
2024-05-14 08:07:00,52.0,-32.0
2024-05-14 08:08:00,55.0,-35.0
2024-05-14 08:09:00,57.0,-37.0
2024-05-14 08:10:00,57.0,-37.0
2024-05-14 08:11:00,60.0,-39.0
2024-05-14 08:12:00,59.0,-37.0
2024-05-14 08:13:00,57.0,-35.0
2024-05-14 08:14:00,53.0,-32.0
2024-05-14 08:15:00,57.0,-37.0
2024-05-14 08:16:00,60.0,-41.0
2024-05-14 08:17:00,58.0,-39.0
2024-05-14 08:18:00,54.0,-35.0
2024-05-14 08:19:00,52.0,-34.0
2024-05-14 08:20:00,53.0,-37.0
2024-05-14 08:21:00,54.0,-39.0
2024-05-14 08:22:00,56.0,-41.0
2024-05-14 08:23:00,51.0,-36.0
2024-05-14 08:24:00,46.0,-31.0
2024-05-14 08:25:00,44.0,-30.0
2024-05-14 08:26:00,47.0,-34.0
2024-05-14 08:27:00,49.0,-37.0
2024-05-14 08:28:00,49.0,-39.0
2024-05-14 08:29:00,49.0,-40.0
2024-05-14 08:30:00,50.0,-41.0
2024-05-14 08:31:00,52.0,-43.0
2024-05-14 08:32:00,54.0,-44.0
2024-05-14 08:33:00,53.0,-43.0
2024-05-14 08:34:00,52.0,-43.0
2024-05-14 08:35:00,51.0,-43.0
2024-05-14 08:36:00,47.0,-41.0
2024-05-14 08:37:00,46.0,-41.0
2024-05-14 08:38:00,46.0,-41.0
2024-05-14 08:39:00,41.0,-37.0
2024-05-14 08:40:00,39.0,-33.0
2024-05-14 08:41:00,40.0,-33.0
2024-05-14 08:42:00,44.0,-36.0
2024-05-14 08:43:00,47.0,-38.0
2024-05-14 08:44:00,45.0,-36.0
2024-05-14 08:45:00,42.0,-33.0
2024-05-14 08:46:00,43.0,-35.0
2024-05-14 08:47:00,45.0,-37.0
2024-05-14 08:48:00,42.0,-36.0
2024-05-14 08:49:00,40.0,-34.0
2024-05-14 08:50:00,39.0,-33.0
2024-05-14 08:51:00,42.0,-34.0
2024-05-14 08:52:00,47.0,-37.0
2024-05-14 08:53:00,48.0,-39.0
2024-05-14 08:54:00,46.0,-39.0
2024-05-14 08:55:00,44.0,-39.0
2024-05-14 08:56:00,40.0,-37.0
2024-05-14 08:57:00,39.0,-37.0
2024-05-14 08:58:00,41.0,-38.0
2024-05-14 08:59:00,46.0,-40.0
2024-05-14 09:00:00,48.0,-41.0
2024-05-14 09:01:00,49.0,-42.0
2024-05-14 09:02:00,46.0,-42.0
2024-05-14 09:03:00,41.0,-40.0
2024-05-14 09:04:00,39.0,-38.0
2024-05-14 09:05:00,39.0,-37.0
2024-05-14 09:06:00,42.0,-39.0
2024-05-14 09:07:00,44.0,-41.0
2024-05-14 09:08:00,46.0,-43.0
2024-05-14 09:09:00,43.0,-41.0
2024-05-14 09:10:00,42.0,-39.0
2024-05-14 09:11:00,44.0,-38.0
2024-05-14 09:12:00,46.0,-39.0
2024-05-14 09:13:00,45.0,-39.0
2024-05-14 09:14:00,43.0,-40.0
2024-05-14 09:15:00,41.0,-40.0
2024-05-14 09:16:00,42.0,-40.0
2024-05-14 09:17:00,41.0,-37.0
2024-05-14 09:18:00,39.0,-33.0
2024-05-14 09:19:00,41.0,-35.0
2024-05-14 09:20:00,46.0,-40.0
2024-05-14 09:21:00,52.0,-47.0
2024-05-14 09:22:00,47.0,-44.0
2024-05-14 09:23:00,39.0,-38.0
2024-05-14 09:24:00,39.0,-37.0
2024-05-14 09:25:00,46.0,-42.0
2024-05-14 09:26:00,53.0,-48.0
2024-05-14 09:27:00,55.0,-51.0
2024-05-14 09:28:00,51.0,-50.0
2024-05-14 09:29:00,47.0,-50.0
2024-05-14 09:30:00,47.0,-51.0
2024-05-14 09:31:00,50.0,-53.0
2024-05-14 09:32:00,47.0,-50.0
2024-05-14 09:33:00,48.0,-51.0
2024-05-14 09:34:00,49.0,-51.0
2024-05-14 09:35:00,48.0,-48.0
2024-05-14 09:36:00,50.0,-48.0
2024-05-14 09:37:00,59.0,-54.0
2024-05-14 09:38:00,59.0,-52.0
2024-05-14 09:39:00,57.0,-49.0
2024-05-14 09:40:00,51.0,-44.0
2024-05-14 09:41:00,38.0,-33.0
2024-05-14 09:42:00,42.0,-36.0
2024-05-14 09:43:00,50.0,-38.0
2024-05-14 09:44:00,52.0,-36.0
2024-05-14 09:45:00,54.0,-38.0
2024-05-14 09:46:00,49.0,-36.0
2024-05-14 09:47:00,45.0,-36.0
2024-05-14 09:48:00,42.0,-35.0
2024-05-14 09:49:00,41.0,-35.0
2024-05-14 09:50:00,42.0,-36.0
2024-05-14 09:51:00,47.0,-39.0
2024-05-14 09:52:00,50.0,-41.0
2024-05-14 09:53:00,52.0,-42.0
2024-05-14 09:54:00,51.0,-42.0
2024-05-14 09:55:00,47.0,-41.0
2024-05-14 09:56:00,51.0,-47.0
2024-05-14 09:57:00,53.0,-48.0
2024-05-14 09:58:00,56.0,-49.0
2024-05-14 09:59:00,60.0,-53.0
2024-05-14 10:00:00,55.0,-48.0
2024-05-14 10:01:00,50.0,-46.0
2024-05-14 10:02:00,47.0,-45.0
2024-05-14 10:03:00,49.0,-46.0
2024-05-14 10:04:00,51.0,-46.0
2024-05-14 10:05:00,51.0,-43.0
2024-05-14 10:06:00,53.0,-44.0
2024-05-14 10:07:00,57.0,-47.0
2024-05-14 10:08:00,61.0,-50.0
2024-05-14 10:09:00,58.0,-50.0
2024-05-14 10:10:00,56.0,-49.0
2024-05-14 10:11:00,55.0,-48.0
2024-05-14 10:12:00,50.0,-45.0
2024-05-14 10:13:00,43.0,-39.0
2024-05-14 10:14:00,43.0,-40.0
2024-05-14 10:15:00,41.0,-39.0
2024-05-14 10:16:00,45.0,-40.0
2024-05-14 10:17:00,48.0,-39.0
2024-05-14 10:18:00,50.0,-36.0
2024-05-14 10:19:00,52.0,-36.0
2024-05-14 10:20:00,50.0,-35.0
2024-05-14 10:21:00,45.0,-32.0
2024-05-14 10:22:00,43.0,-32.0
2024-05-14 10:23:00,48.0,-39.0
2024-05-14 10:24:00,47.0,-40.0
2024-05-14 10:25:00,46.0,-40.0
2024-05-14 10:26:00,47.0,-42.0
2024-05-14 10:27:00,47.0,-42.0
2024-05-14 10:28:00,47.0,-42.0
2024-05-14 10:29:00,49.0,-43.0
2024-05-14 10:30:00,51.0,-44.0
2024-05-14 10:31:00,47.0,-42.0
2024-05-14 10:32:00,46.0,-42.0
2024-05-14 10:33:00,48.0,-44.0
2024-05-14 10:34:00,49.0,-46.0
2024-05-14 10:35:00,49.0,-46.0
2024-05-14 10:36:00,47.0,-44.0
2024-05-14 10:37:00,49.0,-44.0
2024-05-14 10:38:00,49.0,-44.0
2024-05-14 10:39:00,48.0,-44.0
2024-05-14 10:40:00,49.0,-46.0
2024-05-14 10:41:00,51.0,-50.0
2024-05-14 10:42:00,51.0,-50.0
2024-05-14 10:43:00,48.0,-47.0
2024-05-14 10:44:00,47.0,-44.0
2024-05-14 10:45:00,50.0,-45.0
2024-05-14 10:46:00,47.0,-42.0
2024-05-14 10:47:00,50.0,-45.0
2024-05-14 10:48:00,50.0,-46.0
2024-05-14 10:49:00,55.0,-51.0
2024-05-14 10:50:00,55.0,-51.0
2024-05-14 10:51:00,49.0,-45.0
2024-05-14 10:52:00,51.0,-43.0
2024-05-14 10:53:00,52.0,-40.0
2024-05-14 10:54:00,56.0,-41.0
2024-05-14 10:55:00,61.0,-41.0
2024-05-14 10:56:00,68.0,-44.0
2024-05-14 10:57:00,75.0,-50.0
2024-05-14 10:58:00,80.0,-53.0
2024-05-14 10:59:00,95.0,-55.0
2024-05-14 11:00:00,130.0,-58.0
2024-05-14 11:01:00,142.0,-58.0
2024-05-14 11:02:00,133.0,-61.0
2024-05-14 11:03:00,210.0,-63.0
2024-05-14 11:04:00,269.0,-70.0
2024-05-14 11:05:00,285.0,-69.0
2024-05-14 11:06:00,267.0,-71.0
2024-05-14 11:07:00,222.0,-73.0
2024-05-14 11:08:00,185.0,-72.0
2024-05-14 11:09:00,180.0,-74.0
2024-05-14 11:10:00,190.0,-74.0
2024-05-14 11:11:00,216.0,-70.0
2024-05-14 11:12:00,251.0,-69.0
2024-05-14 11:13:00,282.0,-73.0
2024-05-14 11:14:00,293.0,-76.0
2024-05-14 11:15:00,290.0,-79.0
2024-05-14 11:16:00,281.0,-78.0
2024-05-14 11:17:00,283.0,-79.0
2024-05-14 11:18:00,288.0,-84.0
2024-05-14 11:19:00,290.0,-87.0
2024-05-14 11:20:00,289.0,-88.0
2024-05-14 11:21:00,286.0,-92.0
2024-05-14 11:22:00,294.0,-99.0
2024-05-14 11:23:00,297.0,-101.0
2024-05-14 11:24:00,302.0,-106.0
2024-05-14 11:25:00,319.0,-110.0
2024-05-14 11:26:00,330.0,-112.0
2024-05-14 11:27:00,341.0,-112.0
2024-05-14 11:28:00,348.0,-115.0
2024-05-14 11:29:00,361.0,-118.0
2024-05-14 11:30:00,368.0,-117.0
2024-05-14 11:31:00,370.0,-115.0
2024-05-14 11:32:00,376.0,-112.0
2024-05-14 11:33:00,384.0,-111.0
2024-05-14 11:34:00,380.0,-112.0
2024-05-14 11:35:00,373.0,-115.0
2024-05-14 11:36:00,361.0,-114.0
2024-05-14 11:37:00,332.0,-112.0
2024-05-14 11:38:00,297.0,-114.0
2024-05-14 11:39:00,288.0,-119.0
2024-05-14 11:40:00,307.0,-124.0
2024-05-14 11:41:00,336.0,-127.0
2024-05-14 11:42:00,350.0,-127.0
2024-05-14 11:43:00,357.0,-126.0
2024-05-14 11:44:00,357.0,-125.0
2024-05-14 11:45:00,354.0,-125.0
2024-05-14 11:46:00,356.0,-128.0
2024-05-14 11:47:00,348.0,-131.0
2024-05-14 11:48:00,336.0,-131.0
2024-05-14 11:49:00,336.0,-129.0
2024-05-14 11:50:00,344.0,-130.0
2024-05-14 11:51:00,345.0,-139.0
2024-05-14 11:52:00,325.0,-145.0
2024-05-14 11:53:00,305.0,-160.0
2024-05-14 11:54:00,303.0,-169.0
2024-05-14 11:55:00,317.0,-188.0
2024-05-14 11:56:00,336.0,-194.0
2024-05-14 11:57:00,360.0,-207.0
2024-05-14 11:58:00,378.0,-230.0
2024-05-14 11:59:00,376.0,-241.0
2024-05-14 12:00:00,391.0,-258.0
2024-05-14 12:01:00,390.0,-266.0
2024-05-14 12:02:00,405.0,-280.0
2024-05-14 12:03:00,398.0,-270.0
2024-05-14 12:04:00,385.0,-258.0
2024-05-14 12:05:00,383.0,-261.0
2024-05-14 12:06:00,406.0,-282.0
2024-05-14 12:07:00,417.0,-284.0
2024-05-14 12:08:00,411.0,-273.0
2024-05-14 12:09:00,412.0,-261.0
2024-05-14 12:10:00,416.0,-261.0
2024-05-14 12:11:00,423.0,-267.0
2024-05-14 12:12:00,430.0,-274.0
2024-05-14 12:13:00,415.0,-267.0
2024-05-14 12:14:00,387.0,-251.0
2024-05-14 12:15:00,370.0,-242.0
2024-05-14 12:16:00,365.0,-237.0
2024-05-14 12:17:00,348.0,-223.0
2024-05-14 12:18:00,341.0,-217.0
2024-05-14 12:19:00,342.0,-218.0
2024-05-14 12:20:00,338.0,-217.0
2024-05-14 12:21:00,340.0,-223.0
2024-05-14 12:22:00,338.0,-226.0
2024-05-14 12:23:00,324.0,-215.0
2024-05-14 12:24:00,327.0,-217.0
2024-05-14 12:25:00,329.0,-216.0
2024-05-14 12:26:00,318.0,-208.0
2024-05-14 12:27:00,306.0,-201.0
2024-05-14 12:28:00,293.0,-198.0
2024-05-14 12:29:00,289.0,-196.0
2024-05-14 12:30:00,273.0,-184.0
2024-05-14 12:31:00,264.0,-178.0
2024-05-14 12:32:00,262.0,-174.0
2024-05-14 12:33:00,259.0,-169.0
2024-05-14 12:34:00,255.0,-161.0
2024-05-14 12:35:00,250.0,-155.0
2024-05-14 12:36:00,243.0,-152.0
2024-05-14 12:37:00,233.0,-149.0
2024-05-14 12:38:00,217.0,-142.0
2024-05-14 12:39:00,206.0,-137.0
2024-05-14 12:40:00,202.0,-135.0
2024-05-14 12:41:00,200.0,-130.0
2024-05-14 12:42:00,208.0,-125.0
2024-05-14 12:43:00,220.0,-121.0
2024-05-14 12:44:00,227.0,-121.0
2024-05-14 12:45:00,227.0,-121.0
2024-05-14 12:46:00,223.0,-121.0
2024-05-14 12:47:00,219.0,-119.0
2024-05-14 12:48:00,220.0,-118.0
2024-05-14 12:49:00,219.0,-116.0
2024-05-14 12:50:00,221.0,-115.0
2024-05-14 12:51:00,222.0,-113.0
2024-05-14 12:52:00,226.0,-109.0
2024-05-14 12:53:00,222.0,-104.0
2024-05-14 12:54:00,215.0,-99.0
2024-05-14 12:55:00,213.0,-95.0
2024-05-14 12:56:00,212.0,-89.0
2024-05-14 12:57:00,218.0,-86.0
2024-05-14 12:58:00,215.0,-86.0
2024-05-14 12:59:00,203.0,-81.0
2024-05-14 13:00:00,198.0,-78.0
2024-05-14 13:01:00,192.0,-77.0
2024-05-14 13:02:00,185.0,-75.0
2024-05-14 13:03:00,180.0,-74.0
2024-05-14 13:04:00,178.0,-77.0
2024-05-14 13:05:00,175.0,-76.0
2024-05-14 13:06:00,173.0,-75.0
2024-05-14 13:07:00,170.0,-72.0
2024-05-14 13:08:00,173.0,-71.0
2024-05-14 13:09:00,172.0,-69.0
2024-05-14 13:10:00,169.0,-65.0
2024-05-14 13:11:00,158.0,-61.0
2024-05-14 13:12:00,142.0,-55.0
2024-05-14 13:13:00,127.0,-51.0
2024-05-14 13:14:00,109.0,-45.0
2024-05-14 13:15:00,99.0,-43.0
2024-05-14 13:16:00,95.0,-43.0
2024-05-14 13:17:00,91.0,-42.0
2024-05-14 13:18:00,88.0,-42.0
2024-05-14 13:19:00,86.0,-40.0
2024-05-14 13:20:00,84.0,-40.0
2024-05-14 13:21:00,82.0,-41.0
2024-05-14 13:22:00,97.0,-57.0
2024-05-14 13:23:00,113.0,-74.0
2024-05-14 13:24:00,116.0,-78.0
2024-05-14 13:25:00,89.0,-51.0
2024-05-14 13:26:00,94.0,-51.0
2024-05-14 13:27:00,117.0,-75.0
2024-05-14 13:28:00,110.0,-69.0
2024-05-14 13:29:00,98.0,-53.0
2024-05-14 13:30:00,114.0,-71.0
2024-05-14 13:31:00,148.0,-107.0
2024-05-14 13:32:00,164.0,-117.0
2024-05-14 13:33:00,147.0,-102.0
2024-05-14 13:34:00,141.0,-103.0
2024-05-14 13:35:00,149.0,-110.0
2024-05-14 13:36:00,157.0,-117.0
2024-05-14 13:37:00,166.0,-127.0
2024-05-14 13:38:00,174.0,-133.0
2024-05-14 13:39:00,176.0,-134.0
2024-05-14 13:40:00,183.0,-143.0
2024-05-14 13:41:00,190.0,-152.0
2024-05-14 13:42:00,197.0,-158.0
2024-05-14 13:43:00,198.0,-158.0
2024-05-14 13:44:00,193.0,-153.0
2024-05-14 13:45:00,188.0,-147.0
2024-05-14 13:46:00,184.0,-141.0
2024-05-14 13:47:00,184.0,-138.0
2024-05-14 13:48:00,184.0,-138.0
2024-05-14 13:49:00,182.0,-138.0
2024-05-14 13:50:00,179.0,-137.0
2024-05-14 13:51:00,183.0,-140.0
2024-05-14 13:52:00,187.0,-144.0
2024-05-14 13:53:00,188.0,-144.0
2024-05-14 13:54:00,179.0,-137.0
2024-05-14 13:55:00,166.0,-127.0
2024-05-14 13:56:00,154.0,-117.0
2024-05-14 13:57:00,147.0,-111.0
2024-05-14 13:58:00,143.0,-110.0
2024-05-14 13:59:00,141.0,-109.0
2024-05-14 14:00:00,140.0,-109.0
2024-05-14 14:01:00,140.0,-109.0
2024-05-14 14:02:00,139.0,-106.0
2024-05-14 14:03:00,136.0,-101.0
2024-05-14 14:04:00,129.0,-92.0
2024-05-14 14:05:00,121.0,-85.0
2024-05-14 14:06:00,112.0,-80.0
2024-05-14 14:07:00,103.0,-77.0
2024-05-14 14:08:00,95.0,-75.0
2024-05-14 14:09:00,91.0,-73.0
2024-05-14 14:10:00,88.0,-71.0
2024-05-14 14:11:00,82.0,-67.0
2024-05-14 14:12:00,74.0,-61.0
2024-05-14 14:13:00,68.0,-56.0
2024-05-14 14:14:00,62.0,-52.0
2024-05-14 14:15:00,55.0,-46.0
2024-05-14 14:16:00,51.0,-43.0
2024-05-14 14:17:00,53.0,-46.0
2024-05-14 14:18:00,50.0,-41.0
2024-05-14 14:19:00,43.0,-33.0
2024-05-14 14:20:00,39.0,-32.0
2024-05-14 14:21:00,38.0,-35.0
2024-05-14 14:22:00,46.0,-44.0
2024-05-14 14:23:00,50.0,-49.0
2024-05-14 14:24:00,51.0,-50.0
2024-05-14 14:25:00,51.0,-50.0
2024-05-14 14:26:00,50.0,-49.0
2024-05-14 14:27:00,47.0,-47.0
2024-05-14 14:28:00,47.0,-48.0
2024-05-14 14:29:00,49.0,-51.0
2024-05-14 14:30:00,51.0,-55.0
2024-05-14 14:31:00,51.0,-55.0
2024-05-14 14:32:00,48.0,-53.0
2024-05-14 14:33:00,45.0,-51.0
2024-05-14 14:34:00,44.0,-51.0
2024-05-14 14:35:00,48.0,-55.0
2024-05-14 14:36:00,52.0,-58.0
2024-05-14 14:37:00,53.0,-59.0
2024-05-14 14:38:00,53.0,-61.0
2024-05-14 14:39:00,52.0,-60.0
2024-05-14 14:40:00,51.0,-60.0
2024-05-14 14:41:00,49.0,-58.0
2024-05-14 14:42:00,46.0,-56.0
2024-05-14 14:43:00,43.0,-53.0
2024-05-14 14:44:00,38.0,-49.0
2024-05-14 14:45:00,35.0,-46.0
2024-05-14 14:46:00,33.0,-45.0
2024-05-14 14:47:00,33.0,-45.0
2024-05-14 14:48:00,34.0,-46.0
2024-05-14 14:49:00,35.0,-47.0
2024-05-14 14:50:00,36.0,-49.0
2024-05-14 14:51:00,37.0,-51.0
2024-05-14 14:52:00,42.0,-52.0
2024-05-14 14:53:00,43.0,-51.0
2024-05-14 14:54:00,47.0,-51.0
2024-05-14 14:55:00,46.0,-49.0
2024-05-14 14:56:00,44.0,-46.0
2024-05-14 14:57:00,41.0,-44.0
2024-05-14 14:58:00,34.0,-43.0
2024-05-14 14:59:00,29.0,-40.0
2024-05-14 15:00:00,28.0,-41.0
2024-05-14 15:01:00,28.0,-41.0
2024-05-14 15:02:00,29.0,-42.0
2024-05-14 15:03:00,30.0,-42.0
2024-05-14 15:04:00,31.0,-42.0
2024-05-14 15:05:00,30.0,-41.0
2024-05-14 15:06:00,33.0,-40.0
2024-05-14 15:07:00,44.0,-49.0
2024-05-14 15:08:00,48.0,-53.0
2024-05-14 15:09:00,47.0,-53.0
2024-05-14 15:10:00,39.0,-47.0
2024-05-14 15:11:00,39.0,-44.0
2024-05-14 15:12:00,39.0,-43.0
2024-05-14 15:13:00,35.0,-42.0
2024-05-14 15:14:00,31.0,-42.0
2024-05-14 15:15:00,34.0,-44.0
2024-05-14 15:16:00,32.0,-44.0
2024-05-14 15:17:00,37.0,-47.0
2024-05-14 15:18:00,39.0,-47.0
2024-05-14 15:19:00,43.0,-46.0
2024-05-14 15:20:00,47.0,-47.0
2024-05-14 15:21:00,55.0,-50.0
2024-05-14 15:22:00,62.0,-51.0
2024-05-14 15:23:00,63.0,-50.0
2024-05-14 15:24:00,64.0,-48.0
2024-05-14 15:25:00,60.0,-46.0
2024-05-14 15:26:00,50.0,-46.0
2024-05-14 15:27:00,45.0,-45.0
2024-05-14 15:28:00,45.0,-46.0
2024-05-14 15:29:00,47.0,-48.0
2024-05-14 15:30:00,54.0,-49.0
2024-05-14 15:31:00,69.0,-51.0
2024-05-14 15:32:00,74.0,-52.0
2024-05-14 15:33:00,75.0,-58.0
2024-05-14 15:34:00,70.0,-64.0
2024-05-14 15:35:00,66.0,-66.0
2024-05-14 15:36:00,62.0,-63.0
2024-05-14 15:37:00,54.0,-56.0
2024-05-14 15:38:00,44.0,-51.0
2024-05-14 15:39:00,47.0,-48.0
2024-05-14 15:40:00,54.0,-48.0
2024-05-14 15:41:00,60.0,-49.0
2024-05-14 15:42:00,60.0,-50.0
2024-05-14 15:43:00,60.0,-49.0
2024-05-14 15:44:00,58.0,-50.0
2024-05-14 15:45:00,51.0,-45.0
2024-05-14 15:46:00,45.0,-43.0
2024-05-14 15:47:00,42.0,-42.0
2024-05-14 15:48:00,44.0,-43.0
2024-05-14 15:49:00,49.0,-45.0
2024-05-14 15:50:00,50.0,-47.0
2024-05-14 15:51:00,55.0,-51.0
2024-05-14 15:52:00,62.0,-58.0
2024-05-14 15:53:00,67.0,-64.0
2024-05-14 15:54:00,68.0,-64.0
2024-05-14 15:55:00,64.0,-62.0
2024-05-14 15:56:00,59.0,-58.0
2024-05-14 15:57:00,53.0,-53.0
2024-05-14 15:58:00,50.0,-50.0
2024-05-14 15:59:00,45.0,-50.0
2024-05-14 16:00:00,41.0,-47.0
2024-05-14 16:01:00,44.0,-44.0
2024-05-14 16:02:00,58.0,-48.0
2024-05-14 16:03:00,73.0,-57.0
2024-05-14 16:04:00,74.0,-56.0
2024-05-14 16:05:00,74.0,-47.0
2024-05-14 16:06:00,79.0,-46.0
2024-05-14 16:07:00,77.0,-46.0
2024-05-14 16:08:00,66.0,-46.0
2024-05-14 16:09:00,50.0,-42.0
2024-05-14 16:10:00,42.0,-36.0
2024-05-14 16:11:00,34.0,-30.0
2024-05-14 16:12:00,36.0,-34.0
2024-05-14 16:13:00,39.0,-37.0
2024-05-14 16:14:00,41.0,-39.0
2024-05-14 16:15:00,43.0,-39.0
2024-05-14 16:16:00,47.0,-39.0
2024-05-14 16:17:00,50.0,-41.0
2024-05-14 16:18:00,48.0,-39.0
2024-05-14 16:19:00,41.0,-34.0
2024-05-14 16:20:00,41.0,-38.0
2024-05-14 16:21:00,44.0,-42.0
2024-05-14 16:22:00,50.0,-48.0
2024-05-14 16:23:00,56.0,-55.0
2024-05-14 16:24:00,63.0,-63.0
2024-05-14 16:25:00,62.0,-64.0
2024-05-14 16:26:00,53.0,-57.0
2024-05-14 16:27:00,46.0,-47.0
2024-05-14 16:28:00,37.0,-37.0
2024-05-14 16:29:00,36.0,-36.0
2024-05-14 16:30:00,41.0,-39.0
2024-05-14 16:31:00,46.0,-40.0
2024-05-14 16:32:00,54.0,-42.0
2024-05-14 16:33:00,60.0,-44.0
2024-05-14 16:34:00,65.0,-50.0
2024-05-14 16:35:00,66.0,-58.0
2024-05-14 16:36:00,67.0,-62.0
2024-05-14 16:37:00,63.0,-60.0
2024-05-14 16:38:00,59.0,-55.0
2024-05-14 16:39:00,55.0,-51.0
2024-05-14 16:40:00,54.0,-51.0
2024-05-14 16:41:00,55.0,-51.0
2024-05-14 16:42:00,56.0,-52.0
2024-05-14 16:43:00,61.0,-55.0
2024-05-14 16:44:00,60.0,-51.0
2024-05-14 16:45:00,76.0,-66.0
2024-05-14 16:46:00,90.0,-83.0
2024-05-14 16:47:00,69.0,-63.0
2024-05-14 16:48:00,67.0,-61.0
2024-05-14 16:49:00,68.0,-63.0
2024-05-14 16:50:00,77.0,-74.0
2024-05-14 16:51:00,91.0,-88.0
2024-05-14 16:52:00,106.0,-102.0
2024-05-14 16:53:00,127.0,-118.0
2024-05-14 16:54:00,132.0,-123.0
2024-05-14 16:55:00,128.0,-118.0
2024-05-14 16:56:00,119.0,-106.0
2024-05-14 16:57:00,108.0,-97.0
2024-05-14 16:58:00,105.0,-95.0
2024-05-14 16:59:00,111.0,-99.0
2024-05-14 17:00:00,122.0,-105.0
2024-05-14 17:01:00,133.0,-112.0
2024-05-14 17:02:00,134.0,-112.0
2024-05-14 17:03:00,129.0,-105.0
2024-05-14 17:04:00,121.0,-96.0
2024-05-14 17:05:00,114.0,-91.0
2024-05-14 17:06:00,110.0,-91.0
2024-05-14 17:07:00,111.0,-93.0
2024-05-14 17:08:00,111.0,-95.0
2024-05-14 17:09:00,107.0,-93.0
2024-05-14 17:10:00,103.0,-91.0
2024-05-14 17:11:00,100.0,-87.0
2024-05-14 17:12:00,94.0,-82.0
2024-05-14 17:13:00,90.0,-80.0
2024-05-14 17:14:00,88.0,-78.0
2024-05-14 17:15:00,86.0,-75.0
2024-05-14 17:16:00,81.0,-69.0
2024-05-14 17:17:00,77.0,-64.0
2024-05-14 17:18:00,70.0,-57.0
2024-05-14 17:19:00,66.0,-52.0
2024-05-14 17:20:00,64.0,-50.0
2024-05-14 17:21:00,64.0,-50.0
2024-05-14 17:22:00,66.0,-51.0
2024-05-14 17:23:00,66.0,-50.0
2024-05-14 17:24:00,65.0,-49.0
2024-05-14 17:25:00,66.0,-51.0
2024-05-14 17:26:00,64.0,-51.0
2024-05-14 17:27:00,66.0,-53.0
2024-05-14 17:28:00,66.0,-53.0
2024-05-14 17:29:00,61.0,-50.0
2024-05-14 17:30:00,62.0,-51.0
2024-05-14 17:31:00,59.0,-47.0
2024-05-14 17:32:00,57.0,-44.0
2024-05-14 17:33:00,55.0,-43.0
2024-05-14 17:34:00,55.0,-42.0
2024-05-14 17:35:00,52.0,-38.0
2024-05-14 17:36:00,58.0,-43.0
2024-05-14 17:37:00,60.0,-46.0
2024-05-14 17:38:00,59.0,-45.0
2024-05-14 17:39:00,48.0,-36.0
2024-05-14 17:40:00,44.0,-30.0
2024-05-14 17:41:00,51.0,-38.0
2024-05-14 17:42:00,65.0,-42.0
2024-05-14 17:43:00,76.0,-44.0
2024-05-14 17:44:00,79.0,-46.0
2024-05-14 17:45:00,78.0,-44.0
2024-05-14 17:46:00,71.0,-41.0
2024-05-14 17:47:00,63.0,-41.0
2024-05-14 17:48:00,66.0,-42.0
2024-05-14 17:49:00,71.0,-48.0
2024-05-14 17:50:00,69.0,-49.0
2024-05-14 17:51:00,70.0,-47.0
2024-05-14 17:52:00,78.0,-51.0
2024-05-14 17:53:00,78.0,-49.0
2024-05-14 17:54:00,72.0,-43.0
2024-05-14 17:55:00,72.0,-44.0
2024-05-14 17:56:00,76.0,-53.0
2024-05-14 17:57:00,73.0,-53.0
2024-05-14 17:58:00,63.0,-43.0
2024-05-14 17:59:00,60.0,-43.0
2024-05-14 18:00:00,55.0,-42.0
2024-05-14 18:01:00,52.0,-40.0
2024-05-14 18:02:00,59.0,-48.0
2024-05-14 18:03:00,80.0,-53.0
2024-05-14 18:04:00,103.0,-55.0
2024-05-14 18:05:00,127.0,-59.0
2024-05-14 18:06:00,145.0,-64.0
2024-05-14 18:07:00,145.0,-68.0
2024-05-14 18:08:00,143.0,-72.0
2024-05-14 18:09:00,141.0,-77.0
2024-05-14 18:10:00,141.0,-89.0
2024-05-14 18:11:00,142.0,-99.0
2024-05-14 18:12:00,148.0,-98.0
2024-05-14 18:13:00,149.0,-91.0
2024-05-14 18:14:00,152.0,-87.0
2024-05-14 18:15:00,168.0,-100.0
2024-05-14 18:16:00,161.0,-96.0
2024-05-14 18:17:00,147.0,-88.0
2024-05-14 18:18:00,136.0,-78.0
2024-05-14 18:19:00,130.0,-70.0
2024-05-14 18:20:00,141.0,-82.0
2024-05-14 18:21:00,147.0,-93.0
2024-05-14 18:22:00,151.0,-94.0
2024-05-14 18:23:00,154.0,-98.0
2024-05-14 18:24:00,155.0,-103.0
2024-05-14 18:25:00,158.0,-112.0
2024-05-14 18:26:00,153.0,-107.0
2024-05-14 18:27:00,139.0,-92.0
2024-05-14 18:28:00,121.0,-75.0
2024-05-14 18:29:00,115.0,-71.0
2024-05-14 18:30:00,119.0,-77.0
2024-05-14 18:31:00,132.0,-90.0
2024-05-14 18:32:00,141.0,-99.0
2024-05-14 18:33:00,140.0,-98.0
2024-05-14 18:34:00,128.0,-87.0
2024-05-14 18:35:00,117.0,-77.0
2024-05-14 18:36:00,110.0,-70.0
2024-05-14 18:37:00,106.0,-67.0
2024-05-14 18:38:00,101.0,-61.0
2024-05-14 18:39:00,112.0,-73.0
2024-05-14 18:40:00,141.0,-100.0
2024-05-14 18:41:00,172.0,-125.0
2024-05-14 18:42:00,176.0,-125.0
2024-05-14 18:43:00,159.0,-104.0
2024-05-14 18:44:00,130.0,-73.0
2024-05-14 18:45:00,117.0,-61.0
2024-05-14 18:46:00,111.0,-59.0
2024-05-14 18:47:00,112.0,-64.0
2024-05-14 18:48:00,127.0,-84.0
2024-05-14 18:49:00,130.0,-92.0
2024-05-14 18:50:00,103.0,-69.0
2024-05-14 18:51:00,86.0,-55.0
2024-05-14 18:52:00,79.0,-49.0
2024-05-14 18:53:00,88.0,-57.0
2024-05-14 18:54:00,82.0,-48.0
2024-05-14 18:55:00,75.0,-38.0
2024-05-14 18:56:00,75.0,-36.0
2024-05-14 18:57:00,87.0,-45.0
2024-05-14 18:58:00,118.0,-71.0
2024-05-14 18:59:00,154.0,-97.0
2024-05-14 19:00:00,176.0,-111.0
2024-05-14 19:01:00,182.0,-113.0
2024-05-14 19:02:00,178.0,-111.0
2024-05-14 19:03:00,168.0,-103.0
2024-05-14 19:04:00,165.0,-105.0
2024-05-14 19:05:00,155.0,-100.0
2024-05-14 19:06:00,147.0,-94.0
2024-05-14 19:07:00,141.0,-88.0
2024-05-14 19:08:00,147.0,-96.0
2024-05-14 19:09:00,153.0,-101.0
2024-05-14 19:10:00,195.0,-135.0
2024-05-14 19:11:00,214.0,-145.0
2024-05-14 19:12:00,239.0,-160.0
2024-05-14 19:13:00,257.0,-175.0
2024-05-14 19:14:00,236.0,-157.0
2024-05-14 19:15:00,202.0,-132.0
2024-05-14 19:16:00,174.0,-113.0
2024-05-14 19:17:00,165.0,-109.0
2024-05-14 19:18:00,169.0,-115.0
2024-05-14 19:19:00,163.0,-111.0
2024-05-14 19:20:00,137.0,-86.0
2024-05-14 19:21:00,106.0,-55.0
2024-05-14 19:22:00,109.0,-54.0
2024-05-14 19:23:00,136.0,-79.0
2024-05-14 19:24:00,153.0,-94.0
2024-05-14 19:25:00,132.0,-70.0
2024-05-14 19:26:00,115.0,-53.0
2024-05-14 19:27:00,110.0,-48.0
2024-05-14 19:28:00,108.0,-47.0
2024-05-14 19:29:00,104.0,-48.0
2024-05-14 19:30:00,100.0,-49.0
2024-05-14 19:31:00,95.0,-51.0
2024-05-14 19:32:00,93.0,-53.0
2024-05-14 19:33:00,97.0,-58.0
2024-05-14 19:34:00,118.0,-72.0
2024-05-14 19:35:00,158.0,-108.0
2024-05-14 19:36:00,184.0,-131.0
2024-05-14 19:37:00,200.0,-140.0
2024-05-14 19:38:00,226.0,-159.0
2024-05-14 19:39:00,239.0,-167.0
2024-05-14 19:40:00,228.0,-157.0
2024-05-14 19:41:00,219.0,-150.0
2024-05-14 19:42:00,228.0,-147.0
2024-05-14 19:43:00,235.0,-148.0
2024-05-14 19:44:00,230.0,-148.0
2024-05-14 19:45:00,216.0,-137.0
2024-05-14 19:46:00,214.0,-137.0
2024-05-14 19:47:00,232.0,-153.0
2024-05-14 19:48:00,221.0,-145.0
2024-05-14 19:49:00,239.0,-165.0
2024-05-14 19:50:00,249.0,-176.0
2024-05-14 19:51:00,219.0,-150.0
2024-05-14 19:52:00,206.0,-138.0
2024-05-14 19:53:00,206.0,-139.0
2024-05-14 19:54:00,201.0,-139.0
2024-05-14 19:55:00,191.0,-129.0
2024-05-14 19:56:00,195.0,-131.0
2024-05-14 19:57:00,192.0,-127.0
2024-05-14 19:58:00,187.0,-122.0
2024-05-14 19:59:00,194.0,-129.0
2024-05-14 20:00:00,193.0,-127.0
2024-05-14 20:01:00,185.0,-120.0
2024-05-14 20:02:00,179.0,-114.0
2024-05-14 20:03:00,172.0,-107.0
2024-05-14 20:04:00,165.0,-101.0
2024-05-14 20:05:00,155.0,-92.0
2024-05-14 20:06:00,144.0,-82.0
2024-05-14 20:07:00,133.0,-72.0
2024-05-14 20:08:00,131.0,-71.0
2024-05-14 20:09:00,128.0,-70.0
2024-05-14 20:10:00,125.0,-68.0
2024-05-14 20:11:00,122.0,-67.0
2024-05-14 20:12:00,120.0,-65.0
2024-05-14 20:13:00,119.0,-65.0
2024-05-14 20:14:00,121.0,-68.0
2024-05-14 20:15:00,126.0,-73.0
2024-05-14 20:16:00,124.0,-73.0
2024-05-14 20:17:00,118.0,-67.0
2024-05-14 20:18:00,112.0,-61.0
2024-05-14 20:19:00,108.0,-58.0
2024-05-14 20:20:00,103.0,-54.0
2024-05-14 20:21:00,101.0,-54.0
2024-05-14 20:22:00,97.0,-52.0
2024-05-14 20:23:00,96.0,-51.0
2024-05-14 20:24:00,94.0,-50.0
2024-05-14 20:25:00,93.0,-50.0
2024-05-14 20:26:00,93.0,-51.0
2024-05-14 20:27:00,93.0,-51.0
2024-05-14 20:28:00,92.0,-51.0
2024-05-14 20:29:00,90.0,-50.0
2024-05-14 20:30:00,89.0,-50.0
2024-05-14 20:31:00,86.0,-49.0
2024-05-14 20:32:00,85.0,-49.0
2024-05-14 20:33:00,84.0,-50.0
2024-05-14 20:34:00,83.0,-50.0
2024-05-14 20:35:00,86.0,-53.0
2024-05-14 20:36:00,85.0,-53.0
2024-05-14 20:37:00,82.0,-52.0
2024-05-14 20:38:00,78.0,-49.0
2024-05-14 20:39:00,77.0,-50.0
2024-05-14 20:40:00,78.0,-52.0
2024-05-14 20:41:00,76.0,-50.0
2024-05-14 20:42:00,74.0,-49.0
2024-05-14 20:43:00,73.0,-50.0
2024-05-14 20:44:00,77.0,-53.0
2024-05-14 20:45:00,75.0,-52.0
2024-05-14 20:46:00,76.0,-54.0
2024-05-14 20:47:00,80.0,-58.0
2024-05-14 20:48:00,77.0,-56.0
2024-05-14 20:49:00,72.0,-52.0
2024-05-14 20:50:00,68.0,-50.0
2024-05-14 20:51:00,69.0,-51.0
2024-05-14 20:52:00,69.0,-51.0
2024-05-14 20:53:00,67.0,-50.0
2024-05-14 20:54:00,63.0,-47.0
2024-05-14 20:55:00,61.0,-46.0
2024-05-14 20:56:00,62.0,-47.0
2024-05-14 20:57:00,66.0,-49.0
2024-05-14 20:58:00,68.0,-51.0
2024-05-14 20:59:00,63.0,-47.0
2024-05-14 21:00:00,58.0,-42.0
2024-05-14 21:01:00,62.0,-45.0
2024-05-14 21:02:00,61.0,-45.0
2024-05-14 21:03:00,57.0,-41.0
2024-05-14 21:04:00,55.0,-41.0
2024-05-14 21:05:00,57.0,-43.0
2024-05-14 21:06:00,57.0,-43.0
2024-05-14 21:07:00,55.0,-41.0
2024-05-14 21:08:00,54.0,-40.0
2024-05-14 21:09:00,53.0,-38.0
2024-05-14 21:10:00,51.0,-37.0
2024-05-14 21:11:00,49.0,-36.0
2024-05-14 21:12:00,48.0,-36.0
2024-05-14 21:13:00,44.0,-34.0
2024-05-14 21:14:00,43.0,-33.0
2024-05-14 21:15:00,47.0,-37.0
2024-05-14 21:16:00,52.0,-42.0
2024-05-14 21:17:00,58.0,-42.0
2024-05-14 21:18:00,57.0,-39.0
2024-05-14 21:19:00,57.0,-38.0
2024-05-14 21:20:00,54.0,-35.0
2024-05-14 21:21:00,51.0,-34.0
2024-05-14 21:22:00,43.0,-30.0
2024-05-14 21:23:00,40.0,-28.0
2024-05-14 21:24:00,44.0,-32.0
2024-05-14 21:25:00,47.0,-35.0
2024-05-14 21:26:00,47.0,-34.0
2024-05-14 21:27:00,45.0,-33.0
2024-05-14 21:28:00,49.0,-36.0
2024-05-14 21:29:00,51.0,-39.0
2024-05-14 21:30:00,51.0,-40.0
2024-05-14 21:31:00,53.0,-41.0
2024-05-14 21:32:00,57.0,-42.0
2024-05-14 21:33:00,59.0,-43.0
2024-05-14 21:34:00,58.0,-42.0
2024-05-14 21:35:00,58.0,-42.0
2024-05-14 21:36:00,57.0,-42.0
2024-05-14 21:37:00,54.0,-43.0
2024-05-14 21:38:00,51.0,-43.0
2024-05-14 21:39:00,49.0,-43.0
2024-05-14 21:40:00,51.0,-45.0
2024-05-14 21:41:00,52.0,-45.0
2024-05-14 21:42:00,51.0,-42.0
2024-05-14 21:43:00,50.0,-41.0
2024-05-14 21:44:00,50.0,-42.0
2024-05-14 21:45:00,51.0,-43.0
2024-05-14 21:46:00,49.0,-41.0
2024-05-14 21:47:00,49.0,-40.0
2024-05-14 21:48:00,52.0,-41.0
2024-05-14 21:49:00,51.0,-40.0
2024-05-14 21:50:00,47.0,-38.0
2024-05-14 21:51:00,48.0,-39.0
2024-05-14 21:52:00,49.0,-39.0
2024-05-14 21:53:00,48.0,-37.0
2024-05-14 21:54:00,45.0,-35.0
2024-05-14 21:55:00,46.0,-35.0
2024-05-14 21:56:00,47.0,-35.0
2024-05-14 21:57:00,45.0,-34.0
2024-05-14 21:58:00,44.0,-33.0
2024-05-14 21:59:00,41.0,-32.0
2024-05-14 22:00:00,40.0,-31.0
2024-05-14 22:01:00,45.0,-34.0
2024-05-14 22:02:00,49.0,-36.0
2024-05-14 22:03:00,46.0,-33.0
2024-05-14 22:04:00,45.0,-33.0
2024-05-14 22:05:00,44.0,-34.0
2024-05-14 22:06:00,44.0,-36.0
2024-05-14 22:07:00,44.0,-36.0
2024-05-14 22:08:00,42.0,-34.0
2024-05-14 22:09:00,42.0,-34.0
2024-05-14 22:10:00,44.0,-36.0
2024-05-14 22:11:00,44.0,-37.0
2024-05-14 22:12:00,41.0,-35.0
2024-05-14 22:13:00,40.0,-35.0
2024-05-14 22:14:00,43.0,-36.0
2024-05-14 22:15:00,45.0,-38.0
2024-05-14 22:16:00,49.0,-39.0
2024-05-14 22:17:00,47.0,-37.0
2024-05-14 22:18:00,46.0,-37.0
2024-05-14 22:19:00,47.0,-40.0
2024-05-14 22:20:00,44.0,-39.0
2024-05-14 22:21:00,44.0,-38.0
2024-05-14 22:22:00,49.0,-40.0
2024-05-14 22:23:00,53.0,-42.0
2024-05-14 22:24:00,53.0,-41.0
2024-05-14 22:25:00,50.0,-39.0
2024-05-14 22:26:00,50.0,-39.0
2024-05-14 22:27:00,51.0,-40.0
2024-05-14 22:28:00,52.0,-40.0
2024-05-14 22:29:00,51.0,-41.0
2024-05-14 22:30:00,50.0,-40.0
2024-05-14 22:31:00,48.0,-40.0
2024-05-14 22:32:00,47.0,-40.0
2024-05-14 22:33:00,48.0,-42.0
2024-05-14 22:34:00,49.0,-43.0
2024-05-14 22:35:00,51.0,-43.0
2024-05-14 22:36:00,50.0,-41.0
2024-05-14 22:37:00,50.0,-41.0
2024-05-14 22:38:00,51.0,-42.0
2024-05-14 22:39:00,48.0,-41.0
2024-05-14 22:40:00,45.0,-38.0
2024-05-14 22:41:00,44.0,-37.0
2024-05-14 22:42:00,44.0,-37.0
2024-05-14 22:43:00,44.0,-36.0
2024-05-14 22:44:00,45.0,-36.0
2024-05-14 22:45:00,46.0,-36.0
2024-05-14 22:46:00,45.0,-35.0
2024-05-14 22:47:00,49.0,-38.0
2024-05-14 22:48:00,51.0,-40.0
2024-05-14 22:49:00,49.0,-39.0
2024-05-14 22:50:00,44.0,-36.0
2024-05-14 22:51:00,43.0,-35.0
2024-05-14 22:52:00,47.0,-37.0
2024-05-14 22:53:00,50.0,-39.0
2024-05-14 22:54:00,48.0,-40.0
2024-05-14 22:55:00,47.0,-41.0
2024-05-14 22:56:00,44.0,-42.0
2024-05-14 22:57:00,47.0,-44.0
2024-05-14 22:58:00,50.0,-43.0
2024-05-14 22:59:00,46.0,-40.0
2024-05-14 23:00:00,48.0,-40.0
2024-05-14 23:01:00,48.0,-38.0
2024-05-14 23:02:00,51.0,-38.0
2024-05-14 23:03:00,53.0,-41.0
2024-05-14 23:04:00,47.0,-40.0
2024-05-14 23:05:00,42.0,-37.0
2024-05-14 23:06:00,42.0,-38.0
2024-05-14 23:07:00,49.0,-42.0
2024-05-14 23:08:00,52.0,-43.0
2024-05-14 23:09:00,49.0,-43.0
2024-05-14 23:10:00,45.0,-42.0
2024-05-14 23:11:00,47.0,-45.0
2024-05-14 23:12:00,50.0,-45.0
2024-05-14 23:13:00,53.0,-44.0
2024-05-14 23:14:00,52.0,-41.0
2024-05-14 23:15:00,50.0,-40.0
2024-05-14 23:16:00,48.0,-41.0
2024-05-14 23:17:00,50.0,-44.0
2024-05-14 23:18:00,52.0,-46.0
2024-05-14 23:19:00,52.0,-44.0
2024-05-14 23:20:00,50.0,-40.0
2024-05-14 23:21:00,50.0,-41.0
2024-05-14 23:22:00,45.0,-40.0
2024-05-14 23:23:00,41.0,-38.0
2024-05-14 23:24:00,39.0,-38.0
2024-05-14 23:25:00,41.0,-39.0
2024-05-14 23:26:00,44.0,-41.0
2024-05-14 23:27:00,47.0,-43.0
2024-05-14 23:28:00,51.0,-46.0
2024-05-14 23:29:00,48.0,-43.0
2024-05-14 23:30:00,45.0,-40.0
2024-05-14 23:31:00,46.0,-42.0
2024-05-14 23:32:00,49.0,-44.0
2024-05-14 23:33:00,46.0,-42.0
2024-05-14 23:34:00,43.0,-40.0
2024-05-14 23:35:00,46.0,-43.0
2024-05-14 23:36:00,50.0,-47.0
2024-05-14 23:37:00,48.0,-44.0
2024-05-14 23:38:00,45.0,-41.0
2024-05-14 23:39:00,47.0,-43.0
2024-05-14 23:40:00,49.0,-45.0
2024-05-14 23:41:00,45.0,-41.0
2024-05-14 23:42:00,44.0,-41.0
2024-05-14 23:43:00,44.0,-42.0
2024-05-14 23:44:00,45.0,-44.0
2024-05-14 23:45:00,48.0,-45.0
2024-05-14 23:46:00,48.0,-44.0
2024-05-14 23:47:00,48.0,-44.0
2024-05-14 23:48:00,54.0,-46.0
2024-05-14 23:49:00,57.0,-45.0
2024-05-14 23:50:00,54.0,-40.0
2024-05-14 23:51:00,53.0,-40.0
2024-05-14 23:52:00,55.0,-44.0
2024-05-14 23:53:00,47.0,-42.0
2024-05-14 23:54:00,42.0,-38.0
2024-05-14 23:55:00,44.0,-40.0
2024-05-14 23:56:00,44.0,-40.0
2024-05-14 23:57:00,44.0,-40.0
2024-05-14 23:58:00,51.0,-42.0
2024-05-14 23:59:00,54.0,-43.0
2024-05-15 00:00:00,47.0,-42.0
2024-05-15 00:01:00,40.0,-40.0
2024-05-15 00:02:00,38.0,-40.0
2024-05-15 00:03:00,39.0,-39.0
2024-05-15 00:04:00,46.0,-39.0
2024-05-15 00:05:00,57.0,-39.0
2024-05-15 00:06:00,62.0,-44.0
2024-05-15 00:07:00,51.0,-44.0
2024-05-15 00:08:00,42.0,-42.0
2024-05-15 00:09:00,45.0,-43.0
2024-05-15 00:10:00,44.0,-44.0
2024-05-15 00:11:00,41.0,-42.0
2024-05-15 00:12:00,36.0,-39.0
2024-05-15 00:13:00,37.0,-40.0
2024-05-15 00:14:00,39.0,-41.0
2024-05-15 00:15:00,42.0,-42.0
2024-05-15 00:16:00,47.0,-44.0
2024-05-15 00:17:00,49.0,-45.0
2024-05-15 00:18:00,49.0,-45.0
2024-05-15 00:19:00,52.0,-47.0
2024-05-15 00:20:00,65.0,-55.0
2024-05-15 00:21:00,72.0,-56.0
2024-05-15 00:22:00,69.0,-52.0
2024-05-15 00:23:00,66.0,-51.0
2024-05-15 00:24:00,64.0,-53.0
2024-05-15 00:25:00,61.0,-54.0
2024-05-15 00:26:00,58.0,-53.0
2024-05-15 00:27:00,58.0,-52.0
2024-05-15 00:28:00,56.0,-50.0
2024-05-15 00:29:00,56.0,-50.0
2024-05-15 00:30:00,54.0,-49.0
2024-05-15 00:31:00,53.0,-51.0
2024-05-15 00:32:00,48.0,-50.0
2024-05-15 00:33:00,54.0,-51.0
2024-05-15 00:34:00,59.0,-50.0
2024-05-15 00:35:00,51.0,-47.0
2024-05-15 00:36:00,41.0,-42.0
2024-05-15 00:37:00,40.0,-42.0
2024-05-15 00:38:00,39.0,-41.0
2024-05-15 00:39:00,42.0,-42.0
2024-05-15 00:40:00,51.0,-46.0
2024-05-15 00:41:00,56.0,-46.0
2024-05-15 00:42:00,49.0,-44.0
2024-05-15 00:43:00,41.0,-42.0
2024-05-15 00:44:00,36.0,-38.0
2024-05-15 00:45:00,37.0,-38.0
2024-05-15 00:46:00,44.0,-39.0
2024-05-15 00:47:00,53.0,-40.0
2024-05-15 00:48:00,53.0,-39.0
2024-05-15 00:49:00,53.0,-39.0
2024-05-15 00:50:00,52.0,-40.0
2024-05-15 00:51:00,50.0,-39.0
2024-05-15 00:52:00,50.0,-39.0
2024-05-15 00:53:00,52.0,-39.0
2024-05-15 00:54:00,50.0,-37.0
2024-05-15 00:55:00,51.0,-37.0
2024-05-15 00:56:00,52.0,-37.0
2024-05-15 00:57:00,54.0,-38.0
2024-05-15 00:58:00,56.0,-39.0
2024-05-15 00:59:00,55.0,-39.0
2024-05-15 01:00:00,55.0,-40.0
2024-05-15 01:01:00,50.0,-39.0
2024-05-15 01:02:00,48.0,-38.0
2024-05-15 01:03:00,50.0,-39.0
2024-05-15 01:04:00,50.0,-40.0
2024-05-15 01:05:00,51.0,-39.0
2024-05-15 01:06:00,52.0,-38.0
2024-05-15 01:07:00,56.0,-39.0
2024-05-15 01:08:00,59.0,-40.0
2024-05-15 01:09:00,55.0,-39.0
2024-05-15 01:10:00,49.0,-38.0
2024-05-15 01:11:00,49.0,-40.0
2024-05-15 01:12:00,53.0,-43.0
2024-05-15 01:13:00,63.0,-46.0
2024-05-15 01:14:00,64.0,-48.0
2024-05-15 01:15:00,48.0,-48.0
2024-05-15 01:16:00,47.0,-48.0
2024-05-15 01:17:00,48.0,-49.0
2024-05-15 01:18:00,51.0,-47.0
2024-05-15 01:19:00,61.0,-47.0
2024-05-15 01:20:00,54.0,-47.0
2024-05-15 01:21:00,45.0,-46.0
2024-05-15 01:22:00,44.0,-45.0
2024-05-15 01:23:00,46.0,-47.0
2024-05-15 01:24:00,48.0,-47.0
2024-05-15 01:25:00,50.0,-49.0
2024-05-15 01:26:00,53.0,-51.0
2024-05-15 01:27:00,55.0,-51.0
2024-05-15 01:28:00,62.0,-55.0
2024-05-15 01:29:00,65.0,-57.0
2024-05-15 01:30:00,69.0,-57.0
2024-05-15 01:31:00,68.0,-53.0
2024-05-15 01:32:00,67.0,-52.0
2024-05-15 01:33:00,65.0,-51.0
2024-05-15 01:34:00,63.0,-51.0
2024-05-15 01:35:00,65.0,-55.0
2024-05-15 01:36:00,68.0,-57.0
2024-05-15 01:37:00,72.0,-58.0
2024-05-15 01:38:00,78.0,-62.0
2024-05-15 01:39:00,85.0,-65.0
2024-05-15 01:40:00,87.0,-65.0
2024-05-15 01:41:00,84.0,-62.0
2024-05-15 01:42:00,81.0,-59.0
2024-05-15 01:43:00,81.0,-58.0
2024-05-15 01:44:00,86.0,-60.0
2024-05-15 01:45:00,93.0,-62.0
2024-05-15 01:46:00,98.0,-64.0
2024-05-15 01:47:00,106.0,-66.0
2024-05-15 01:48:00,109.0,-65.0
2024-05-15 01:49:00,110.0,-62.0
2024-05-15 01:50:00,110.0,-59.0
2024-05-15 01:51:00,111.0,-59.0
2024-05-15 01:52:00,108.0,-60.0
2024-05-15 01:53:00,104.0,-61.0
2024-05-15 01:54:00,97.0,-61.0
2024-05-15 01:55:00,93.0,-61.0
2024-05-15 01:56:00,92.0,-60.0
2024-05-15 01:57:00,91.0,-61.0
2024-05-15 01:58:00,85.0,-58.0
2024-05-15 01:59:00,83.0,-55.0
2024-05-15 02:00:00,83.0,-51.0
2024-05-15 02:01:00,84.0,-50.0
2024-05-15 02:02:00,91.0,-47.0
2024-05-15 02:03:00,100.0,-47.0
2024-05-15 02:04:00,98.0,-46.0
2024-05-15 02:05:00,81.0,-41.0
2024-05-15 02:06:00,61.0,-37.0
2024-05-15 02:07:00,52.0,-37.0
2024-05-15 02:08:00,51.0,-37.0
2024-05-15 02:09:00,55.0,-38.0
2024-05-15 02:10:00,65.0,-38.0
2024-05-15 02:11:00,71.0,-38.0
2024-05-15 02:12:00,67.0,-36.0
2024-05-15 02:13:00,61.0,-35.0
2024-05-15 02:14:00,51.0,-34.0
2024-05-15 02:15:00,45.0,-33.0
2024-05-15 02:16:00,48.0,-34.0
2024-05-15 02:17:00,48.0,-32.0
2024-05-15 02:18:00,52.0,-31.0
2024-05-15 02:19:00,49.0,-31.0
2024-05-15 02:20:00,52.0,-32.0
2024-05-15 02:21:00,52.0,-31.0
2024-05-15 02:22:00,49.0,-31.0
2024-05-15 02:23:00,48.0,-31.0
2024-05-15 02:24:00,48.0,-31.0
2024-05-15 02:25:00,45.0,-31.0
2024-05-15 02:26:00,50.0,-33.0
2024-05-15 02:27:00,51.0,-34.0
2024-05-15 02:28:00,58.0,-37.0
2024-05-15 02:29:00,64.0,-36.0
2024-05-15 02:30:00,58.0,-31.0
2024-05-15 02:31:00,58.0,-32.0
2024-05-15 02:32:00,51.0,-32.0
2024-05-15 02:33:00,54.0,-36.0
2024-05-15 02:34:00,51.0,-35.0
2024-05-15 02:35:00,43.0,-33.0
2024-05-15 02:36:00,44.0,-35.0
2024-05-15 02:37:00,45.0,-40.0
2024-05-15 02:38:00,50.0,-42.0
2024-05-15 02:39:00,51.0,-43.0
2024-05-15 02:40:00,51.0,-42.0
2024-05-15 02:41:00,57.0,-40.0
2024-05-15 02:42:00,63.0,-41.0
2024-05-15 02:43:00,60.0,-39.0
2024-05-15 02:44:00,62.0,-43.0
2024-05-15 02:45:00,65.0,-46.0
2024-05-15 02:46:00,62.0,-45.0
2024-05-15 02:47:00,61.0,-46.0
2024-05-15 02:48:00,59.0,-45.0
2024-05-15 02:49:00,61.0,-43.0
2024-05-15 02:50:00,62.0,-44.0
2024-05-15 02:51:00,64.0,-48.0
2024-05-15 02:52:00,60.0,-44.0
2024-05-15 02:53:00,67.0,-45.0
2024-05-15 02:54:00,70.0,-47.0
2024-05-15 02:55:00,72.0,-48.0
2024-05-15 02:56:00,75.0,-51.0
2024-05-15 02:57:00,81.0,-57.0
2024-05-15 02:58:00,91.0,-64.0
2024-05-15 02:59:00,91.0,-62.0
2024-05-15 03:00:00,86.0,-57.0
2024-05-15 03:01:00,86.0,-56.0
2024-05-15 03:02:00,97.0,-57.0
2024-05-15 03:03:00,105.0,-56.0
2024-05-15 03:04:00,112.0,-57.0
2024-05-15 03:05:00,100.0,-48.0
2024-05-15 03:06:00,89.0,-48.0
2024-05-15 03:07:00,88.0,-48.0
2024-05-15 03:08:00,91.0,-45.0
2024-05-15 03:09:00,97.0,-44.0
2024-05-15 03:10:00,104.0,-44.0
2024-05-15 03:11:00,116.0,-48.0
2024-05-15 03:12:00,106.0,-43.0
2024-05-15 03:13:00,97.0,-44.0
2024-05-15 03:14:00,88.0,-43.0
2024-05-15 03:15:00,90.0,-41.0
2024-05-15 03:16:00,90.0,-40.0
2024-05-15 03:17:00,86.0,-37.0
2024-05-15 03:18:00,82.0,-35.0
2024-05-15 03:19:00,86.0,-35.0
2024-05-15 03:20:00,89.0,-34.0
2024-05-15 03:21:00,91.0,-34.0
2024-05-15 03:22:00,92.0,-33.0
2024-05-15 03:23:00,93.0,-33.0
2024-05-15 03:24:00,90.0,-33.0
2024-05-15 03:25:00,84.0,-33.0
2024-05-15 03:26:00,74.0,-29.0
2024-05-15 03:27:00,66.0,-28.0
2024-05-15 03:28:00,67.0,-29.0
2024-05-15 03:29:00,71.0,-33.0
2024-05-15 03:30:00,73.0,-34.0
2024-05-15 03:31:00,79.0,-33.0
2024-05-15 03:32:00,87.0,-35.0
2024-05-15 03:33:00,95.0,-35.0
2024-05-15 03:34:00,94.0,-36.0
2024-05-15 03:35:00,90.0,-38.0
2024-05-15 03:36:00,88.0,-37.0
2024-05-15 03:37:00,80.0,-36.0
2024-05-15 03:38:00,73.0,-34.0
2024-05-15 03:39:00,73.0,-36.0
2024-05-15 03:40:00,73.0,-38.0
2024-05-15 03:41:00,74.0,-37.0
2024-05-15 03:42:00,77.0,-40.0
2024-05-15 03:43:00,77.0,-42.0
2024-05-15 03:44:00,76.0,-43.0
2024-05-15 03:45:00,82.0,-43.0
2024-05-15 03:46:00,90.0,-41.0
2024-05-15 03:47:00,99.0,-39.0
2024-05-15 03:48:00,105.0,-38.0
2024-05-15 03:49:00,103.0,-39.0
2024-05-15 03:50:00,100.0,-41.0
2024-05-15 03:51:00,96.0,-40.0
2024-05-15 03:52:00,85.0,-37.0
2024-05-15 03:53:00,78.0,-35.0
2024-05-15 03:54:00,74.0,-35.0
2024-05-15 03:55:00,80.0,-38.0
2024-05-15 03:56:00,84.0,-36.0
2024-05-15 03:57:00,84.0,-35.0
2024-05-15 03:58:00,85.0,-35.0
2024-05-15 03:59:00,93.0,-36.0
2024-05-15 04:00:00,103.0,-39.0
2024-05-15 04:01:00,106.0,-37.0
2024-05-15 04:02:00,101.0,-35.0
2024-05-15 04:03:00,98.0,-35.0
2024-05-15 04:04:00,89.0,-34.0
2024-05-15 04:05:00,82.0,-33.0
2024-05-15 04:06:00,80.0,-31.0
2024-05-15 04:07:00,76.0,-30.0
2024-05-15 04:08:00,75.0,-29.0
2024-05-15 04:09:00,85.0,-33.0
2024-05-15 04:10:00,89.0,-34.0
2024-05-15 04:11:00,95.0,-33.0
2024-05-15 04:12:00,104.0,-35.0
2024-05-15 04:13:00,104.0,-33.0
2024-05-15 04:14:00,99.0,-31.0
2024-05-15 04:15:00,90.0,-31.0
2024-05-15 04:16:00,82.0,-28.0
2024-05-15 04:17:00,79.0,-31.0
2024-05-15 04:18:00,76.0,-33.0
2024-05-15 04:19:00,76.0,-31.0
2024-05-15 04:20:00,84.0,-33.0
2024-05-15 04:21:00,93.0,-35.0
2024-05-15 04:22:00,95.0,-33.0
2024-05-15 04:23:00,93.0,-32.0
2024-05-15 04:24:00,83.0,-32.0
2024-05-15 04:25:00,72.0,-32.0
2024-05-15 04:26:00,61.0,-33.0
2024-05-15 04:27:00,55.0,-36.0
2024-05-15 04:28:00,55.0,-39.0
2024-05-15 04:29:00,56.0,-39.0
2024-05-15 04:30:00,73.0,-52.0
2024-05-15 04:31:00,87.0,-59.0
2024-05-15 04:32:00,87.0,-50.0
2024-05-15 04:33:00,80.0,-33.0
2024-05-15 04:34:00,88.0,-32.0
2024-05-15 04:35:00,99.0,-38.0
2024-05-15 04:36:00,103.0,-39.0
2024-05-15 04:37:00,110.0,-43.0
2024-05-15 04:38:00,121.0,-53.0
2024-05-15 04:39:00,115.0,-46.0
2024-05-15 04:40:00,101.0,-31.0
2024-05-15 04:41:00,105.0,-34.0
2024-05-15 04:42:00,100.0,-28.0
2024-05-15 04:43:00,116.0,-42.0
2024-05-15 04:44:00,146.0,-66.0
2024-05-15 04:45:00,171.0,-79.0
2024-05-15 04:46:00,176.0,-74.0
2024-05-15 04:47:00,163.0,-57.0
2024-05-15 04:48:00,156.0,-45.0
2024-05-15 04:49:00,163.0,-45.0
2024-05-15 04:50:00,176.0,-52.0
2024-05-15 04:51:00,189.0,-58.0
2024-05-15 04:52:00,196.0,-61.0
2024-05-15 04:53:00,197.0,-65.0
2024-05-15 04:54:00,180.0,-51.0
2024-05-15 04:55:00,172.0,-41.0
2024-05-15 04:56:00,172.0,-38.0
2024-05-15 04:57:00,175.0,-39.0
2024-05-15 04:58:00,184.0,-46.0
2024-05-15 04:59:00,185.0,-44.0
2024-05-15 05:00:00,190.0,-45.0
2024-05-15 05:01:00,185.0,-37.0
2024-05-15 05:02:00,188.0,-38.0
2024-05-15 05:03:00,186.0,-38.0
2024-05-15 05:04:00,187.0,-38.0
2024-05-15 05:05:00,192.0,-38.0
2024-05-15 05:06:00,195.0,-34.0
2024-05-15 05:07:00,207.0,-36.0
2024-05-15 05:08:00,221.0,-37.0
2024-05-15 05:09:00,228.0,-35.0
2024-05-15 05:10:00,225.0,-34.0
2024-05-15 05:11:00,220.0,-35.0
2024-05-15 05:12:00,212.0,-33.0
2024-05-15 05:13:00,205.0,-31.0
2024-05-15 05:14:00,201.0,-33.0
2024-05-15 05:15:00,190.0,-33.0
2024-05-15 05:16:00,180.0,-32.0
2024-05-15 05:17:00,174.0,-32.0
2024-05-15 05:18:00,169.0,-32.0
2024-05-15 05:19:00,170.0,-33.0
2024-05-15 05:20:00,170.0,-33.0
2024-05-15 05:21:00,174.0,-37.0
2024-05-15 05:22:00,181.0,-41.0
2024-05-15 05:23:00,191.0,-43.0
2024-05-15 05:24:00,184.0,-38.0
2024-05-15 05:25:00,171.0,-35.0
2024-05-15 05:26:00,164.0,-35.0
2024-05-15 05:27:00,158.0,-34.0
2024-05-15 05:28:00,153.0,-34.0
2024-05-15 05:29:00,151.0,-35.0
2024-05-15 05:30:00,150.0,-35.0
2024-05-15 05:31:00,160.0,-49.0
2024-05-15 05:32:00,148.0,-39.0
2024-05-15 05:33:00,195.0,-85.0
2024-05-15 05:34:00,189.0,-86.0
2024-05-15 05:35:00,212.0,-116.0
2024-05-15 05:36:00,226.0,-133.0
2024-05-15 05:37:00,263.0,-168.0
2024-05-15 05:38:00,261.0,-163.0
2024-05-15 05:39:00,264.0,-162.0
2024-05-15 05:40:00,262.0,-156.0
2024-05-15 05:41:00,249.0,-146.0
2024-05-15 05:42:00,253.0,-146.0
2024-05-15 05:43:00,269.0,-157.0
2024-05-15 05:44:00,287.0,-166.0
2024-05-15 05:45:00,310.0,-180.0
2024-05-15 05:46:00,345.0,-203.0
2024-05-15 05:47:00,374.0,-225.0
2024-05-15 05:48:00,372.0,-209.0
2024-05-15 05:49:00,370.0,-201.0
2024-05-15 05:50:00,385.0,-203.0
2024-05-15 05:51:00,408.0,-212.0
2024-05-15 05:52:00,432.0,-231.0
2024-05-15 05:53:00,442.0,-242.0
2024-05-15 05:54:00,446.0,-247.0
2024-05-15 05:55:00,441.0,-240.0
2024-05-15 05:56:00,456.0,-249.0
2024-05-15 05:57:00,453.0,-245.0
2024-05-15 05:58:00,458.0,-250.0
2024-05-15 05:59:00,464.0,-256.0
2024-05-15 06:00:00,471.0,-268.0
2024-05-15 06:01:00,475.0,-272.0
2024-05-15 06:02:00,481.0,-273.0
2024-05-15 06:03:00,483.0,-269.0
2024-05-15 06:04:00,491.0,-272.0
2024-05-15 06:05:00,509.0,-282.0
2024-05-15 06:06:00,543.0,-316.0
2024-05-15 06:07:00,560.0,-332.0
2024-05-15 06:08:00,575.0,-349.0
2024-05-15 06:09:00,590.0,-368.0
2024-05-15 06:10:00,583.0,-380.0
2024-05-15 06:11:00,571.0,-380.0
2024-05-15 06:12:00,555.0,-367.0
2024-05-15 06:13:00,521.0,-354.0
2024-05-15 06:14:00,512.0,-361.0
2024-05-15 06:15:00,500.0,-363.0
2024-05-15 06:16:00,490.0,-373.0
2024-05-15 06:17:00,493.0,-378.0
2024-05-15 06:18:00,512.0,-387.0
2024-05-15 06:19:00,513.0,-388.0
2024-05-15 06:20:00,516.0,-388.0
2024-05-15 06:21:00,500.0,-363.0
2024-05-15 06:22:00,500.0,-363.0
2024-05-15 06:23:00,491.0,-351.0
2024-05-15 06:24:00,488.0,-345.0
2024-05-15 06:25:00,534.0,-396.0
2024-05-15 06:26:00,540.0,-404.0
2024-05-15 06:27:00,574.0,-441.0
2024-05-15 06:28:00,539.0,-415.0
2024-05-15 06:29:00,525.0,-406.0
2024-05-15 06:30:00,505.0,-384.0
2024-05-15 06:31:00,512.0,-386.0
2024-05-15 06:32:00,495.0,-357.0
2024-05-15 06:33:00,472.0,-329.0
2024-05-15 06:34:00,475.0,-327.0
2024-05-15 06:35:00,476.0,-316.0
2024-05-15 06:36:00,489.0,-312.0
2024-05-15 06:37:00,501.0,-306.0
2024-05-15 06:38:00,483.0,-294.0
2024-05-15 06:39:00,459.0,-273.0
2024-05-15 06:40:00,446.0,-257.0
2024-05-15 06:41:00,444.0,-256.0
2024-05-15 06:42:00,439.0,-246.0
2024-05-15 06:43:00,439.0,-242.0
2024-05-15 06:44:00,433.0,-232.0
2024-05-15 06:45:00,427.0,-217.0
2024-05-15 06:46:00,414.0,-210.0
2024-05-15 06:47:00,390.0,-203.0
2024-05-15 06:48:00,369.0,-190.0
2024-05-15 06:49:00,346.0,-164.0
2024-05-15 06:50:00,332.0,-153.0
2024-05-15 06:51:00,314.0,-141.0
2024-05-15 06:52:00,325.0,-156.0
2024-05-15 06:53:00,338.0,-175.0
2024-05-15 06:54:00,334.0,-173.0
2024-05-15 06:55:00,317.0,-154.0
2024-05-15 06:56:00,298.0,-139.0
2024-05-15 06:57:00,288.0,-126.0
2024-05-15 06:58:00,280.0,-113.0
2024-05-15 06:59:00,272.0,-113.0
2024-05-15 07:00:00,267.0,-113.0
2024-05-15 07:01:00,265.0,-113.0
2024-05-15 07:02:00,264.0,-112.0
2024-05-15 07:03:00,264.0,-109.0
2024-05-15 07:04:00,255.0,-101.0
2024-05-15 07:05:00,248.0,-100.0
2024-05-15 07:06:00,236.0,-97.0
2024-05-15 07:07:00,228.0,-96.0
2024-05-15 07:08:00,225.0,-94.0
2024-05-15 07:09:00,227.0,-90.0
2024-05-15 07:10:00,235.0,-92.0
2024-05-15 07:11:00,233.0,-94.0
2024-05-15 07:12:00,224.0,-97.0
2024-05-15 07:13:00,213.0,-93.0
2024-05-15 07:14:00,206.0,-90.0
2024-05-15 07:15:00,202.0,-88.0
2024-05-15 07:16:00,193.0,-83.0
2024-05-15 07:17:00,178.0,-73.0
2024-05-15 07:18:00,172.0,-67.0
2024-05-15 07:19:00,169.0,-66.0
2024-05-15 07:20:00,158.0,-61.0
2024-05-15 07:21:00,156.0,-63.0
2024-05-15 07:22:00,149.0,-62.0
2024-05-15 07:23:00,138.0,-56.0
2024-05-15 07:24:00,141.0,-58.0
2024-05-15 07:25:00,139.0,-60.0
2024-05-15 07:26:00,138.0,-61.0
2024-05-15 07:27:00,134.0,-60.0
2024-05-15 07:28:00,131.0,-57.0
2024-05-15 07:29:00,129.0,-54.0
2024-05-15 07:30:00,120.0,-51.0
2024-05-15 07:31:00,114.0,-49.0
2024-05-15 07:32:00,108.0,-48.0
2024-05-15 07:33:00,99.0,-43.0
2024-05-15 07:34:00,98.0,-43.0
2024-05-15 07:35:00,96.0,-40.0
2024-05-15 07:36:00,99.0,-41.0
2024-05-15 07:37:00,100.0,-41.0
2024-05-15 07:38:00,93.0,-38.0
2024-05-15 07:39:00,85.0,-37.0
2024-05-15 07:40:00,79.0,-39.0
2024-05-15 07:41:00,85.0,-43.0
2024-05-15 07:42:00,89.0,-47.0
2024-05-15 07:43:00,91.0,-49.0
2024-05-15 07:44:00,85.0,-45.0
2024-05-15 07:45:00,83.0,-46.0
2024-05-15 07:46:00,94.0,-47.0
2024-05-15 07:47:00,97.0,-44.0
2024-05-15 07:48:00,91.0,-38.0
2024-05-15 07:49:00,79.0,-33.0
2024-05-15 07:50:00,78.0,-40.0
2024-05-15 07:51:00,86.0,-46.0
2024-05-15 07:52:00,84.0,-48.0
2024-05-15 07:53:00,84.0,-48.0
2024-05-15 07:54:00,86.0,-44.0
2024-05-15 07:55:00,85.0,-40.0
2024-05-15 07:56:00,106.0,-60.0
2024-05-15 07:57:00,115.0,-74.0
2024-05-15 07:58:00,98.0,-61.0
2024-05-15 07:59:00,64.0,-26.0
2024-05-15 08:00:00,56.0,-18.0
2024-05-15 08:01:00,72.0,-28.0
2024-05-15 08:02:00,81.0,-35.0
2024-05-15 08:03:00,78.0,-35.0
2024-05-15 08:04:00,70.0,-32.0
2024-05-15 08:05:00,63.0,-30.0
2024-05-15 08:06:00,64.0,-36.0
2024-05-15 08:07:00,68.0,-43.0
2024-05-15 08:08:00,75.0,-50.0
2024-05-15 08:09:00,74.0,-49.0
2024-05-15 08:10:00,68.0,-42.0
2024-05-15 08:11:00,63.0,-37.0
2024-05-15 08:12:00,63.0,-37.0
2024-05-15 08:13:00,66.0,-41.0
2024-05-15 08:14:00,66.0,-44.0
2024-05-15 08:15:00,62.0,-43.0
2024-05-15 08:16:00,55.0,-40.0
2024-05-15 08:17:00,54.0,-42.0
2024-05-15 08:18:00,53.0,-42.0
2024-05-15 08:19:00,47.0,-34.0
2024-05-15 08:20:00,55.0,-40.0
2024-05-15 08:21:00,63.0,-44.0
2024-05-15 08:22:00,65.0,-46.0
2024-05-15 08:23:00,63.0,-45.0
2024-05-15 08:24:00,58.0,-40.0
2024-05-15 08:25:00,66.0,-45.0
2024-05-15 08:26:00,69.0,-48.0
2024-05-15 08:27:00,67.0,-50.0
2024-05-15 08:28:00,65.0,-50.0
2024-05-15 08:29:00,62.0,-47.0
2024-05-15 08:30:00,60.0,-42.0
2024-05-15 08:31:00,56.0,-38.0
2024-05-15 08:32:00,55.0,-38.0
2024-05-15 08:33:00,56.0,-40.0
2024-05-15 08:34:00,57.0,-41.0
2024-05-15 08:35:00,63.0,-45.0
2024-05-15 08:36:00,65.0,-45.0
2024-05-15 08:37:00,70.0,-47.0
2024-05-15 08:38:00,75.0,-49.0
2024-05-15 08:39:00,78.0,-51.0
2024-05-15 08:40:00,77.0,-51.0
2024-05-15 08:41:00,80.0,-55.0
2024-05-15 08:42:00,80.0,-55.0
2024-05-15 08:43:00,77.0,-52.0
2024-05-15 08:44:00,75.0,-49.0
2024-05-15 08:45:00,73.0,-46.0
2024-05-15 08:46:00,73.0,-45.0
2024-05-15 08:47:00,69.0,-41.0
2024-05-15 08:48:00,66.0,-38.0
2024-05-15 08:49:00,64.0,-36.0
2024-05-15 08:50:00,68.0,-40.0
2024-05-15 08:51:00,70.0,-43.0
2024-05-15 08:52:00,71.0,-45.0
2024-05-15 08:53:00,68.0,-42.0
2024-05-15 08:54:00,65.0,-40.0
2024-05-15 08:55:00,64.0,-39.0
2024-05-15 08:56:00,65.0,-40.0
2024-05-15 08:57:00,65.0,-41.0
2024-05-15 08:58:00,65.0,-41.0
2024-05-15 08:59:00,63.0,-40.0
2024-05-15 09:00:00,62.0,-39.0
2024-05-15 09:01:00,61.0,-38.0
2024-05-15 09:02:00,62.0,-40.0
2024-05-15 09:03:00,61.0,-40.0
2024-05-15 09:04:00,59.0,-39.0
2024-05-15 09:05:00,57.0,-35.0
2024-05-15 09:06:00,57.0,-34.0
2024-05-15 09:07:00,59.0,-35.0
2024-05-15 09:08:00,63.0,-40.0
2024-05-15 09:09:00,63.0,-42.0
2024-05-15 09:10:00,61.0,-43.0
2024-05-15 09:11:00,59.0,-42.0
2024-05-15 09:12:00,58.0,-41.0
2024-05-15 09:13:00,57.0,-40.0
2024-05-15 09:14:00,62.0,-45.0
2024-05-15 09:15:00,61.0,-44.0
2024-05-15 09:16:00,56.0,-38.0
2024-05-15 09:17:00,55.0,-36.0
2024-05-15 09:18:00,58.0,-38.0
2024-05-15 09:19:00,59.0,-38.0
2024-05-15 09:20:00,57.0,-38.0
2024-05-15 09:21:00,56.0,-38.0
2024-05-15 09:22:00,57.0,-40.0
2024-05-15 09:23:00,55.0,-40.0
2024-05-15 09:24:00,54.0,-38.0
2024-05-15 09:25:00,59.0,-44.0
2024-05-15 09:26:00,64.0,-49.0
2024-05-15 09:27:00,63.0,-50.0
2024-05-15 09:28:00,62.0,-48.0
2024-05-15 09:29:00,62.0,-49.0
2024-05-15 09:30:00,62.0,-50.0
2024-05-15 09:31:00,62.0,-50.0
2024-05-15 09:32:00,62.0,-51.0
2024-05-15 09:33:00,63.0,-49.0
2024-05-15 09:34:00,63.0,-46.0
2024-05-15 09:35:00,63.0,-44.0
2024-05-15 09:36:00,62.0,-42.0
2024-05-15 09:37:00,54.0,-35.0
2024-05-15 09:38:00,50.0,-30.0
2024-05-15 09:39:00,47.0,-28.0
2024-05-15 09:40:00,58.0,-35.0
2024-05-15 09:41:00,67.0,-41.0
2024-05-15 09:42:00,68.0,-39.0
2024-05-15 09:43:00,62.0,-32.0
2024-05-15 09:44:00,58.0,-26.0
2024-05-15 09:45:00,57.0,-25.0
2024-05-15 09:46:00,61.0,-28.0
2024-05-15 09:47:00,67.0,-30.0
2024-05-15 09:48:00,70.0,-29.0
2024-05-15 09:49:00,76.0,-32.0
2024-05-15 09:50:00,85.0,-33.0
2024-05-15 09:51:00,92.0,-32.0
2024-05-15 09:52:00,103.0,-33.0
2024-05-15 09:53:00,110.0,-34.0
2024-05-15 09:54:00,113.0,-33.0
2024-05-15 09:55:00,128.0,-36.0
2024-05-15 09:56:00,149.0,-40.0
2024-05-15 09:57:00,161.0,-40.0
2024-05-15 09:58:00,178.0,-43.0
2024-05-15 09:59:00,198.0,-47.0
2024-05-15 10:00:00,199.0,-47.0
2024-05-15 10:01:00,191.0,-47.0
2024-05-15 10:02:00,199.0,-46.0
2024-05-15 10:03:00,216.0,-52.0
2024-05-15 10:04:00,218.0,-51.0
2024-05-15 10:05:00,223.0,-49.0
2024-05-15 10:06:00,232.0,-50.0
2024-05-15 10:07:00,235.0,-51.0
2024-05-15 10:08:00,247.0,-54.0
2024-05-15 10:09:00,258.0,-59.0
2024-05-15 10:10:00,262.0,-64.0
2024-05-15 10:11:00,264.0,-68.0
2024-05-15 10:12:00,276.0,-68.0
2024-05-15 10:13:00,286.0,-69.0
2024-05-15 10:14:00,290.0,-71.0
2024-05-15 10:15:00,297.0,-76.0
2024-05-15 10:16:00,297.0,-82.0
2024-05-15 10:17:00,303.0,-88.0
2024-05-15 10:18:00,304.0,-90.0
2024-05-15 10:19:00,304.0,-91.0
2024-05-15 10:20:00,305.0,-96.0
2024-05-15 10:21:00,314.0,-101.0
2024-05-15 10:22:00,319.0,-105.0
2024-05-15 10:23:00,313.0,-103.0
2024-05-15 10:24:00,313.0,-105.0
2024-05-15 10:25:00,317.0,-110.0
2024-05-15 10:26:00,317.0,-112.0
2024-05-15 10:27:00,317.0,-111.0
2024-05-15 10:28:00,313.0,-112.0
2024-05-15 10:29:00,300.0,-111.0
2024-05-15 10:30:00,303.0,-116.0
2024-05-15 10:31:00,309.0,-123.0
2024-05-15 10:32:00,310.0,-122.0
2024-05-15 10:33:00,315.0,-123.0
2024-05-15 10:34:00,318.0,-127.0
2024-05-15 10:35:00,321.0,-131.0
2024-05-15 10:36:00,317.0,-132.0
2024-05-15 10:37:00,318.0,-128.0
2024-05-15 10:38:00,321.0,-127.0
2024-05-15 10:39:00,320.0,-124.0
2024-05-15 10:40:00,319.0,-125.0
2024-05-15 10:41:00,326.0,-130.0
2024-05-15 10:42:00,334.0,-133.0
2024-05-15 10:43:00,342.0,-141.0
2024-05-15 10:44:00,344.0,-144.0
2024-05-15 10:45:00,344.0,-151.0
2024-05-15 10:46:00,344.0,-153.0
2024-05-15 10:47:00,355.0,-159.0
2024-05-15 10:48:00,360.0,-160.0
2024-05-15 10:49:00,359.0,-158.0
2024-05-15 10:50:00,358.0,-158.0
2024-05-15 10:51:00,356.0,-157.0
2024-05-15 10:52:00,360.0,-156.0
2024-05-15 10:53:00,359.0,-152.0
2024-05-15 10:54:00,362.0,-152.0
2024-05-15 10:55:00,363.0,-153.0
2024-05-15 10:56:00,381.0,-164.0
2024-05-15 10:57:00,398.0,-173.0
2024-05-15 10:58:00,428.0,-211.0
2024-05-15 10:59:00,388.0,-187.0
2024-05-15 11:00:00,386.0,-192.0
2024-05-15 11:01:00,395.0,-204.0
2024-05-15 11:02:00,387.0,-205.0
2024-05-15 11:03:00,393.0,-214.0
2024-05-15 11:04:00,407.0,-225.0
2024-05-15 11:05:00,436.0,-247.0
2024-05-15 11:06:00,443.0,-253.0
2024-05-15 11:07:00,445.0,-263.0
2024-05-15 11:08:00,443.0,-272.0
2024-05-15 11:09:00,432.0,-267.0
2024-05-15 11:10:00,473.0,-299.0
2024-05-15 11:11:00,496.0,-301.0
2024-05-15 11:12:00,486.0,-302.0
2024-05-15 11:13:00,480.0,-305.0
2024-05-15 11:14:00,474.0,-297.0
2024-05-15 11:15:00,476.0,-298.0
2024-05-15 11:16:00,476.0,-298.0
2024-05-15 11:17:00,478.0,-313.0
2024-05-15 11:18:00,470.0,-319.0
2024-05-15 11:19:00,458.0,-311.0
2024-05-15 11:20:00,447.0,-300.0
2024-05-15 11:21:00,444.0,-293.0
2024-05-15 11:22:00,446.0,-285.0
2024-05-15 11:23:00,436.0,-276.0
2024-05-15 11:24:00,423.0,-266.0
2024-05-15 11:25:00,424.0,-270.0
2024-05-15 11:26:00,403.0,-265.0
2024-05-15 11:27:00,388.0,-261.0
2024-05-15 11:28:00,382.0,-256.0
2024-05-15 11:29:00,383.0,-258.0
2024-05-15 11:30:00,376.0,-251.0
2024-05-15 11:31:00,375.0,-253.0
2024-05-15 11:32:00,368.0,-248.0
2024-05-15 11:33:00,369.0,-248.0
2024-05-15 11:34:00,367.0,-248.0
2024-05-15 11:35:00,356.0,-240.0
2024-05-15 11:36:00,338.0,-228.0
2024-05-15 11:37:00,321.0,-221.0
2024-05-15 11:38:00,311.0,-220.0
2024-05-15 11:39:00,312.0,-221.0
2024-05-15 11:40:00,311.0,-214.0
2024-05-15 11:41:00,326.0,-200.0
2024-05-15 11:42:00,348.0,-199.0
2024-05-15 11:43:00,344.0,-200.0
2024-05-15 11:44:00,300.0,-201.0
2024-05-15 11:45:00,293.0,-205.0
2024-05-15 11:46:00,284.0,-203.0
2024-05-15 11:47:00,291.0,-210.0
2024-05-15 11:48:00,316.0,-214.0
2024-05-15 11:49:00,337.0,-210.0
2024-05-15 11:50:00,338.0,-209.0
2024-05-15 11:51:00,374.0,-212.0
2024-05-15 11:52:00,412.0,-212.0
2024-05-15 11:53:00,414.0,-214.0
2024-05-15 11:54:00,389.0,-216.0
2024-05-15 11:55:00,341.0,-219.0
2024-05-15 11:56:00,328.0,-225.0
2024-05-15 11:57:00,366.0,-235.0
2024-05-15 11:58:00,404.0,-243.0
2024-05-15 11:59:00,435.0,-249.0
2024-05-15 12:00:00,443.0,-249.0
2024-05-15 12:01:00,450.0,-254.0
2024-05-15 12:02:00,437.0,-251.0
2024-05-15 12:03:00,408.0,-239.0
2024-05-15 12:04:00,399.0,-244.0
2024-05-15 12:05:00,402.0,-252.0
2024-05-15 12:06:00,400.0,-248.0
2024-05-15 12:07:00,409.0,-248.0
2024-05-15 12:08:00,423.0,-251.0
2024-05-15 12:09:00,432.0,-248.0
2024-05-15 12:10:00,441.0,-248.0
2024-05-15 12:11:00,439.0,-252.0
2024-05-15 12:12:00,430.0,-252.0
2024-05-15 12:13:00,423.0,-255.0
2024-05-15 12:14:00,419.0,-255.0
2024-05-15 12:15:00,420.0,-250.0
2024-05-15 12:16:00,426.0,-250.0
2024-05-15 12:17:00,437.0,-256.0
2024-05-15 12:18:00,434.0,-255.0
2024-05-15 12:19:00,434.0,-254.0
2024-05-15 12:20:00,438.0,-258.0
2024-05-15 12:21:00,442.0,-261.0
2024-05-15 12:22:00,451.0,-269.0
2024-05-15 12:23:00,467.0,-281.0
2024-05-15 12:24:00,478.0,-291.0
2024-05-15 12:25:00,493.0,-312.0
2024-05-15 12:26:00,499.0,-330.0
2024-05-15 12:27:00,494.0,-335.0
2024-05-15 12:28:00,487.0,-331.0
2024-05-15 12:29:00,475.0,-323.0
2024-05-15 12:30:00,460.0,-310.0
2024-05-15 12:31:00,451.0,-302.0
2024-05-15 12:32:00,435.0,-282.0
2024-05-15 12:33:00,421.0,-265.0
2024-05-15 12:34:00,411.0,-253.0
2024-05-15 12:35:00,409.0,-250.0
2024-05-15 12:36:00,420.0,-260.0
2024-05-15 12:37:00,444.0,-284.0
2024-05-15 12:38:00,463.0,-303.0
2024-05-15 12:39:00,486.0,-326.0
2024-05-15 12:40:00,503.0,-343.0
2024-05-15 12:41:00,505.0,-346.0
2024-05-15 12:42:00,500.0,-341.0
2024-05-15 12:43:00,502.0,-341.0
2024-05-15 12:44:00,506.0,-344.0
2024-05-15 12:45:00,501.0,-339.0
2024-05-15 12:46:00,506.0,-346.0
2024-05-15 12:47:00,518.0,-360.0
2024-05-15 12:48:00,520.0,-365.0
2024-05-15 12:49:00,518.0,-367.0
2024-05-15 12:50:00,506.0,-358.0
2024-05-15 12:51:00,485.0,-342.0
2024-05-15 12:52:00,451.0,-318.0
2024-05-15 12:53:00,428.0,-304.0
2024-05-15 12:54:00,420.0,-300.0
2024-05-15 12:55:00,426.0,-317.0
2024-05-15 12:56:00,427.0,-320.0
2024-05-15 12:57:00,426.0,-313.0
2024-05-15 12:58:00,445.0,-326.0
2024-05-15 12:59:00,455.0,-329.0
2024-05-15 13:00:00,451.0,-322.0
2024-05-15 13:01:00,442.0,-322.0
2024-05-15 13:02:00,459.0,-331.0
2024-05-15 13:03:00,485.0,-348.0
2024-05-15 13:04:00,502.0,-357.0
2024-05-15 13:05:00,481.0,-332.0
2024-05-15 13:06:00,473.0,-317.0
2024-05-15 13:07:00,490.0,-326.0
2024-05-15 13:08:00,490.0,-317.0
2024-05-15 13:09:00,490.0,-300.0
2024-05-15 13:10:00,495.0,-285.0
2024-05-15 13:11:00,516.0,-282.0
2024-05-15 13:12:00,536.0,-288.0
2024-05-15 13:13:00,548.0,-294.0
2024-05-15 13:14:00,536.0,-294.0
2024-05-15 13:15:00,490.0,-291.0
2024-05-15 13:16:00,467.0,-286.0
2024-05-15 13:17:00,465.0,-288.0
2024-05-15 13:18:00,472.0,-293.0
2024-05-15 13:19:00,466.0,-289.0
2024-05-15 13:20:00,456.0,-280.0
2024-05-15 13:21:00,453.0,-275.0
2024-05-15 13:22:00,451.0,-263.0
2024-05-15 13:23:00,436.0,-245.0
2024-05-15 13:24:00,435.0,-242.0
2024-05-15 13:25:00,432.0,-246.0
2024-05-15 13:26:00,407.0,-244.0
2024-05-15 13:27:00,372.0,-231.0
2024-05-15 13:28:00,349.0,-216.0
2024-05-15 13:29:00,356.0,-218.0
2024-05-15 13:30:00,356.0,-213.0
2024-05-15 13:31:00,346.0,-198.0
2024-05-15 13:32:00,330.0,-180.0
2024-05-15 13:33:00,319.0,-167.0
2024-05-15 13:34:00,305.0,-156.0
2024-05-15 13:35:00,293.0,-145.0
2024-05-15 13:36:00,271.0,-133.0
2024-05-15 13:37:00,237.0,-117.0
2024-05-15 13:38:00,214.0,-105.0
2024-05-15 13:39:00,206.0,-99.0
2024-05-15 13:40:00,217.0,-100.0
2024-05-15 13:41:00,240.0,-107.0
2024-05-15 13:42:00,251.0,-114.0
2024-05-15 13:43:00,257.0,-127.0
2024-05-15 13:44:00,261.0,-133.0
2024-05-15 13:45:00,249.0,-126.0
2024-05-15 13:46:00,228.0,-108.0
2024-05-15 13:47:00,209.0,-92.0
2024-05-15 13:48:00,222.0,-109.0
2024-05-15 13:49:00,228.0,-124.0
2024-05-15 13:50:00,222.0,-120.0
2024-05-15 13:51:00,225.0,-116.0
2024-05-15 13:52:00,222.0,-110.0
2024-05-15 13:53:00,212.0,-100.0
2024-05-15 13:54:00,207.0,-95.0
2024-05-15 13:55:00,197.0,-89.0
2024-05-15 13:56:00,195.0,-89.0
2024-05-15 13:57:00,196.0,-90.0
2024-05-15 13:58:00,194.0,-90.0
2024-05-15 13:59:00,190.0,-91.0
2024-05-15 14:00:00,191.0,-92.0
2024-05-15 14:01:00,193.0,-92.0
2024-05-15 14:02:00,204.0,-95.0
2024-05-15 14:03:00,215.0,-99.0
2024-05-15 14:04:00,216.0,-100.0
2024-05-15 14:05:00,213.0,-101.0
2024-05-15 14:06:00,212.0,-103.0
2024-05-15 14:07:00,216.0,-105.0
2024-05-15 14:08:00,223.0,-110.0
2024-05-15 14:09:00,227.0,-114.0
2024-05-15 14:10:00,228.0,-118.0
2024-05-15 14:11:00,232.0,-124.0
2024-05-15 14:12:00,239.0,-131.0
2024-05-15 14:13:00,246.0,-136.0
2024-05-15 14:14:00,248.0,-139.0
2024-05-15 14:15:00,251.0,-142.0
2024-05-15 14:16:00,254.0,-145.0
2024-05-15 14:17:00,260.0,-149.0
2024-05-15 14:18:00,265.0,-153.0
2024-05-15 14:19:00,262.0,-149.0
2024-05-15 14:20:00,257.0,-144.0
2024-05-15 14:21:00,259.0,-146.0
2024-05-15 14:22:00,264.0,-150.0
2024-05-15 14:23:00,268.0,-153.0
2024-05-15 14:24:00,266.0,-152.0
2024-05-15 14:25:00,264.0,-153.0
2024-05-15 14:26:00,273.0,-157.0
2024-05-15 14:27:00,285.0,-161.0
2024-05-15 14:28:00,296.0,-168.0
2024-05-15 14:29:00,298.0,-173.0
2024-05-15 14:30:00,304.0,-176.0
2024-05-15 14:31:00,309.0,-177.0
2024-05-15 14:32:00,317.0,-183.0
2024-05-15 14:33:00,321.0,-191.0
2024-05-15 14:34:00,326.0,-195.0
2024-05-15 14:35:00,325.0,-197.0
2024-05-15 14:36:00,323.0,-196.0
2024-05-15 14:37:00,322.0,-194.0
2024-05-15 14:38:00,324.0,-193.0
2024-05-15 14:39:00,327.0,-194.0
2024-05-15 14:40:00,331.0,-197.0
2024-05-15 14:41:00,341.0,-199.0
2024-05-15 14:42:00,354.0,-202.0
2024-05-15 14:43:00,360.0,-200.0
2024-05-15 14:44:00,361.0,-199.0
2024-05-15 14:45:00,359.0,-198.0
2024-05-15 14:46:00,350.0,-199.0
2024-05-15 14:47:00,330.0,-194.0
2024-05-15 14:48:00,318.0,-194.0
2024-05-15 14:49:00,303.0,-191.0
2024-05-15 14:50:00,293.0,-184.0
2024-05-15 14:51:00,298.0,-187.0
2024-05-15 14:52:00,302.0,-190.0
2024-05-15 14:53:00,298.0,-188.0
2024-05-15 14:54:00,291.0,-185.0
2024-05-15 14:55:00,280.0,-177.0
2024-05-15 14:56:00,268.0,-168.0
2024-05-15 14:57:00,252.0,-156.0
2024-05-15 14:58:00,233.0,-142.0
2024-05-15 14:59:00,227.0,-140.0
2024-05-15 15:00:00,219.0,-140.0
2024-05-15 15:01:00,205.0,-131.0
2024-05-15 15:02:00,192.0,-121.0
2024-05-15 15:03:00,178.0,-110.0
2024-05-15 15:04:00,171.0,-103.0
2024-05-15 15:05:00,169.0,-97.0
2024-05-15 15:06:00,168.0,-94.0
2024-05-15 15:07:00,169.0,-96.0
2024-05-15 15:08:00,168.0,-100.0
2024-05-15 15:09:00,162.0,-99.0
2024-05-15 15:10:00,153.0,-92.0
2024-05-15 15:11:00,158.0,-94.0
2024-05-15 15:12:00,223.0,-152.0
2024-05-15 15:13:00,254.0,-183.0
2024-05-15 15:14:00,242.0,-178.0
2024-05-15 15:15:00,219.0,-162.0
2024-05-15 15:16:00,189.0,-141.0
2024-05-15 15:17:00,168.0,-125.0
2024-05-15 15:18:00,156.0,-113.0
2024-05-15 15:19:00,143.0,-103.0
2024-05-15 15:20:00,135.0,-92.0
2024-05-15 15:21:00,128.0,-80.0
2024-05-15 15:22:00,127.0,-82.0
2024-05-15 15:23:00,125.0,-85.0
2024-05-15 15:24:00,114.0,-79.0
2024-05-15 15:25:00,119.0,-86.0
2024-05-15 15:26:00,132.0,-104.0
2024-05-15 15:27:00,149.0,-125.0
2024-05-15 15:28:00,159.0,-136.0
2024-05-15 15:29:00,163.0,-141.0
2024-05-15 15:30:00,157.0,-137.0
2024-05-15 15:31:00,146.0,-130.0
2024-05-15 15:32:00,133.0,-120.0
2024-05-15 15:33:00,118.0,-108.0
2024-05-15 15:34:00,114.0,-106.0
2024-05-15 15:35:00,123.0,-116.0
2024-05-15 15:36:00,129.0,-122.0
2024-05-15 15:37:00,125.0,-118.0
2024-05-15 15:38:00,128.0,-121.0
2024-05-15 15:39:00,131.0,-123.0
2024-05-15 15:40:00,132.0,-123.0
2024-05-15 15:41:00,136.0,-125.0
2024-05-15 15:42:00,137.0,-126.0
2024-05-15 15:43:00,137.0,-124.0
2024-05-15 15:44:00,140.0,-124.0
2024-05-15 15:45:00,140.0,-123.0
2024-05-15 15:46:00,140.0,-123.0
2024-05-15 15:47:00,154.0,-133.0
2024-05-15 15:48:00,158.0,-138.0
2024-05-15 15:49:00,153.0,-137.0
2024-05-15 15:50:00,143.0,-131.0
2024-05-15 15:51:00,135.0,-124.0
2024-05-15 15:52:00,134.0,-124.0
2024-05-15 15:53:00,136.0,-129.0
2024-05-15 15:54:00,130.0,-124.0
2024-05-15 15:55:00,127.0,-120.0
2024-05-15 15:56:00,129.0,-119.0
2024-05-15 15:57:00,126.0,-114.0
2024-05-15 15:58:00,112.0,-97.0
2024-05-15 15:59:00,97.0,-78.0
2024-05-15 16:00:00,88.0,-71.0
2024-05-15 16:01:00,78.0,-64.0
2024-05-15 16:02:00,78.0,-61.0
2024-05-15 16:03:00,82.0,-60.0
2024-05-15 16:04:00,77.0,-52.0
2024-05-15 16:05:00,68.0,-42.0
2024-05-15 16:06:00,64.0,-38.0
2024-05-15 16:07:00,69.0,-43.0
2024-05-15 16:08:00,72.0,-46.0
2024-05-15 16:09:00,74.0,-48.0
2024-05-15 16:10:00,81.0,-53.0
2024-05-15 16:11:00,91.0,-58.0
2024-05-15 16:12:00,99.0,-64.0
2024-05-15 16:13:00,108.0,-74.0
2024-05-15 16:14:00,121.0,-85.0
2024-05-15 16:15:00,130.0,-95.0
2024-05-15 16:16:00,128.0,-93.0
2024-05-15 16:17:00,121.0,-88.0
2024-05-15 16:18:00,118.0,-86.0
2024-05-15 16:19:00,116.0,-82.0
2024-05-15 16:20:00,114.0,-77.0
2024-05-15 16:21:00,111.0,-70.0
2024-05-15 16:22:00,110.0,-66.0
2024-05-15 16:23:00,106.0,-61.0
2024-05-15 16:24:00,101.0,-58.0
2024-05-15 16:25:00,91.0,-53.0
2024-05-15 16:26:00,88.0,-52.0
2024-05-15 16:27:00,89.0,-53.0
2024-05-15 16:28:00,75.0,-42.0
2024-05-15 16:29:00,73.0,-41.0
2024-05-15 16:30:00,82.0,-50.0
2024-05-15 16:31:00,86.0,-54.0
2024-05-15 16:32:00,82.0,-49.0
2024-05-15 16:33:00,84.0,-50.0
2024-05-15 16:34:00,86.0,-53.0
2024-05-15 16:35:00,91.0,-58.0
2024-05-15 16:36:00,90.0,-56.0
2024-05-15 16:37:00,90.0,-54.0
2024-05-15 16:38:00,95.0,-58.0
2024-05-15 16:39:00,99.0,-60.0
2024-05-15 16:40:00,98.0,-57.0
2024-05-15 16:41:00,99.0,-55.0
2024-05-15 16:42:00,105.0,-60.0
2024-05-15 16:43:00,108.0,-61.0
2024-05-15 16:44:00,110.0,-61.0
2024-05-15 16:45:00,110.0,-60.0
2024-05-15 16:46:00,110.0,-59.0
2024-05-15 16:47:00,110.0,-58.0
2024-05-15 16:48:00,110.0,-58.0
2024-05-15 16:49:00,114.0,-60.0
2024-05-15 16:50:00,110.0,-55.0
2024-05-15 16:51:00,110.0,-54.0
2024-05-15 16:52:00,116.0,-59.0
2024-05-15 16:53:00,120.0,-63.0
2024-05-15 16:54:00,111.0,-54.0
2024-05-15 16:55:00,109.0,-52.0
2024-05-15 16:56:00,113.0,-55.0
2024-05-15 16:57:00,117.0,-60.0
2024-05-15 16:58:00,118.0,-61.0
2024-05-15 16:59:00,117.0,-60.0
2024-05-15 17:00:00,118.0,-60.0
2024-05-15 17:01:00,115.0,-57.0
2024-05-15 17:02:00,111.0,-52.0
2024-05-15 17:03:00,113.0,-55.0
2024-05-15 17:04:00,111.0,-55.0
2024-05-15 17:05:00,109.0,-53.0
2024-05-15 17:06:00,109.0,-52.0
2024-05-15 17:07:00,107.0,-49.0
2024-05-15 17:08:00,110.0,-52.0
2024-05-15 17:09:00,120.0,-62.0
2024-05-15 17:10:00,132.0,-74.0
2024-05-15 17:11:00,147.0,-88.0
2024-05-15 17:12:00,146.0,-88.0
2024-05-15 17:13:00,144.0,-87.0
2024-05-15 17:14:00,141.0,-85.0
2024-05-15 17:15:00,140.0,-80.0
2024-05-15 17:16:00,140.0,-77.0
2024-05-15 17:17:00,157.0,-94.0
2024-05-15 17:18:00,177.0,-114.0
2024-05-15 17:19:00,188.0,-125.0
2024-05-15 17:20:00,199.0,-132.0
2024-05-15 17:21:00,205.0,-137.0
2024-05-15 17:22:00,202.0,-136.0
2024-05-15 17:23:00,204.0,-143.0
2024-05-15 17:24:00,207.0,-147.0
2024-05-15 17:25:00,205.0,-146.0
2024-05-15 17:26:00,204.0,-146.0
2024-05-15 17:27:00,224.0,-166.0
2024-05-15 17:28:00,249.0,-193.0
2024-05-15 17:29:00,242.0,-187.0
2024-05-15 17:30:00,234.0,-180.0
2024-05-15 17:31:00,231.0,-175.0
2024-05-15 17:32:00,226.0,-169.0
2024-05-15 17:33:00,223.0,-169.0
2024-05-15 17:34:00,225.0,-173.0
2024-05-15 17:35:00,229.0,-178.0
2024-05-15 17:36:00,246.0,-195.0
2024-05-15 17:37:00,265.0,-214.0
2024-05-15 17:38:00,276.0,-225.0
2024-05-15 17:39:00,279.0,-227.0
2024-05-15 17:40:00,282.0,-231.0
2024-05-15 17:41:00,288.0,-236.0
2024-05-15 17:42:00,307.0,-254.0
2024-05-15 17:43:00,324.0,-273.0
2024-05-15 17:44:00,350.0,-299.0
2024-05-15 17:45:00,360.0,-311.0
2024-05-15 17:46:00,350.0,-304.0
2024-05-15 17:47:00,335.0,-290.0
2024-05-15 17:48:00,327.0,-283.0
2024-05-15 17:49:00,314.0,-272.0
2024-05-15 17:50:00,301.0,-260.0
2024-05-15 17:51:00,295.0,-256.0
2024-05-15 17:52:00,283.0,-247.0
2024-05-15 17:53:00,276.0,-241.0
2024-05-15 17:54:00,276.0,-240.0
2024-05-15 17:55:00,280.0,-240.0
2024-05-15 17:56:00,291.0,-240.0
2024-05-15 17:57:00,307.0,-248.0
2024-05-15 17:58:00,321.0,-261.0
2024-05-15 17:59:00,334.0,-276.0
2024-05-15 18:00:00,342.0,-288.0
2024-05-15 18:01:00,347.0,-294.0
2024-05-15 18:02:00,341.0,-286.0
2024-05-15 18:03:00,326.0,-268.0
2024-05-15 18:04:00,311.0,-253.0
2024-05-15 18:05:00,302.0,-245.0
2024-05-15 18:06:00,308.0,-254.0
2024-05-15 18:07:00,311.0,-262.0
2024-05-15 18:08:00,323.0,-275.0
2024-05-15 18:09:00,331.0,-280.0
2024-05-15 18:10:00,334.0,-281.0
2024-05-15 18:11:00,335.0,-279.0
2024-05-15 18:12:00,339.0,-281.0
2024-05-15 18:13:00,349.0,-291.0
2024-05-15 18:14:00,352.0,-295.0
2024-05-15 18:15:00,360.0,-303.0
2024-05-15 18:16:00,361.0,-303.0
2024-05-15 18:17:00,351.0,-291.0
2024-05-15 18:18:00,335.0,-275.0
2024-05-15 18:19:00,318.0,-258.0
2024-05-15 18:20:00,300.0,-242.0
2024-05-15 18:21:00,282.0,-226.0
2024-05-15 18:22:00,279.0,-224.0
2024-05-15 18:23:00,282.0,-229.0
2024-05-15 18:24:00,286.0,-232.0
2024-05-15 18:25:00,285.0,-232.0
2024-05-15 18:26:00,281.0,-228.0
2024-05-15 18:27:00,280.0,-225.0
2024-05-15 18:28:00,271.0,-212.0
2024-05-15 18:29:00,272.0,-211.0
2024-05-15 18:30:00,286.0,-222.0
2024-05-15 18:31:00,306.0,-242.0
2024-05-15 18:32:00,296.0,-222.0
2024-05-15 18:33:00,285.0,-202.0
2024-05-15 18:34:00,279.0,-195.0
2024-05-15 18:35:00,300.0,-213.0
2024-05-15 18:36:00,273.0,-183.0
2024-05-15 18:37:00,271.0,-177.0
2024-05-15 18:38:00,273.0,-177.0
2024-05-15 18:39:00,281.0,-183.0
2024-05-15 18:40:00,286.0,-186.0
2024-05-15 18:41:00,286.0,-185.0
2024-05-15 18:42:00,265.0,-162.0
2024-05-15 18:43:00,297.0,-192.0
2024-05-15 18:44:00,317.0,-208.0
2024-05-15 18:45:00,317.0,-205.0
2024-05-15 18:46:00,309.0,-193.0
2024-05-15 18:47:00,312.0,-189.0
2024-05-15 18:48:00,319.0,-193.0
2024-05-15 18:49:00,315.0,-189.0
2024-05-15 18:50:00,321.0,-192.0
2024-05-15 18:51:00,322.0,-188.0
2024-05-15 18:52:00,314.0,-176.0
2024-05-15 18:53:00,316.0,-175.0
2024-05-15 18:54:00,320.0,-178.0
2024-05-15 18:55:00,330.0,-187.0
2024-05-15 18:56:00,334.0,-189.0
2024-05-15 18:57:00,342.0,-196.0
2024-05-15 18:58:00,367.0,-218.0
2024-05-15 18:59:00,352.0,-203.0
2024-05-15 19:00:00,328.0,-183.0
2024-05-15 19:01:00,333.0,-188.0
2024-05-15 19:02:00,344.0,-196.0
2024-05-15 19:03:00,347.0,-195.0
2024-05-15 19:04:00,351.0,-198.0
2024-05-15 19:05:00,352.0,-197.0
2024-05-15 19:06:00,353.0,-198.0
2024-05-15 19:07:00,363.0,-209.0
2024-05-15 19:08:00,371.0,-215.0
2024-05-15 19:09:00,387.0,-229.0
2024-05-15 19:10:00,398.0,-241.0
2024-05-15 19:11:00,407.0,-251.0
2024-05-15 19:12:00,428.0,-270.0
2024-05-15 19:13:00,440.0,-279.0
2024-05-15 19:14:00,454.0,-291.0
2024-05-15 19:15:00,466.0,-302.0
2024-05-15 19:16:00,470.0,-307.0
2024-05-15 19:17:00,470.0,-308.0
2024-05-15 19:18:00,471.0,-310.0
2024-05-15 19:19:00,480.0,-321.0
2024-05-15 19:20:00,487.0,-327.0
2024-05-15 19:21:00,500.0,-340.0
2024-05-15 19:22:00,502.0,-343.0
2024-05-15 19:23:00,495.0,-336.0
2024-05-15 19:24:00,496.0,-331.0
2024-05-15 19:25:00,502.0,-334.0
2024-05-15 19:26:00,485.0,-314.0
2024-05-15 19:27:00,457.0,-286.0
2024-05-15 19:28:00,470.0,-300.0
2024-05-15 19:29:00,482.0,-310.0
2024-05-15 19:30:00,488.0,-321.0
2024-05-15 19:31:00,509.0,-335.0
2024-05-15 19:32:00,520.0,-341.0
2024-05-15 19:33:00,518.0,-338.0
2024-05-15 19:34:00,523.0,-344.0
2024-05-15 19:35:00,518.0,-335.0
2024-05-15 19:36:00,507.0,-321.0
2024-05-15 19:37:00,515.0,-326.0
2024-05-15 19:38:00,510.0,-318.0
2024-05-15 19:39:00,497.0,-302.0
2024-05-15 19:40:00,490.0,-297.0
2024-05-15 19:41:00,486.0,-298.0
2024-05-15 19:42:00,475.0,-286.0
2024-05-15 19:43:00,465.0,-274.0
2024-05-15 19:44:00,474.0,-279.0
2024-05-15 19:45:00,481.0,-282.0
2024-05-15 19:46:00,476.0,-278.0
2024-05-15 19:47:00,483.0,-289.0
2024-05-15 19:48:00,490.0,-301.0
2024-05-15 19:49:00,496.0,-308.0
2024-05-15 19:50:00,515.0,-327.0
2024-05-15 19:51:00,534.0,-346.0
2024-05-15 19:52:00,550.0,-359.0
2024-05-15 19:53:00,562.0,-372.0
2024-05-15 19:54:00,570.0,-381.0
2024-05-15 19:55:00,574.0,-388.0
2024-05-15 19:56:00,576.0,-391.0
2024-05-15 19:57:00,570.0,-386.0
2024-05-15 19:58:00,563.0,-381.0
2024-05-15 19:59:00,563.0,-381.0
2024-05-15 20:00:00,565.0,-382.0
2024-05-15 20:01:00,572.0,-391.0
2024-05-15 20:02:00,591.0,-411.0
2024-05-15 20:03:00,593.0,-413.0
2024-05-15 20:04:00,601.0,-419.0
2024-05-15 20:05:00,612.0,-427.0
2024-05-15 20:06:00,605.0,-421.0
2024-05-15 20:07:00,599.0,-414.0
2024-05-15 20:08:00,580.0,-395.0
2024-05-15 20:09:00,579.0,-393.0
2024-05-15 20:10:00,595.0,-408.0
2024-05-15 20:11:00,599.0,-405.0
2024-05-15 20:12:00,594.0,-391.0
2024-05-15 20:13:00,578.0,-377.0
2024-05-15 20:14:00,566.0,-369.0
2024-05-15 20:15:00,577.0,-376.0
2024-05-15 20:16:00,604.0,-395.0
2024-05-15 20:17:00,634.0,-417.0
2024-05-15 20:18:00,657.0,-436.0
2024-05-15 20:19:00,658.0,-433.0
2024-05-15 20:20:00,651.0,-428.0
2024-05-15 20:21:00,645.0,-423.0
2024-05-15 20:22:00,637.0,-414.0
2024-05-15 20:23:00,636.0,-411.0
2024-05-15 20:24:00,625.0,-412.0
2024-05-15 20:25:00,618.0,-422.0
2024-05-15 20:26:00,608.0,-427.0
2024-05-15 20:27:00,617.0,-443.0
2024-05-15 20:28:00,634.0,-449.0
2024-05-15 20:29:00,657.0,-453.0
2024-05-15 20:30:00,670.0,-446.0
2024-05-15 20:31:00,679.0,-449.0
2024-05-15 20:32:00,659.0,-439.0
2024-05-15 20:33:00,645.0,-426.0
2024-05-15 20:34:00,631.0,-406.0
2024-05-15 20:35:00,629.0,-409.0
2024-05-15 20:36:00,631.0,-411.0
2024-05-15 20:37:00,652.0,-424.0
2024-05-15 20:38:00,684.0,-434.0
2024-05-15 20:39:00,709.0,-439.0
2024-05-15 20:40:00,708.0,-424.0
2024-05-15 20:41:00,717.0,-433.0
2024-05-15 20:42:00,721.0,-436.0
2024-05-15 20:43:00,715.0,-434.0
2024-05-15 20:44:00,725.0,-438.0
2024-05-15 20:45:00,756.0,-453.0
2024-05-15 20:46:00,759.0,-452.0
2024-05-15 20:47:00,752.0,-450.0
2024-05-15 20:48:00,740.0,-432.0
2024-05-15 20:49:00,740.0,-427.0
2024-05-15 20:50:00,751.0,-435.0
2024-05-15 20:51:00,728.0,-413.0
2024-05-15 20:52:00,708.0,-393.0
2024-05-15 20:53:00,709.0,-397.0
2024-05-15 20:54:00,708.0,-396.0
2024-05-15 20:55:00,714.0,-402.0
2024-05-15 20:56:00,713.0,-403.0
2024-05-15 20:57:00,706.0,-402.0
2024-05-15 20:58:00,701.0,-405.0
2024-05-15 20:59:00,698.0,-408.0
2024-05-15 21:00:00,697.0,-412.0
2024-05-15 21:01:00,701.0,-415.0
2024-05-15 21:02:00,711.0,-421.0
2024-05-15 21:03:00,706.0,-414.0
2024-05-15 21:04:00,723.0,-438.0
2024-05-15 21:05:00,716.0,-436.0
2024-05-15 21:06:00,707.0,-430.0
2024-05-15 21:07:00,665.0,-389.0
2024-05-15 21:08:00,626.0,-354.0
2024-05-15 21:09:00,602.0,-336.0
2024-05-15 21:10:00,597.0,-329.0
2024-05-15 21:11:00,621.0,-350.0
2024-05-15 21:12:00,643.0,-369.0
2024-05-15 21:13:00,665.0,-386.0
2024-05-15 21:14:00,695.0,-413.0
2024-05-15 21:15:00,710.0,-429.0
2024-05-15 21:16:00,711.0,-432.0
2024-05-15 21:17:00,699.0,-426.0
2024-05-15 21:18:00,696.0,-424.0
2024-05-15 21:19:00,702.0,-434.0
2024-05-15 21:20:00,711.0,-437.0
2024-05-15 21:21:00,716.0,-439.0
2024-05-15 21:22:00,729.0,-453.0
2024-05-15 21:23:00,739.0,-459.0
2024-05-15 21:24:00,752.0,-472.0
2024-05-15 21:25:00,759.0,-471.0
2024-05-15 21:26:00,746.0,-446.0
2024-05-15 21:27:00,740.0,-438.0
2024-05-15 21:28:00,711.0,-415.0
2024-05-15 21:29:00,686.0,-396.0
2024-05-15 21:30:00,669.0,-383.0
2024-05-15 21:31:00,662.0,-380.0
2024-05-15 21:32:00,675.0,-399.0
2024-05-15 21:33:00,681.0,-410.0
2024-05-15 21:34:00,679.0,-413.0
2024-05-15 21:35:00,635.0,-372.0
2024-05-15 21:36:00,605.0,-345.0
2024-05-15 21:37:00,593.0,-335.0
2024-05-15 21:38:00,592.0,-330.0
2024-05-15 21:39:00,599.0,-331.0
2024-05-15 21:40:00,609.0,-337.0
2024-05-15 21:41:00,634.0,-349.0
2024-05-15 21:42:00,651.0,-364.0
2024-05-15 21:43:00,681.0,-387.0
2024-05-15 21:44:00,692.0,-399.0
2024-05-15 21:45:00,701.0,-412.0
2024-05-15 21:46:00,716.0,-431.0
2024-05-15 21:47:00,707.0,-417.0
2024-05-15 21:48:00,674.0,-380.0
2024-05-15 21:49:00,653.0,-354.0
2024-05-15 21:50:00,649.0,-344.0
2024-05-15 21:51:00,650.0,-341.0
2024-05-15 21:52:00,643.0,-331.0
2024-05-15 21:53:00,637.0,-326.0
2024-05-15 21:54:00,642.0,-335.0
2024-05-15 21:55:00,654.0,-350.0
2024-05-15 21:56:00,664.0,-361.0
2024-05-15 21:57:00,667.0,-367.0
2024-05-15 21:58:00,673.0,-377.0
2024-05-15 21:59:00,662.0,-366.0
2024-05-15 22:00:00,649.0,-346.0
2024-05-15 22:01:00,645.0,-334.0
2024-05-15 22:02:00,637.0,-324.0
2024-05-15 22:03:00,671.0,-361.0
2024-05-15 22:04:00,642.0,-336.0
2024-05-15 22:05:00,649.0,-342.0
2024-05-15 22:06:00,655.0,-350.0
2024-05-15 22:07:00,645.0,-347.0
2024-05-15 22:08:00,627.0,-340.0
2024-05-15 22:09:00,620.0,-342.0
2024-05-15 22:10:00,622.0,-346.0
2024-05-15 22:11:00,603.0,-327.0
2024-05-15 22:12:00,580.0,-308.0
2024-05-15 22:13:00,572.0,-296.0
2024-05-15 22:14:00,575.0,-292.0
2024-05-15 22:15:00,588.0,-295.0
2024-05-15 22:16:00,587.0,-295.0
2024-05-15 22:17:00,582.0,-297.0
2024-05-15 22:18:00,571.0,-293.0
2024-05-15 22:19:00,564.0,-292.0
2024-05-15 22:20:00,563.0,-295.0
2024-05-15 22:21:00,578.0,-322.0
2024-05-15 22:22:00,594.0,-343.0
2024-05-15 22:23:00,557.0,-312.0
2024-05-15 22:24:00,526.0,-283.0
2024-05-15 22:25:00,511.0,-270.0
2024-05-15 22:26:00,499.0,-260.0
2024-05-15 22:27:00,507.0,-269.0
2024-05-15 22:28:00,515.0,-283.0
2024-05-15 22:29:00,507.0,-283.0
2024-05-15 22:30:00,500.0,-285.0
2024-05-15 22:31:00,499.0,-292.0
2024-05-15 22:32:00,489.0,-286.0
2024-05-15 22:33:00,475.0,-271.0
2024-05-15 22:34:00,465.0,-262.0
2024-05-15 22:35:00,465.0,-268.0
2024-05-15 22:36:00,473.0,-278.0
2024-05-15 22:37:00,476.0,-281.0
2024-05-15 22:38:00,463.0,-269.0
2024-05-15 22:39:00,445.0,-248.0
2024-05-15 22:40:00,466.0,-268.0
2024-05-15 22:41:00,522.0,-317.0
2024-05-15 22:42:00,520.0,-312.0
2024-05-15 22:43:00,508.0,-304.0
2024-05-15 22:44:00,493.0,-294.0
2024-05-15 22:45:00,425.0,-230.0
2024-05-15 22:46:00,418.0,-227.0
2024-05-15 22:47:00,430.0,-238.0
2024-05-15 22:48:00,419.0,-231.0
2024-05-15 22:49:00,431.0,-244.0
2024-05-15 22:50:00,447.0,-262.0
2024-05-15 22:51:00,448.0,-265.0
2024-05-15 22:52:00,451.0,-275.0
2024-05-15 22:53:00,452.0,-280.0
2024-05-15 22:54:00,462.0,-293.0
2024-05-15 22:55:00,447.0,-280.0
2024-05-15 22:56:00,442.0,-272.0
2024-05-15 22:57:00,426.0,-256.0
2024-05-15 22:58:00,433.0,-266.0
2024-05-15 22:59:00,432.0,-267.0
2024-05-15 23:00:00,426.0,-258.0
2024-05-15 23:01:00,441.0,-269.0
2024-05-15 23:02:00,437.0,-270.0
2024-05-15 23:03:00,437.0,-273.0
2024-05-15 23:04:00,422.0,-252.0
2024-05-15 23:05:00,428.0,-251.0
2024-05-15 23:06:00,431.0,-255.0
2024-05-15 23:07:00,427.0,-249.0
2024-05-15 23:08:00,421.0,-237.0
2024-05-15 23:09:00,419.0,-233.0
2024-05-15 23:10:00,449.0,-266.0
2024-05-15 23:11:00,453.0,-274.0
2024-05-15 23:12:00,449.0,-271.0
2024-05-15 23:13:00,445.0,-269.0
2024-05-15 23:14:00,495.0,-317.0
2024-05-15 23:15:00,536.0,-356.0
2024-05-15 23:16:00,543.0,-363.0
2024-05-15 23:17:00,551.0,-374.0
2024-05-15 23:18:00,531.0,-356.0
2024-05-15 23:19:00,455.0,-280.0
2024-05-15 23:20:00,440.0,-268.0
2024-05-15 23:21:00,420.0,-254.0
2024-05-15 23:22:00,402.0,-243.0
2024-05-15 23:23:00,401.0,-247.0
2024-05-15 23:24:00,401.0,-251.0
2024-05-15 23:25:00,409.0,-260.0
2024-05-15 23:26:00,415.0,-268.0
2024-05-15 23:27:00,420.0,-275.0
2024-05-15 23:28:00,430.0,-281.0
2024-05-15 23:29:00,429.0,-276.0
2024-05-15 23:30:00,425.0,-275.0
2024-05-15 23:31:00,403.0,-258.0
2024-05-15 23:32:00,407.0,-260.0
2024-05-15 23:33:00,417.0,-262.0
2024-05-15 23:34:00,424.0,-262.0
2024-05-15 23:35:00,437.0,-274.0
2024-05-15 23:36:00,450.0,-285.0
2024-05-15 23:37:00,452.0,-285.0
2024-05-15 23:38:00,442.0,-274.0
2024-05-15 23:39:00,426.0,-261.0
2024-05-15 23:40:00,410.0,-247.0
2024-05-15 23:41:00,419.0,-259.0
2024-05-15 23:42:00,433.0,-278.0
2024-05-15 23:43:00,461.0,-302.0
2024-05-15 23:44:00,468.0,-304.0
2024-05-15 23:45:00,457.0,-294.0
2024-05-15 23:46:00,444.0,-284.0
2024-05-15 23:47:00,400.0,-241.0
2024-05-15 23:48:00,387.0,-226.0
2024-05-15 23:49:00,383.0,-222.0
2024-05-15 23:50:00,386.0,-227.0
2024-05-15 23:51:00,380.0,-225.0
2024-05-15 23:52:00,365.0,-214.0
2024-05-15 23:53:00,351.0,-205.0
2024-05-15 23:54:00,348.0,-204.0
2024-05-15 23:55:00,351.0,-209.0
2024-05-15 23:56:00,343.0,-204.0
2024-05-15 23:57:00,330.0,-193.0
2024-05-15 23:58:00,326.0,-188.0
2024-05-15 23:59:00,319.0,-177.0
2024-05-16 00:00:00,334.0,-188.0
2024-05-16 00:01:00,349.0,-200.0
2024-05-16 00:02:00,376.0,-223.0
2024-05-16 00:03:00,391.0,-232.0
2024-05-16 00:04:00,411.0,-240.0
2024-05-16 00:05:00,434.0,-257.0
2024-05-16 00:06:00,439.0,-245.0
2024-05-16 00:07:00,458.0,-246.0
2024-05-16 00:08:00,479.0,-262.0
2024-05-16 00:09:00,473.0,-268.0
2024-05-16 00:10:00,484.0,-281.0
2024-05-16 00:11:00,494.0,-279.0
2024-05-16 00:12:00,490.0,-265.0
2024-05-16 00:13:00,486.0,-259.0
2024-05-16 00:14:00,485.0,-258.0
2024-05-16 00:15:00,491.0,-266.0
2024-05-16 00:16:00,494.0,-258.0
2024-05-16 00:17:00,499.0,-251.0
2024-05-16 00:18:00,508.0,-254.0
2024-05-16 00:19:00,509.0,-254.0
2024-05-16 00:20:00,503.0,-249.0
2024-05-16 00:21:00,505.0,-246.0
2024-05-16 00:22:00,521.0,-260.0
2024-05-16 00:23:00,529.0,-275.0
2024-05-16 00:24:00,528.0,-274.0
2024-05-16 00:25:00,536.0,-282.0
2024-05-16 00:26:00,532.0,-280.0
2024-05-16 00:27:00,527.0,-279.0
2024-05-16 00:28:00,531.0,-291.0
2024-05-16 00:29:00,542.0,-301.0
2024-05-16 00:30:00,539.0,-304.0
2024-05-16 00:31:00,530.0,-304.0
2024-05-16 00:32:00,528.0,-305.0
2024-05-16 00:33:00,522.0,-301.0
2024-05-16 00:34:00,523.0,-301.0
2024-05-16 00:35:00,514.0,-294.0
2024-05-16 00:36:00,505.0,-286.0
2024-05-16 00:37:00,489.0,-277.0
2024-05-16 00:38:00,484.0,-278.0
2024-05-16 00:39:00,501.0,-293.0
2024-05-16 00:40:00,498.0,-292.0
2024-05-16 00:41:00,497.0,-289.0
2024-05-16 00:42:00,490.0,-282.0
2024-05-16 00:43:00,480.0,-270.0
2024-05-16 00:44:00,473.0,-263.0
2024-05-16 00:45:00,463.0,-261.0
2024-05-16 00:46:00,460.0,-258.0
2024-05-16 00:47:00,450.0,-247.0
2024-05-16 00:48:00,443.0,-244.0
2024-05-16 00:49:00,447.0,-247.0
2024-05-16 00:50:00,438.0,-240.0
2024-05-16 00:51:00,436.0,-237.0
2024-05-16 00:52:00,451.0,-243.0
2024-05-16 00:53:00,457.0,-245.0
2024-05-16 00:54:00,434.0,-238.0
2024-05-16 00:55:00,422.0,-242.0
2024-05-16 00:56:00,423.0,-249.0
2024-05-16 00:57:00,416.0,-246.0
2024-05-16 00:58:00,410.0,-238.0
2024-05-16 00:59:00,406.0,-233.0
2024-05-16 01:00:00,399.0,-228.0
2024-05-16 01:01:00,394.0,-226.0
2024-05-16 01:02:00,403.0,-229.0
2024-05-16 01:03:00,408.0,-236.0
2024-05-16 01:04:00,394.0,-233.0
2024-05-16 01:05:00,386.0,-229.0
2024-05-16 01:06:00,377.0,-224.0
2024-05-16 01:07:00,360.0,-210.0
2024-05-16 01:08:00,343.0,-199.0
2024-05-16 01:09:00,342.0,-202.0
2024-05-16 01:10:00,339.0,-202.0
2024-05-16 01:11:00,342.0,-206.0
2024-05-16 01:12:00,337.0,-204.0
2024-05-16 01:13:00,335.0,-205.0
2024-05-16 01:14:00,336.0,-209.0
2024-05-16 01:15:00,330.0,-208.0
2024-05-16 01:16:00,329.0,-210.0
2024-05-16 01:17:00,326.0,-205.0
2024-05-16 01:18:00,329.0,-204.0
2024-05-16 01:19:00,326.0,-200.0
2024-05-16 01:20:00,315.0,-192.0
2024-05-16 01:21:00,314.0,-192.0
2024-05-16 01:22:00,316.0,-194.0
2024-05-16 01:23:00,318.0,-192.0
2024-05-16 01:24:00,318.0,-190.0
2024-05-16 01:25:00,321.0,-188.0
2024-05-16 01:26:00,320.0,-182.0
2024-05-16 01:27:00,311.0,-174.0
2024-05-16 01:28:00,294.0,-165.0
2024-05-16 01:29:00,265.0,-150.0
2024-05-16 01:30:00,250.0,-135.0
2024-05-16 01:31:00,242.0,-126.0
2024-05-16 01:32:00,232.0,-119.0
2024-05-16 01:33:00,230.0,-114.0
2024-05-16 01:34:00,223.0,-111.0
2024-05-16 01:35:00,220.0,-114.0
2024-05-16 01:36:00,226.0,-117.0
2024-05-16 01:37:00,242.0,-120.0
2024-05-16 01:38:00,258.0,-124.0
2024-05-16 01:39:00,272.0,-130.0
2024-05-16 01:40:00,283.0,-139.0
2024-05-16 01:41:00,283.0,-139.0
2024-05-16 01:42:00,280.0,-137.0
2024-05-16 01:43:00,276.0,-138.0
2024-05-16 01:44:00,276.0,-142.0
2024-05-16 01:45:00,289.0,-150.0
2024-05-16 01:46:00,300.0,-157.0
2024-05-16 01:47:00,300.0,-156.0
2024-05-16 01:48:00,303.0,-154.0
2024-05-16 01:49:00,304.0,-153.0
2024-05-16 01:50:00,303.0,-151.0
2024-05-16 01:51:00,301.0,-145.0
2024-05-16 01:52:00,305.0,-147.0
2024-05-16 01:53:00,303.0,-146.0
2024-05-16 01:54:00,298.0,-139.0
2024-05-16 01:55:00,295.0,-133.0
2024-05-16 01:56:00,302.0,-136.0
2024-05-16 01:57:00,308.0,-143.0
2024-05-16 01:58:00,307.0,-144.0
2024-05-16 01:59:00,300.0,-144.0
2024-05-16 02:00:00,290.0,-144.0
2024-05-16 02:01:00,282.0,-144.0
2024-05-16 02:02:00,274.0,-144.0
2024-05-16 02:03:00,276.0,-150.0
2024-05-16 02:04:00,272.0,-149.0
2024-05-16 02:05:00,264.0,-143.0
2024-05-16 02:06:00,254.0,-137.0
2024-05-16 02:07:00,244.0,-129.0
2024-05-16 02:08:00,233.0,-119.0
2024-05-16 02:09:00,225.0,-112.0
2024-05-16 02:10:00,221.0,-108.0
2024-05-16 02:11:00,217.0,-109.0
2024-05-16 02:12:00,212.0,-111.0
2024-05-16 02:13:00,207.0,-112.0
2024-05-16 02:14:00,203.0,-113.0
2024-05-16 02:15:00,201.0,-111.0
2024-05-16 02:16:00,199.0,-108.0
2024-05-16 02:17:00,198.0,-106.0
2024-05-16 02:18:00,196.0,-102.0
2024-05-16 02:19:00,194.0,-100.0
2024-05-16 02:20:00,191.0,-99.0
2024-05-16 02:21:00,190.0,-99.0
2024-05-16 02:22:00,188.0,-99.0
2024-05-16 02:23:00,189.0,-100.0
2024-05-16 02:24:00,186.0,-99.0
2024-05-16 02:25:00,185.0,-99.0
2024-05-16 02:26:00,182.0,-97.0
2024-05-16 02:27:00,182.0,-96.0
2024-05-16 02:28:00,187.0,-99.0
2024-05-16 02:29:00,192.0,-103.0
2024-05-16 02:30:00,195.0,-105.0
2024-05-16 02:31:00,188.0,-100.0
2024-05-16 02:32:00,180.0,-94.0
2024-05-16 02:33:00,177.0,-90.0
2024-05-16 02:34:00,173.0,-84.0
2024-05-16 02:35:00,164.0,-79.0
2024-05-16 02:36:00,158.0,-78.0
2024-05-16 02:37:00,148.0,-76.0
2024-05-16 02:38:00,143.0,-75.0
2024-05-16 02:39:00,147.0,-79.0
2024-05-16 02:40:00,152.0,-81.0
2024-05-16 02:41:00,160.0,-82.0
2024-05-16 02:42:00,162.0,-81.0
2024-05-16 02:43:00,168.0,-83.0
2024-05-16 02:44:00,169.0,-82.0
2024-05-16 02:45:00,173.0,-83.0
2024-05-16 02:46:00,187.0,-84.0
2024-05-16 02:47:00,198.0,-82.0
2024-05-16 02:48:00,198.0,-79.0
2024-05-16 02:49:00,198.0,-78.0
2024-05-16 02:50:00,201.0,-80.0
2024-05-16 02:51:00,206.0,-80.0
2024-05-16 02:52:00,208.0,-79.0
2024-05-16 02:53:00,198.0,-74.0
2024-05-16 02:54:00,185.0,-69.0
2024-05-16 02:55:00,179.0,-65.0
2024-05-16 02:56:00,171.0,-62.0
2024-05-16 02:57:00,168.0,-61.0
2024-05-16 02:58:00,169.0,-64.0
2024-05-16 02:59:00,170.0,-68.0
2024-05-16 03:00:00,172.0,-71.0
2024-05-16 03:01:00,174.0,-70.0
2024-05-16 03:02:00,171.0,-68.0
2024-05-16 03:03:00,165.0,-66.0
2024-05-16 03:04:00,155.0,-62.0
2024-05-16 03:05:00,150.0,-62.0
2024-05-16 03:06:00,151.0,-63.0
2024-05-16 03:07:00,153.0,-65.0
2024-05-16 03:08:00,156.0,-70.0
2024-05-16 03:09:00,155.0,-73.0
2024-05-16 03:10:00,154.0,-78.0
2024-05-16 03:11:00,148.0,-81.0
2024-05-16 03:12:00,143.0,-84.0
2024-05-16 03:13:00,138.0,-80.0
2024-05-16 03:14:00,138.0,-76.0
2024-05-16 03:15:00,134.0,-74.0
2024-05-16 03:16:00,130.0,-73.0
2024-05-16 03:17:00,125.0,-71.0
2024-05-16 03:18:00,121.0,-70.0
2024-05-16 03:19:00,123.0,-72.0
2024-05-16 03:20:00,127.0,-75.0
2024-05-16 03:21:00,127.0,-76.0
2024-05-16 03:22:00,126.0,-76.0
2024-05-16 03:23:00,120.0,-71.0
2024-05-16 03:24:00,116.0,-66.0
2024-05-16 03:25:00,111.0,-59.0
2024-05-16 03:26:00,119.0,-61.0
2024-05-16 03:27:00,119.0,-58.0
2024-05-16 03:28:00,116.0,-51.0
2024-05-16 03:29:00,114.0,-51.0
2024-05-16 03:30:00,111.0,-52.0
2024-05-16 03:31:00,111.0,-52.0
2024-05-16 03:32:00,109.0,-50.0
2024-05-16 03:33:00,105.0,-50.0
2024-05-16 03:34:00,105.0,-53.0
2024-05-16 03:35:00,107.0,-55.0
2024-05-16 03:36:00,104.0,-53.0
2024-05-16 03:37:00,103.0,-53.0
2024-05-16 03:38:00,97.0,-50.0
2024-05-16 03:39:00,95.0,-54.0
2024-05-16 03:40:00,98.0,-62.0
2024-05-16 03:41:00,82.0,-51.0
2024-05-16 03:42:00,82.0,-52.0
2024-05-16 03:43:00,81.0,-57.0
2024-05-16 03:44:00,87.0,-62.0
2024-05-16 03:45:00,90.0,-64.0
2024-05-16 03:46:00,87.0,-64.0
2024-05-16 03:47:00,86.0,-62.0
2024-05-16 03:48:00,87.0,-58.0
2024-05-16 03:49:00,88.0,-55.0
2024-05-16 03:50:00,91.0,-55.0
2024-05-16 03:51:00,105.0,-59.0
2024-05-16 03:52:00,115.0,-61.0
2024-05-16 03:53:00,116.0,-59.0
2024-05-16 03:54:00,118.0,-60.0
2024-05-16 03:55:00,124.0,-63.0
2024-05-16 03:56:00,123.0,-62.0
2024-05-16 03:57:00,121.0,-57.0
2024-05-16 03:58:00,115.0,-48.0
2024-05-16 03:59:00,126.0,-53.0
2024-05-16 04:00:00,141.0,-64.0
2024-05-16 04:01:00,146.0,-63.0
2024-05-16 04:02:00,173.0,-74.0
2024-05-16 04:03:00,197.0,-83.0
2024-05-16 04:04:00,207.0,-83.0
2024-05-16 04:05:00,210.0,-82.0
2024-05-16 04:06:00,215.0,-83.0
2024-05-16 04:07:00,224.0,-84.0
2024-05-16 04:08:00,237.0,-87.0
2024-05-16 04:09:00,253.0,-90.0
2024-05-16 04:10:00,266.0,-89.0
2024-05-16 04:11:00,278.0,-90.0
2024-05-16 04:12:00,289.0,-101.0
2024-05-16 04:13:00,302.0,-109.0
2024-05-16 04:14:00,331.0,-121.0
2024-05-16 04:15:00,352.0,-125.0
2024-05-16 04:16:00,315.0,-82.0
2024-05-16 04:17:00,320.0,-80.0
2024-05-16 04:18:00,331.0,-88.0
2024-05-16 04:19:00,338.0,-93.0
2024-05-16 04:20:00,346.0,-94.0
2024-05-16 04:21:00,357.0,-102.0
2024-05-16 04:22:00,371.0,-107.0
2024-05-16 04:23:00,376.0,-110.0
2024-05-16 04:24:00,378.0,-115.0
2024-05-16 04:25:00,379.0,-118.0
2024-05-16 04:26:00,375.0,-123.0
2024-05-16 04:27:00,371.0,-129.0
2024-05-16 04:28:00,359.0,-132.0
2024-05-16 04:29:00,352.0,-135.0
2024-05-16 04:30:00,341.0,-131.0
2024-05-16 04:31:00,335.0,-127.0
2024-05-16 04:32:00,338.0,-127.0
2024-05-16 04:33:00,329.0,-121.0
2024-05-16 04:34:00,324.0,-122.0
2024-05-16 04:35:00,321.0,-123.0
2024-05-16 04:36:00,319.0,-124.0
2024-05-16 04:37:00,324.0,-127.0
2024-05-16 04:38:00,332.0,-129.0
2024-05-16 04:39:00,333.0,-129.0
2024-05-16 04:40:00,327.0,-131.0
2024-05-16 04:41:00,341.0,-140.0
2024-05-16 04:42:00,345.0,-140.0
2024-05-16 04:43:00,349.0,-147.0
2024-05-16 04:44:00,356.0,-159.0
2024-05-16 04:45:00,369.0,-164.0
2024-05-16 04:46:00,378.0,-169.0
2024-05-16 04:47:00,396.0,-181.0
2024-05-16 04:48:00,390.0,-173.0
2024-05-16 04:49:00,397.0,-183.0
2024-05-16 04:50:00,369.0,-155.0
2024-05-16 04:51:00,395.0,-177.0
2024-05-16 04:52:00,407.0,-187.0
2024-05-16 04:53:00,424.0,-201.0
2024-05-16 04:54:00,405.0,-185.0
2024-05-16 04:55:00,394.0,-180.0
2024-05-16 04:56:00,376.0,-172.0
2024-05-16 04:57:00,377.0,-178.0
2024-05-16 04:58:00,377.0,-180.0
2024-05-16 04:59:00,366.0,-168.0
2024-05-16 05:00:00,372.0,-176.0
2024-05-16 05:01:00,381.0,-186.0
2024-05-16 05:02:00,373.0,-179.0
2024-05-16 05:03:00,364.0,-174.0
2024-05-16 05:04:00,374.0,-192.0
2024-05-16 05:05:00,373.0,-192.0
2024-05-16 05:06:00,361.0,-179.0
2024-05-16 05:07:00,360.0,-177.0
2024-05-16 05:08:00,367.0,-182.0
2024-05-16 05:09:00,361.0,-181.0
2024-05-16 05:10:00,351.0,-185.0
2024-05-16 05:11:00,357.0,-195.0
2024-05-16 05:12:00,376.0,-210.0
2024-05-16 05:13:00,385.0,-213.0
2024-05-16 05:14:00,390.0,-217.0
2024-05-16 05:15:00,396.0,-217.0
2024-05-16 05:16:00,384.0,-213.0
2024-05-16 05:17:00,371.0,-212.0
2024-05-16 05:18:00,389.0,-227.0
2024-05-16 05:19:00,403.0,-229.0
2024-05-16 05:20:00,435.0,-248.0
2024-05-16 05:21:00,414.0,-222.0
2024-05-16 05:22:00,404.0,-215.0
2024-05-16 05:23:00,387.0,-198.0
2024-05-16 05:24:00,392.0,-192.0
2024-05-16 05:25:00,410.0,-202.0
2024-05-16 05:26:00,437.0,-213.0
2024-05-16 05:27:00,501.0,-270.0
2024-05-16 05:28:00,558.0,-333.0
2024-05-16 05:29:00,617.0,-399.0
2024-05-16 05:30:00,662.0,-426.0
2024-05-16 05:31:00,607.0,-372.0
2024-05-16 05:32:00,622.0,-369.0
2024-05-16 05:33:00,665.0,-395.0
2024-05-16 05:34:00,759.0,-496.0
2024-05-16 05:35:00,805.0,-547.0
2024-05-16 05:36:00,811.0,-555.0
2024-05-16 05:37:00,838.0,-570.0
2024-05-16 05:38:00,876.0,-601.0
2024-05-16 05:39:00,883.0,-606.0
2024-05-16 05:40:00,950.0,-670.0
2024-05-16 05:41:00,939.0,-659.0
2024-05-16 05:42:00,888.0,-622.0
2024-05-16 05:43:00,801.0,-552.0
2024-05-16 05:44:00,759.0,-500.0
2024-05-16 05:45:00,754.0,-486.0
2024-05-16 05:46:00,748.0,-481.0
2024-05-16 05:47:00,784.0,-520.0
2024-05-16 05:48:00,805.0,-534.0
2024-05-16 05:49:00,813.0,-541.0
2024-05-16 05:50:00,780.0,-512.0
2024-05-16 05:51:00,781.0,-523.0
2024-05-16 05:52:00,796.0,-548.0
2024-05-16 05:53:00,829.0,-586.0
2024-05-16 05:54:00,836.0,-601.0
2024-05-16 05:55:00,819.0,-591.0
2024-05-16 05:56:00,810.0,-597.0
2024-05-16 05:57:00,801.0,-582.0
2024-05-16 05:58:00,775.0,-554.0
2024-05-16 05:59:00,773.0,-534.0
2024-05-16 06:00:00,772.0,-544.0
2024-05-16 06:01:00,787.0,-570.0
2024-05-16 06:02:00,823.0,-597.0
2024-05-16 06:03:00,846.0,-612.0
2024-05-16 06:04:00,864.0,-628.0
2024-05-16 06:05:00,885.0,-643.0
2024-05-16 06:06:00,911.0,-673.0
2024-05-16 06:07:00,903.0,-695.0
2024-05-16 06:08:00,894.0,-678.0
2024-05-16 06:09:00,845.0,-655.0
2024-05-16 06:10:00,818.0,-641.0
2024-05-16 06:11:00,787.0,-617.0
2024-05-16 06:12:00,788.0,-644.0
2024-05-16 06:13:00,789.0,-657.0
2024-05-16 06:14:00,796.0,-650.0
2024-05-16 06:15:00,823.0,-667.0
2024-05-16 06:16:00,933.0,-746.0
2024-05-16 06:17:00,1064.0,-807.0
2024-05-16 06:18:00,1241.0,-861.0
2024-05-16 06:19:00,1440.0,-912.0
2024-05-16 06:20:00,1619.0,-975.0
2024-05-16 06:21:00,1617.0,-967.0
2024-05-16 06:22:00,1575.0,-970.0
2024-05-16 06:23:00,1480.0,-898.0
2024-05-16 06:24:00,1532.0,-932.0
2024-05-16 06:25:00,1668.0,-1020.0
2024-05-16 06:26:00,1760.0,-1048.0
2024-05-16 06:27:00,1796.0,-1060.0
2024-05-16 06:28:00,1752.0,-1010.0
2024-05-16 06:29:00,1714.0,-1010.0
2024-05-16 06:30:00,1601.0,-969.0
2024-05-16 06:31:00,1462.0,-872.0
2024-05-16 06:32:00,1381.0,-812.0
2024-05-16 06:33:00,1353.0,-784.0
2024-05-16 06:34:00,1355.0,-798.0
2024-05-16 06:35:00,1380.0,-831.0
2024-05-16 06:36:00,1408.0,-860.0
2024-05-16 06:37:00,1406.0,-865.0
2024-05-16 06:38:00,1419.0,-879.0
2024-05-16 06:39:00,1417.0,-859.0
2024-05-16 06:40:00,1433.0,-814.0
2024-05-16 06:41:00,1407.0,-721.0
2024-05-16 06:42:00,1352.0,-683.0
2024-05-16 06:43:00,1262.0,-667.0
2024-05-16 06:44:00,1133.0,-640.0
2024-05-16 06:45:00,949.0,-602.0
2024-05-16 06:46:00,782.0,-568.0
2024-05-16 06:47:00,675.0,-539.0
2024-05-16 06:48:00,656.0,-516.0
2024-05-16 06:49:00,672.0,-529.0
2024-05-16 06:50:00,688.0,-546.0
2024-05-16 06:51:00,701.0,-565.0
2024-05-16 06:52:00,701.0,-547.0
2024-05-16 06:53:00,723.0,-541.0
2024-05-16 06:54:00,733.0,-537.0
2024-05-16 06:55:00,681.0,-478.0
2024-05-16 06:56:00,636.0,-446.0
2024-05-16 06:57:00,604.0,-430.0
2024-05-16 06:58:00,545.0,-407.0
2024-05-16 06:59:00,522.0,-396.0
2024-05-16 07:00:00,509.0,-381.0
2024-05-16 07:01:00,505.0,-372.0
2024-05-16 07:02:00,541.0,-403.0
2024-05-16 07:03:00,537.0,-398.0
2024-05-16 07:04:00,518.0,-389.0
2024-05-16 07:05:00,554.0,-421.0
2024-05-16 07:06:00,613.0,-449.0
2024-05-16 07:07:00,720.0,-443.0
2024-05-16 07:08:00,786.0,-434.0
2024-05-16 07:09:00,809.0,-428.0
2024-05-16 07:10:00,807.0,-424.0
2024-05-16 07:11:00,824.0,-433.0
2024-05-16 07:12:00,822.0,-415.0
2024-05-16 07:13:00,802.0,-399.0
2024-05-16 07:14:00,787.0,-393.0
2024-05-16 07:15:00,729.0,-350.0
2024-05-16 07:16:00,679.0,-354.0
2024-05-16 07:17:00,628.0,-358.0
2024-05-16 07:18:00,605.0,-365.0
2024-05-16 07:19:00,568.0,-343.0
2024-05-16 07:20:00,572.0,-342.0
2024-05-16 07:21:00,571.0,-336.0
2024-05-16 07:22:00,562.0,-335.0
2024-05-16 07:23:00,583.0,-363.0
2024-05-16 07:24:00,571.0,-349.0
2024-05-16 07:25:00,546.0,-328.0
2024-05-16 07:26:00,533.0,-329.0
2024-05-16 07:27:00,504.0,-308.0
2024-05-16 07:28:00,486.0,-300.0
2024-05-16 07:29:00,478.0,-301.0
2024-05-16 07:30:00,447.0,-282.0
2024-05-16 07:31:00,429.0,-262.0
2024-05-16 07:32:00,472.0,-289.0
2024-05-16 07:33:00,508.0,-297.0
2024-05-16 07:34:00,555.0,-325.0
2024-05-16 07:35:00,608.0,-367.0
2024-05-16 07:36:00,623.0,-388.0
2024-05-16 07:37:00,639.0,-425.0
2024-05-16 07:38:00,636.0,-432.0
2024-05-16 07:39:00,612.0,-405.0
2024-05-16 07:40:00,609.0,-385.0
2024-05-16 07:41:00,612.0,-380.0
2024-05-16 07:42:00,613.0,-375.0
2024-05-16 07:43:00,622.0,-377.0
2024-05-16 07:44:00,646.0,-387.0
2024-05-16 07:45:00,667.0,-393.0
2024-05-16 07:46:00,684.0,-395.0
2024-05-16 07:47:00,709.0,-410.0
2024-05-16 07:48:00,739.0,-426.0
2024-05-16 07:49:00,716.0,-396.0
2024-05-16 07:50:00,693.0,-362.0
2024-05-16 07:51:00,712.0,-378.0
2024-05-16 07:52:00,731.0,-396.0
2024-05-16 07:53:00,718.0,-376.0
2024-05-16 07:54:00,729.0,-377.0
2024-05-16 07:55:00,738.0,-380.0
2024-05-16 07:56:00,738.0,-390.0
2024-05-16 07:57:00,730.0,-381.0
2024-05-16 07:58:00,724.0,-374.0
2024-05-16 07:59:00,749.0,-367.0
2024-05-16 08:00:00,761.0,-381.0
2024-05-16 08:01:00,801.0,-408.0
2024-05-16 08:02:00,831.0,-421.0
2024-05-16 08:03:00,881.0,-427.0
2024-05-16 08:04:00,927.0,-453.0
2024-05-16 08:05:00,934.0,-490.0
2024-05-16 08:06:00,898.0,-465.0
2024-05-16 08:07:00,849.0,-438.0
2024-05-16 08:08:00,797.0,-412.0
2024-05-16 08:09:00,753.0,-368.0
2024-05-16 08:10:00,794.0,-424.0
2024-05-16 08:11:00,824.0,-452.0
2024-05-16 08:12:00,778.0,-404.0
2024-05-16 08:13:00,774.0,-406.0
2024-05-16 08:14:00,749.0,-391.0
2024-05-16 08:15:00,697.0,-369.0
2024-05-16 08:16:00,692.0,-374.0
2024-05-16 08:17:00,691.0,-379.0
2024-05-16 08:18:00,685.0,-372.0
2024-05-16 08:19:00,687.0,-365.0
2024-05-16 08:20:00,697.0,-390.0
2024-05-16 08:21:00,696.0,-409.0
2024-05-16 08:22:00,672.0,-395.0
2024-05-16 08:23:00,667.0,-395.0
2024-05-16 08:24:00,686.0,-419.0
2024-05-16 08:25:00,677.0,-414.0
2024-05-16 08:26:00,655.0,-396.0
2024-05-16 08:27:00,611.0,-357.0
2024-05-16 08:28:00,612.0,-370.0
2024-05-16 08:29:00,566.0,-339.0
2024-05-16 08:30:00,532.0,-313.0
2024-05-16 08:31:00,569.0,-333.0
2024-05-16 08:32:00,571.0,-358.0
2024-05-16 08:33:00,570.0,-367.0
2024-05-16 08:34:00,573.0,-376.0
2024-05-16 08:35:00,580.0,-374.0
2024-05-16 08:36:00,554.0,-359.0
2024-05-16 08:37:00,563.0,-368.0
2024-05-16 08:38:00,567.0,-354.0
2024-05-16 08:39:00,561.0,-341.0
2024-05-16 08:40:00,561.0,-339.0
2024-05-16 08:41:00,569.0,-342.0
2024-05-16 08:42:00,629.0,-386.0
2024-05-16 08:43:00,750.0,-500.0
2024-05-16 08:44:00,866.0,-622.0
2024-05-16 08:45:00,990.0,-747.0
2024-05-16 08:46:00,1073.0,-825.0
2024-05-16 08:47:00,1063.0,-804.0
2024-05-16 08:48:00,1068.0,-800.0
2024-05-16 08:49:00,1145.0,-871.0
2024-05-16 08:50:00,1176.0,-894.0
2024-05-16 08:51:00,1177.0,-891.0
2024-05-16 08:52:00,1119.0,-839.0
2024-05-16 08:53:00,1052.0,-771.0
2024-05-16 08:54:00,1128.0,-835.0
2024-05-16 08:55:00,1139.0,-830.0
2024-05-16 08:56:00,1161.0,-844.0
2024-05-16 08:57:00,1203.0,-853.0
2024-05-16 08:58:00,1239.0,-887.0
2024-05-16 08:59:00,1203.0,-855.0
2024-05-16 09:00:00,1167.0,-821.0
2024-05-16 09:01:00,1104.0,-747.0
2024-05-16 09:02:00,1055.0,-705.0
2024-05-16 09:03:00,1093.0,-753.0
2024-05-16 09:04:00,1163.0,-811.0
2024-05-16 09:05:00,1133.0,-773.0
2024-05-16 09:06:00,1100.0,-727.0
2024-05-16 09:07:00,1148.0,-762.0
2024-05-16 09:08:00,1069.0,-674.0
2024-05-16 09:09:00,1064.0,-644.0
2024-05-16 09:10:00,1100.0,-668.0
2024-05-16 09:11:00,1162.0,-720.0
2024-05-16 09:12:00,1208.0,-771.0
2024-05-16 09:13:00,1264.0,-833.0
2024-05-16 09:14:00,1296.0,-873.0
2024-05-16 09:15:00,1268.0,-849.0
2024-05-16 09:16:00,1201.0,-799.0
2024-05-16 09:17:00,1212.0,-799.0
2024-05-16 09:18:00,1172.0,-762.0
2024-05-16 09:19:00,1145.0,-746.0
2024-05-16 09:20:00,1119.0,-734.0
2024-05-16 09:21:00,1103.0,-717.0
2024-05-16 09:22:00,1094.0,-699.0
2024-05-16 09:23:00,1120.0,-707.0
2024-05-16 09:24:00,1125.0,-707.0
2024-05-16 09:25:00,1094.0,-674.0
2024-05-16 09:26:00,1053.0,-633.0
2024-05-16 09:27:00,1057.0,-632.0
2024-05-16 09:28:00,1079.0,-661.0
2024-05-16 09:29:00,1172.0,-733.0
2024-05-16 09:30:00,1247.0,-812.0
2024-05-16 09:31:00,1281.0,-853.0
2024-05-16 09:32:00,1287.0,-871.0
2024-05-16 09:33:00,1236.0,-824.0
2024-05-16 09:34:00,1189.0,-784.0
2024-05-16 09:35:00,1106.0,-703.0
2024-05-16 09:36:00,1098.0,-698.0
2024-05-16 09:37:00,1113.0,-738.0
2024-05-16 09:38:00,1080.0,-725.0
2024-05-16 09:39:00,1074.0,-735.0
2024-05-16 09:40:00,1021.0,-695.0
2024-05-16 09:41:00,1020.0,-693.0
2024-05-16 09:42:00,980.0,-634.0
2024-05-16 09:43:00,994.0,-617.0
2024-05-16 09:44:00,1006.0,-622.0
2024-05-16 09:45:00,967.0,-612.0
2024-05-16 09:46:00,961.0,-621.0
2024-05-16 09:47:00,965.0,-610.0
2024-05-16 09:48:00,1002.0,-638.0
2024-05-16 09:49:00,999.0,-644.0
2024-05-16 09:50:00,1020.0,-653.0
2024-05-16 09:51:00,1015.0,-629.0
2024-05-16 09:52:00,983.0,-586.0
2024-05-16 09:53:00,1023.0,-604.0
2024-05-16 09:54:00,1061.0,-640.0
2024-05-16 09:55:00,1093.0,-668.0
2024-05-16 09:56:00,1044.0,-617.0
2024-05-16 09:57:00,1016.0,-611.0
2024-05-16 09:58:00,1002.0,-593.0
2024-05-16 09:59:00,1003.0,-607.0
2024-05-16 10:00:00,973.0,-584.0
2024-05-16 10:01:00,967.0,-582.0
2024-05-16 10:02:00,993.0,-611.0
2024-05-16 10:03:00,966.0,-607.0
2024-05-16 10:04:00,1069.0,-707.0
2024-05-16 10:05:00,1073.0,-714.0
2024-05-16 10:06:00,1042.0,-672.0
2024-05-16 10:07:00,972.0,-566.0
2024-05-16 10:08:00,948.0,-536.0
2024-05-16 10:09:00,905.0,-514.0
2024-05-16 10:10:00,889.0,-510.0
2024-05-16 10:11:00,885.0,-511.0
2024-05-16 10:12:00,927.0,-557.0
2024-05-16 10:13:00,936.0,-569.0
2024-05-16 10:14:00,975.0,-608.0
2024-05-16 10:15:00,1091.0,-718.0
2024-05-16 10:16:00,1196.0,-816.0
2024-05-16 10:17:00,1301.0,-926.0
2024-05-16 10:18:00,1265.0,-882.0
2024-05-16 10:19:00,1161.0,-768.0
2024-05-16 10:20:00,1182.0,-765.0
2024-05-16 10:21:00,1186.0,-789.0
2024-05-16 10:22:00,1208.0,-801.0
2024-05-16 10:23:00,1198.0,-782.0
2024-05-16 10:24:00,1213.0,-801.0
2024-05-16 10:25:00,1204.0,-805.0
2024-05-16 10:26:00,1115.0,-731.0
2024-05-16 10:27:00,999.0,-637.0
2024-05-16 10:28:00,966.0,-629.0
2024-05-16 10:29:00,863.0,-540.0
2024-05-16 10:30:00,790.0,-479.0
2024-05-16 10:31:00,784.0,-474.0
2024-05-16 10:32:00,825.0,-527.0
2024-05-16 10:33:00,921.0,-645.0
2024-05-16 10:34:00,962.0,-708.0
2024-05-16 10:35:00,913.0,-673.0
2024-05-16 10:36:00,877.0,-641.0
2024-05-16 10:37:00,897.0,-654.0
2024-05-16 10:38:00,890.0,-659.0
2024-05-16 10:39:00,862.0,-647.0
2024-05-16 10:40:00,861.0,-648.0
2024-05-16 10:41:00,847.0,-647.0
2024-05-16 10:42:00,824.0,-639.0
2024-05-16 10:43:00,798.0,-623.0
2024-05-16 10:44:00,773.0,-607.0
2024-05-16 10:45:00,732.0,-568.0
2024-05-16 10:46:00,670.0,-482.0
2024-05-16 10:47:00,591.0,-392.0
2024-05-16 10:48:00,544.0,-374.0
2024-05-16 10:49:00,559.0,-386.0
2024-05-16 10:50:00,606.0,-407.0
2024-05-16 10:51:00,678.0,-454.0
2024-05-16 10:52:00,715.0,-483.0
2024-05-16 10:53:00,715.0,-512.0
2024-05-16 10:54:00,737.0,-552.0
2024-05-16 10:55:00,810.0,-616.0
2024-05-16 10:56:00,877.0,-664.0
2024-05-16 10:57:00,859.0,-660.0
2024-05-16 10:58:00,777.0,-605.0
2024-05-16 10:59:00,723.0,-557.0
2024-05-16 11:00:00,692.0,-516.0
2024-05-16 11:01:00,715.0,-530.0
2024-05-16 11:02:00,755.0,-568.0
2024-05-16 11:03:00,781.0,-594.0
2024-05-16 11:04:00,803.0,-615.0
2024-05-16 11:05:00,775.0,-582.0
2024-05-16 11:06:00,695.0,-513.0
2024-05-16 11:07:00,635.0,-467.0
2024-05-16 11:08:00,575.0,-422.0
2024-05-16 11:09:00,550.0,-409.0
2024-05-16 11:10:00,495.0,-359.0
2024-05-16 11:11:00,492.0,-362.0
2024-05-16 11:12:00,505.0,-378.0
2024-05-16 11:13:00,483.0,-349.0
2024-05-16 11:14:00,468.0,-328.0
2024-05-16 11:15:00,462.0,-318.0
2024-05-16 11:16:00,463.0,-314.0
2024-05-16 11:17:00,492.0,-330.0
2024-05-16 11:18:00,499.0,-329.0
2024-05-16 11:19:00,503.0,-325.0
2024-05-16 11:20:00,541.0,-354.0
2024-05-16 11:21:00,564.0,-365.0
2024-05-16 11:22:00,557.0,-357.0
2024-05-16 11:23:00,499.0,-312.0
2024-05-16 11:24:00,457.0,-291.0
2024-05-16 11:25:00,424.0,-273.0
2024-05-16 11:26:00,402.0,-269.0
2024-05-16 11:27:00,410.0,-271.0
2024-05-16 11:28:00,417.0,-267.0
2024-05-16 11:29:00,414.0,-265.0
2024-05-16 11:30:00,433.0,-276.0
2024-05-16 11:31:00,429.0,-272.0
2024-05-16 11:32:00,437.0,-281.0
2024-05-16 11:33:00,444.0,-288.0
2024-05-16 11:34:00,441.0,-297.0
2024-05-16 11:35:00,457.0,-303.0
2024-05-16 11:36:00,442.0,-286.0
2024-05-16 11:37:00,426.0,-270.0
2024-05-16 11:38:00,419.0,-259.0
2024-05-16 11:39:00,398.0,-239.0
2024-05-16 11:40:00,386.0,-233.0
2024-05-16 11:41:00,373.0,-222.0
2024-05-16 11:42:00,369.0,-213.0
2024-05-16 11:43:00,373.0,-209.0
2024-05-16 11:44:00,385.0,-207.0
2024-05-16 11:45:00,372.0,-191.0
2024-05-16 11:46:00,352.0,-176.0
2024-05-16 11:47:00,335.0,-170.0
2024-05-16 11:48:00,328.0,-170.0
2024-05-16 11:49:00,356.0,-193.0
2024-05-16 11:50:00,358.0,-188.0
2024-05-16 11:51:00,335.0,-162.0
2024-05-16 11:52:00,298.0,-124.0
2024-05-16 11:53:00,301.0,-126.0
2024-05-16 11:54:00,317.0,-136.0
2024-05-16 11:55:00,346.0,-164.0
2024-05-16 11:56:00,363.0,-180.0
2024-05-16 11:57:00,371.0,-185.0
2024-05-16 11:58:00,381.0,-191.0
2024-05-16 11:59:00,382.0,-185.0
2024-05-16 12:00:00,345.0,-153.0
2024-05-16 12:01:00,349.0,-167.0
2024-05-16 12:02:00,367.0,-191.0
2024-05-16 12:03:00,359.0,-188.0
2024-05-16 12:04:00,334.0,-170.0
2024-05-16 12:05:00,321.0,-157.0
2024-05-16 12:06:00,317.0,-150.0
2024-05-16 12:07:00,301.0,-135.0
2024-05-16 12:08:00,295.0,-132.0
2024-05-16 12:09:00,277.0,-114.0
2024-05-16 12:10:00,277.0,-113.0
2024-05-16 12:11:00,294.0,-131.0
2024-05-16 12:12:00,298.0,-137.0
2024-05-16 12:13:00,270.0,-114.0
2024-05-16 12:14:00,247.0,-93.0
2024-05-16 12:15:00,237.0,-87.0
2024-05-16 12:16:00,255.0,-107.0
2024-05-16 12:17:00,247.0,-98.0
2024-05-16 12:18:00,236.0,-87.0
2024-05-16 12:19:00,239.0,-89.0
2024-05-16 12:20:00,239.0,-88.0
2024-05-16 12:21:00,238.0,-90.0
2024-05-16 12:22:00,226.0,-81.0
2024-05-16 12:23:00,224.0,-79.0
2024-05-16 12:24:00,231.0,-86.0
2024-05-16 12:25:00,245.0,-98.0
2024-05-16 12:26:00,237.0,-87.0
2024-05-16 12:27:00,238.0,-82.0
2024-05-16 12:28:00,248.0,-84.0
2024-05-16 12:29:00,255.0,-81.0
2024-05-16 12:30:00,272.0,-92.0
2024-05-16 12:31:00,233.0,-52.0
2024-05-16 12:32:00,213.0,-41.0
2024-05-16 12:33:00,182.0,-59.0
2024-05-16 12:34:00,161.0,-48.0
2024-05-16 12:35:00,170.0,-64.0
2024-05-16 12:36:00,181.0,-75.0
2024-05-16 12:37:00,165.0,-71.0
2024-05-16 12:38:00,175.0,-69.0
2024-05-16 12:39:00,203.0,-71.0
2024-05-16 12:40:00,222.0,-83.0
2024-05-16 12:41:00,210.0,-77.0
2024-05-16 12:42:00,195.0,-74.0
2024-05-16 12:43:00,179.0,-72.0
2024-05-16 12:44:00,183.0,-85.0
2024-05-16 12:45:00,190.0,-100.0
2024-05-16 12:46:00,209.0,-112.0
2024-05-16 12:47:00,229.0,-127.0
2024-05-16 12:48:00,245.0,-136.0
2024-05-16 12:49:00,283.0,-130.0
2024-05-16 12:50:00,296.0,-120.0
2024-05-16 12:51:00,245.0,-118.0
2024-05-16 12:52:00,206.0,-132.0
2024-05-16 12:53:00,231.0,-125.0
2024-05-16 12:54:00,268.0,-114.0
2024-05-16 12:55:00,244.0,-99.0
2024-05-16 12:56:00,200.0,-88.0
2024-05-16 12:57:00,210.0,-97.0
2024-05-16 12:58:00,207.0,-90.0
2024-05-16 12:59:00,213.0,-84.0
2024-05-16 13:00:00,230.0,-75.0
2024-05-16 13:01:00,230.0,-78.0
2024-05-16 13:02:00,225.0,-86.0
2024-05-16 13:03:00,265.0,-128.0
2024-05-16 13:04:00,294.0,-151.0
2024-05-16 13:05:00,325.0,-165.0
2024-05-16 13:06:00,376.0,-187.0
2024-05-16 13:07:00,400.0,-185.0
2024-05-16 13:08:00,419.0,-186.0
2024-05-16 13:09:00,421.0,-180.0
2024-05-16 13:10:00,369.0,-144.0
2024-05-16 13:11:00,299.0,-111.0
2024-05-16 13:12:00,198.0,-81.0
2024-05-16 13:13:00,155.0,-64.0
2024-05-16 13:14:00,153.0,-62.0
2024-05-16 13:15:00,147.0,-59.0
2024-05-16 13:16:00,137.0,-54.0
2024-05-16 13:17:00,122.0,-52.0
2024-05-16 13:18:00,144.0,-48.0
2024-05-16 13:19:00,196.0,-77.0
2024-05-16 13:20:00,217.0,-78.0
2024-05-16 13:21:00,226.0,-74.0
2024-05-16 13:22:00,201.0,-53.0
2024-05-16 13:23:00,169.0,-37.0
2024-05-16 13:24:00,154.0,-31.0
2024-05-16 13:25:00,144.0,-28.0
2024-05-16 13:26:00,138.0,-29.0
2024-05-16 13:27:00,133.0,-24.0
2024-05-16 13:28:00,131.0,-23.0
2024-05-16 13:29:00,125.0,-23.0
2024-05-16 13:30:00,128.0,-27.0
2024-05-16 13:31:00,120.0,-26.0
2024-05-16 13:32:00,118.0,-21.0
2024-05-16 13:33:00,114.0,-13.0
2024-05-16 13:34:00,103.0,-6.0
2024-05-16 13:35:00,92.0,1.0
2024-05-16 13:36:00,87.0,4.0
2024-05-16 13:37:00,90.0,2.0
2024-05-16 13:38:00,96.0,-4.0
2024-05-16 13:39:00,118.0,-23.0
2024-05-16 13:40:00,138.0,-45.0
2024-05-16 13:41:00,142.0,-54.0
2024-05-16 13:42:00,147.0,-65.0
2024-05-16 13:43:00,155.0,-72.0
2024-05-16 13:44:00,169.0,-80.0
2024-05-16 13:45:00,160.0,-71.0
2024-05-16 13:46:00,144.0,-57.0
2024-05-16 13:47:00,123.0,-41.0
2024-05-16 13:48:00,119.0,-35.0
2024-05-16 13:49:00,115.0,-33.0
2024-05-16 13:50:00,102.0,-24.0
2024-05-16 13:51:00,104.0,-19.0
2024-05-16 13:52:00,107.0,-23.0
2024-05-16 13:53:00,115.0,-22.0
2024-05-16 13:54:00,109.0,-19.0
2024-05-16 13:55:00,105.0,-17.0
2024-05-16 13:56:00,110.0,-22.0
2024-05-16 13:57:00,112.0,-23.0
2024-05-16 13:58:00,109.0,-26.0
2024-05-16 13:59:00,99.0,-25.0
2024-05-16 14:00:00,89.0,-18.0
2024-05-16 14:01:00,75.0,-10.0
2024-05-16 14:02:00,60.0,1.0
2024-05-16 14:03:00,59.0,0.0
2024-05-16 14:04:00,61.0,-1.0
2024-05-16 14:05:00,65.0,-6.0
2024-05-16 14:06:00,66.0,-9.0
2024-05-16 14:07:00,71.0,-14.0
2024-05-16 14:08:00,69.0,-12.0
2024-05-16 14:09:00,68.0,-13.0
2024-05-16 14:10:00,71.0,-14.0
2024-05-16 14:11:00,76.0,-12.0
2024-05-16 14:12:00,79.0,-10.0
2024-05-16 14:13:00,79.0,-9.0
2024-05-16 14:14:00,82.0,-11.0
2024-05-16 14:15:00,83.0,-11.0
2024-05-16 14:16:00,96.0,-24.0
2024-05-16 14:17:00,100.0,-31.0
2024-05-16 14:18:00,93.0,-31.0
2024-05-16 14:19:00,88.0,-33.0
2024-05-16 14:20:00,82.0,-34.0
2024-05-16 14:21:00,81.0,-36.0
2024-05-16 14:22:00,80.0,-38.0
2024-05-16 14:23:00,75.0,-38.0
2024-05-16 14:24:00,85.0,-43.0
2024-05-16 14:25:00,93.0,-49.0
2024-05-16 14:26:00,108.0,-56.0
2024-05-16 14:27:00,121.0,-60.0
2024-05-16 14:28:00,126.0,-62.0
2024-05-16 14:29:00,125.0,-65.0
2024-05-16 14:30:00,125.0,-72.0
2024-05-16 14:31:00,124.0,-72.0
2024-05-16 14:32:00,122.0,-68.0
2024-05-16 14:33:00,120.0,-66.0
2024-05-16 14:34:00,120.0,-64.0
2024-05-16 14:35:00,122.0,-65.0
2024-05-16 14:36:00,123.0,-66.0
2024-05-16 14:37:00,125.0,-71.0
2024-05-16 14:38:00,127.0,-79.0
2024-05-16 14:39:00,132.0,-89.0
2024-05-16 14:40:00,135.0,-97.0
2024-05-16 14:41:00,136.0,-102.0
2024-05-16 14:42:00,137.0,-103.0
2024-05-16 14:43:00,134.0,-97.0
2024-05-16 14:44:00,123.0,-84.0
2024-05-16 14:45:00,105.0,-66.0
2024-05-16 14:46:00,90.0,-53.0
2024-05-16 14:47:00,89.0,-54.0
2024-05-16 14:48:00,85.0,-52.0
2024-05-16 14:49:00,79.0,-50.0
2024-05-16 14:50:00,84.0,-53.0
2024-05-16 14:51:00,91.0,-60.0
2024-05-16 14:52:00,94.0,-67.0
2024-05-16 14:53:00,93.0,-73.0
2024-05-16 14:54:00,97.0,-75.0
2024-05-16 14:55:00,94.0,-72.0
2024-05-16 14:56:00,76.0,-56.0
2024-05-16 14:57:00,72.0,-53.0
2024-05-16 14:58:00,69.0,-53.0
2024-05-16 14:59:00,75.0,-54.0
2024-05-16 15:00:00,70.0,-53.0
2024-05-16 15:01:00,65.0,-51.0
2024-05-16 15:02:00,63.0,-48.0
2024-05-16 15:03:00,64.0,-52.0
2024-05-16 15:04:00,77.0,-56.0
2024-05-16 15:05:00,82.0,-57.0
2024-05-16 15:06:00,75.0,-55.0
2024-05-16 15:07:00,61.0,-49.0
2024-05-16 15:08:00,54.0,-50.0
2024-05-16 15:09:00,53.0,-47.0
2024-05-16 15:10:00,59.0,-47.0
2024-05-16 15:11:00,65.0,-49.0
2024-05-16 15:12:00,69.0,-52.0
2024-05-16 15:13:00,71.0,-53.0
2024-05-16 15:14:00,68.0,-52.0
2024-05-16 15:15:00,58.0,-49.0
2024-05-16 15:16:00,53.0,-50.0
2024-05-16 15:17:00,60.0,-56.0
2024-05-16 15:18:00,82.0,-64.0
2024-05-16 15:19:00,97.0,-67.0
2024-05-16 15:20:00,99.0,-68.0
2024-05-16 15:21:00,96.0,-71.0
2024-05-16 15:22:00,93.0,-73.0
2024-05-16 15:23:00,90.0,-74.0
2024-05-16 15:24:00,87.0,-74.0
2024-05-16 15:25:00,87.0,-74.0
2024-05-16 15:26:00,94.0,-77.0
2024-05-16 15:27:00,98.0,-79.0
2024-05-16 15:28:00,96.0,-77.0
2024-05-16 15:29:00,93.0,-75.0
2024-05-16 15:30:00,89.0,-71.0
2024-05-16 15:31:00,89.0,-70.0
2024-05-16 15:32:00,86.0,-69.0
2024-05-16 15:33:00,79.0,-70.0
2024-05-16 15:34:00,70.0,-69.0
2024-05-16 15:35:00,68.0,-67.0
2024-05-16 15:36:00,73.0,-70.0
2024-05-16 15:37:00,79.0,-77.0
2024-05-16 15:38:00,84.0,-83.0
2024-05-16 15:39:00,85.0,-88.0
2024-05-16 15:40:00,93.0,-92.0
2024-05-16 15:41:00,107.0,-94.0
2024-05-16 15:42:00,119.0,-99.0
2024-05-16 15:43:00,132.0,-108.0
2024-05-16 15:44:00,140.0,-111.0
2024-05-16 15:45:00,146.0,-111.0
2024-05-16 15:46:00,145.0,-99.0
2024-05-16 15:47:00,147.0,-76.0
2024-05-16 15:48:00,144.0,-55.0
2024-05-16 15:49:00,139.0,-54.0
2024-05-16 15:50:00,120.0,-52.0
2024-05-16 15:51:00,99.0,-50.0
2024-05-16 15:52:00,80.0,-49.0
2024-05-16 15:53:00,69.0,-47.0
2024-05-16 15:54:00,75.0,-46.0
2024-05-16 15:55:00,78.0,-44.0
2024-05-16 15:56:00,75.0,-41.0
2024-05-16 15:57:00,69.0,-40.0
2024-05-16 15:58:00,68.0,-40.0
2024-05-16 15:59:00,71.0,-39.0
2024-05-16 16:00:00,71.0,-38.0
2024-05-16 16:01:00,65.0,-36.0
2024-05-16 16:02:00,59.0,-34.0
2024-05-16 16:03:00,53.0,-32.0
2024-05-16 16:04:00,50.0,-30.0
2024-05-16 16:05:00,50.0,-29.0
2024-05-16 16:06:00,44.0,-29.0
2024-05-16 16:07:00,42.0,-30.0
2024-05-16 16:08:00,42.0,-31.0
2024-05-16 16:09:00,40.0,-32.0
2024-05-16 16:10:00,41.0,-34.0
2024-05-16 16:11:00,45.0,-36.0
2024-05-16 16:12:00,50.0,-38.0
2024-05-16 16:13:00,56.0,-40.0
2024-05-16 16:14:00,62.0,-42.0
2024-05-16 16:15:00,67.0,-42.0
2024-05-16 16:16:00,67.0,-42.0
2024-05-16 16:17:00,61.0,-42.0
2024-05-16 16:18:00,54.0,-43.0
2024-05-16 16:19:00,47.0,-44.0
2024-05-16 16:20:00,46.0,-44.0
2024-05-16 16:21:00,45.0,-44.0
2024-05-16 16:22:00,43.0,-41.0
2024-05-16 16:23:00,40.0,-38.0
2024-05-16 16:24:00,37.0,-35.0
2024-05-16 16:25:00,36.0,-34.0
2024-05-16 16:26:00,38.0,-33.0
2024-05-16 16:27:00,35.0,-32.0
2024-05-16 16:28:00,36.0,-30.0
2024-05-16 16:29:00,34.0,-29.0
2024-05-16 16:30:00,33.0,-29.0
2024-05-16 16:31:00,36.0,-28.0
2024-05-16 16:32:00,39.0,-29.0
2024-05-16 16:33:00,32.0,-28.0
2024-05-16 16:34:00,29.0,-29.0
2024-05-16 16:35:00,29.0,-29.0
2024-05-16 16:36:00,29.0,-29.0
2024-05-16 16:37:00,29.0,-29.0
2024-05-16 16:38:00,27.0,-28.0
2024-05-16 16:39:00,29.0,-26.0
2024-05-16 16:40:00,37.0,-25.0
2024-05-16 16:41:00,34.0,-24.0
2024-05-16 16:42:00,35.0,-24.0
2024-05-16 16:43:00,29.0,-24.0
2024-05-16 16:44:00,35.0,-26.0
2024-05-16 16:45:00,43.0,-28.0
2024-05-16 16:46:00,50.0,-31.0
2024-05-16 16:47:00,50.0,-33.0
2024-05-16 16:48:00,47.0,-34.0
2024-05-16 16:49:00,41.0,-35.0
2024-05-16 16:50:00,35.0,-35.0
2024-05-16 16:51:00,40.0,-33.0
2024-05-16 16:52:00,39.0,-31.0
2024-05-16 16:53:00,34.0,-28.0
2024-05-16 16:54:00,30.0,-26.0
2024-05-16 16:55:00,26.0,-26.0
2024-05-16 16:56:00,35.0,-30.0
2024-05-16 16:57:00,52.0,-43.0
2024-05-16 16:58:00,64.0,-52.0
2024-05-16 16:59:00,65.0,-56.0
2024-05-16 17:00:00,63.0,-57.0
2024-05-16 17:01:00,56.0,-54.0
2024-05-16 17:02:00,54.0,-54.0
2024-05-16 17:03:00,58.0,-54.0
2024-05-16 17:04:00,61.0,-55.0
2024-05-16 17:05:00,68.0,-56.0
2024-05-16 17:06:00,80.0,-60.0
2024-05-16 17:07:00,77.0,-56.0
2024-05-16 17:08:00,83.0,-63.0
2024-05-16 17:09:00,88.0,-73.0
2024-05-16 17:10:00,83.0,-74.0
2024-05-16 17:11:00,85.0,-77.0
2024-05-16 17:12:00,99.0,-85.0
2024-05-16 17:13:00,112.0,-96.0
2024-05-16 17:14:00,116.0,-104.0
2024-05-16 17:15:00,121.0,-104.0
2024-05-16 17:16:00,126.0,-105.0
2024-05-16 17:17:00,130.0,-104.0
2024-05-16 17:18:00,133.0,-104.0
2024-05-16 17:19:00,137.0,-108.0
2024-05-16 17:20:00,138.0,-111.0
2024-05-16 17:21:00,134.0,-107.0
2024-05-16 17:22:00,130.0,-104.0
2024-05-16 17:23:00,127.0,-101.0
2024-05-16 17:24:00,120.0,-98.0
2024-05-16 17:25:00,116.0,-102.0
2024-05-16 17:26:00,124.0,-104.0
2024-05-16 17:27:00,125.0,-97.0
2024-05-16 17:28:00,120.0,-88.0
2024-05-16 17:29:00,112.0,-75.0
2024-05-16 17:30:00,102.0,-70.0
2024-05-16 17:31:00,103.0,-70.0
2024-05-16 17:32:00,108.0,-68.0
2024-05-16 17:33:00,110.0,-69.0
2024-05-16 17:34:00,98.0,-65.0
2024-05-16 17:35:00,95.0,-66.0
2024-05-16 17:36:00,86.0,-68.0
2024-05-16 17:37:00,99.0,-74.0
2024-05-16 17:38:00,97.0,-72.0
2024-05-16 17:39:00,83.0,-59.0
2024-05-16 17:40:00,63.0,-46.0
2024-05-16 17:41:00,41.0,-30.0
2024-05-16 17:42:00,34.0,-24.0
2024-05-16 17:43:00,43.0,-28.0
2024-05-16 17:44:00,41.0,-27.0
2024-05-16 17:45:00,52.0,-30.0
2024-05-16 17:46:00,64.0,-34.0
2024-05-16 17:47:00,79.0,-47.0
2024-05-16 17:48:00,84.0,-56.0
2024-05-16 17:49:00,87.0,-57.0
2024-05-16 17:50:00,82.0,-56.0
2024-05-16 17:51:00,73.0,-49.0
2024-05-16 17:52:00,67.0,-40.0
2024-05-16 17:53:00,63.0,-34.0
2024-05-16 17:54:00,70.0,-32.0
2024-05-16 17:55:00,78.0,-30.0
2024-05-16 17:56:00,70.0,-28.0
2024-05-16 17:57:00,54.0,-28.0
2024-05-16 17:58:00,60.0,-28.0
2024-05-16 17:59:00,67.0,-30.0
2024-05-16 18:00:00,65.0,-30.0
2024-05-16 18:01:00,62.0,-30.0
2024-05-16 18:02:00,57.0,-29.0
2024-05-16 18:03:00,49.0,-27.0
2024-05-16 18:04:00,45.0,-25.0
2024-05-16 18:05:00,46.0,-29.0
2024-05-16 18:06:00,50.0,-35.0
2024-05-16 18:07:00,62.0,-43.0
2024-05-16 18:08:00,68.0,-47.0
2024-05-16 18:09:00,69.0,-48.0
2024-05-16 18:10:00,61.0,-39.0
2024-05-16 18:11:00,52.0,-30.0
2024-05-16 18:12:00,51.0,-30.0
2024-05-16 18:13:00,51.0,-31.0
2024-05-16 18:14:00,47.0,-30.0
2024-05-16 18:15:00,51.0,-33.0
2024-05-16 18:16:00,53.0,-35.0
2024-05-16 18:17:00,52.0,-35.0
2024-05-16 18:18:00,47.0,-30.0
2024-05-16 18:19:00,46.0,-30.0
2024-05-16 18:20:00,47.0,-29.0
2024-05-16 18:21:00,49.0,-29.0
2024-05-16 18:22:00,48.0,-27.0
2024-05-16 18:23:00,44.0,-25.0
2024-05-16 18:24:00,48.0,-31.0
2024-05-16 18:25:00,51.0,-35.0
2024-05-16 18:26:00,47.0,-33.0
2024-05-16 18:27:00,41.0,-30.0
2024-05-16 18:28:00,39.0,-30.0
2024-05-16 18:29:00,42.0,-30.0
2024-05-16 18:30:00,45.0,-30.0
2024-05-16 18:31:00,46.0,-29.0
2024-05-16 18:32:00,48.0,-28.0
2024-05-16 18:33:00,54.0,-28.0
2024-05-16 18:34:00,52.0,-29.0
2024-05-16 18:35:00,52.0,-29.0
2024-05-16 18:36:00,52.0,-31.0
2024-05-16 18:37:00,52.0,-31.0
2024-05-16 18:38:00,56.0,-32.0
2024-05-16 18:39:00,60.0,-33.0
2024-05-16 18:40:00,64.0,-34.0
2024-05-16 18:41:00,66.0,-35.0
2024-05-16 18:42:00,68.0,-36.0
2024-05-16 18:43:00,68.0,-37.0
2024-05-16 18:44:00,67.0,-36.0
2024-05-16 18:45:00,66.0,-35.0
2024-05-16 18:46:00,81.0,-33.0
2024-05-16 18:47:00,81.0,-25.0
2024-05-16 18:48:00,76.0,-15.0
2024-05-16 18:49:00,76.0,-9.0
2024-05-16 18:50:00,68.0,-4.0
2024-05-16 18:51:00,52.0,-4.0
2024-05-16 18:52:00,53.0,-7.0
2024-05-16 18:53:00,66.0,-15.0
2024-05-16 18:54:00,91.0,-33.0
2024-05-16 18:55:00,102.0,-44.0
2024-05-16 18:56:00,102.0,-50.0
2024-05-16 18:57:00,91.0,-42.0
2024-05-16 18:58:00,73.0,-31.0
2024-05-16 18:59:00,65.0,-29.0
2024-05-16 19:00:00,60.0,-24.0
2024-05-16 19:01:00,56.0,-20.0
2024-05-16 19:02:00,52.0,-17.0
2024-05-16 19:03:00,51.0,-15.0
2024-05-16 19:04:00,54.0,-15.0
2024-05-16 19:05:00,59.0,-20.0
2024-05-16 19:06:00,62.0,-24.0
2024-05-16 19:07:00,67.0,-23.0
2024-05-16 19:08:00,71.0,-24.0
2024-05-16 19:09:00,78.0,-28.0
2024-05-16 19:10:00,90.0,-35.0
2024-05-16 19:11:00,100.0,-44.0
2024-05-16 19:12:00,101.0,-49.0
2024-05-16 19:13:00,88.0,-42.0
2024-05-16 19:14:00,72.0,-30.0
2024-05-16 19:15:00,68.0,-29.0
2024-05-16 19:16:00,67.0,-27.0
2024-05-16 19:17:00,63.0,-22.0
2024-05-16 19:18:00,70.0,-25.0
2024-05-16 19:19:00,73.0,-26.0
2024-05-16 19:20:00,72.0,-23.0
2024-05-16 19:21:00,77.0,-23.0
2024-05-16 19:22:00,77.0,-22.0
2024-05-16 19:23:00,73.0,-22.0
2024-05-16 19:24:00,72.0,-24.0
2024-05-16 19:25:00,75.0,-31.0
2024-05-16 19:26:00,69.0,-27.0
2024-05-16 19:27:00,60.0,-18.0
2024-05-16 19:28:00,58.0,-16.0
2024-05-16 19:29:00,69.0,-27.0
2024-05-16 19:30:00,86.0,-45.0
2024-05-16 19:31:00,107.0,-66.0
2024-05-16 19:32:00,110.0,-69.0
2024-05-16 19:33:00,110.0,-68.0
2024-05-16 19:34:00,111.0,-68.0
2024-05-16 19:35:00,108.0,-65.0
2024-05-16 19:36:00,105.0,-63.0
2024-05-16 19:37:00,104.0,-62.0
2024-05-16 19:38:00,96.0,-54.0
2024-05-16 19:39:00,86.0,-44.0
2024-05-16 19:40:00,87.0,-45.0
2024-05-16 19:41:00,90.0,-50.0
2024-05-16 19:42:00,89.0,-51.0
2024-05-16 19:43:00,87.0,-50.0
2024-05-16 19:44:00,79.0,-43.0
2024-05-16 19:45:00,78.0,-43.0
2024-05-16 19:46:00,79.0,-44.0
2024-05-16 19:47:00,81.0,-45.0
2024-05-16 19:48:00,74.0,-37.0
2024-05-16 19:49:00,75.0,-37.0
2024-05-16 19:50:00,88.0,-50.0
2024-05-16 19:51:00,95.0,-59.0
2024-05-16 19:52:00,95.0,-62.0
2024-05-16 19:53:00,89.0,-60.0
2024-05-16 19:54:00,85.0,-55.0
2024-05-16 19:55:00,79.0,-46.0
2024-05-16 19:56:00,71.0,-38.0
2024-05-16 19:57:00,54.0,-23.0
2024-05-16 19:58:00,40.0,-14.0
2024-05-16 19:59:00,34.0,-8.0
2024-05-16 20:00:00,31.0,-4.0
2024-05-16 20:01:00,26.0,-2.0
2024-05-16 20:02:00,24.0,-3.0
2024-05-16 20:03:00,23.0,-7.0
2024-05-16 20:04:00,30.0,-11.0
2024-05-16 20:05:00,43.0,-16.0
2024-05-16 20:06:00,50.0,-19.0
2024-05-16 20:07:00,58.0,-26.0
2024-05-16 20:08:00,63.0,-30.0
2024-05-16 20:09:00,68.0,-36.0
2024-05-16 20:10:00,65.0,-36.0
2024-05-16 20:11:00,62.0,-35.0
2024-05-16 20:12:00,59.0,-35.0
2024-05-16 20:13:00,55.0,-35.0
2024-05-16 20:14:00,50.0,-35.0
2024-05-16 20:15:00,45.0,-31.0
2024-05-16 20:16:00,52.0,-24.0
2024-05-16 20:17:00,52.0,-17.0
2024-05-16 20:18:00,52.0,-17.0
2024-05-16 20:19:00,50.0,-24.0
2024-05-16 20:20:00,45.0,-29.0
2024-05-16 20:21:00,51.0,-30.0
2024-05-16 20:22:00,43.0,-25.0
2024-05-16 20:23:00,53.0,-35.0
2024-05-16 20:24:00,57.0,-37.0
2024-05-16 20:25:00,59.0,-38.0
2024-05-16 20:26:00,53.0,-35.0
2024-05-16 20:27:00,45.0,-33.0
2024-05-16 20:28:00,43.0,-34.0
2024-05-16 20:29:00,41.0,-34.0
2024-05-16 20:30:00,39.0,-32.0
2024-05-16 20:31:00,42.0,-32.0
2024-05-16 20:32:00,44.0,-31.0
2024-05-16 20:33:00,40.0,-29.0
2024-05-16 20:34:00,42.0,-26.0
2024-05-16 20:35:00,46.0,-25.0
2024-05-16 20:36:00,46.0,-23.0
2024-05-16 20:37:00,48.0,-22.0
2024-05-16 20:38:00,49.0,-21.0
2024-05-16 20:39:00,56.0,-28.0
2024-05-16 20:40:00,64.0,-32.0
2024-05-16 20:41:00,64.0,-31.0
2024-05-16 20:42:00,58.0,-27.0
2024-05-16 20:43:00,45.0,-20.0
2024-05-16 20:44:00,38.0,-19.0
2024-05-16 20:45:00,38.0,-20.0
2024-05-16 20:46:00,32.0,-14.0
2024-05-16 20:47:00,34.0,-16.0
2024-05-16 20:48:00,36.0,-18.0
2024-05-16 20:49:00,36.0,-18.0
2024-05-16 20:50:00,37.0,-18.0
2024-05-16 20:51:00,38.0,-17.0
2024-05-16 20:52:00,38.0,-17.0
2024-05-16 20:53:00,33.0,-12.0
2024-05-16 20:54:00,32.0,-11.0
2024-05-16 20:55:00,37.0,-14.0
2024-05-16 20:56:00,39.0,-14.0
2024-05-16 20:57:00,43.0,-16.0
2024-05-16 20:58:00,45.0,-18.0
2024-05-16 20:59:00,44.0,-18.0
2024-05-16 21:00:00,43.0,-18.0
2024-05-16 21:01:00,37.0,-14.0
2024-05-16 21:02:00,38.0,-16.0
2024-05-16 21:03:00,38.0,-13.0
2024-05-16 21:04:00,44.0,-16.0
2024-05-16 21:05:00,43.0,-17.0
2024-05-16 21:06:00,39.0,-15.0
2024-05-16 21:07:00,38.0,-14.0
2024-05-16 21:08:00,37.0,-13.0
2024-05-16 21:09:00,39.0,-14.0
2024-05-16 21:10:00,47.0,-20.0
2024-05-16 21:11:00,53.0,-24.0
2024-05-16 21:12:00,48.0,-19.0
2024-05-16 21:13:00,43.0,-14.0
2024-05-16 21:14:00,40.0,-7.0
2024-05-16 21:15:00,40.0,-6.0
2024-05-16 21:16:00,41.0,-8.0
2024-05-16 21:17:00,42.0,-12.0
2024-05-16 21:18:00,47.0,-17.0
2024-05-16 21:19:00,44.0,-14.0
2024-05-16 21:20:00,41.0,-12.0
2024-05-16 21:21:00,40.0,-12.0
2024-05-16 21:22:00,42.0,-14.0
2024-05-16 21:23:00,40.0,-11.0
2024-05-16 21:24:00,48.0,-12.0
2024-05-16 21:25:00,54.0,-16.0
2024-05-16 21:26:00,51.0,-19.0
2024-05-16 21:27:00,49.0,-20.0
2024-05-16 21:28:00,45.0,-18.0
2024-05-16 21:29:00,43.0,-16.0
2024-05-16 21:30:00,45.0,-17.0
2024-05-16 21:31:00,50.0,-20.0
2024-05-16 21:32:00,50.0,-20.0
2024-05-16 21:33:00,47.0,-19.0
2024-05-16 21:34:00,46.0,-20.0
2024-05-16 21:35:00,47.0,-22.0
2024-05-16 21:36:00,48.0,-23.0
2024-05-16 21:37:00,50.0,-22.0
2024-05-16 21:38:00,49.0,-22.0
2024-05-16 21:39:00,55.0,-24.0
2024-05-16 21:40:00,62.0,-29.0
2024-05-16 21:41:00,56.0,-27.0
2024-05-16 21:42:00,49.0,-19.0
2024-05-16 21:43:00,45.0,-16.0
2024-05-16 21:44:00,44.0,-17.0
2024-05-16 21:45:00,48.0,-21.0
2024-05-16 21:46:00,52.0,-25.0
2024-05-16 21:47:00,56.0,-28.0
2024-05-16 21:48:00,53.0,-24.0
2024-05-16 21:49:00,50.0,-21.0
2024-05-16 21:50:00,48.0,-19.0
2024-05-16 21:51:00,48.0,-19.0
2024-05-16 21:52:00,47.0,-19.0
2024-05-16 21:53:00,49.0,-22.0
2024-05-16 21:54:00,46.0,-21.0
2024-05-16 21:55:00,49.0,-24.0
2024-05-16 21:56:00,53.0,-28.0
2024-05-16 21:57:00,59.0,-34.0
2024-05-16 21:58:00,66.0,-38.0
2024-05-16 21:59:00,63.0,-36.0
2024-05-16 22:00:00,56.0,-28.0
2024-05-16 22:01:00,50.0,-22.0
2024-05-16 22:02:00,45.0,-18.0
2024-05-16 22:03:00,44.0,-18.0
2024-05-16 22:04:00,44.0,-19.0
2024-05-16 22:05:00,43.0,-21.0
2024-05-16 22:06:00,42.0,-22.0
2024-05-16 22:07:00,41.0,-22.0
2024-05-16 22:08:00,39.0,-21.0
2024-05-16 22:09:00,37.0,-19.0
2024-05-16 22:10:00,33.0,-16.0
2024-05-16 22:11:00,36.0,-18.0
2024-05-16 22:12:00,42.0,-24.0
2024-05-16 22:13:00,48.0,-30.0
2024-05-16 22:14:00,56.0,-34.0
2024-05-16 22:15:00,58.0,-35.0
2024-05-16 22:16:00,54.0,-32.0
2024-05-16 22:17:00,45.0,-28.0
2024-05-16 22:18:00,41.0,-26.0
2024-05-16 22:19:00,42.0,-27.0
2024-05-16 22:20:00,46.0,-29.0
2024-05-16 22:21:00,47.0,-31.0
2024-05-16 22:22:00,41.0,-24.0
2024-05-16 22:23:00,41.0,-24.0
2024-05-16 22:24:00,44.0,-26.0
2024-05-16 22:25:00,49.0,-30.0
2024-05-16 22:26:00,51.0,-32.0
2024-05-16 22:27:00,53.0,-33.0
2024-05-16 22:28:00,52.0,-32.0
2024-05-16 22:29:00,52.0,-31.0
2024-05-16 22:30:00,47.0,-26.0
2024-05-16 22:31:00,47.0,-26.0
2024-05-16 22:32:00,46.0,-25.0
2024-05-16 22:33:00,47.0,-26.0
2024-05-16 22:34:00,45.0,-25.0
2024-05-16 22:35:00,46.0,-27.0
2024-05-16 22:36:00,45.0,-27.0
2024-05-16 22:37:00,46.0,-30.0
2024-05-16 22:38:00,49.0,-30.0
2024-05-16 22:39:00,51.0,-30.0
2024-05-16 22:40:00,49.0,-28.0
2024-05-16 22:41:00,42.0,-22.0
2024-05-16 22:42:00,40.0,-23.0
2024-05-16 22:43:00,41.0,-25.0
2024-05-16 22:44:00,47.0,-32.0
2024-05-16 22:45:00,49.0,-35.0
2024-05-16 22:46:00,48.0,-34.0
2024-05-16 22:47:00,50.0,-36.0
2024-05-16 22:48:00,56.0,-41.0
2024-05-16 22:49:00,55.0,-40.0
2024-05-16 22:50:00,51.0,-36.0
2024-05-16 22:51:00,42.0,-30.0
2024-05-16 22:52:00,33.0,-24.0
2024-05-16 22:53:00,32.0,-25.0
2024-05-16 22:54:00,29.0,-24.0
2024-05-16 22:55:00,27.0,-24.0
2024-05-16 22:56:00,31.0,-29.0
2024-05-16 22:57:00,44.0,-37.0
2024-05-16 22:58:00,60.0,-49.0
2024-05-16 22:59:00,62.0,-47.0
2024-05-16 23:00:00,57.0,-39.0
2024-05-16 23:01:00,49.0,-29.0
2024-05-16 23:02:00,54.0,-34.0
2024-05-16 23:03:00,52.0,-34.0
2024-05-16 23:04:00,48.0,-31.0
2024-05-16 23:05:00,44.0,-29.0
2024-05-16 23:06:00,41.0,-27.0
2024-05-16 23:07:00,40.0,-28.0
2024-05-16 23:08:00,40.0,-29.0
2024-05-16 23:09:00,39.0,-29.0
2024-05-16 23:10:00,37.0,-27.0
2024-05-16 23:11:00,34.0,-23.0
2024-05-16 23:12:00,31.0,-22.0
2024-05-16 23:13:00,31.0,-23.0
2024-05-16 23:14:00,31.0,-24.0
2024-05-16 23:15:00,33.0,-25.0
2024-05-16 23:16:00,32.0,-23.0
2024-05-16 23:17:00,34.0,-24.0
2024-05-16 23:18:00,37.0,-26.0
2024-05-16 23:19:00,31.0,-19.0
2024-05-16 23:20:00,38.0,-24.0
2024-05-16 23:21:00,50.0,-34.0
2024-05-16 23:22:00,57.0,-40.0
2024-05-16 23:23:00,54.0,-38.0
2024-05-16 23:24:00,36.0,-20.0
2024-05-16 23:25:00,36.0,-21.0
2024-05-16 23:26:00,35.0,-26.0
2024-05-16 23:27:00,33.0,-26.0
2024-05-16 23:28:00,32.0,-22.0
2024-05-16 23:29:00,34.0,-19.0
2024-05-16 23:30:00,47.0,-26.0
2024-05-16 23:31:00,54.0,-29.0
2024-05-16 23:32:00,56.0,-27.0
2024-05-16 23:33:00,57.0,-24.0
2024-05-16 23:34:00,57.0,-23.0
2024-05-16 23:35:00,62.0,-26.0
2024-05-16 23:36:00,61.0,-28.0
2024-05-16 23:37:00,54.0,-27.0
2024-05-16 23:38:00,47.0,-26.0
2024-05-16 23:39:00,38.0,-23.0
2024-05-16 23:40:00,32.0,-20.0
2024-05-16 23:41:00,37.0,-24.0
2024-05-16 23:42:00,45.0,-28.0
2024-05-16 23:43:00,53.0,-30.0
2024-05-16 23:44:00,52.0,-28.0
2024-05-16 23:45:00,48.0,-25.0
2024-05-16 23:46:00,47.0,-22.0
2024-05-16 23:47:00,59.0,-33.0
2024-05-16 23:48:00,67.0,-39.0
2024-05-16 23:49:00,70.0,-34.0
2024-05-16 23:50:00,65.0,-29.0
2024-05-16 23:51:00,57.0,-27.0
2024-05-16 23:52:00,61.0,-31.0
2024-05-16 23:53:00,63.0,-29.0
2024-05-16 23:54:00,57.0,-26.0
2024-05-16 23:55:00,51.0,-26.0
2024-05-16 23:56:00,55.0,-30.0
2024-05-16 23:57:00,57.0,-32.0
2024-05-16 23:58:00,62.0,-34.0
2024-05-16 23:59:00,60.0,-30.0
2024-05-17 00:00:00,67.0,-36.0
2024-05-17 00:01:00,69.0,-40.0
2024-05-17 00:02:00,58.0,-34.0
2024-05-17 00:03:00,52.0,-32.0
2024-05-17 00:04:00,58.0,-35.0
2024-05-17 00:05:00,54.0,-35.0
2024-05-17 00:06:00,50.0,-32.0
2024-05-17 00:07:00,64.0,-42.0
2024-05-17 00:08:00,71.0,-44.0
2024-05-17 00:09:00,70.0,-39.0
2024-05-17 00:10:00,77.0,-43.0
2024-05-17 00:11:00,75.0,-38.0
2024-05-17 00:12:00,74.0,-38.0
2024-05-17 00:13:00,83.0,-50.0
2024-05-17 00:14:00,79.0,-47.0
2024-05-17 00:15:00,69.0,-40.0
2024-05-17 00:16:00,69.0,-41.0
2024-05-17 00:17:00,73.0,-42.0
2024-05-17 00:18:00,80.0,-46.0
2024-05-17 00:19:00,78.0,-45.0
2024-05-17 00:20:00,83.0,-48.0
2024-05-17 00:21:00,87.0,-48.0
2024-05-17 00:22:00,92.0,-53.0
2024-05-17 00:23:00,85.0,-50.0
2024-05-17 00:24:00,74.0,-47.0
2024-05-17 00:25:00,65.0,-47.0
2024-05-17 00:26:00,73.0,-53.0
2024-05-17 00:27:00,82.0,-62.0
2024-05-17 00:28:00,71.0,-57.0
2024-05-17 00:29:00,63.0,-56.0
2024-05-17 00:30:00,65.0,-53.0
2024-05-17 00:31:00,68.0,-52.0
2024-05-17 00:32:00,72.0,-49.0
2024-05-17 00:33:00,71.0,-41.0
2024-05-17 00:34:00,75.0,-38.0
2024-05-17 00:35:00,86.0,-44.0
2024-05-17 00:36:00,91.0,-47.0
2024-05-17 00:37:00,93.0,-45.0
2024-05-17 00:38:00,95.0,-45.0
2024-05-17 00:39:00,94.0,-47.0
2024-05-17 00:40:00,91.0,-49.0
2024-05-17 00:41:00,94.0,-54.0
2024-05-17 00:42:00,94.0,-56.0
2024-05-17 00:43:00,91.0,-54.0
2024-05-17 00:44:00,85.0,-51.0
2024-05-17 00:45:00,73.0,-47.0
2024-05-17 00:46:00,59.0,-41.0
2024-05-17 00:47:00,51.0,-38.0
2024-05-17 00:48:00,51.0,-38.0
2024-05-17 00:49:00,55.0,-39.0
2024-05-17 00:50:00,64.0,-42.0
2024-05-17 00:51:00,77.0,-46.0
2024-05-17 00:52:00,89.0,-50.0
2024-05-17 00:53:00,93.0,-49.0
2024-05-17 00:54:00,92.0,-46.0
2024-05-17 00:55:00,88.0,-44.0
2024-05-17 00:56:00,78.0,-41.0
2024-05-17 00:57:00,74.0,-43.0
2024-05-17 00:58:00,73.0,-46.0
2024-05-17 00:59:00,82.0,-50.0
2024-05-17 01:00:00,85.0,-52.0
2024-05-17 01:01:00,83.0,-52.0
2024-05-17 01:02:00,80.0,-50.0
2024-05-17 01:03:00,76.0,-47.0
2024-05-17 01:04:00,72.0,-44.0
2024-05-17 01:05:00,66.0,-41.0
2024-05-17 01:06:00,61.0,-38.0
2024-05-17 01:07:00,58.0,-35.0
2024-05-17 01:08:00,59.0,-35.0
2024-05-17 01:09:00,61.0,-36.0
2024-05-17 01:10:00,66.0,-38.0
2024-05-17 01:11:00,71.0,-40.0
2024-05-17 01:12:00,77.0,-40.0
2024-05-17 01:13:00,80.0,-38.0
2024-05-17 01:14:00,81.0,-36.0
2024-05-17 01:15:00,83.0,-37.0
2024-05-17 01:16:00,80.0,-37.0
2024-05-17 01:17:00,76.0,-38.0
2024-05-17 01:18:00,76.0,-42.0
2024-05-17 01:19:00,75.0,-44.0
2024-05-17 01:20:00,68.0,-39.0
2024-05-17 01:21:00,66.0,-38.0
2024-05-17 01:22:00,68.0,-38.0
2024-05-17 01:23:00,74.0,-39.0
2024-05-17 01:24:00,78.0,-40.0
2024-05-17 01:25:00,80.0,-41.0
2024-05-17 01:26:00,77.0,-41.0
2024-05-17 01:27:00,71.0,-39.0
2024-05-17 01:28:00,61.0,-37.0
2024-05-17 01:29:00,56.0,-35.0
2024-05-17 01:30:00,54.0,-35.0
2024-05-17 01:31:00,54.0,-37.0
2024-05-17 01:32:00,59.0,-43.0
2024-05-17 01:33:00,64.0,-43.0
2024-05-17 01:34:00,74.0,-46.0
2024-05-17 01:35:00,92.0,-54.0
2024-05-17 01:36:00,99.0,-53.0
2024-05-17 01:37:00,101.0,-50.0
2024-05-17 01:38:00,86.0,-39.0
2024-05-17 01:39:00,72.0,-34.0
2024-05-17 01:40:00,71.0,-39.0
2024-05-17 01:41:00,64.0,-36.0
2024-05-17 01:42:00,63.0,-34.0
2024-05-17 01:43:00,67.0,-37.0
2024-05-17 01:44:00,83.0,-55.0
2024-05-17 01:45:00,96.0,-67.0
2024-05-17 01:46:00,72.0,-44.0
2024-05-17 01:47:00,49.0,-29.0
2024-05-17 01:48:00,47.0,-30.0
2024-05-17 01:49:00,55.0,-34.0
2024-05-17 01:50:00,56.0,-34.0
2024-05-17 01:51:00,60.0,-36.0
2024-05-17 01:52:00,68.0,-39.0
2024-05-17 01:53:00,78.0,-42.0
2024-05-17 01:54:00,80.0,-43.0
2024-05-17 01:55:00,80.0,-43.0
2024-05-17 01:56:00,76.0,-38.0
2024-05-17 01:57:00,80.0,-43.0
2024-05-17 01:58:00,87.0,-49.0
2024-05-17 01:59:00,87.0,-47.0
2024-05-17 02:00:00,83.0,-44.0
2024-05-17 02:01:00,75.0,-43.0
2024-05-17 02:02:00,63.0,-39.0
2024-05-17 02:03:00,56.0,-37.0
2024-05-17 02:04:00,50.0,-35.0
2024-05-17 02:05:00,49.0,-36.0
2024-05-17 02:06:00,45.0,-32.0
2024-05-17 02:07:00,48.0,-30.0
2024-05-17 02:08:00,54.0,-32.0
2024-05-17 02:09:00,58.0,-33.0
2024-05-17 02:10:00,61.0,-34.0
2024-05-17 02:11:00,63.0,-36.0
2024-05-17 02:12:00,60.0,-35.0
2024-05-17 02:13:00,54.0,-31.0
2024-05-17 02:14:00,48.0,-27.0
2024-05-17 02:15:00,47.0,-26.0
2024-05-17 02:16:00,50.0,-27.0
2024-05-17 02:17:00,55.0,-30.0
2024-05-17 02:18:00,57.0,-30.0
2024-05-17 02:19:00,54.0,-29.0
2024-05-17 02:20:00,47.0,-25.0
2024-05-17 02:21:00,54.0,-33.0
2024-05-17 02:22:00,58.0,-39.0
2024-05-17 02:23:00,67.0,-47.0
2024-05-17 02:24:00,74.0,-50.0
2024-05-17 02:25:00,78.0,-51.0
2024-05-17 02:26:00,76.0,-47.0
2024-05-17 02:27:00,94.0,-67.0
2024-05-17 02:28:00,96.0,-73.0
2024-05-17 02:29:00,84.0,-65.0
2024-05-17 02:30:00,67.0,-49.0
2024-05-17 02:31:00,46.0,-30.0
2024-05-17 02:32:00,38.0,-24.0
2024-05-17 02:33:00,37.0,-27.0
2024-05-17 02:34:00,38.0,-32.0
2024-05-17 02:35:00,36.0,-33.0
2024-05-17 02:36:00,38.0,-35.0
2024-05-17 02:37:00,38.0,-32.0
2024-05-17 02:38:00,43.0,-32.0
2024-05-17 02:39:00,45.0,-31.0
2024-05-17 02:40:00,44.0,-29.0
2024-05-17 02:41:00,46.0,-30.0
2024-05-17 02:42:00,46.0,-31.0
2024-05-17 02:43:00,45.0,-31.0
2024-05-17 02:44:00,46.0,-31.0
2024-05-17 02:45:00,48.0,-32.0
2024-05-17 02:46:00,53.0,-36.0
2024-05-17 02:47:00,49.0,-34.0
2024-05-17 02:48:00,41.0,-26.0
2024-05-17 02:49:00,42.0,-27.0
2024-05-17 02:50:00,45.0,-31.0
2024-05-17 02:51:00,43.0,-32.0
2024-05-17 02:52:00,51.0,-39.0
2024-05-17 02:53:00,61.0,-44.0
2024-05-17 02:54:00,59.0,-39.0
2024-05-17 02:55:00,53.0,-31.0
2024-05-17 02:56:00,56.0,-32.0
2024-05-17 02:57:00,67.0,-35.0
2024-05-17 02:58:00,75.0,-36.0
2024-05-17 02:59:00,81.0,-37.0
2024-05-17 03:00:00,81.0,-41.0
2024-05-17 03:01:00,85.0,-49.0
2024-05-17 03:02:00,88.0,-54.0
2024-05-17 03:03:00,96.0,-60.0
2024-05-17 03:04:00,96.0,-59.0
2024-05-17 03:05:00,89.0,-55.0
2024-05-17 03:06:00,84.0,-52.0
2024-05-17 03:07:00,76.0,-46.0
2024-05-17 03:08:00,63.0,-33.0
2024-05-17 03:09:00,57.0,-30.0
2024-05-17 03:10:00,57.0,-33.0
2024-05-17 03:11:00,60.0,-36.0
2024-05-17 03:12:00,65.0,-40.0
2024-05-17 03:13:00,74.0,-46.0
2024-05-17 03:14:00,84.0,-53.0
2024-05-17 03:15:00,86.0,-53.0
2024-05-17 03:16:00,86.0,-53.0
2024-05-17 03:17:00,89.0,-50.0
2024-05-17 03:18:00,91.0,-49.0
2024-05-17 03:19:00,92.0,-48.0
2024-05-17 03:20:00,90.0,-47.0
2024-05-17 03:21:00,82.0,-46.0
2024-05-17 03:22:00,63.0,-32.0
2024-05-17 03:23:00,59.0,-31.0
2024-05-17 03:24:00,57.0,-31.0
2024-05-17 03:25:00,68.0,-36.0
2024-05-17 03:26:00,90.0,-48.0
2024-05-17 03:27:00,111.0,-65.0
2024-05-17 03:28:00,102.0,-54.0
2024-05-17 03:29:00,112.0,-59.0
2024-05-17 03:30:00,111.0,-59.0
2024-05-17 03:31:00,102.0,-51.0
2024-05-17 03:32:00,88.0,-39.0
2024-05-17 03:33:00,83.0,-37.0
2024-05-17 03:34:00,83.0,-39.0
2024-05-17 03:35:00,97.0,-48.0
2024-05-17 03:36:00,107.0,-52.0
2024-05-17 03:37:00,112.0,-53.0
2024-05-17 03:38:00,103.0,-41.0
2024-05-17 03:39:00,104.0,-43.0
2024-05-17 03:40:00,103.0,-46.0
2024-05-17 03:41:00,101.0,-45.0
2024-05-17 03:42:00,96.0,-42.0
2024-05-17 03:43:00,92.0,-41.0
2024-05-17 03:44:00,81.0,-35.0
2024-05-17 03:45:00,78.0,-36.0
2024-05-17 03:46:00,78.0,-38.0
2024-05-17 03:47:00,87.0,-43.0
2024-05-17 03:48:00,100.0,-48.0
2024-05-17 03:49:00,111.0,-57.0
2024-05-17 03:50:00,105.0,-52.0
2024-05-17 03:51:00,101.0,-47.0
2024-05-17 03:52:00,106.0,-45.0
2024-05-17 03:53:00,114.0,-48.0
2024-05-17 03:54:00,113.0,-45.0
2024-05-17 03:55:00,121.0,-44.0
2024-05-17 03:56:00,125.0,-45.0
2024-05-17 03:57:00,133.0,-50.0
2024-05-17 03:58:00,126.0,-45.0
2024-05-17 03:59:00,113.0,-38.0
2024-05-17 04:00:00,103.0,-36.0
2024-05-17 04:01:00,86.0,-37.0
2024-05-17 04:02:00,83.0,-40.0
2024-05-17 04:03:00,86.0,-46.0
2024-05-17 04:04:00,85.0,-52.0
2024-05-17 04:05:00,77.0,-56.0
2024-05-17 04:06:00,77.0,-58.0
2024-05-17 04:07:00,77.0,-57.0
2024-05-17 04:08:00,71.0,-56.0
2024-05-17 04:09:00,69.0,-55.0
2024-05-17 04:10:00,83.0,-72.0
2024-05-17 04:11:00,89.0,-75.0
2024-05-17 04:12:00,93.0,-75.0
2024-05-17 04:13:00,92.0,-73.0
2024-05-17 04:14:00,92.0,-69.0
2024-05-17 04:15:00,96.0,-68.0
2024-05-17 04:16:00,102.0,-68.0
2024-05-17 04:17:00,101.0,-67.0
2024-05-17 04:18:00,99.0,-66.0
2024-05-17 04:19:00,106.0,-67.0
2024-05-17 04:20:00,112.0,-72.0
2024-05-17 04:21:00,110.0,-75.0
2024-05-17 04:22:00,106.0,-75.0
2024-05-17 04:23:00,107.0,-73.0
2024-05-17 04:24:00,104.0,-69.0
2024-05-17 04:25:00,98.0,-66.0
2024-05-17 04:26:00,99.0,-64.0
2024-05-17 04:27:00,108.0,-65.0
2024-05-17 04:28:00,111.0,-65.0
2024-05-17 04:29:00,109.0,-63.0
2024-05-17 04:30:00,110.0,-60.0
2024-05-17 04:31:00,112.0,-59.0
2024-05-17 04:32:00,111.0,-60.0
2024-05-17 04:33:00,118.0,-70.0
2024-05-17 04:34:00,119.0,-73.0
2024-05-17 04:35:00,125.0,-73.0
2024-05-17 04:36:00,130.0,-77.0
2024-05-17 04:37:00,120.0,-71.0
2024-05-17 04:38:00,128.0,-71.0
2024-05-17 04:39:00,140.0,-75.0
2024-05-17 04:40:00,137.0,-74.0
2024-05-17 04:41:00,139.0,-76.0
2024-05-17 04:42:00,146.0,-79.0
2024-05-17 04:43:00,144.0,-76.0
2024-05-17 04:44:00,139.0,-74.0
2024-05-17 04:45:00,132.0,-69.0
2024-05-17 04:46:00,123.0,-62.0
2024-05-17 04:47:00,112.0,-59.0
2024-05-17 04:48:00,107.0,-61.0
2024-05-17 04:49:00,91.0,-62.0
2024-05-17 04:50:00,86.0,-59.0
2024-05-17 04:51:00,82.0,-56.0
2024-05-17 04:52:00,75.0,-50.0
2024-05-17 04:53:00,75.0,-47.0
2024-05-17 04:54:00,96.0,-51.0
2024-05-17 04:55:00,115.0,-59.0
2024-05-17 04:56:00,132.0,-70.0
2024-05-17 04:57:00,175.0,-99.0
2024-05-17 04:58:00,193.0,-113.0
2024-05-17 04:59:00,149.0,-68.0
2024-05-17 05:00:00,125.0,-46.0
2024-05-17 05:01:00,109.0,-43.0
2024-05-17 05:02:00,86.0,-36.0
2024-05-17 05:03:00,77.0,-45.0
2024-05-17 05:04:00,83.0,-62.0
2024-05-17 05:05:00,90.0,-62.0
2024-05-17 05:06:00,73.0,-47.0
2024-05-17 05:07:00,101.0,-67.0
2024-05-17 05:08:00,112.0,-59.0
2024-05-17 05:09:00,125.0,-51.0
2024-05-17 05:10:00,133.0,-53.0
2024-05-17 05:11:00,132.0,-49.0
2024-05-17 05:12:00,122.0,-38.0
2024-05-17 05:13:00,126.0,-38.0
2024-05-17 05:14:00,119.0,-31.0
2024-05-17 05:15:00,103.0,-28.0
2024-05-17 05:16:00,94.0,-32.0
2024-05-17 05:17:00,87.0,-41.0
2024-05-17 05:18:00,80.0,-48.0
2024-05-17 05:19:00,85.0,-49.0
2024-05-17 05:20:00,102.0,-55.0
2024-05-17 05:21:00,126.0,-69.0
2024-05-17 05:22:00,138.0,-71.0
2024-05-17 05:23:00,144.0,-68.0
2024-05-17 05:24:00,136.0,-56.0
2024-05-17 05:25:00,120.0,-41.0
2024-05-17 05:26:00,125.0,-42.0
2024-05-17 05:27:00,129.0,-49.0
2024-05-17 05:28:00,131.0,-55.0
2024-05-17 05:29:00,139.0,-64.0
2024-05-17 05:30:00,140.0,-63.0
2024-05-17 05:31:00,145.0,-63.0
2024-05-17 05:32:00,155.0,-66.0
2024-05-17 05:33:00,170.0,-77.0
2024-05-17 05:34:00,176.0,-81.0
2024-05-17 05:35:00,172.0,-71.0
2024-05-17 05:36:00,185.0,-78.0
2024-05-17 05:37:00,193.0,-77.0
2024-05-17 05:38:00,204.0,-76.0
2024-05-17 05:39:00,221.0,-78.0
2024-05-17 05:40:00,237.0,-78.0
2024-05-17 05:41:00,250.0,-79.0
2024-05-17 05:42:00,251.0,-74.0
2024-05-17 05:43:00,240.0,-68.0
2024-05-17 05:44:00,229.0,-66.0
2024-05-17 05:45:00,228.0,-67.0
2024-05-17 05:46:00,230.0,-63.0
2024-05-17 05:47:00,230.0,-56.0
2024-05-17 05:48:00,234.0,-56.0
2024-05-17 05:49:00,236.0,-59.0
2024-05-17 05:50:00,240.0,-62.0
2024-05-17 05:51:00,243.0,-59.0
2024-05-17 05:52:00,240.0,-54.0
2024-05-17 05:53:00,236.0,-50.0
2024-05-17 05:54:00,225.0,-48.0
2024-05-17 05:55:00,209.0,-42.0
2024-05-17 05:56:00,195.0,-38.0
2024-05-17 05:57:00,194.0,-45.0
2024-05-17 05:58:00,191.0,-51.0
2024-05-17 05:59:00,188.0,-55.0
2024-05-17 06:00:00,178.0,-52.0
2024-05-17 06:01:00,162.0,-45.0
2024-05-17 06:02:00,144.0,-38.0
2024-05-17 06:03:00,133.0,-35.0
2024-05-17 06:04:00,127.0,-37.0
2024-05-17 06:05:00,128.0,-43.0
2024-05-17 06:06:00,131.0,-49.0
2024-05-17 06:07:00,130.0,-52.0
2024-05-17 06:08:00,130.0,-54.0
2024-05-17 06:09:00,126.0,-54.0
2024-05-17 06:10:00,120.0,-53.0
2024-05-17 06:11:00,117.0,-52.0
2024-05-17 06:12:00,115.0,-53.0
2024-05-17 06:13:00,114.0,-54.0
2024-05-17 06:14:00,115.0,-57.0
2024-05-17 06:15:00,116.0,-60.0
2024-05-17 06:16:00,114.0,-61.0
2024-05-17 06:17:00,111.0,-59.0
2024-05-17 06:18:00,110.0,-57.0
2024-05-17 06:19:00,108.0,-55.0
2024-05-17 06:20:00,105.0,-53.0
2024-05-17 06:21:00,105.0,-54.0
2024-05-17 06:22:00,107.0,-58.0
2024-05-17 06:23:00,108.0,-61.0
2024-05-17 06:24:00,112.0,-64.0
2024-05-17 06:25:00,117.0,-64.0
2024-05-17 06:26:00,123.0,-64.0
2024-05-17 06:27:00,127.0,-61.0
2024-05-17 06:28:00,127.0,-58.0
2024-05-17 06:29:00,127.0,-59.0
2024-05-17 06:30:00,129.0,-60.0
2024-05-17 06:31:00,134.0,-64.0
2024-05-17 06:32:00,137.0,-65.0
2024-05-17 06:33:00,136.0,-64.0
2024-05-17 06:34:00,132.0,-64.0
2024-05-17 06:35:00,132.0,-68.0
2024-05-17 06:36:00,132.0,-71.0
2024-05-17 06:37:00,137.0,-77.0
2024-05-17 06:38:00,148.0,-88.0
2024-05-17 06:39:00,183.0,-121.0
2024-05-17 06:40:00,186.0,-125.0
2024-05-17 06:41:00,182.0,-121.0
2024-05-17 06:42:00,178.0,-119.0
2024-05-17 06:43:00,172.0,-116.0
2024-05-17 06:44:00,179.0,-121.0
2024-05-17 06:45:00,192.0,-129.0
2024-05-17 06:46:00,194.0,-125.0
2024-05-17 06:47:00,191.0,-116.0
2024-05-17 06:48:00,182.0,-104.0
2024-05-17 06:49:00,182.0,-104.0
2024-05-17 06:50:00,183.0,-108.0
2024-05-17 06:51:00,179.0,-108.0
2024-05-17 06:52:00,177.0,-108.0
2024-05-17 06:53:00,179.0,-112.0
2024-05-17 06:54:00,178.0,-111.0
2024-05-17 06:55:00,173.0,-106.0
2024-05-17 06:56:00,167.0,-100.0
2024-05-17 06:57:00,161.0,-96.0
2024-05-17 06:58:00,158.0,-95.0
2024-05-17 06:59:00,153.0,-90.0
2024-05-17 07:00:00,150.0,-88.0
2024-05-17 07:01:00,142.0,-80.0
2024-05-17 07:02:00,143.0,-82.0
2024-05-17 07:03:00,138.0,-77.0
2024-05-17 07:04:00,130.0,-68.0
2024-05-17 07:05:00,132.0,-68.0
2024-05-17 07:06:00,130.0,-69.0
2024-05-17 07:07:00,125.0,-67.0
2024-05-17 07:08:00,121.0,-68.0
2024-05-17 07:09:00,119.0,-69.0
2024-05-17 07:10:00,118.0,-67.0
2024-05-17 07:11:00,121.0,-73.0
2024-05-17 07:12:00,123.0,-77.0
2024-05-17 07:13:00,127.0,-76.0
2024-05-17 07:14:00,129.0,-72.0
2024-05-17 07:15:00,123.0,-66.0
2024-05-17 07:16:00,127.0,-73.0
2024-05-17 07:17:00,125.0,-72.0
2024-05-17 07:18:00,116.0,-66.0
2024-05-17 07:19:00,117.0,-71.0
2024-05-17 07:20:00,120.0,-73.0
2024-05-17 07:21:00,119.0,-71.0
2024-05-17 07:22:00,117.0,-70.0
2024-05-17 07:23:00,114.0,-70.0
2024-05-17 07:24:00,108.0,-68.0
2024-05-17 07:25:00,106.0,-68.0
2024-05-17 07:26:00,104.0,-69.0
2024-05-17 07:27:00,100.0,-69.0
2024-05-17 07:28:00,98.0,-69.0
2024-05-17 07:29:00,96.0,-69.0
2024-05-17 07:30:00,98.0,-70.0
2024-05-17 07:31:00,103.0,-72.0
2024-05-17 07:32:00,106.0,-73.0
2024-05-17 07:33:00,107.0,-73.0
2024-05-17 07:34:00,103.0,-71.0
2024-05-17 07:35:00,106.0,-80.0
2024-05-17 07:36:00,100.0,-78.0
2024-05-17 07:37:00,86.0,-65.0
2024-05-17 07:38:00,77.0,-56.0
2024-05-17 07:39:00,75.0,-51.0
2024-05-17 07:40:00,87.0,-54.0
2024-05-17 07:41:00,108.0,-60.0
2024-05-17 07:42:00,124.0,-66.0
2024-05-17 07:43:00,128.0,-65.0
2024-05-17 07:44:00,122.0,-60.0
2024-05-17 07:45:00,104.0,-48.0
2024-05-17 07:46:00,90.0,-42.0
2024-05-17 07:47:00,85.0,-42.0
2024-05-17 07:48:00,86.0,-48.0
2024-05-17 07:49:00,94.0,-56.0
2024-05-17 07:50:00,97.0,-59.0
2024-05-17 07:51:00,99.0,-60.0
2024-05-17 07:52:00,99.0,-58.0
2024-05-17 07:53:00,109.0,-67.0
2024-05-17 07:54:00,116.0,-71.0
2024-05-17 07:55:00,116.0,-68.0
2024-05-17 07:56:00,110.0,-61.0
2024-05-17 07:57:00,112.0,-63.0
2024-05-17 07:58:00,110.0,-65.0
2024-05-17 07:59:00,107.0,-66.0
2024-05-17 08:00:00,108.0,-70.0
2024-05-17 08:01:00,103.0,-72.0
2024-05-17 08:02:00,99.0,-69.0
2024-05-17 08:03:00,96.0,-63.0
2024-05-17 08:04:00,95.0,-60.0
2024-05-17 08:05:00,99.0,-63.0
2024-05-17 08:06:00,102.0,-65.0
2024-05-17 08:07:00,101.0,-63.0
2024-05-17 08:08:00,101.0,-61.0
2024-05-17 08:09:00,101.0,-61.0
2024-05-17 08:10:00,98.0,-59.0
2024-05-17 08:11:00,95.0,-56.0
2024-05-17 08:12:00,94.0,-54.0
2024-05-17 08:13:00,91.0,-52.0
2024-05-17 08:14:00,91.0,-53.0
2024-05-17 08:15:00,87.0,-51.0
2024-05-17 08:16:00,87.0,-51.0
2024-05-17 08:17:00,89.0,-52.0
2024-05-17 08:18:00,94.0,-54.0
2024-05-17 08:19:00,97.0,-54.0
2024-05-17 08:20:00,97.0,-55.0
2024-05-17 08:21:00,94.0,-55.0
2024-05-17 08:22:00,89.0,-55.0
2024-05-17 08:23:00,85.0,-53.0
2024-05-17 08:24:00,84.0,-51.0
2024-05-17 08:25:00,86.0,-50.0
2024-05-17 08:26:00,87.0,-52.0
2024-05-17 08:27:00,86.0,-53.0
2024-05-17 08:28:00,85.0,-53.0
2024-05-17 08:29:00,85.0,-53.0
2024-05-17 08:30:00,86.0,-53.0
2024-05-17 08:31:00,87.0,-52.0
2024-05-17 08:32:00,85.0,-48.0
2024-05-17 08:33:00,82.0,-44.0
2024-05-17 08:34:00,78.0,-41.0
2024-05-17 08:35:00,75.0,-42.0
2024-05-17 08:36:00,73.0,-44.0
2024-05-17 08:37:00,72.0,-44.0
2024-05-17 08:38:00,85.0,-56.0
2024-05-17 08:39:00,104.0,-69.0
2024-05-17 08:40:00,109.0,-71.0
2024-05-17 08:41:00,102.0,-64.0
2024-05-17 08:42:00,95.0,-61.0
2024-05-17 08:43:00,88.0,-59.0
2024-05-17 08:44:00,72.0,-45.0
2024-05-17 08:45:00,65.0,-40.0
2024-05-17 08:46:00,72.0,-48.0
2024-05-17 08:47:00,77.0,-49.0
2024-05-17 08:48:00,80.0,-48.0
2024-05-17 08:49:00,80.0,-44.0
2024-05-17 08:50:00,90.0,-52.0
2024-05-17 08:51:00,95.0,-57.0
2024-05-17 08:52:00,92.0,-56.0
2024-05-17 08:53:00,82.0,-50.0
2024-05-17 08:54:00,86.0,-55.0
2024-05-17 08:55:00,99.0,-68.0
2024-05-17 08:56:00,102.0,-71.0
2024-05-17 08:57:00,94.0,-69.0
2024-05-17 08:58:00,87.0,-68.0
2024-05-17 08:59:00,89.0,-73.0
2024-05-17 09:00:00,84.0,-69.0
2024-05-17 09:01:00,66.0,-51.0
2024-05-17 09:02:00,60.0,-43.0
2024-05-17 09:03:00,73.0,-53.0
2024-05-17 09:04:00,93.0,-64.0
2024-05-17 09:05:00,86.0,-52.0
2024-05-17 09:06:00,70.0,-39.0
2024-05-17 09:07:00,64.0,-37.0
2024-05-17 09:08:00,70.0,-43.0
2024-05-17 09:09:00,73.0,-53.0
2024-05-17 09:10:00,79.0,-69.0
2024-05-17 09:11:00,77.0,-77.0
2024-05-17 09:12:00,91.0,-88.0
2024-05-17 09:13:00,100.0,-92.0
2024-05-17 09:14:00,122.0,-108.0
2024-05-17 09:15:00,134.0,-116.0
2024-05-17 09:16:00,102.0,-89.0
2024-05-17 09:17:00,68.0,-62.0
2024-05-17 09:18:00,48.0,-41.0
2024-05-17 09:19:00,61.0,-49.0
2024-05-17 09:20:00,72.0,-55.0
2024-05-17 09:21:00,71.0,-52.0
2024-05-17 09:22:00,64.0,-47.0
2024-05-17 09:23:00,52.0,-35.0
2024-05-17 09:24:00,51.0,-33.0
2024-05-17 09:25:00,37.0,-22.0
2024-05-17 09:26:00,39.0,-23.0
2024-05-17 09:27:00,47.0,-28.0
2024-05-17 09:28:00,50.0,-29.0
2024-05-17 09:29:00,55.0,-29.0
2024-05-17 09:30:00,58.0,-29.0
2024-05-17 09:31:00,59.0,-29.0
2024-05-17 09:32:00,59.0,-28.0
2024-05-17 09:33:00,65.0,-34.0
2024-05-17 09:34:00,64.0,-36.0
2024-05-17 09:35:00,60.0,-36.0
2024-05-17 09:36:00,60.0,-39.0
2024-05-17 09:37:00,65.0,-44.0
2024-05-17 09:38:00,71.0,-49.0
2024-05-17 09:39:00,62.0,-42.0
2024-05-17 09:40:00,68.0,-50.0
2024-05-17 09:41:00,69.0,-51.0
2024-05-17 09:42:00,59.0,-37.0
2024-05-17 09:43:00,49.0,-26.0
2024-05-17 09:44:00,53.0,-28.0
2024-05-17 09:45:00,58.0,-30.0
2024-05-17 09:46:00,68.0,-38.0
2024-05-17 09:47:00,73.0,-46.0
2024-05-17 09:48:00,75.0,-52.0
2024-05-17 09:49:00,69.0,-48.0
2024-05-17 09:50:00,61.0,-44.0
2024-05-17 09:51:00,57.0,-45.0
2024-05-17 09:52:00,48.0,-37.0
2024-05-17 09:53:00,50.0,-38.0
2024-05-17 09:54:00,53.0,-42.0
2024-05-17 09:55:00,63.0,-50.0
2024-05-17 09:56:00,63.0,-48.0
2024-05-17 09:57:00,59.0,-43.0
2024-05-17 09:58:00,56.0,-40.0
2024-05-17 09:59:00,57.0,-43.0
2024-05-17 10:00:00,55.0,-43.0
2024-05-17 10:01:00,52.0,-39.0
2024-05-17 10:02:00,48.0,-34.0
2024-05-17 10:03:00,50.0,-37.0
2024-05-17 10:04:00,49.0,-35.0
2024-05-17 10:05:00,47.0,-32.0
2024-05-17 10:06:00,47.0,-33.0
2024-05-17 10:07:00,50.0,-34.0
2024-05-17 10:08:00,52.0,-36.0
2024-05-17 10:09:00,57.0,-43.0
2024-05-17 10:10:00,68.0,-58.0
2024-05-17 10:11:00,90.0,-70.0
2024-05-17 10:12:00,81.0,-54.0
2024-05-17 10:13:00,82.0,-58.0
2024-05-17 10:14:00,68.0,-57.0
2024-05-17 10:15:00,55.0,-42.0
2024-05-17 10:16:00,42.0,-26.0
2024-05-17 10:17:00,46.0,-28.0
2024-05-17 10:18:00,49.0,-28.0
2024-05-17 10:19:00,55.0,-32.0
2024-05-17 10:20:00,57.0,-34.0
2024-05-17 10:21:00,54.0,-34.0
2024-05-17 10:22:00,52.0,-34.0
2024-05-17 10:23:00,50.0,-34.0
2024-05-17 10:24:00,49.0,-34.0
2024-05-17 10:25:00,50.0,-36.0
2024-05-17 10:26:00,54.0,-40.0
2024-05-17 10:27:00,54.0,-40.0
2024-05-17 10:28:00,51.0,-38.0
2024-05-17 10:29:00,47.0,-33.0
2024-05-17 10:30:00,42.0,-28.0
2024-05-17 10:31:00,40.0,-27.0
2024-05-17 10:32:00,41.0,-28.0
2024-05-17 10:33:00,43.0,-30.0
2024-05-17 10:34:00,44.0,-32.0
2024-05-17 10:35:00,52.0,-44.0
2024-05-17 10:36:00,62.0,-55.0
2024-05-17 10:37:00,46.0,-38.0
2024-05-17 10:38:00,39.0,-30.0
2024-05-17 10:39:00,37.0,-23.0
2024-05-17 10:40:00,35.0,-22.0
2024-05-17 10:41:00,40.0,-22.0
2024-05-17 10:42:00,44.0,-23.0
2024-05-17 10:43:00,48.0,-25.0
2024-05-17 10:44:00,50.0,-26.0
2024-05-17 10:45:00,48.0,-24.0
2024-05-17 10:46:00,48.0,-25.0
2024-05-17 10:47:00,53.0,-33.0
2024-05-17 10:48:00,60.0,-41.0
2024-05-17 10:49:00,56.0,-38.0
2024-05-17 10:50:00,49.0,-34.0
2024-05-17 10:51:00,49.0,-32.0
2024-05-17 10:52:00,53.0,-31.0
2024-05-17 10:53:00,55.0,-32.0
2024-05-17 10:54:00,56.0,-33.0
2024-05-17 10:55:00,58.0,-32.0
2024-05-17 10:56:00,55.0,-25.0
2024-05-17 10:57:00,52.0,-23.0
2024-05-17 10:58:00,49.0,-25.0
2024-05-17 10:59:00,46.0,-24.0
2024-05-17 11:00:00,51.0,-33.0
2024-05-17 11:01:00,53.0,-37.0
2024-05-17 11:02:00,53.0,-39.0
2024-05-17 11:03:00,58.0,-46.0
2024-05-17 11:04:00,62.0,-54.0
2024-05-17 11:05:00,72.0,-67.0
2024-05-17 11:06:00,100.0,-82.0
2024-05-17 11:07:00,100.0,-77.0
2024-05-17 11:08:00,78.0,-59.0
2024-05-17 11:09:00,67.0,-49.0
2024-05-17 11:10:00,72.0,-49.0
2024-05-17 11:11:00,67.0,-44.0
2024-05-17 11:12:00,54.0,-32.0
2024-05-17 11:13:00,42.0,-23.0
2024-05-17 11:14:00,36.0,-21.0
2024-05-17 11:15:00,52.0,-37.0
2024-05-17 11:16:00,73.0,-58.0
2024-05-17 11:17:00,92.0,-78.0
2024-05-17 11:18:00,82.0,-65.0
2024-05-17 11:19:00,53.0,-36.0
2024-05-17 11:20:00,28.0,-21.0
2024-05-17 11:21:00,27.0,-22.0
2024-05-17 11:22:00,28.0,-25.0
2024-05-17 11:23:00,36.0,-28.0
2024-05-17 11:24:00,48.0,-36.0
2024-05-17 11:25:00,53.0,-38.0
2024-05-17 11:26:00,53.0,-36.0
2024-05-17 11:27:00,52.0,-35.0
2024-05-17 11:28:00,48.0,-32.0
2024-05-17 11:29:00,46.0,-32.0
2024-05-17 11:30:00,46.0,-35.0
2024-05-17 11:31:00,42.0,-33.0
2024-05-17 11:32:00,42.0,-34.0
2024-05-17 11:33:00,44.0,-34.0
2024-05-17 11:34:00,37.0,-27.0
2024-05-17 11:35:00,30.0,-19.0
2024-05-17 11:36:00,28.0,-18.0
2024-05-17 11:37:00,36.0,-26.0
2024-05-17 11:38:00,38.0,-28.0
2024-05-17 11:39:00,43.0,-32.0
2024-05-17 11:40:00,51.0,-40.0
2024-05-17 11:41:00,51.0,-41.0
2024-05-17 11:42:00,51.0,-42.0
2024-05-17 11:43:00,46.0,-37.0
2024-05-17 11:44:00,44.0,-35.0
2024-05-17 11:45:00,43.0,-34.0
2024-05-17 11:46:00,36.0,-26.0
2024-05-17 11:47:00,32.0,-23.0
2024-05-17 11:48:00,29.0,-22.0
2024-05-17 11:49:00,33.0,-25.0
2024-05-17 11:50:00,35.0,-26.0
2024-05-17 11:51:00,39.0,-30.0
2024-05-17 11:52:00,48.0,-40.0
2024-05-17 11:53:00,51.0,-43.0
2024-05-17 11:54:00,53.0,-44.0
2024-05-17 11:55:00,50.0,-41.0
2024-05-17 11:56:00,47.0,-38.0
2024-05-17 11:57:00,35.0,-28.0
2024-05-17 11:58:00,34.0,-28.0
2024-05-17 11:59:00,41.0,-33.0
2024-05-17 12:00:00,47.0,-36.0
2024-05-17 12:01:00,49.0,-38.0
2024-05-17 12:02:00,50.0,-39.0
2024-05-17 12:03:00,40.0,-30.0
2024-05-17 12:04:00,36.0,-29.0
2024-05-17 12:05:00,45.0,-33.0
2024-05-17 12:06:00,55.0,-36.0
2024-05-17 12:07:00,43.0,-38.0
2024-05-17 12:08:00,37.0,-26.0
2024-05-17 12:09:00,31.0,-23.0
2024-05-17 12:10:00,37.0,-29.0
2024-05-17 12:11:00,54.0,-44.0
2024-05-17 12:12:00,64.0,-52.0
2024-05-17 12:13:00,66.0,-52.0
2024-05-17 12:14:00,64.0,-43.0
2024-05-17 12:15:00,53.0,-27.0
2024-05-17 12:16:00,55.0,-21.0
2024-05-17 12:17:00,58.0,-17.0
2024-05-17 12:18:00,56.0,-14.0
2024-05-17 12:19:00,46.0,-14.0
2024-05-17 12:20:00,37.0,-20.0
2024-05-17 12:21:00,42.0,-24.0
2024-05-17 12:22:00,47.0,-26.0
2024-05-17 12:23:00,51.0,-31.0
2024-05-17 12:24:00,66.0,-48.0
2024-05-17 12:25:00,84.0,-58.0
2024-05-17 12:26:00,106.0,-66.0
2024-05-17 12:27:00,117.0,-64.0
2024-05-17 12:28:00,125.0,-67.0
2024-05-17 12:29:00,135.0,-79.0
2024-05-17 12:30:00,145.0,-96.0
2024-05-17 12:31:00,123.0,-90.0
2024-05-17 12:32:00,80.0,-64.0
2024-05-17 12:33:00,52.0,-34.0
2024-05-17 12:34:00,61.0,-48.0
2024-05-17 12:35:00,68.0,-67.0
2024-05-17 12:36:00,92.0,-86.0
2024-05-17 12:37:00,104.0,-92.0
2024-05-17 12:38:00,99.0,-84.0
2024-05-17 12:39:00,103.0,-88.0
2024-05-17 12:40:00,114.0,-98.0
2024-05-17 12:41:00,108.0,-99.0
2024-05-17 12:42:00,88.0,-85.0
2024-05-17 12:43:00,85.0,-70.0
2024-05-17 12:44:00,74.0,-56.0
2024-05-17 12:45:00,63.0,-48.0
2024-05-17 12:46:00,57.0,-45.0
2024-05-17 12:47:00,57.0,-43.0
2024-05-17 12:48:00,51.0,-39.0
2024-05-17 12:49:00,48.0,-37.0
2024-05-17 12:50:00,53.0,-39.0
2024-05-17 12:51:00,57.0,-39.0
2024-05-17 12:52:00,66.0,-40.0
2024-05-17 12:53:00,69.0,-42.0
2024-05-17 12:54:00,79.0,-37.0
2024-05-17 12:55:00,93.0,-43.0
2024-05-17 12:56:00,108.0,-32.0
2024-05-17 12:57:00,108.0,-21.0
2024-05-17 12:58:00,100.0,-20.0
2024-05-17 12:59:00,86.0,-24.0
2024-05-17 13:00:00,68.0,-28.0
2024-05-17 13:01:00,78.0,-32.0
2024-05-17 13:02:00,89.0,-35.0
2024-05-17 13:03:00,100.0,-38.0
2024-05-17 13:04:00,112.0,-43.0
2024-05-17 13:05:00,122.0,-47.0
2024-05-17 13:06:00,128.0,-46.0
2024-05-17 13:07:00,134.0,-44.0
2024-05-17 13:08:00,141.0,-44.0
2024-05-17 13:09:00,147.0,-46.0
2024-05-17 13:10:00,148.0,-45.0
2024-05-17 13:11:00,147.0,-41.0
2024-05-17 13:12:00,143.0,-37.0
2024-05-17 13:13:00,144.0,-40.0
2024-05-17 13:14:00,140.0,-40.0
2024-05-17 13:15:00,127.0,-37.0
2024-05-17 13:16:00,110.0,-36.0
2024-05-17 13:17:00,101.0,-38.0
2024-05-17 13:18:00,99.0,-39.0
2024-05-17 13:19:00,96.0,-38.0
2024-05-17 13:20:00,92.0,-37.0
2024-05-17 13:21:00,87.0,-35.0
2024-05-17 13:22:00,89.0,-35.0
2024-05-17 13:23:00,97.0,-36.0
2024-05-17 13:24:00,109.0,-38.0
2024-05-17 13:25:00,115.0,-36.0
2024-05-17 13:26:00,121.0,-39.0
2024-05-17 13:27:00,129.0,-40.0
2024-05-17 13:28:00,119.0,-31.0
2024-05-17 13:29:00,100.0,-15.0
2024-05-17 13:30:00,94.0,-22.0
2024-05-17 13:31:00,96.0,-38.0
2024-05-17 13:32:00,100.0,-33.0
2024-05-17 13:33:00,106.0,-31.0
2024-05-17 13:34:00,122.0,-37.0
2024-05-17 13:35:00,113.0,-41.0
2024-05-17 13:36:00,117.0,-39.0
2024-05-17 13:37:00,144.0,-44.0
2024-05-17 13:38:00,153.0,-39.0
2024-05-17 13:39:00,157.0,-33.0
2024-05-17 13:40:00,159.0,-31.0
2024-05-17 13:41:00,158.0,-29.0
2024-05-17 13:42:00,150.0,-29.0
2024-05-17 13:43:00,128.0,-28.0
2024-05-17 13:44:00,117.0,-34.0
2024-05-17 13:45:00,111.0,-39.0
2024-05-17 13:46:00,113.0,-37.0
2024-05-17 13:47:00,122.0,-31.0
2024-05-17 13:48:00,137.0,-29.0
2024-05-17 13:49:00,141.0,-27.0
2024-05-17 13:50:00,141.0,-26.0
2024-05-17 13:51:00,135.0,-28.0
2024-05-17 13:52:00,126.0,-30.0
2024-05-17 13:53:00,112.0,-28.0
2024-05-17 13:54:00,102.0,-30.0
2024-05-17 13:55:00,107.0,-35.0
2024-05-17 13:56:00,124.0,-50.0
2024-05-17 13:57:00,133.0,-51.0
2024-05-17 13:58:00,124.0,-35.0
2024-05-17 13:59:00,116.0,-27.0
2024-05-17 14:00:00,109.0,-26.0
2024-05-17 14:01:00,100.0,-29.0
2024-05-17 14:02:00,101.0,-48.0
2024-05-17 14:03:00,92.0,-53.0
2024-05-17 14:04:00,90.0,-57.0
2024-05-17 14:05:00,93.0,-62.0
2024-05-17 14:06:00,96.0,-69.0
2024-05-17 14:07:00,100.0,-74.0
2024-05-17 14:08:00,104.0,-79.0
2024-05-17 14:09:00,109.0,-83.0
2024-05-17 14:10:00,113.0,-86.0
2024-05-17 14:11:00,119.0,-93.0
2024-05-17 14:12:00,124.0,-101.0
2024-05-17 14:13:00,128.0,-110.0
2024-05-17 14:14:00,137.0,-121.0
2024-05-17 14:15:00,144.0,-129.0
2024-05-17 14:16:00,148.0,-132.0
2024-05-17 14:17:00,151.0,-132.0
2024-05-17 14:18:00,138.0,-115.0
2024-05-17 14:19:00,124.0,-98.0
2024-05-17 14:20:00,118.0,-90.0
2024-05-17 14:21:00,116.0,-89.0
2024-05-17 14:22:00,117.0,-92.0
2024-05-17 14:23:00,119.0,-95.0
2024-05-17 14:24:00,125.0,-100.0
2024-05-17 14:25:00,132.0,-104.0
2024-05-17 14:26:00,139.0,-109.0
2024-05-17 14:27:00,154.0,-124.0
2024-05-17 14:28:00,172.0,-141.0
2024-05-17 14:29:00,177.0,-149.0
2024-05-17 14:30:00,164.0,-138.0
2024-05-17 14:31:00,149.0,-125.0
2024-05-17 14:32:00,135.0,-113.0
2024-05-17 14:33:00,125.0,-105.0
2024-05-17 14:34:00,125.0,-106.0
2024-05-17 14:35:00,130.0,-111.0
2024-05-17 14:36:00,129.0,-109.0
2024-05-17 14:37:00,116.0,-93.0
2024-05-17 14:38:00,116.0,-86.0
2024-05-17 14:39:00,120.0,-88.0
2024-05-17 14:40:00,121.0,-87.0
2024-05-17 14:41:00,115.0,-81.0
2024-05-17 14:42:00,112.0,-82.0
2024-05-17 14:43:00,130.0,-89.0
2024-05-17 14:44:00,136.0,-84.0
2024-05-17 14:45:00,133.0,-68.0
2024-05-17 14:46:00,131.0,-63.0
2024-05-17 14:47:00,143.0,-73.0
2024-05-17 14:48:00,159.0,-88.0
2024-05-17 14:49:00,166.0,-95.0
2024-05-17 14:50:00,160.0,-92.0
2024-05-17 14:51:00,166.0,-101.0
2024-05-17 14:52:00,191.0,-123.0
2024-05-17 14:53:00,218.0,-147.0
2024-05-17 14:54:00,227.0,-155.0
2024-05-17 14:55:00,209.0,-137.0
2024-05-17 14:56:00,183.0,-106.0
2024-05-17 14:57:00,181.0,-106.0
2024-05-17 14:58:00,168.0,-100.0
2024-05-17 14:59:00,162.0,-97.0
2024-05-17 15:00:00,175.0,-110.0
2024-05-17 15:01:00,198.0,-132.0
2024-05-17 15:02:00,204.0,-141.0
2024-05-17 15:03:00,202.0,-135.0
2024-05-17 15:04:00,189.0,-118.0
2024-05-17 15:05:00,192.0,-119.0
2024-05-17 15:06:00,199.0,-115.0
2024-05-17 15:07:00,202.0,-118.0
2024-05-17 15:08:00,210.0,-127.0
2024-05-17 15:09:00,216.0,-136.0
2024-05-17 15:10:00,222.0,-142.0
2024-05-17 15:11:00,248.0,-167.0
2024-05-17 15:12:00,269.0,-185.0
2024-05-17 15:13:00,285.0,-202.0
2024-05-17 15:14:00,300.0,-213.0
2024-05-17 15:15:00,305.0,-215.0
2024-05-17 15:16:00,298.0,-208.0
2024-05-17 15:17:00,300.0,-198.0
2024-05-17 15:18:00,295.0,-187.0
2024-05-17 15:19:00,284.0,-175.0
2024-05-17 15:20:00,284.0,-175.0
2024-05-17 15:21:00,288.0,-177.0
2024-05-17 15:22:00,287.0,-176.0
2024-05-17 15:23:00,287.0,-178.0
2024-05-17 15:24:00,289.0,-177.0
2024-05-17 15:25:00,277.0,-167.0
2024-05-17 15:26:00,271.0,-166.0
2024-05-17 15:27:00,271.0,-166.0
2024-05-17 15:28:00,270.0,-163.0
2024-05-17 15:29:00,269.0,-151.0
2024-05-17 15:30:00,263.0,-133.0
2024-05-17 15:31:00,258.0,-112.0
2024-05-17 15:32:00,279.0,-120.0
2024-05-17 15:33:00,292.0,-127.0
2024-05-17 15:34:00,307.0,-134.0
2024-05-17 15:35:00,319.0,-135.0
2024-05-17 15:36:00,337.0,-148.0
2024-05-17 15:37:00,335.0,-149.0
2024-05-17 15:38:00,349.0,-148.0
2024-05-17 15:39:00,384.0,-155.0
2024-05-17 15:40:00,433.0,-171.0
2024-05-17 15:41:00,443.0,-174.0
2024-05-17 15:42:00,455.0,-182.0
2024-05-17 15:43:00,479.0,-191.0
2024-05-17 15:44:00,502.0,-197.0
2024-05-17 15:45:00,517.0,-203.0
2024-05-17 15:46:00,521.0,-206.0
2024-05-17 15:47:00,524.0,-208.0
2024-05-17 15:48:00,531.0,-217.0
2024-05-17 15:49:00,558.0,-245.0
2024-05-17 15:50:00,563.0,-257.0
2024-05-17 15:51:00,577.0,-266.0
2024-05-17 15:52:00,590.0,-282.0
2024-05-17 15:53:00,613.0,-306.0
2024-05-17 15:54:00,636.0,-327.0
2024-05-17 15:55:00,648.0,-331.0
2024-05-17 15:56:00,643.0,-323.0
2024-05-17 15:57:00,646.0,-328.0
2024-05-17 15:58:00,639.0,-319.0
2024-05-17 15:59:00,623.0,-299.0
2024-05-17 16:00:00,618.0,-297.0
2024-05-17 16:01:00,614.0,-295.0
2024-05-17 16:02:00,619.0,-299.0
2024-05-17 16:03:00,646.0,-318.0
2024-05-17 16:04:00,670.0,-337.0
2024-05-17 16:05:00,670.0,-340.0
2024-05-17 16:06:00,655.0,-326.0
2024-05-17 16:07:00,657.0,-332.0
2024-05-17 16:08:00,658.0,-341.0
2024-05-17 16:09:00,643.0,-336.0
2024-05-17 16:10:00,640.0,-341.0
2024-05-17 16:11:00,641.0,-348.0
2024-05-17 16:12:00,629.0,-338.0
2024-05-17 16:13:00,620.0,-336.0
2024-05-17 16:14:00,687.0,-409.0
2024-05-17 16:15:00,752.0,-478.0
2024-05-17 16:16:00,793.0,-523.0
2024-05-17 16:17:00,788.0,-520.0
2024-05-17 16:18:00,804.0,-542.0
2024-05-17 16:19:00,810.0,-555.0
2024-05-17 16:20:00,842.0,-586.0
2024-05-17 16:21:00,851.0,-597.0
2024-05-17 16:22:00,839.0,-589.0
2024-05-17 16:23:00,836.0,-591.0
2024-05-17 16:24:00,834.0,-595.0
2024-05-17 16:25:00,800.0,-568.0
2024-05-17 16:26:00,760.0,-533.0
2024-05-17 16:27:00,743.0,-515.0
2024-05-17 16:28:00,749.0,-518.0
2024-05-17 16:29:00,746.0,-510.0
2024-05-17 16:30:00,742.0,-502.0
2024-05-17 16:31:00,727.0,-489.0
2024-05-17 16:32:00,713.0,-479.0
2024-05-17 16:33:00,699.0,-459.0
2024-05-17 16:34:00,714.0,-468.0
2024-05-17 16:35:00,722.0,-476.0
2024-05-17 16:36:00,714.0,-470.0
2024-05-17 16:37:00,692.0,-460.0
2024-05-17 16:38:00,679.0,-451.0
2024-05-17 16:39:00,684.0,-458.0
2024-05-17 16:40:00,708.0,-486.0
2024-05-17 16:41:00,716.0,-492.0
2024-05-17 16:42:00,731.0,-505.0
2024-05-17 16:43:00,733.0,-512.0
2024-05-17 16:44:00,773.0,-556.0
2024-05-17 16:45:00,754.0,-536.0
2024-05-17 16:46:00,724.0,-490.0
2024-05-17 16:47:00,746.0,-493.0
2024-05-17 16:48:00,778.0,-513.0
2024-05-17 16:49:00,845.0,-570.0
2024-05-17 16:50:00,936.0,-645.0
2024-05-17 16:51:00,1015.0,-711.0
2024-05-17 16:52:00,1098.0,-784.0
2024-05-17 16:53:00,1149.0,-826.0
2024-05-17 16:54:00,1108.0,-777.0
2024-05-17 16:55:00,1123.0,-785.0
2024-05-17 16:56:00,1117.0,-774.0
2024-05-17 16:57:00,1103.0,-759.0
2024-05-17 16:58:00,1122.0,-775.0
2024-05-17 16:59:00,1146.0,-809.0
2024-05-17 17:00:00,1174.0,-825.0
2024-05-17 17:01:00,1244.0,-874.0
2024-05-17 17:02:00,1315.0,-925.0
2024-05-17 17:03:00,1326.0,-924.0
2024-05-17 17:04:00,1325.0,-940.0
2024-05-17 17:05:00,1329.0,-945.0
2024-05-17 17:06:00,1316.0,-933.0
2024-05-17 17:07:00,1322.0,-940.0
2024-05-17 17:08:00,1330.0,-956.0
2024-05-17 17:09:00,1273.0,-895.0
2024-05-17 17:10:00,1262.0,-879.0
2024-05-17 17:11:00,1218.0,-838.0
2024-05-17 17:12:00,1205.0,-820.0
2024-05-17 17:13:00,1180.0,-805.0
2024-05-17 17:14:00,1131.0,-753.0
2024-05-17 17:15:00,1164.0,-783.0
2024-05-17 17:16:00,1144.0,-767.0
2024-05-17 17:17:00,1116.0,-748.0
2024-05-17 17:18:00,1106.0,-735.0
2024-05-17 17:19:00,1116.0,-730.0
2024-05-17 17:20:00,1135.0,-735.0
2024-05-17 17:21:00,1158.0,-738.0
2024-05-17 17:22:00,1144.0,-710.0
2024-05-17 17:23:00,1077.0,-634.0
2024-05-17 17:24:00,1043.0,-600.0
2024-05-17 17:25:00,998.0,-565.0
2024-05-17 17:26:00,1004.0,-570.0
2024-05-17 17:27:00,1052.0,-605.0
2024-05-17 17:28:00,1010.0,-561.0
2024-05-17 17:29:00,1011.0,-542.0
2024-05-17 17:30:00,1055.0,-563.0
2024-05-17 17:31:00,1098.0,-607.0
2024-05-17 17:32:00,1103.0,-608.0
2024-05-17 17:33:00,1109.0,-602.0
2024-05-17 17:34:00,1136.0,-609.0
2024-05-17 17:35:00,1134.0,-600.0
2024-05-17 17:36:00,1164.0,-636.0
2024-05-17 17:37:00,1194.0,-658.0
2024-05-17 17:38:00,1194.0,-665.0
2024-05-17 17:39:00,1165.0,-651.0
2024-05-17 17:40:00,1170.0,-669.0
2024-05-17 17:41:00,1201.0,-705.0
2024-05-17 17:42:00,1218.0,-742.0
2024-05-17 17:43:00,1228.0,-745.0
2024-05-17 17:44:00,1171.0,-713.0
2024-05-17 17:45:00,1137.0,-670.0
2024-05-17 17:46:00,1103.0,-622.0
2024-05-17 17:47:00,1113.0,-634.0
2024-05-17 17:48:00,1079.0,-635.0
2024-05-17 17:49:00,930.0,-539.0
2024-05-17 17:50:00,910.0,-535.0
2024-05-17 17:51:00,965.0,-596.0
2024-05-17 17:52:00,943.0,-576.0
2024-05-17 17:53:00,910.0,-560.0
2024-05-17 17:54:00,938.0,-590.0
2024-05-17 17:55:00,951.0,-622.0
2024-05-17 17:56:00,972.0,-640.0
2024-05-17 17:57:00,975.0,-645.0
2024-05-17 17:58:00,935.0,-627.0
2024-05-17 17:59:00,917.0,-622.0
2024-05-17 18:00:00,955.0,-669.0
2024-05-17 18:01:00,990.0,-704.0
2024-05-17 18:02:00,1028.0,-720.0
2024-05-17 18:03:00,1008.0,-710.0
2024-05-17 18:04:00,973.0,-686.0
2024-05-17 18:05:00,927.0,-630.0
2024-05-17 18:06:00,933.0,-601.0
2024-05-17 18:07:00,983.0,-620.0
2024-05-17 18:08:00,1010.0,-611.0
2024-05-17 18:09:00,924.0,-565.0
2024-05-17 18:10:00,1069.0,-671.0
2024-05-17 18:11:00,1144.0,-724.0
2024-05-17 18:12:00,1121.0,-644.0
2024-05-17 18:13:00,990.0,-480.0
2024-05-17 18:14:00,994.0,-439.0
2024-05-17 18:15:00,1016.0,-442.0
2024-05-17 18:16:00,1069.0,-479.0
2024-05-17 18:17:00,1103.0,-500.0
2024-05-17 18:18:00,1059.0,-492.0
2024-05-17 18:19:00,1038.0,-477.0
2024-05-17 18:20:00,1055.0,-475.0
2024-05-17 18:21:00,1149.0,-493.0
2024-05-17 18:22:00,1193.0,-509.0
2024-05-17 18:23:00,1214.0,-510.0
2024-05-17 18:24:00,1272.0,-531.0
2024-05-17 18:25:00,1371.0,-557.0
2024-05-17 18:26:00,1339.0,-532.0
2024-05-17 18:27:00,1312.0,-525.0
2024-05-17 18:28:00,1350.0,-562.0
2024-05-17 18:29:00,1352.0,-584.0
2024-05-17 18:30:00,1332.0,-586.0
2024-05-17 18:31:00,1329.0,-588.0
2024-05-17 18:32:00,1290.0,-553.0
2024-05-17 18:33:00,1304.0,-563.0
2024-05-17 18:34:00,1315.0,-571.0
2024-05-17 18:35:00,1238.0,-502.0
2024-05-17 18:36:00,1168.0,-497.0
2024-05-17 18:37:00,1067.0,-479.0
2024-05-17 18:38:00,1040.0,-478.0
2024-05-17 18:39:00,1045.0,-466.0
2024-05-17 18:40:00,1005.0,-396.0
2024-05-17 18:41:00,968.0,-360.0
2024-05-17 18:42:00,935.0,-359.0
2024-05-17 18:43:00,925.0,-382.0
2024-05-17 18:44:00,936.0,-408.0
2024-05-17 18:45:00,966.0,-434.0
2024-05-17 18:46:00,997.0,-454.0
2024-05-17 18:47:00,1030.0,-489.0
2024-05-17 18:48:00,1040.0,-503.0
2024-05-17 18:49:00,1062.0,-534.0
2024-05-17 18:50:00,1087.0,-567.0
2024-05-17 18:51:00,1118.0,-600.0
2024-05-17 18:52:00,1108.0,-587.0
2024-05-17 18:53:00,1098.0,-571.0
2024-05-17 18:54:00,1081.0,-558.0
2024-05-17 18:55:00,1063.0,-541.0
2024-05-17 18:56:00,1079.0,-557.0
2024-05-17 18:57:00,1084.0,-554.0
2024-05-17 18:58:00,1057.0,-518.0
2024-05-17 18:59:00,1021.0,-473.0
2024-05-17 19:00:00,998.0,-450.0
2024-05-17 19:01:00,997.0,-443.0
2024-05-17 19:02:00,989.0,-447.0
2024-05-17 19:03:00,1012.0,-470.0
2024-05-17 19:04:00,1067.0,-493.0
2024-05-17 19:05:00,1079.0,-493.0
2024-05-17 19:06:00,1072.0,-464.0
2024-05-17 19:07:00,1086.0,-460.0
2024-05-17 19:08:00,1083.0,-466.0
2024-05-17 19:09:00,1086.0,-466.0
2024-05-17 19:10:00,1046.0,-459.0
2024-05-17 19:11:00,1012.0,-453.0
2024-05-17 19:12:00,965.0,-418.0
2024-05-17 19:13:00,983.0,-419.0
2024-05-17 19:14:00,1015.0,-428.0
2024-05-17 19:15:00,1008.0,-417.0
2024-05-17 19:16:00,966.0,-383.0
2024-05-17 19:17:00,908.0,-340.0
2024-05-17 19:18:00,929.0,-360.0
2024-05-17 19:19:00,924.0,-380.0
2024-05-17 19:20:00,900.0,-378.0
2024-05-17 19:21:00,895.0,-398.0
2024-05-17 19:22:00,923.0,-418.0
2024-05-17 19:23:00,895.0,-408.0
2024-05-17 19:24:00,887.0,-416.0
2024-05-17 19:25:00,879.0,-421.0
2024-05-17 19:26:00,875.0,-411.0
2024-05-17 19:27:00,841.0,-391.0
2024-05-17 19:28:00,840.0,-404.0
2024-05-17 19:29:00,848.0,-408.0
2024-05-17 19:30:00,872.0,-429.0
2024-05-17 19:31:00,915.0,-474.0
2024-05-17 19:32:00,973.0,-530.0
2024-05-17 19:33:00,1063.0,-604.0
2024-05-17 19:34:00,1121.0,-649.0
2024-05-17 19:35:00,1181.0,-702.0
2024-05-17 19:36:00,1215.0,-746.0
2024-05-17 19:37:00,1243.0,-773.0
2024-05-17 19:38:00,1216.0,-753.0
2024-05-17 19:39:00,1188.0,-728.0
2024-05-17 19:40:00,1200.0,-740.0
2024-05-17 19:41:00,1195.0,-743.0
2024-05-17 19:42:00,1266.0,-788.0
2024-05-17 19:43:00,1329.0,-841.0
2024-05-17 19:44:00,1288.0,-805.0
2024-05-17 19:45:00,1255.0,-767.0
2024-05-17 19:46:00,1277.0,-774.0
2024-05-17 19:47:00,1270.0,-750.0
2024-05-17 19:48:00,1210.0,-687.0
2024-05-17 19:49:00,1136.0,-615.0
2024-05-17 19:50:00,1086.0,-572.0
2024-05-17 19:51:00,1086.0,-565.0
2024-05-17 19:52:00,1072.0,-553.0
2024-05-17 19:53:00,1016.0,-491.0
2024-05-17 19:54:00,970.0,-460.0
2024-05-17 19:55:00,958.0,-462.0
2024-05-17 19:56:00,924.0,-429.0
2024-05-17 19:57:00,884.0,-405.0
2024-05-17 19:58:00,834.0,-371.0
2024-05-17 19:59:00,800.0,-368.0
2024-05-17 20:00:00,785.0,-373.0
2024-05-17 20:01:00,767.0,-366.0
2024-05-17 20:02:00,736.0,-341.0
2024-05-17 20:03:00,767.0,-370.0
2024-05-17 20:04:00,836.0,-446.0
2024-05-17 20:05:00,922.0,-542.0
2024-05-17 20:06:00,986.0,-612.0
2024-05-17 20:07:00,971.0,-599.0
2024-05-17 20:08:00,927.0,-562.0
2024-05-17 20:09:00,900.0,-543.0
2024-05-17 20:10:00,892.0,-539.0
2024-05-17 20:11:00,919.0,-568.0
2024-05-17 20:12:00,1010.0,-651.0
2024-05-17 20:13:00,1006.0,-637.0
2024-05-17 20:14:00,1147.0,-783.0
2024-05-17 20:15:00,1229.0,-879.0
2024-05-17 20:16:00,1172.0,-837.0
2024-05-17 20:17:00,978.0,-650.0
2024-05-17 20:18:00,800.0,-478.0
2024-05-17 20:19:00,715.0,-402.0
2024-05-17 20:20:00,677.0,-369.0
2024-05-17 20:21:00,710.0,-405.0
2024-05-17 20:22:00,740.0,-436.0
2024-05-17 20:23:00,730.0,-430.0
2024-05-17 20:24:00,724.0,-422.0
2024-05-17 20:25:00,741.0,-430.0
2024-05-17 20:26:00,729.0,-416.0
2024-05-17 20:27:00,677.0,-374.0
2024-05-17 20:28:00,642.0,-359.0
2024-05-17 20:29:00,663.0,-385.0
2024-05-17 20:30:00,717.0,-434.0
2024-05-17 20:31:00,729.0,-429.0
2024-05-17 20:32:00,757.0,-451.0
2024-05-17 20:33:00,738.0,-421.0
2024-05-17 20:34:00,701.0,-379.0
2024-05-17 20:35:00,653.0,-323.0
2024-05-17 20:36:00,592.0,-255.0
2024-05-17 20:37:00,572.0,-221.0
2024-05-17 20:38:00,570.0,-218.0
2024-05-17 20:39:00,567.0,-224.0
2024-05-17 20:40:00,575.0,-236.0
2024-05-17 20:41:00,592.0,-245.0
2024-05-17 20:42:00,597.0,-244.0
2024-05-17 20:43:00,603.0,-241.0
2024-05-17 20:44:00,595.0,-225.0
2024-05-17 20:45:00,591.0,-209.0
2024-05-17 20:46:00,576.0,-206.0
2024-05-17 20:47:00,577.0,-217.0
2024-05-17 20:48:00,606.0,-242.0
2024-05-17 20:49:00,634.0,-271.0
2024-05-17 20:50:00,666.0,-298.0
2024-05-17 20:51:00,679.0,-303.0
2024-05-17 20:52:00,692.0,-298.0
2024-05-17 20:53:00,699.0,-293.0
2024-05-17 20:54:00,696.0,-287.0
2024-05-17 20:55:00,695.0,-293.0
2024-05-17 20:56:00,694.0,-297.0
2024-05-17 20:57:00,709.0,-309.0
2024-05-17 20:58:00,727.0,-321.0
2024-05-17 20:59:00,737.0,-328.0
2024-05-17 21:00:00,747.0,-331.0
2024-05-17 21:01:00,750.0,-335.0
2024-05-17 21:02:00,764.0,-347.0
2024-05-17 21:03:00,782.0,-370.0
2024-05-17 21:04:00,814.0,-395.0
2024-05-17 21:05:00,843.0,-410.0
2024-05-17 21:06:00,841.0,-408.0
2024-05-17 21:07:00,829.0,-405.0
2024-05-17 21:08:00,846.0,-414.0
2024-05-17 21:09:00,866.0,-436.0
2024-05-17 21:10:00,859.0,-432.0
2024-05-17 21:11:00,843.0,-411.0
2024-05-17 21:12:00,808.0,-380.0
2024-05-17 21:13:00,802.0,-374.0
2024-05-17 21:14:00,791.0,-362.0
2024-05-17 21:15:00,763.0,-346.0
2024-05-17 21:16:00,742.0,-325.0
2024-05-17 21:17:00,724.0,-316.0
2024-05-17 21:18:00,702.0,-298.0
2024-05-17 21:19:00,698.0,-285.0
2024-05-17 21:20:00,679.0,-272.0
2024-05-17 21:21:00,664.0,-265.0
2024-05-17 21:22:00,673.0,-270.0
2024-05-17 21:23:00,693.0,-277.0
2024-05-17 21:24:00,721.0,-281.0
2024-05-17 21:25:00,723.0,-281.0
2024-05-17 21:26:00,724.0,-288.0
2024-05-17 21:27:00,716.0,-303.0
2024-05-17 21:28:00,688.0,-312.0
2024-05-17 21:29:00,660.0,-312.0
2024-05-17 21:30:00,656.0,-315.0
2024-05-17 21:31:00,632.0,-315.0
2024-05-17 21:32:00,617.0,-313.0
2024-05-17 21:33:00,596.0,-304.0
2024-05-17 21:34:00,574.0,-296.0
2024-05-17 21:35:00,560.0,-289.0
2024-05-17 21:36:00,537.0,-277.0
2024-05-17 21:37:00,533.0,-283.0
2024-05-17 21:38:00,527.0,-276.0
2024-05-17 21:39:00,502.0,-254.0
2024-05-17 21:40:00,505.0,-239.0
2024-05-17 21:41:00,552.0,-285.0
2024-05-17 21:42:00,684.0,-415.0
2024-05-17 21:43:00,655.0,-387.0
2024-05-17 21:44:00,703.0,-438.0
2024-05-17 21:45:00,799.0,-526.0
2024-05-17 21:46:00,881.0,-599.0
2024-05-17 21:47:00,823.0,-531.0
2024-05-17 21:48:00,748.0,-459.0
2024-05-17 21:49:00,733.0,-464.0
2024-05-17 21:50:00,807.0,-536.0
2024-05-17 21:51:00,915.0,-645.0
2024-05-17 21:52:00,936.0,-661.0
2024-05-17 21:53:00,863.0,-591.0
2024-05-17 21:54:00,754.0,-503.0
2024-05-17 21:55:00,740.0,-507.0
2024-05-17 21:56:00,758.0,-534.0
2024-05-17 21:57:00,814.0,-601.0
2024-05-17 21:58:00,796.0,-609.0
2024-05-17 21:59:00,859.0,-678.0
2024-05-17 22:00:00,893.0,-723.0
2024-05-17 22:01:00,910.0,-748.0
2024-05-17 22:02:00,930.0,-780.0
2024-05-17 22:03:00,938.0,-790.0
2024-05-17 22:04:00,901.0,-755.0
2024-05-17 22:05:00,835.0,-689.0
2024-05-17 22:06:00,827.0,-687.0
2024-05-17 22:07:00,866.0,-716.0
2024-05-17 22:08:00,870.0,-712.0
2024-05-17 22:09:00,859.0,-711.0
2024-05-17 22:10:00,839.0,-702.0
2024-05-17 22:11:00,819.0,-681.0
2024-05-17 22:12:00,780.0,-642.0
2024-05-17 22:13:00,719.0,-588.0
2024-05-17 22:14:00,655.0,-528.0
2024-05-17 22:15:00,625.0,-504.0
2024-05-17 22:16:00,627.0,-515.0
2024-05-17 22:17:00,616.0,-521.0
2024-05-17 22:18:00,599.0,-523.0
2024-05-17 22:19:00,600.0,-529.0
2024-05-17 22:20:00,603.0,-534.0
2024-05-17 22:21:00,601.0,-534.0
2024-05-17 22:22:00,582.0,-516.0
2024-05-17 22:23:00,545.0,-483.0
2024-05-17 22:24:00,517.0,-455.0
2024-05-17 22:25:00,539.0,-477.0
2024-05-17 22:26:00,595.0,-529.0
2024-05-17 22:27:00,635.0,-567.0
2024-05-17 22:28:00,653.0,-586.0
2024-05-17 22:29:00,636.0,-564.0
2024-05-17 22:30:00,611.0,-529.0
2024-05-17 22:31:00,606.0,-500.0
2024-05-17 22:32:00,555.0,-446.0
2024-05-17 22:33:00,509.0,-423.0
2024-05-17 22:34:00,513.0,-414.0
2024-05-17 22:35:00,577.0,-423.0
2024-05-17 22:36:00,626.0,-435.0
2024-05-17 22:37:00,641.0,-447.0
2024-05-17 22:38:00,668.0,-474.0
2024-05-17 22:39:00,683.0,-485.0
2024-05-17 22:40:00,699.0,-519.0
2024-05-17 22:41:00,693.0,-535.0
2024-05-17 22:42:00,702.0,-544.0
2024-05-17 22:43:00,672.0,-529.0
2024-05-17 22:44:00,677.0,-528.0
2024-05-17 22:45:00,706.0,-531.0
2024-05-17 22:46:00,710.0,-526.0
2024-05-17 22:47:00,701.0,-502.0
2024-05-17 22:48:00,725.0,-501.0
2024-05-17 22:49:00,762.0,-531.0
2024-05-17 22:50:00,764.0,-528.0
2024-05-17 22:51:00,772.0,-524.0
2024-05-17 22:52:00,759.0,-511.0
2024-05-17 22:53:00,731.0,-493.0
2024-05-17 22:54:00,735.0,-510.0
2024-05-17 22:55:00,744.0,-523.0
2024-05-17 22:56:00,756.0,-514.0
2024-05-17 22:57:00,745.0,-502.0
2024-05-17 22:58:00,724.0,-488.0
2024-05-17 22:59:00,689.0,-458.0
2024-05-17 23:00:00,681.0,-437.0
2024-05-17 23:01:00,704.0,-416.0
2024-05-17 23:02:00,681.0,-405.0
2024-05-17 23:03:00,643.0,-384.0
2024-05-17 23:04:00,646.0,-369.0
2024-05-17 23:05:00,661.0,-360.0
2024-05-17 23:06:00,652.0,-348.0
2024-05-17 23:07:00,643.0,-338.0
2024-05-17 23:08:00,647.0,-328.0
2024-05-17 23:09:00,638.0,-310.0
2024-05-17 23:10:00,612.0,-290.0
2024-05-17 23:11:00,606.0,-296.0
2024-05-17 23:12:00,608.0,-306.0
2024-05-17 23:13:00,621.0,-326.0
2024-05-17 23:14:00,616.0,-325.0
2024-05-17 23:15:00,598.0,-317.0
2024-05-17 23:16:00,590.0,-332.0
2024-05-17 23:17:00,580.0,-347.0
2024-05-17 23:18:00,577.0,-358.0
2024-05-17 23:19:00,566.0,-361.0
2024-05-17 23:20:00,567.0,-371.0
2024-05-17 23:21:00,571.0,-382.0
2024-05-17 23:22:00,588.0,-407.0
2024-05-17 23:23:00,573.0,-386.0
2024-05-17 23:24:00,591.0,-392.0
2024-05-17 23:25:00,619.0,-415.0
2024-05-17 23:26:00,657.0,-438.0
2024-05-17 23:27:00,702.0,-472.0
2024-05-17 23:28:00,750.0,-511.0
2024-05-17 23:29:00,716.0,-471.0
2024-05-17 23:30:00,718.0,-477.0
2024-05-17 23:31:00,699.0,-469.0
2024-05-17 23:32:00,709.0,-486.0
2024-05-17 23:33:00,707.0,-491.0
2024-05-17 23:34:00,718.0,-500.0
2024-05-17 23:35:00,742.0,-512.0
2024-05-17 23:36:00,786.0,-558.0
2024-05-17 23:37:00,824.0,-608.0
2024-05-17 23:38:00,794.0,-607.0
2024-05-17 23:39:00,772.0,-597.0
2024-05-17 23:40:00,781.0,-608.0
2024-05-17 23:41:00,790.0,-611.0
2024-05-17 23:42:00,809.0,-608.0
2024-05-17 23:43:00,828.0,-636.0
2024-05-17 23:44:00,884.0,-685.0
2024-05-17 23:45:00,931.0,-745.0
2024-05-17 23:46:00,982.0,-801.0
2024-05-17 23:47:00,1026.0,-835.0
2024-05-17 23:48:00,1014.0,-835.0
2024-05-17 23:49:00,967.0,-806.0
2024-05-17 23:50:00,922.0,-767.0
2024-05-17 23:51:00,903.0,-731.0
2024-05-17 23:52:00,864.0,-683.0
2024-05-17 23:53:00,835.0,-656.0
2024-05-17 23:54:00,826.0,-642.0
2024-05-17 23:55:00,806.0,-616.0
2024-05-17 23:56:00,753.0,-573.0
2024-05-17 23:57:00,740.0,-566.0
2024-05-17 23:58:00,740.0,-563.0
2024-05-17 23:59:00,744.0,-558.0
2024-05-18 00:00:00,720.0,-537.0
2024-05-18 00:01:00,700.0,-528.0
2024-05-18 00:02:00,682.0,-526.0
2024-05-18 00:03:00,679.0,-531.0
2024-05-18 00:04:00,662.0,-507.0
2024-05-18 00:05:00,667.0,-492.0
2024-05-18 00:06:00,671.0,-481.0
2024-05-18 00:07:00,659.0,-469.0
2024-05-18 00:08:00,658.0,-469.0
2024-05-18 00:09:00,646.0,-464.0
2024-05-18 00:10:00,620.0,-445.0
2024-05-18 00:11:00,608.0,-426.0
2024-05-18 00:12:00,606.0,-406.0
2024-05-18 00:13:00,616.0,-399.0
2024-05-18 00:14:00,592.0,-376.0
2024-05-18 00:15:00,572.0,-361.0
2024-05-18 00:16:00,575.0,-361.0
2024-05-18 00:17:00,576.0,-346.0
2024-05-18 00:18:00,583.0,-331.0
2024-05-18 00:19:00,566.0,-298.0
2024-05-18 00:20:00,555.0,-287.0
2024-05-18 00:21:00,524.0,-263.0
2024-05-18 00:22:00,498.0,-245.0
2024-05-18 00:23:00,508.0,-252.0
2024-05-18 00:24:00,548.0,-294.0
2024-05-18 00:25:00,574.0,-321.0
2024-05-18 00:26:00,586.0,-331.0
2024-05-18 00:27:00,594.0,-334.0
2024-05-18 00:28:00,577.0,-313.0
2024-05-18 00:29:00,547.0,-274.0
2024-05-18 00:30:00,525.0,-249.0
2024-05-18 00:31:00,553.0,-274.0
2024-05-18 00:32:00,571.0,-292.0
2024-05-18 00:33:00,581.0,-295.0
2024-05-18 00:34:00,574.0,-290.0
2024-05-18 00:35:00,577.0,-294.0
2024-05-18 00:36:00,583.0,-296.0
2024-05-18 00:37:00,606.0,-308.0
2024-05-18 00:38:00,615.0,-316.0
2024-05-18 00:39:00,610.0,-314.0
2024-05-18 00:40:00,593.0,-301.0
2024-05-18 00:41:00,606.0,-309.0
2024-05-18 00:42:00,614.0,-308.0
2024-05-18 00:43:00,622.0,-315.0
2024-05-18 00:44:00,605.0,-295.0
2024-05-18 00:45:00,611.0,-299.0
2024-05-18 00:46:00,579.0,-275.0
2024-05-18 00:47:00,593.0,-294.0
2024-05-18 00:48:00,623.0,-337.0
2024-05-18 00:49:00,667.0,-373.0
2024-05-18 00:50:00,681.0,-390.0
2024-05-18 00:51:00,717.0,-424.0
2024-05-18 00:52:00,718.0,-429.0
2024-05-18 00:53:00,718.0,-434.0
2024-05-18 00:54:00,721.0,-436.0
2024-05-18 00:55:00,720.0,-439.0
2024-05-18 00:56:00,711.0,-431.0
2024-05-18 00:57:00,706.0,-425.0
2024-05-18 00:58:00,684.0,-403.0
2024-05-18 00:59:00,651.0,-375.0
2024-05-18 01:00:00,623.0,-353.0
2024-05-18 01:01:00,611.0,-350.0
2024-05-18 01:02:00,598.0,-344.0
2024-05-18 01:03:00,582.0,-342.0
2024-05-18 01:04:00,576.0,-347.0
2024-05-18 01:05:00,573.0,-348.0
2024-05-18 01:06:00,570.0,-352.0
2024-05-18 01:07:00,571.0,-365.0
2024-05-18 01:08:00,574.0,-372.0
2024-05-18 01:09:00,570.0,-367.0
2024-05-18 01:10:00,555.0,-349.0
2024-05-18 01:11:00,529.0,-324.0
2024-05-18 01:12:00,525.0,-318.0
2024-05-18 01:13:00,531.0,-324.0
2024-05-18 01:14:00,557.0,-351.0
2024-05-18 01:15:00,567.0,-368.0
2024-05-18 01:16:00,570.0,-374.0
2024-05-18 01:17:00,547.0,-358.0
2024-05-18 01:18:00,499.0,-311.0
2024-05-18 01:19:00,480.0,-299.0
2024-05-18 01:20:00,485.0,-305.0
2024-05-18 01:21:00,507.0,-335.0
2024-05-18 01:22:00,521.0,-354.0
2024-05-18 01:23:00,522.0,-358.0
2024-05-18 01:24:00,529.0,-368.0
2024-05-18 01:25:00,525.0,-361.0
2024-05-18 01:26:00,489.0,-323.0
2024-05-18 01:27:00,473.0,-305.0
2024-05-18 01:28:00,505.0,-339.0
2024-05-18 01:29:00,511.0,-352.0
2024-05-18 01:30:00,505.0,-357.0
2024-05-18 01:31:00,471.0,-317.0
2024-05-18 01:32:00,469.0,-307.0
2024-05-18 01:33:00,510.0,-344.0
2024-05-18 01:34:00,523.0,-351.0
2024-05-18 01:35:00,527.0,-348.0
2024-05-18 01:36:00,526.0,-343.0
2024-05-18 01:37:00,531.0,-332.0
2024-05-18 01:38:00,499.0,-294.0
2024-05-18 01:39:00,435.0,-228.0
2024-05-18 01:40:00,419.0,-211.0
2024-05-18 01:41:00,390.0,-179.0
2024-05-18 01:42:00,404.0,-184.0
2024-05-18 01:43:00,452.0,-230.0
2024-05-18 01:44:00,555.0,-330.0
2024-05-18 01:45:00,552.0,-333.0
2024-05-18 01:46:00,501.0,-293.0
2024-05-18 01:47:00,486.0,-278.0
2024-05-18 01:48:00,471.0,-258.0
2024-05-18 01:49:00,459.0,-248.0
2024-05-18 01:50:00,464.0,-252.0
2024-05-18 01:51:00,452.0,-246.0
2024-05-18 01:52:00,461.0,-262.0
2024-05-18 01:53:00,451.0,-262.0
2024-05-18 01:54:00,425.0,-249.0
2024-05-18 01:55:00,410.0,-242.0
2024-05-18 01:56:00,439.0,-268.0
2024-05-18 01:57:00,425.0,-258.0
2024-05-18 01:58:00,457.0,-285.0
2024-05-18 01:59:00,478.0,-302.0
2024-05-18 02:00:00,453.0,-272.0
2024-05-18 02:01:00,429.0,-245.0
2024-05-18 02:02:00,432.0,-247.0
2024-05-18 02:03:00,435.0,-244.0
2024-05-18 02:04:00,434.0,-243.0
2024-05-18 02:05:00,435.0,-248.0
2024-05-18 02:06:00,438.0,-253.0
2024-05-18 02:07:00,428.0,-248.0
2024-05-18 02:08:00,456.0,-279.0
2024-05-18 02:09:00,489.0,-315.0
2024-05-18 02:10:00,515.0,-335.0
2024-05-18 02:11:00,542.0,-365.0
2024-05-18 02:12:00,504.0,-331.0
2024-05-18 02:13:00,527.0,-354.0
2024-05-18 02:14:00,588.0,-418.0
2024-05-18 02:15:00,590.0,-419.0
2024-05-18 02:16:00,592.0,-421.0
2024-05-18 02:17:00,610.0,-442.0
2024-05-18 02:18:00,618.0,-456.0
2024-05-18 02:19:00,574.0,-415.0
2024-05-18 02:20:00,599.0,-438.0
2024-05-18 02:21:00,608.0,-443.0
2024-05-18 02:22:00,582.0,-420.0
2024-05-18 02:23:00,550.0,-393.0
2024-05-18 02:24:00,526.0,-374.0
2024-05-18 02:25:00,519.0,-368.0
2024-05-18 02:26:00,524.0,-370.0
2024-05-18 02:27:00,517.0,-361.0
2024-05-18 02:28:00,509.0,-351.0
2024-05-18 02:29:00,503.0,-341.0
2024-05-18 02:30:00,513.0,-338.0
2024-05-18 02:31:00,617.0,-437.0
2024-05-18 02:32:00,633.0,-445.0
2024-05-18 02:33:00,610.0,-419.0
2024-05-18 02:34:00,572.0,-384.0
2024-05-18 02:35:00,563.0,-373.0
2024-05-18 02:36:00,566.0,-363.0
2024-05-18 02:37:00,564.0,-352.0
2024-05-18 02:38:00,544.0,-332.0
2024-05-18 02:39:00,527.0,-326.0
2024-05-18 02:40:00,512.0,-316.0
2024-05-18 02:41:00,499.0,-305.0
2024-05-18 02:42:00,491.0,-297.0
2024-05-18 02:43:00,480.0,-296.0
2024-05-18 02:44:00,472.0,-292.0
2024-05-18 02:45:00,460.0,-284.0
2024-05-18 02:46:00,435.0,-270.0
2024-05-18 02:47:00,414.0,-258.0
2024-05-18 02:48:00,410.0,-253.0
2024-05-18 02:49:00,412.0,-259.0
2024-05-18 02:50:00,409.0,-258.0
2024-05-18 02:51:00,400.0,-249.0
2024-05-18 02:52:00,400.0,-251.0
2024-05-18 02:53:00,390.0,-246.0
2024-05-18 02:54:00,372.0,-236.0
2024-05-18 02:55:00,362.0,-229.0
2024-05-18 02:56:00,369.0,-233.0
2024-05-18 02:57:00,384.0,-228.0
2024-05-18 02:58:00,381.0,-218.0
2024-05-18 02:59:00,389.0,-219.0
2024-05-18 03:00:00,383.0,-223.0
2024-05-18 03:01:00,366.0,-217.0
2024-05-18 03:02:00,351.0,-220.0
2024-05-18 03:03:00,358.0,-228.0
2024-05-18 03:04:00,361.0,-230.0
2024-05-18 03:05:00,361.0,-226.0
2024-05-18 03:06:00,359.0,-224.0
2024-05-18 03:07:00,349.0,-215.0
2024-05-18 03:08:00,342.0,-211.0
2024-05-18 03:09:00,340.0,-210.0
2024-05-18 03:10:00,340.0,-212.0
2024-05-18 03:11:00,329.0,-205.0
2024-05-18 03:12:00,325.0,-200.0
2024-05-18 03:13:00,317.0,-194.0
2024-05-18 03:14:00,303.0,-186.0
2024-05-18 03:15:00,300.0,-190.0
2024-05-18 03:16:00,316.0,-197.0
2024-05-18 03:17:00,324.0,-199.0
2024-05-18 03:18:00,345.0,-211.0
2024-05-18 03:19:00,361.0,-220.0
2024-05-18 03:20:00,363.0,-227.0
2024-05-18 03:21:00,358.0,-223.0
2024-05-18 03:22:00,369.0,-223.0
2024-05-18 03:23:00,386.0,-219.0
2024-05-18 03:24:00,403.0,-213.0
2024-05-18 03:25:00,415.0,-208.0
2024-05-18 03:26:00,429.0,-214.0
2024-05-18 03:27:00,448.0,-223.0
2024-05-18 03:28:00,462.0,-233.0
2024-05-18 03:29:00,473.0,-242.0
2024-05-18 03:30:00,493.0,-246.0
2024-05-18 03:31:00,503.0,-245.0
2024-05-18 03:32:00,517.0,-244.0
2024-05-18 03:33:00,529.0,-247.0
2024-05-18 03:34:00,515.0,-249.0
2024-05-18 03:35:00,505.0,-257.0
2024-05-18 03:36:00,512.0,-260.0
2024-05-18 03:37:00,494.0,-262.0
2024-05-18 03:38:00,471.0,-265.0
2024-05-18 03:39:00,450.0,-265.0
2024-05-18 03:40:00,440.0,-261.0
2024-05-18 03:41:00,452.0,-262.0
2024-05-18 03:42:00,454.0,-261.0
2024-05-18 03:43:00,456.0,-263.0
2024-05-18 03:44:00,464.0,-265.0
2024-05-18 03:45:00,476.0,-271.0
2024-05-18 03:46:00,496.0,-285.0
2024-05-18 03:47:00,499.0,-287.0
2024-05-18 03:48:00,492.0,-274.0
2024-05-18 03:49:00,491.0,-265.0
2024-05-18 03:50:00,487.0,-261.0
2024-05-18 03:51:00,487.0,-263.0
2024-05-18 03:52:00,501.0,-276.0
2024-05-18 03:53:00,504.0,-274.0
2024-05-18 03:54:00,516.0,-277.0
2024-05-18 03:55:00,526.0,-281.0
2024-05-18 03:56:00,537.0,-289.0
2024-05-18 03:57:00,548.0,-295.0
2024-05-18 03:58:00,541.0,-286.0
2024-05-18 03:59:00,545.0,-290.0
2024-05-18 04:00:00,541.0,-289.0
2024-05-18 04:01:00,542.0,-288.0
2024-05-18 04:02:00,549.0,-291.0
2024-05-18 04:03:00,554.0,-287.0
2024-05-18 04:04:00,558.0,-279.0
2024-05-18 04:05:00,557.0,-274.0
2024-05-18 04:06:00,555.0,-270.0
2024-05-18 04:07:00,558.0,-270.0
2024-05-18 04:08:00,560.0,-271.0
2024-05-18 04:09:00,555.0,-271.0
2024-05-18 04:10:00,559.0,-277.0
2024-05-18 04:11:00,562.0,-281.0
2024-05-18 04:12:00,553.0,-280.0
2024-05-18 04:13:00,544.0,-275.0
2024-05-18 04:14:00,544.0,-274.0
2024-05-18 04:15:00,543.0,-272.0
2024-05-18 04:16:00,534.0,-269.0
2024-05-18 04:17:00,531.0,-267.0
2024-05-18 04:18:00,530.0,-268.0
2024-05-18 04:19:00,530.0,-271.0
2024-05-18 04:20:00,521.0,-267.0
2024-05-18 04:21:00,517.0,-264.0
2024-05-18 04:22:00,524.0,-270.0
2024-05-18 04:23:00,539.0,-278.0
2024-05-18 04:24:00,541.0,-278.0
2024-05-18 04:25:00,542.0,-279.0
2024-05-18 04:26:00,540.0,-280.0
2024-05-18 04:27:00,538.0,-282.0
2024-05-18 04:28:00,540.0,-284.0
2024-05-18 04:29:00,539.0,-284.0
2024-05-18 04:30:00,531.0,-277.0
2024-05-18 04:31:00,526.0,-271.0
2024-05-18 04:32:00,524.0,-267.0
2024-05-18 04:33:00,514.0,-258.0
2024-05-18 04:34:00,495.0,-249.0
2024-05-18 04:35:00,479.0,-247.0
2024-05-18 04:36:00,476.0,-248.0
2024-05-18 04:37:00,475.0,-246.0
2024-05-18 04:38:00,466.0,-237.0
2024-05-18 04:39:00,463.0,-231.0
2024-05-18 04:40:00,454.0,-226.0
2024-05-18 04:41:00,442.0,-222.0
2024-05-18 04:42:00,424.0,-215.0
2024-05-18 04:43:00,416.0,-209.0
2024-05-18 04:44:00,416.0,-203.0
2024-05-18 04:45:00,421.0,-197.0
2024-05-18 04:46:00,427.0,-193.0
2024-05-18 04:47:00,428.0,-192.0
2024-05-18 04:48:00,429.0,-190.0
2024-05-18 04:49:00,433.0,-186.0
2024-05-18 04:50:00,441.0,-186.0
2024-05-18 04:51:00,441.0,-187.0
2024-05-18 04:52:00,449.0,-190.0
2024-05-18 04:53:00,464.0,-193.0
2024-05-18 04:54:00,478.0,-197.0
2024-05-18 04:55:00,480.0,-202.0
2024-05-18 04:56:00,480.0,-205.0
2024-05-18 04:57:00,501.0,-215.0
2024-05-18 04:58:00,512.0,-224.0
2024-05-18 04:59:00,504.0,-229.0
2024-05-18 05:00:00,488.0,-235.0
2024-05-18 05:01:00,479.0,-235.0
2024-05-18 05:02:00,483.0,-243.0
2024-05-18 05:03:00,489.0,-239.0
2024-05-18 05:04:00,496.0,-236.0
2024-05-18 05:05:00,485.0,-241.0
2024-05-18 05:06:00,473.0,-243.0
2024-05-18 05:07:00,461.0,-245.0
2024-05-18 05:08:00,450.0,-247.0
2024-05-18 05:09:00,434.0,-238.0
2024-05-18 05:10:00,420.0,-225.0
2024-05-18 05:11:00,418.0,-218.0
2024-05-18 05:12:00,413.0,-215.0
2024-05-18 05:13:00,409.0,-213.0
2024-05-18 05:14:00,402.0,-209.0
2024-05-18 05:15:00,425.0,-219.0
2024-05-18 05:16:00,417.0,-204.0
2024-05-18 05:17:00,430.0,-216.0
2024-05-18 05:18:00,458.0,-240.0
2024-05-18 05:19:00,500.0,-267.0
2024-05-18 05:20:00,561.0,-323.0
2024-05-18 05:21:00,617.0,-373.0
2024-05-18 05:22:00,657.0,-411.0
2024-05-18 05:23:00,607.0,-371.0
2024-05-18 05:24:00,605.0,-381.0
2024-05-18 05:25:00,643.0,-410.0
2024-05-18 05:26:00,649.0,-413.0
2024-05-18 05:27:00,641.0,-406.0
2024-05-18 05:28:00,623.0,-395.0
2024-05-18 05:29:00,585.0,-364.0
2024-05-18 05:30:00,594.0,-378.0
2024-05-18 05:31:00,572.0,-359.0
2024-05-18 05:32:00,640.0,-425.0
2024-05-18 05:33:00,591.0,-374.0
2024-05-18 05:34:00,597.0,-379.0
2024-05-18 05:35:00,628.0,-403.0
2024-05-18 05:36:00,632.0,-402.0
2024-05-18 05:37:00,664.0,-402.0
2024-05-18 05:38:00,721.0,-414.0
2024-05-18 05:39:00,737.0,-434.0
2024-05-18 05:40:00,665.0,-369.0
2024-05-18 05:41:00,667.0,-355.0
2024-05-18 05:42:00,653.0,-354.0
2024-05-18 05:43:00,653.0,-357.0
2024-05-18 05:44:00,641.0,-359.0
2024-05-18 05:45:00,607.0,-359.0
2024-05-18 05:46:00,600.0,-358.0
2024-05-18 05:47:00,590.0,-363.0
2024-05-18 05:48:00,587.0,-362.0
2024-05-18 05:49:00,583.0,-357.0
2024-05-18 05:50:00,597.0,-361.0
2024-05-18 05:51:00,608.0,-358.0
2024-05-18 05:52:00,618.0,-362.0
2024-05-18 05:53:00,612.0,-345.0
2024-05-18 05:54:00,601.0,-326.0
2024-05-18 05:55:00,585.0,-316.0
2024-05-18 05:56:00,568.0,-317.0
2024-05-18 05:57:00,572.0,-315.0
2024-05-18 05:58:00,579.0,-314.0
2024-05-18 05:59:00,553.0,-300.0
2024-05-18 06:00:00,525.0,-281.0
2024-05-18 06:01:00,536.0,-292.0
2024-05-18 06:02:00,551.0,-291.0
2024-05-18 06:03:00,553.0,-282.0
2024-05-18 06:04:00,560.0,-266.0
2024-05-18 06:05:00,569.0,-245.0
2024-05-18 06:06:00,599.0,-246.0
2024-05-18 06:07:00,647.0,-268.0
2024-05-18 06:08:00,673.0,-289.0
2024-05-18 06:09:00,687.0,-309.0
2024-05-18 06:10:00,688.0,-324.0
2024-05-18 06:11:00,663.0,-318.0
2024-05-18 06:12:00,650.0,-316.0
2024-05-18 06:13:00,636.0,-308.0
2024-05-18 06:14:00,639.0,-312.0
2024-05-18 06:15:00,638.0,-307.0
2024-05-18 06:16:00,624.0,-286.0
2024-05-18 06:17:00,610.0,-272.0
2024-05-18 06:18:00,602.0,-271.0
2024-05-18 06:19:00,584.0,-267.0
2024-05-18 06:20:00,568.0,-265.0
2024-05-18 06:21:00,558.0,-265.0
2024-05-18 06:22:00,552.0,-266.0
2024-05-18 06:23:00,547.0,-265.0
2024-05-18 06:24:00,555.0,-269.0
2024-05-18 06:25:00,535.0,-258.0
2024-05-18 06:26:00,521.0,-254.0
2024-05-18 06:27:00,512.0,-250.0
2024-05-18 06:28:00,499.0,-243.0
2024-05-18 06:29:00,480.0,-226.0
2024-05-18 06:30:00,470.0,-216.0
2024-05-18 06:31:00,466.0,-215.0
2024-05-18 06:32:00,455.0,-210.0
2024-05-18 06:33:00,441.0,-209.0
2024-05-18 06:34:00,425.0,-209.0
2024-05-18 06:35:00,409.0,-205.0
2024-05-18 06:36:00,403.0,-205.0
2024-05-18 06:37:00,395.0,-199.0
2024-05-18 06:38:00,383.0,-194.0
2024-05-18 06:39:00,374.0,-189.0
2024-05-18 06:40:00,368.0,-185.0
2024-05-18 06:41:00,358.0,-180.0
2024-05-18 06:42:00,366.0,-182.0
2024-05-18 06:43:00,357.0,-175.0
2024-05-18 06:44:00,358.0,-177.0
2024-05-18 06:45:00,357.0,-177.0
2024-05-18 06:46:00,356.0,-175.0
2024-05-18 06:47:00,360.0,-179.0
2024-05-18 06:48:00,376.0,-195.0
2024-05-18 06:49:00,402.0,-211.0
2024-05-18 06:50:00,414.0,-208.0
2024-05-18 06:51:00,426.0,-207.0
2024-05-18 06:52:00,428.0,-199.0
2024-05-18 06:53:00,439.0,-202.0
2024-05-18 06:54:00,434.0,-202.0
2024-05-18 06:55:00,413.0,-195.0
2024-05-18 06:56:00,406.0,-193.0
2024-05-18 06:57:00,413.0,-203.0
2024-05-18 06:58:00,405.0,-204.0
2024-05-18 06:59:00,394.0,-190.0
2024-05-18 07:00:00,377.0,-178.0
2024-05-18 07:01:00,368.0,-178.0
2024-05-18 07:02:00,364.0,-181.0
2024-05-18 07:03:00,364.0,-179.0
2024-05-18 07:04:00,367.0,-176.0
2024-05-18 07:05:00,374.0,-178.0
2024-05-18 07:06:00,381.0,-177.0
2024-05-18 07:07:00,380.0,-177.0
2024-05-18 07:08:00,368.0,-172.0
2024-05-18 07:09:00,366.0,-171.0
2024-05-18 07:10:00,372.0,-178.0
2024-05-18 07:11:00,367.0,-172.0
2024-05-18 07:12:00,342.0,-151.0
2024-05-18 07:13:00,313.0,-128.0
2024-05-18 07:14:00,299.0,-119.0
2024-05-18 07:15:00,300.0,-120.0
2024-05-18 07:16:00,310.0,-127.0
2024-05-18 07:17:00,323.0,-135.0
2024-05-18 07:18:00,328.0,-141.0
2024-05-18 07:19:00,321.0,-141.0
2024-05-18 07:20:00,302.0,-134.0
2024-05-18 07:21:00,290.0,-125.0
2024-05-18 07:22:00,284.0,-121.0
2024-05-18 07:23:00,280.0,-116.0
2024-05-18 07:24:00,284.0,-115.0
2024-05-18 07:25:00,283.0,-113.0
2024-05-18 07:26:00,277.0,-110.0
2024-05-18 07:27:00,268.0,-106.0
2024-05-18 07:28:00,259.0,-102.0
2024-05-18 07:29:00,268.0,-112.0
2024-05-18 07:30:00,278.0,-122.0
2024-05-18 07:31:00,283.0,-121.0
2024-05-18 07:32:00,283.0,-116.0
2024-05-18 07:33:00,286.0,-115.0
2024-05-18 07:34:00,286.0,-113.0
2024-05-18 07:35:00,285.0,-110.0
2024-05-18 07:36:00,282.0,-106.0
2024-05-18 07:37:00,277.0,-102.0
2024-05-18 07:38:00,272.0,-101.0
2024-05-18 07:39:00,271.0,-103.0
2024-05-18 07:40:00,274.0,-103.0
2024-05-18 07:41:00,275.0,-105.0
2024-05-18 07:42:00,271.0,-104.0
2024-05-18 07:43:00,269.0,-105.0
2024-05-18 07:44:00,261.0,-103.0
2024-05-18 07:45:00,256.0,-100.0
2024-05-18 07:46:00,257.0,-99.0
2024-05-18 07:47:00,255.0,-100.0
2024-05-18 07:48:00,258.0,-100.0
2024-05-18 07:49:00,262.0,-99.0
2024-05-18 07:50:00,265.0,-101.0
2024-05-18 07:51:00,269.0,-103.0
2024-05-18 07:52:00,266.0,-102.0
2024-05-18 07:53:00,262.0,-101.0
2024-05-18 07:54:00,256.0,-97.0
2024-05-18 07:55:00,252.0,-91.0
2024-05-18 07:56:00,246.0,-84.0
2024-05-18 07:57:00,240.0,-83.0
2024-05-18 07:58:00,239.0,-85.0
2024-05-18 07:59:00,236.0,-86.0
2024-05-18 08:00:00,234.0,-88.0
2024-05-18 08:01:00,234.0,-89.0
2024-05-18 08:02:00,232.0,-90.0
2024-05-18 08:03:00,224.0,-88.0
2024-05-18 08:04:00,209.0,-85.0
2024-05-18 08:05:00,202.0,-82.0
2024-05-18 08:06:00,197.0,-79.0
2024-05-18 08:07:00,190.0,-75.0
2024-05-18 08:08:00,190.0,-75.0
2024-05-18 08:09:00,194.0,-75.0
2024-05-18 08:10:00,202.0,-73.0
2024-05-18 08:11:00,201.0,-70.0
2024-05-18 08:12:00,199.0,-67.0
2024-05-18 08:13:00,194.0,-64.0
2024-05-18 08:14:00,187.0,-61.0
2024-05-18 08:15:00,181.0,-62.0
2024-05-18 08:16:00,178.0,-65.0
2024-05-18 08:17:00,175.0,-64.0
2024-05-18 08:18:00,174.0,-62.0
2024-05-18 08:19:00,174.0,-61.0
2024-05-18 08:20:00,171.0,-59.0
2024-05-18 08:21:00,172.0,-56.0
2024-05-18 08:22:00,168.0,-52.0
2024-05-18 08:23:00,164.0,-50.0
2024-05-18 08:24:00,185.0,-49.0
2024-05-18 08:25:00,186.0,-47.0
2024-05-18 08:26:00,183.0,-45.0
2024-05-18 08:27:00,190.0,-45.0
2024-05-18 08:28:00,190.0,-44.0
2024-05-18 08:29:00,190.0,-43.0
2024-05-18 08:30:00,182.0,-42.0
2024-05-18 08:31:00,171.0,-41.0
2024-05-18 08:32:00,171.0,-38.0
2024-05-18 08:33:00,179.0,-38.0
2024-05-18 08:34:00,195.0,-41.0
2024-05-18 08:35:00,211.0,-45.0
2024-05-18 08:36:00,222.0,-51.0
2024-05-18 08:37:00,230.0,-58.0
2024-05-18 08:38:00,234.0,-64.0
2024-05-18 08:39:00,235.0,-71.0
2024-05-18 08:40:00,238.0,-80.0
2024-05-18 08:41:00,243.0,-88.0
2024-05-18 08:42:00,261.0,-98.0
2024-05-18 08:43:00,279.0,-106.0
2024-05-18 08:44:00,298.0,-115.0
2024-05-18 08:45:00,342.0,-117.0
2024-05-18 08:46:00,369.0,-120.0
2024-05-18 08:47:00,380.0,-121.0
2024-05-18 08:48:00,386.0,-123.0
2024-05-18 08:49:00,381.0,-121.0
2024-05-18 08:50:00,372.0,-121.0
2024-05-18 08:51:00,367.0,-123.0
2024-05-18 08:52:00,375.0,-131.0
2024-05-18 08:53:00,407.0,-145.0
2024-05-18 08:54:00,458.0,-180.0
2024-05-18 08:55:00,456.0,-186.0
2024-05-18 08:56:00,453.0,-175.0
2024-05-18 08:57:00,454.0,-171.0
2024-05-18 08:58:00,443.0,-161.0
2024-05-18 08:59:00,434.0,-146.0
2024-05-18 09:00:00,436.0,-148.0
2024-05-18 09:01:00,426.0,-145.0
2024-05-18 09:02:00,428.0,-142.0
2024-05-18 09:03:00,410.0,-141.0
2024-05-18 09:04:00,422.0,-147.0
2024-05-18 09:05:00,432.0,-146.0
2024-05-18 09:06:00,429.0,-142.0
2024-05-18 09:07:00,434.0,-144.0
2024-05-18 09:08:00,439.0,-148.0
2024-05-18 09:09:00,444.0,-157.0
2024-05-18 09:10:00,478.0,-198.0
2024-05-18 09:11:00,438.0,-162.0
2024-05-18 09:12:00,438.0,-162.0
2024-05-18 09:13:00,493.0,-218.0
2024-05-18 09:14:00,596.0,-315.0
2024-05-18 09:15:00,565.0,-284.0
2024-05-18 09:16:00,533.0,-259.0
2024-05-18 09:17:00,491.0,-218.0
2024-05-18 09:18:00,503.0,-227.0
2024-05-18 09:19:00,576.0,-303.0
2024-05-18 09:20:00,572.0,-305.0
2024-05-18 09:21:00,610.0,-350.0
2024-05-18 09:22:00,558.0,-300.0
2024-05-18 09:23:00,574.0,-314.0
2024-05-18 09:24:00,652.0,-391.0
2024-05-18 09:25:00,581.0,-318.0
2024-05-18 09:26:00,611.0,-325.0
2024-05-18 09:27:00,568.0,-273.0
2024-05-18 09:28:00,555.0,-263.0
2024-05-18 09:29:00,566.0,-278.0
2024-05-18 09:30:00,577.0,-296.0
2024-05-18 09:31:00,588.0,-318.0
2024-05-18 09:32:00,573.0,-324.0
2024-05-18 09:33:00,551.0,-328.0
2024-05-18 09:34:00,547.0,-332.0
2024-05-18 09:35:00,538.0,-324.0
2024-05-18 09:36:00,545.0,-332.0
2024-05-18 09:37:00,565.0,-349.0
2024-05-18 09:38:00,578.0,-368.0
2024-05-18 09:39:00,594.0,-379.0
2024-05-18 09:40:00,576.0,-368.0
2024-05-18 09:41:00,581.0,-375.0
2024-05-18 09:42:00,572.0,-372.0
2024-05-18 09:43:00,585.0,-387.0
2024-05-18 09:44:00,563.0,-369.0
2024-05-18 09:45:00,569.0,-379.0
2024-05-18 09:46:00,584.0,-394.0
2024-05-18 09:47:00,584.0,-390.0
2024-05-18 09:48:00,606.0,-404.0
2024-05-18 09:49:00,585.0,-389.0
2024-05-18 09:50:00,581.0,-399.0
2024-05-18 09:51:00,578.0,-394.0
2024-05-18 09:52:00,628.0,-437.0
2024-05-18 09:53:00,635.0,-437.0
2024-05-18 09:54:00,640.0,-435.0
2024-05-18 09:55:00,665.0,-459.0
2024-05-18 09:56:00,668.0,-463.0
2024-05-18 09:57:00,679.0,-467.0
2024-05-18 09:58:00,711.0,-485.0
2024-05-18 09:59:00,738.0,-507.0
2024-05-18 10:00:00,720.0,-479.0
2024-05-18 10:01:00,685.0,-434.0
2024-05-18 10:02:00,688.0,-434.0
2024-05-18 10:03:00,696.0,-453.0
2024-05-18 10:04:00,667.0,-435.0
2024-05-18 10:05:00,651.0,-422.0
2024-05-18 10:06:00,665.0,-435.0
2024-05-18 10:07:00,653.0,-419.0
2024-05-18 10:08:00,660.0,-430.0
2024-05-18 10:09:00,677.0,-451.0
2024-05-18 10:10:00,668.0,-448.0
2024-05-18 10:11:00,675.0,-452.0
2024-05-18 10:12:00,677.0,-451.0
2024-05-18 10:13:00,685.0,-452.0
2024-05-18 10:14:00,687.0,-451.0
2024-05-18 10:15:00,692.0,-444.0
2024-05-18 10:16:00,703.0,-447.0
2024-05-18 10:17:00,713.0,-450.0
2024-05-18 10:18:00,706.0,-444.0
2024-05-18 10:19:00,700.0,-439.0
2024-05-18 10:20:00,702.0,-439.0
2024-05-18 10:21:00,692.0,-433.0
2024-05-18 10:22:00,669.0,-414.0
2024-05-18 10:23:00,668.0,-406.0
2024-05-18 10:24:00,677.0,-412.0
2024-05-18 10:25:00,686.0,-420.0
2024-05-18 10:26:00,698.0,-436.0
2024-05-18 10:27:00,726.0,-463.0
2024-05-18 10:28:00,752.0,-488.0
2024-05-18 10:29:00,761.0,-495.0
2024-05-18 10:30:00,771.0,-505.0
2024-05-18 10:31:00,767.0,-500.0
2024-05-18 10:32:00,755.0,-489.0
2024-05-18 10:33:00,728.0,-470.0
2024-05-18 10:34:00,705.0,-457.0
2024-05-18 10:35:00,692.0,-452.0
2024-05-18 10:36:00,689.0,-456.0
2024-05-18 10:37:00,701.0,-465.0
2024-05-18 10:38:00,705.0,-469.0
2024-05-18 10:39:00,687.0,-448.0
2024-05-18 10:40:00,684.0,-444.0
2024-05-18 10:41:00,682.0,-439.0
2024-05-18 10:42:00,684.0,-437.0
2024-05-18 10:43:00,687.0,-435.0
2024-05-18 10:44:00,683.0,-425.0
2024-05-18 10:45:00,663.0,-411.0
2024-05-18 10:46:00,641.0,-391.0
2024-05-18 10:47:00,627.0,-377.0
2024-05-18 10:48:00,601.0,-357.0
2024-05-18 10:49:00,583.0,-352.0
2024-05-18 10:50:00,597.0,-356.0
2024-05-18 10:51:00,605.0,-362.0
2024-05-18 10:52:00,619.0,-372.0
2024-05-18 10:53:00,627.0,-373.0
2024-05-18 10:54:00,634.0,-377.0
2024-05-18 10:55:00,632.0,-373.0
2024-05-18 10:56:00,624.0,-370.0
2024-05-18 10:57:00,641.0,-379.0
2024-05-18 10:58:00,657.0,-388.0
2024-05-18 10:59:00,664.0,-389.0
2024-05-18 11:00:00,654.0,-381.0
2024-05-18 11:01:00,647.0,-376.0
2024-05-18 11:02:00,662.0,-381.0
2024-05-18 11:03:00,668.0,-385.0
2024-05-18 11:04:00,669.0,-390.0
2024-05-18 11:05:00,680.0,-401.0
2024-05-18 11:06:00,698.0,-417.0
2024-05-18 11:07:00,720.0,-436.0
2024-05-18 11:08:00,739.0,-455.0
2024-05-18 11:09:00,743.0,-464.0
2024-05-18 11:10:00,735.0,-456.0
2024-05-18 11:11:00,722.0,-433.0
2024-05-18 11:12:00,695.0,-408.0
2024-05-18 11:13:00,685.0,-400.0
2024-05-18 11:14:00,722.0,-426.0
2024-05-18 11:15:00,734.0,-433.0
2024-05-18 11:16:00,724.0,-417.0
2024-05-18 11:17:00,712.0,-402.0
2024-05-18 11:18:00,703.0,-388.0
2024-05-18 11:19:00,711.0,-396.0
2024-05-18 11:20:00,730.0,-412.0
2024-05-18 11:21:00,753.0,-435.0
2024-05-18 11:22:00,752.0,-450.0
2024-05-18 11:23:00,740.0,-450.0
2024-05-18 11:24:00,727.0,-446.0
2024-05-18 11:25:00,725.0,-448.0
2024-05-18 11:26:00,710.0,-437.0
2024-05-18 11:27:00,694.0,-412.0
2024-05-18 11:28:00,688.0,-407.0
2024-05-18 11:29:00,687.0,-408.0
2024-05-18 11:30:00,688.0,-403.0
2024-05-18 11:31:00,699.0,-400.0
2024-05-18 11:32:00,705.0,-399.0
2024-05-18 11:33:00,705.0,-400.0
2024-05-18 11:34:00,699.0,-403.0
2024-05-18 11:35:00,682.0,-399.0
2024-05-18 11:36:00,663.0,-393.0
2024-05-18 11:37:00,658.0,-390.0
2024-05-18 11:38:00,660.0,-390.0
2024-05-18 11:39:00,676.0,-402.0
2024-05-18 11:40:00,695.0,-422.0
2024-05-18 11:41:00,707.0,-438.0
2024-05-18 11:42:00,718.0,-453.0
2024-05-18 11:43:00,706.0,-451.0
2024-05-18 11:44:00,688.0,-429.0
2024-05-18 11:45:00,654.0,-395.0
2024-05-18 11:46:00,634.0,-377.0
2024-05-18 11:47:00,617.0,-367.0
2024-05-18 11:48:00,581.0,-338.0
2024-05-18 11:49:00,545.0,-304.0
2024-05-18 11:50:00,518.0,-279.0
2024-05-18 11:51:00,512.0,-263.0
2024-05-18 11:52:00,531.0,-251.0
2024-05-18 11:53:00,527.0,-228.0
2024-05-18 11:54:00,519.0,-212.0
2024-05-18 11:55:00,516.0,-211.0
2024-05-18 11:56:00,536.0,-220.0
2024-05-18 11:57:00,539.0,-216.0
2024-05-18 11:58:00,549.0,-209.0
2024-05-18 11:59:00,576.0,-222.0
2024-05-18 12:00:00,597.0,-238.0
2024-05-18 12:01:00,611.0,-251.0
2024-05-18 12:02:00,616.0,-257.0
2024-05-18 12:03:00,631.0,-271.0
2024-05-18 12:04:00,655.0,-295.0
2024-05-18 12:05:00,680.0,-313.0
2024-05-18 12:06:00,698.0,-324.0
2024-05-18 12:07:00,690.0,-313.0
2024-05-18 12:08:00,636.0,-273.0
2024-05-18 12:09:00,577.0,-238.0
2024-05-18 12:10:00,559.0,-232.0
2024-05-18 12:11:00,561.0,-237.0
2024-05-18 12:12:00,552.0,-231.0
2024-05-18 12:13:00,565.0,-243.0
2024-05-18 12:14:00,603.0,-264.0
2024-05-18 12:15:00,659.0,-291.0
2024-05-18 12:16:00,696.0,-309.0
2024-05-18 12:17:00,735.0,-338.0
2024-05-18 12:18:00,746.0,-361.0
2024-05-18 12:19:00,717.0,-356.0
2024-05-18 12:20:00,687.0,-343.0
2024-05-18 12:21:00,725.0,-379.0
2024-05-18 12:22:00,785.0,-442.0
2024-05-18 12:23:00,820.0,-474.0
2024-05-18 12:24:00,844.0,-496.0
2024-05-18 12:25:00,875.0,-513.0
2024-05-18 12:26:00,892.0,-512.0
2024-05-18 12:27:00,881.0,-502.0
2024-05-18 12:28:00,855.0,-483.0
2024-05-18 12:29:00,829.0,-455.0
2024-05-18 12:30:00,794.0,-422.0
2024-05-18 12:31:00,784.0,-413.0
2024-05-18 12:32:00,790.0,-417.0
2024-05-18 12:33:00,777.0,-418.0
2024-05-18 12:34:00,765.0,-412.0
2024-05-18 12:35:00,746.0,-396.0
2024-05-18 12:36:00,713.0,-362.0
2024-05-18 12:37:00,694.0,-347.0
2024-05-18 12:38:00,690.0,-350.0
2024-05-18 12:39:00,716.0,-368.0
2024-05-18 12:40:00,733.0,-382.0
2024-05-18 12:41:00,753.0,-397.0
2024-05-18 12:42:00,743.0,-391.0
2024-05-18 12:43:00,748.0,-394.0
2024-05-18 12:44:00,744.0,-391.0
2024-05-18 12:45:00,731.0,-381.0
2024-05-18 12:46:00,710.0,-366.0
2024-05-18 12:47:00,709.0,-373.0
2024-05-18 12:48:00,720.0,-389.0
2024-05-18 12:49:00,718.0,-384.0
2024-05-18 12:50:00,731.0,-392.0
2024-05-18 12:51:00,738.0,-410.0
2024-05-18 12:52:00,727.0,-414.0
2024-05-18 12:53:00,712.0,-403.0
2024-05-18 12:54:00,704.0,-381.0
2024-05-18 12:55:00,719.0,-380.0
2024-05-18 12:56:00,711.0,-371.0
2024-05-18 12:57:00,729.0,-391.0
2024-05-18 12:58:00,748.0,-411.0
2024-05-18 12:59:00,712.0,-376.0
2024-05-18 13:00:00,710.0,-370.0
2024-05-18 13:01:00,707.0,-369.0
2024-05-18 13:02:00,685.0,-356.0
2024-05-18 13:03:00,679.0,-354.0
2024-05-18 13:04:00,686.0,-365.0
2024-05-18 13:05:00,687.0,-371.0
2024-05-18 13:06:00,699.0,-375.0
2024-05-18 13:07:00,716.0,-386.0
2024-05-18 13:08:00,717.0,-381.0
2024-05-18 13:09:00,706.0,-375.0
2024-05-18 13:10:00,710.0,-382.0
2024-05-18 13:11:00,681.0,-374.0
2024-05-18 13:12:00,655.0,-376.0
2024-05-18 13:13:00,658.0,-387.0
2024-05-18 13:14:00,668.0,-395.0
2024-05-18 13:15:00,681.0,-398.0
2024-05-18 13:16:00,671.0,-397.0
2024-05-18 13:17:00,650.0,-387.0
2024-05-18 13:18:00,640.0,-382.0
2024-05-18 13:19:00,634.0,-375.0
2024-05-18 13:20:00,637.0,-375.0
2024-05-18 13:21:00,644.0,-384.0
2024-05-18 13:22:00,644.0,-387.0
2024-05-18 13:23:00,653.0,-395.0
2024-05-18 13:24:00,664.0,-401.0
2024-05-18 13:25:00,651.0,-394.0
2024-05-18 13:26:00,644.0,-400.0
2024-05-18 13:27:00,639.0,-407.0
2024-05-18 13:28:00,625.0,-399.0
2024-05-18 13:29:00,600.0,-380.0
2024-05-18 13:30:00,564.0,-349.0
2024-05-18 13:31:00,559.0,-341.0
2024-05-18 13:32:00,574.0,-344.0
2024-05-18 13:33:00,612.0,-374.0
2024-05-18 13:34:00,605.0,-361.0
2024-05-18 13:35:00,605.0,-355.0
2024-05-18 13:36:00,609.0,-356.0
2024-05-18 13:37:00,616.0,-369.0
2024-05-18 13:38:00,596.0,-352.0
2024-05-18 13:39:00,588.0,-345.0
2024-05-18 13:40:00,583.0,-338.0
2024-05-18 13:41:00,582.0,-329.0
2024-05-18 13:42:00,575.0,-323.0
2024-05-18 13:43:00,564.0,-319.0
2024-05-18 13:44:00,552.0,-311.0
2024-05-18 13:45:00,555.0,-311.0
2024-05-18 13:46:00,572.0,-323.0
2024-05-18 13:47:00,588.0,-334.0
2024-05-18 13:48:00,597.0,-341.0
2024-05-18 13:49:00,586.0,-336.0
2024-05-18 13:50:00,565.0,-323.0
2024-05-18 13:51:00,553.0,-317.0
2024-05-18 13:52:00,546.0,-311.0
2024-05-18 13:53:00,540.0,-306.0
2024-05-18 13:54:00,533.0,-297.0
2024-05-18 13:55:00,544.0,-305.0
2024-05-18 13:56:00,578.0,-336.0
2024-05-18 13:57:00,598.0,-358.0
2024-05-18 13:58:00,596.0,-364.0
2024-05-18 13:59:00,597.0,-364.0
2024-05-18 14:00:00,602.0,-359.0
2024-05-18 14:01:00,586.0,-346.0
2024-05-18 14:02:00,559.0,-330.0
2024-05-18 14:03:00,544.0,-316.0
2024-05-18 14:04:00,531.0,-297.0
2024-05-18 14:05:00,513.0,-277.0
2024-05-18 14:06:00,498.0,-264.0
2024-05-18 14:07:00,507.0,-273.0
2024-05-18 14:08:00,521.0,-289.0
2024-05-18 14:09:00,539.0,-305.0
2024-05-18 14:10:00,546.0,-309.0
2024-05-18 14:11:00,545.0,-308.0
2024-05-18 14:12:00,556.0,-317.0
2024-05-18 14:13:00,577.0,-333.0
2024-05-18 14:14:00,589.0,-351.0
2024-05-18 14:15:00,583.0,-348.0
2024-05-18 14:16:00,557.0,-330.0
2024-05-18 14:17:00,541.0,-323.0
2024-05-18 14:18:00,545.0,-335.0
2024-05-18 14:19:00,541.0,-330.0
2024-05-18 14:20:00,543.0,-330.0
2024-05-18 14:21:00,564.0,-345.0
2024-05-18 14:22:00,563.0,-344.0
2024-05-18 14:23:00,560.0,-345.0
2024-05-18 14:24:00,559.0,-347.0
2024-05-18 14:25:00,539.0,-329.0
2024-05-18 14:26:00,523.0,-309.0
2024-05-18 14:27:00,506.0,-291.0
2024-05-18 14:28:00,498.0,-281.0
2024-05-18 14:29:00,510.0,-288.0
2024-05-18 14:30:00,514.0,-291.0
2024-05-18 14:31:00,516.0,-291.0
2024-05-18 14:32:00,503.0,-286.0
2024-05-18 14:33:00,493.0,-282.0
2024-05-18 14:34:00,489.0,-277.0
2024-05-18 14:35:00,487.0,-272.0
2024-05-18 14:36:00,477.0,-256.0
2024-05-18 14:37:00,466.0,-244.0
2024-05-18 14:38:00,484.0,-260.0
2024-05-18 14:39:00,493.0,-267.0
2024-05-18 14:40:00,507.0,-274.0
2024-05-18 14:41:00,534.0,-292.0
2024-05-18 14:42:00,567.0,-316.0
2024-05-18 14:43:00,615.0,-358.0
2024-05-18 14:44:00,645.0,-384.0
2024-05-18 14:45:00,655.0,-389.0
2024-05-18 14:46:00,645.0,-378.0
2024-05-18 14:47:00,636.0,-365.0
2024-05-18 14:48:00,644.0,-364.0
2024-05-18 14:49:00,644.0,-359.0
2024-05-18 14:50:00,637.0,-355.0
2024-05-18 14:51:00,641.0,-367.0
2024-05-18 14:52:00,638.0,-375.0
2024-05-18 14:53:00,643.0,-383.0
2024-05-18 14:54:00,653.0,-389.0
2024-05-18 14:55:00,635.0,-375.0
2024-05-18 14:56:00,627.0,-368.0
2024-05-18 14:57:00,627.0,-368.0
2024-05-18 14:58:00,631.0,-376.0
2024-05-18 14:59:00,616.0,-369.0
2024-05-18 15:00:00,594.0,-349.0
2024-05-18 15:01:00,563.0,-324.0
2024-05-18 15:02:00,534.0,-301.0
2024-05-18 15:03:00,506.0,-280.0
2024-05-18 15:04:00,476.0,-260.0
2024-05-18 15:05:00,445.0,-238.0
2024-05-18 15:06:00,427.0,-220.0
2024-05-18 15:07:00,411.0,-204.0
2024-05-18 15:08:00,408.0,-209.0
2024-05-18 15:09:00,411.0,-218.0
2024-05-18 15:10:00,406.0,-220.0
2024-05-18 15:11:00,400.0,-217.0
2024-05-18 15:12:00,403.0,-216.0
2024-05-18 15:13:00,407.0,-218.0
2024-05-18 15:14:00,414.0,-228.0
2024-05-18 15:15:00,428.0,-244.0
2024-05-18 15:16:00,434.0,-251.0
2024-05-18 15:17:00,430.0,-247.0
2024-05-18 15:18:00,420.0,-235.0
2024-05-18 15:19:00,420.0,-240.0
2024-05-18 15:20:00,408.0,-234.0
2024-05-18 15:21:00,395.0,-228.0
2024-05-18 15:22:00,392.0,-227.0
2024-05-18 15:23:00,391.0,-231.0
2024-05-18 15:24:00,374.0,-224.0
2024-05-18 15:25:00,362.0,-221.0
2024-05-18 15:26:00,364.0,-224.0
2024-05-18 15:27:00,384.0,-244.0
2024-05-18 15:28:00,363.0,-225.0
2024-05-18 15:29:00,333.0,-200.0
2024-05-18 15:30:00,322.0,-197.0
2024-05-18 15:31:00,308.0,-196.0
2024-05-18 15:32:00,315.0,-205.0
2024-05-18 15:33:00,321.0,-210.0
2024-05-18 15:34:00,328.0,-216.0
2024-05-18 15:35:00,333.0,-221.0
2024-05-18 15:36:00,339.0,-226.0
2024-05-18 15:37:00,331.0,-218.0
2024-05-18 15:38:00,325.0,-207.0
2024-05-18 15:39:00,318.0,-196.0
2024-05-18 15:40:00,313.0,-191.0
2024-05-18 15:41:00,304.0,-183.0
2024-05-18 15:42:00,291.0,-174.0
2024-05-18 15:43:00,286.0,-172.0
2024-05-18 15:44:00,275.0,-164.0
2024-05-18 15:45:00,265.0,-155.0
2024-05-18 15:46:00,261.0,-153.0
2024-05-18 15:47:00,260.0,-153.0
2024-05-18 15:48:00,256.0,-152.0
2024-05-18 15:49:00,248.0,-143.0
2024-05-18 15:50:00,242.0,-134.0
2024-05-18 15:51:00,240.0,-134.0
2024-05-18 15:52:00,248.0,-142.0
2024-05-18 15:53:00,256.0,-145.0
2024-05-18 15:54:00,258.0,-146.0
2024-05-18 15:55:00,256.0,-146.0
2024-05-18 15:56:00,254.0,-145.0
2024-05-18 15:57:00,246.0,-139.0
2024-05-18 15:58:00,234.0,-129.0
2024-05-18 15:59:00,224.0,-120.0
2024-05-18 16:00:00,221.0,-115.0
2024-05-18 16:01:00,218.0,-109.0
2024-05-18 16:02:00,213.0,-104.0
2024-05-18 16:03:00,203.0,-95.0
2024-05-18 16:04:00,186.0,-80.0
2024-05-18 16:05:00,180.0,-76.0
2024-05-18 16:06:00,177.0,-75.0
2024-05-18 16:07:00,176.0,-77.0
2024-05-18 16:08:00,176.0,-78.0
2024-05-18 16:09:00,179.0,-82.0
2024-05-18 16:10:00,177.0,-81.0
2024-05-18 16:11:00,172.0,-77.0
2024-05-18 16:12:00,169.0,-76.0
2024-05-18 16:13:00,168.0,-76.0
2024-05-18 16:14:00,166.0,-75.0
2024-05-18 16:15:00,168.0,-79.0
2024-05-18 16:16:00,165.0,-78.0
2024-05-18 16:17:00,160.0,-77.0
2024-05-18 16:18:00,156.0,-75.0
2024-05-18 16:19:00,149.0,-71.0
2024-05-18 16:20:00,150.0,-72.0
2024-05-18 16:21:00,151.0,-77.0
2024-05-18 16:22:00,154.0,-84.0
2024-05-18 16:23:00,159.0,-91.0
2024-05-18 16:24:00,165.0,-100.0
2024-05-18 16:25:00,167.0,-105.0
2024-05-18 16:26:00,162.0,-105.0
2024-05-18 16:27:00,155.0,-101.0
2024-05-18 16:28:00,145.0,-96.0
2024-05-18 16:29:00,138.0,-93.0
2024-05-18 16:30:00,135.0,-92.0
2024-05-18 16:31:00,131.0,-89.0
2024-05-18 16:32:00,142.0,-91.0
2024-05-18 16:33:00,152.0,-94.0
2024-05-18 16:34:00,156.0,-95.0
2024-05-18 16:35:00,140.0,-95.0
2024-05-18 16:36:00,135.0,-91.0
2024-05-18 16:37:00,129.0,-82.0
2024-05-18 16:38:00,120.0,-69.0
2024-05-18 16:39:00,114.0,-57.0
2024-05-18 16:40:00,108.0,-47.0
2024-05-18 16:41:00,103.0,-40.0
2024-05-18 16:42:00,106.0,-39.0
2024-05-18 16:43:00,112.0,-41.0
2024-05-18 16:44:00,119.0,-44.0
2024-05-18 16:45:00,124.0,-47.0
2024-05-18 16:46:00,125.0,-48.0
2024-05-18 16:47:00,122.0,-44.0
2024-05-18 16:48:00,115.0,-32.0
2024-05-18 16:49:00,119.0,-34.0
2024-05-18 16:50:00,117.0,-35.0
2024-05-18 16:51:00,120.0,-37.0
2024-05-18 16:52:00,121.0,-38.0
2024-05-18 16:53:00,123.0,-38.0
2024-05-18 16:54:00,122.0,-38.0
2024-05-18 16:55:00,115.0,-33.0
2024-05-18 16:56:00,113.0,-34.0
2024-05-18 16:57:00,111.0,-34.0
2024-05-18 16:58:00,109.0,-33.0
2024-05-18 16:59:00,105.0,-30.0
2024-05-18 17:00:00,99.0,-27.0
2024-05-18 17:01:00,97.0,-27.0
2024-05-18 17:02:00,92.0,-24.0
2024-05-18 17:03:00,96.0,-28.0
2024-05-18 17:04:00,98.0,-31.0
2024-05-18 17:05:00,98.0,-31.0
2024-05-18 17:06:00,95.0,-27.0
2024-05-18 17:07:00,92.0,-22.0
2024-05-18 17:08:00,90.0,-19.0
2024-05-18 17:09:00,85.0,-14.0
2024-05-18 17:10:00,85.0,-14.0
2024-05-18 17:11:00,84.0,-14.0
2024-05-18 17:12:00,85.0,-16.0
2024-05-18 17:13:00,83.0,-17.0
2024-05-18 17:14:00,81.0,-18.0
2024-05-18 17:15:00,79.0,-21.0
2024-05-18 17:16:00,72.0,-18.0
2024-05-18 17:17:00,65.0,-16.0
2024-05-18 17:18:00,61.0,-16.0
2024-05-18 17:19:00,58.0,-16.0
2024-05-18 17:20:00,58.0,-17.0
2024-05-18 17:21:00,61.0,-19.0
2024-05-18 17:22:00,63.0,-18.0
2024-05-18 17:23:00,68.0,-18.0
2024-05-18 17:24:00,79.0,-29.0
2024-05-18 17:25:00,93.0,-46.0
2024-05-18 17:26:00,92.0,-53.0
2024-05-18 17:27:00,90.0,-56.0
2024-05-18 17:28:00,85.0,-52.0
2024-05-18 17:29:00,68.0,-36.0
2024-05-18 17:30:00,64.0,-32.0
2024-05-18 17:31:00,63.0,-33.0
2024-05-18 17:32:00,63.0,-36.0
2024-05-18 17:33:00,61.0,-36.0
2024-05-18 17:34:00,59.0,-34.0
2024-05-18 17:35:00,57.0,-32.0
2024-05-18 17:36:00,56.0,-30.0
2024-05-18 17:37:00,52.0,-27.0
2024-05-18 17:38:00,51.0,-25.0
2024-05-18 17:39:00,67.0,-39.0
2024-05-18 17:40:00,72.0,-46.0
2024-05-18 17:41:00,88.0,-60.0
2024-05-18 17:42:00,75.0,-48.0
2024-05-18 17:43:00,82.0,-54.0
2024-05-18 17:44:00,87.0,-56.0
2024-05-18 17:45:00,89.0,-57.0
2024-05-18 17:46:00,87.0,-55.0
2024-05-18 17:47:00,82.0,-50.0
2024-05-18 17:48:00,76.0,-45.0
2024-05-18 17:49:00,79.0,-47.0
2024-05-18 17:50:00,75.0,-43.0
2024-05-18 17:51:00,76.0,-43.0
2024-05-18 17:52:00,77.0,-42.0
2024-05-18 17:53:00,82.0,-42.0
2024-05-18 17:54:00,88.0,-45.0
2024-05-18 17:55:00,92.0,-47.0
2024-05-18 17:56:00,93.0,-48.0
2024-05-18 17:57:00,94.0,-56.0
2024-05-18 17:58:00,96.0,-59.0
2024-05-18 17:59:00,98.0,-60.0
2024-05-18 18:00:00,110.0,-64.0
2024-05-18 18:01:00,116.0,-70.0
2024-05-18 18:02:00,128.0,-85.0
2024-05-18 18:03:00,139.0,-94.0
2024-05-18 18:04:00,137.0,-90.0
2024-05-18 18:05:00,131.0,-84.0
2024-05-18 18:06:00,134.0,-87.0
2024-05-18 18:07:00,140.0,-89.0
2024-05-18 18:08:00,126.0,-69.0
2024-05-18 18:09:00,120.0,-64.0
2024-05-18 18:10:00,116.0,-62.0
2024-05-18 18:11:00,111.0,-61.0
2024-05-18 18:12:00,103.0,-58.0
2024-05-18 18:13:00,105.0,-63.0
2024-05-18 18:14:00,103.0,-64.0
2024-05-18 18:15:00,113.0,-70.0
2024-05-18 18:16:00,116.0,-72.0
2024-05-18 18:17:00,120.0,-71.0
2024-05-18 18:18:00,112.0,-65.0
2024-05-18 18:19:00,102.0,-57.0
2024-05-18 18:20:00,95.0,-50.0
2024-05-18 18:21:00,91.0,-46.0
2024-05-18 18:22:00,102.0,-48.0
2024-05-18 18:23:00,99.0,-47.0
2024-05-18 18:24:00,96.0,-49.0
2024-05-18 18:25:00,88.0,-53.0
2024-05-18 18:26:00,93.0,-58.0
2024-05-18 18:27:00,102.0,-62.0
2024-05-18 18:28:00,101.0,-62.0
2024-05-18 18:29:00,95.0,-57.0
2024-05-18 18:30:00,108.0,-56.0
2024-05-18 18:31:00,126.0,-57.0
2024-05-18 18:32:00,138.0,-59.0
2024-05-18 18:33:00,145.0,-61.0
2024-05-18 18:34:00,136.0,-58.0
2024-05-18 18:35:00,124.0,-58.0
2024-05-18 18:36:00,106.0,-55.0
2024-05-18 18:37:00,89.0,-52.0
2024-05-18 18:38:00,80.0,-49.0
2024-05-18 18:39:00,78.0,-48.0
2024-05-18 18:40:00,79.0,-46.0
2024-05-18 18:41:00,81.0,-44.0
2024-05-18 18:42:00,88.0,-46.0
2024-05-18 18:43:00,90.0,-47.0
2024-05-18 18:44:00,91.0,-48.0
2024-05-18 18:45:00,92.0,-52.0
2024-05-18 18:46:00,85.0,-53.0
2024-05-18 18:47:00,75.0,-52.0
2024-05-18 18:48:00,79.0,-52.0
2024-05-18 18:49:00,83.0,-56.0
2024-05-18 18:50:00,85.0,-59.0
2024-05-18 18:51:00,85.0,-61.0
2024-05-18 18:52:00,86.0,-62.0
2024-05-18 18:53:00,88.0,-65.0
2024-05-18 18:54:00,91.0,-68.0
2024-05-18 18:55:00,93.0,-69.0
2024-05-18 18:56:00,93.0,-71.0
2024-05-18 18:57:00,97.0,-72.0
2024-05-18 18:58:00,93.0,-66.0
2024-05-18 18:59:00,89.0,-61.0
2024-05-18 19:00:00,87.0,-58.0
2024-05-18 19:01:00,86.0,-58.0
2024-05-18 19:02:00,87.0,-60.0
2024-05-18 19:03:00,88.0,-61.0
2024-05-18 19:04:00,90.0,-61.0
2024-05-18 19:05:00,89.0,-58.0
2024-05-18 19:06:00,87.0,-54.0
2024-05-18 19:07:00,85.0,-51.0
2024-05-18 19:08:00,80.0,-47.0
2024-05-18 19:09:00,74.0,-42.0
2024-05-18 19:10:00,67.0,-37.0
2024-05-18 19:11:00,60.0,-34.0
2024-05-18 19:12:00,53.0,-30.0
2024-05-18 19:13:00,57.0,-34.0
2024-05-18 19:14:00,66.0,-41.0
2024-05-18 19:15:00,69.0,-43.0
2024-05-18 19:16:00,60.0,-32.0
2024-05-18 19:17:00,46.0,-17.0
2024-05-18 19:18:00,49.0,-19.0
2024-05-18 19:19:00,58.0,-27.0
2024-05-18 19:20:00,64.0,-33.0
2024-05-18 19:21:00,69.0,-38.0
2024-05-18 19:22:00,71.0,-38.0
2024-05-18 19:23:00,73.0,-39.0
2024-05-18 19:24:00,82.0,-46.0
2024-05-18 19:25:00,82.0,-45.0
2024-05-18 19:26:00,88.0,-50.0
2024-05-18 19:27:00,87.0,-46.0
2024-05-18 19:28:00,76.0,-36.0
2024-05-18 19:29:00,80.0,-40.0
2024-05-18 19:30:00,84.0,-44.0
2024-05-18 19:31:00,84.0,-43.0
2024-05-18 19:32:00,85.0,-43.0
2024-05-18 19:33:00,96.0,-52.0
2024-05-18 19:34:00,89.0,-46.0
2024-05-18 19:35:00,102.0,-58.0
2024-05-18 19:36:00,128.0,-84.0
2024-05-18 19:37:00,134.0,-92.0
2024-05-18 19:38:00,119.0,-78.0
2024-05-18 19:39:00,91.0,-52.0
2024-05-18 19:40:00,88.0,-51.0
2024-05-18 19:41:00,89.0,-49.0
2024-05-18 19:42:00,91.0,-49.0
2024-05-18 19:43:00,87.0,-46.0
2024-05-18 19:44:00,82.0,-42.0
2024-05-18 19:45:00,84.0,-43.0
2024-05-18 19:46:00,109.0,-66.0
2024-05-18 19:47:00,125.0,-80.0
2024-05-18 19:48:00,121.0,-75.0
2024-05-18 19:49:00,102.0,-56.0
2024-05-18 19:50:00,78.0,-32.0
2024-05-18 19:51:00,74.0,-30.0
2024-05-18 19:52:00,69.0,-27.0
2024-05-18 19:53:00,67.0,-26.0
2024-05-18 19:54:00,68.0,-25.0
2024-05-18 19:55:00,78.0,-32.0
2024-05-18 19:56:00,80.0,-33.0
2024-05-18 19:57:00,81.0,-33.0
2024-05-18 19:58:00,85.0,-37.0
2024-05-18 19:59:00,96.0,-49.0
2024-05-18 20:00:00,112.0,-64.0
2024-05-18 20:01:00,129.0,-79.0
2024-05-18 20:02:00,137.0,-86.0
2024-05-18 20:03:00,131.0,-78.0
2024-05-18 20:04:00,115.0,-60.0
2024-05-18 20:05:00,103.0,-48.0
2024-05-18 20:06:00,110.0,-56.0
2024-05-18 20:07:00,123.0,-70.0
2024-05-18 20:08:00,134.0,-79.0
2024-05-18 20:09:00,131.0,-72.0
2024-05-18 20:10:00,120.0,-58.0
2024-05-18 20:11:00,106.0,-44.0
2024-05-18 20:12:00,96.0,-36.0
2024-05-18 20:13:00,93.0,-36.0
2024-05-18 20:14:00,103.0,-47.0
2024-05-18 20:15:00,118.0,-58.0
2024-05-18 20:16:00,123.0,-61.0
2024-05-18 20:17:00,119.0,-56.0
2024-05-18 20:18:00,116.0,-52.0
2024-05-18 20:19:00,118.0,-55.0
2024-05-18 20:20:00,123.0,-63.0
2024-05-18 20:21:00,132.0,-74.0
2024-05-18 20:22:00,135.0,-78.0
2024-05-18 20:23:00,130.0,-73.0
2024-05-18 20:24:00,127.0,-71.0
2024-05-18 20:25:00,128.0,-72.0
2024-05-18 20:26:00,136.0,-80.0
2024-05-18 20:27:00,145.0,-88.0
2024-05-18 20:28:00,139.0,-85.0
2024-05-18 20:29:00,127.0,-77.0
2024-05-18 20:30:00,124.0,-73.0
2024-05-18 20:31:00,112.0,-62.0
2024-05-18 20:32:00,102.0,-54.0
2024-05-18 20:33:00,101.0,-51.0
2024-05-18 20:34:00,104.0,-54.0
2024-05-18 20:35:00,110.0,-62.0
2024-05-18 20:36:00,114.0,-66.0
2024-05-18 20:37:00,116.0,-65.0
2024-05-18 20:38:00,116.0,-62.0
2024-05-18 20:39:00,112.0,-59.0
2024-05-18 20:40:00,111.0,-56.0
2024-05-18 20:41:00,108.0,-52.0
2024-05-18 20:42:00,104.0,-50.0
2024-05-18 20:43:00,102.0,-48.0
2024-05-18 20:44:00,99.0,-46.0
2024-05-18 20:45:00,97.0,-45.0
2024-05-18 20:46:00,95.0,-45.0
2024-05-18 20:47:00,95.0,-43.0
2024-05-18 20:48:00,94.0,-41.0
2024-05-18 20:49:00,88.0,-36.0
2024-05-18 20:50:00,90.0,-38.0
2024-05-18 20:51:00,91.0,-40.0
2024-05-18 20:52:00,94.0,-44.0
2024-05-18 20:53:00,96.0,-45.0
2024-05-18 20:54:00,97.0,-43.0
2024-05-18 20:55:00,105.0,-52.0
2024-05-18 20:56:00,132.0,-80.0
2024-05-18 20:57:00,153.0,-104.0
2024-05-18 20:58:00,190.0,-136.0
2024-05-18 20:59:00,208.0,-157.0
2024-05-18 21:00:00,199.0,-156.0
2024-05-18 21:01:00,216.0,-165.0
2024-05-18 21:02:00,229.0,-176.0
2024-05-18 21:03:00,234.0,-184.0
2024-05-18 21:04:00,214.0,-164.0
2024-05-18 21:05:00,208.0,-156.0
2024-05-18 21:06:00,198.0,-152.0
2024-05-18 21:07:00,206.0,-159.0
2024-05-18 21:08:00,217.0,-169.0
2024-05-18 21:09:00,219.0,-170.0
2024-05-18 21:10:00,222.0,-170.0
2024-05-18 21:11:00,215.0,-164.0
2024-05-18 21:12:00,212.0,-168.0
2024-05-18 21:13:00,230.0,-189.0
2024-05-18 21:14:00,232.0,-191.0
2024-05-18 21:15:00,227.0,-186.0
2024-05-18 21:16:00,218.0,-179.0
2024-05-18 21:17:00,208.0,-170.0
2024-05-18 21:18:00,210.0,-168.0
2024-05-18 21:19:00,217.0,-171.0
2024-05-18 21:20:00,225.0,-181.0
2024-05-18 21:21:00,227.0,-187.0
2024-05-18 21:22:00,227.0,-185.0
2024-05-18 21:23:00,225.0,-180.0
2024-05-18 21:24:00,223.0,-172.0
2024-05-18 21:25:00,227.0,-169.0
2024-05-18 21:26:00,232.0,-171.0
2024-05-18 21:27:00,228.0,-166.0
2024-05-18 21:28:00,231.0,-166.0
2024-05-18 21:29:00,230.0,-163.0
2024-05-18 21:30:00,228.0,-163.0
2024-05-18 21:31:00,223.0,-160.0
2024-05-18 21:32:00,221.0,-157.0
2024-05-18 21:33:00,219.0,-154.0
2024-05-18 21:34:00,218.0,-153.0
2024-05-18 21:35:00,219.0,-152.0
2024-05-18 21:36:00,219.0,-150.0
2024-05-18 21:37:00,213.0,-145.0
2024-05-18 21:38:00,209.0,-143.0
2024-05-18 21:39:00,206.0,-141.0
2024-05-18 21:40:00,203.0,-138.0
2024-05-18 21:41:00,198.0,-133.0
2024-05-18 21:42:00,194.0,-130.0
2024-05-18 21:43:00,187.0,-126.0
2024-05-18 21:44:00,181.0,-120.0
2024-05-18 21:45:00,179.0,-116.0
2024-05-18 21:46:00,177.0,-113.0
2024-05-18 21:47:00,177.0,-113.0
2024-05-18 21:48:00,174.0,-111.0
2024-05-18 21:49:00,170.0,-109.0
2024-05-18 21:50:00,168.0,-107.0
2024-05-18 21:51:00,165.0,-105.0
2024-05-18 21:52:00,162.0,-102.0
2024-05-18 21:53:00,157.0,-97.0
2024-05-18 21:54:00,155.0,-97.0
2024-05-18 21:55:00,150.0,-93.0
2024-05-18 21:56:00,148.0,-91.0
2024-05-18 21:57:00,148.0,-90.0
2024-05-18 21:58:00,150.0,-90.0
2024-05-18 21:59:00,150.0,-90.0
2024-05-18 22:00:00,149.0,-90.0
2024-05-18 22:01:00,146.0,-88.0
2024-05-18 22:02:00,142.0,-86.0
2024-05-18 22:03:00,137.0,-83.0
2024-05-18 22:04:00,136.0,-82.0
2024-05-18 22:05:00,135.0,-81.0
2024-05-18 22:06:00,132.0,-80.0
2024-05-18 22:07:00,129.0,-78.0
2024-05-18 22:08:00,127.0,-77.0
2024-05-18 22:09:00,128.0,-77.0
2024-05-18 22:10:00,127.0,-77.0
2024-05-18 22:11:00,126.0,-76.0
2024-05-18 22:12:00,126.0,-76.0
2024-05-18 22:13:00,122.0,-72.0
2024-05-18 22:14:00,120.0,-70.0
2024-05-18 22:15:00,116.0,-68.0
2024-05-18 22:16:00,115.0,-68.0
2024-05-18 22:17:00,114.0,-67.0
2024-05-18 22:18:00,112.0,-66.0
2024-05-18 22:19:00,110.0,-64.0
2024-05-18 22:20:00,108.0,-64.0
2024-05-18 22:21:00,107.0,-64.0
2024-05-18 22:22:00,107.0,-64.0
2024-05-18 22:23:00,103.0,-61.0
2024-05-18 22:24:00,100.0,-61.0
2024-05-18 22:25:00,95.0,-58.0
2024-05-18 22:26:00,93.0,-56.0
2024-05-18 22:27:00,95.0,-57.0
2024-05-18 22:28:00,97.0,-58.0
2024-05-18 22:29:00,96.0,-58.0
2024-05-18 22:30:00,92.0,-55.0
2024-05-18 22:31:00,91.0,-52.0
2024-05-18 22:32:00,91.0,-49.0
2024-05-18 22:33:00,91.0,-48.0
2024-05-18 22:34:00,87.0,-46.0
2024-05-18 22:35:00,84.0,-46.0
2024-05-18 22:36:00,85.0,-46.0
2024-05-18 22:37:00,88.0,-47.0
2024-05-18 22:38:00,92.0,-48.0
2024-05-18 22:39:00,89.0,-44.0
2024-05-18 22:40:00,87.0,-43.0
2024-05-18 22:41:00,83.0,-42.0
2024-05-18 22:42:00,82.0,-44.0
2024-05-18 22:43:00,81.0,-45.0
2024-05-18 22:44:00,81.0,-45.0
2024-05-18 22:45:00,78.0,-42.0
2024-05-18 22:46:00,74.0,-38.0
2024-05-18 22:47:00,74.0,-38.0
2024-05-18 22:48:00,78.0,-41.0
2024-05-18 22:49:00,82.0,-42.0
2024-05-18 22:50:00,88.0,-42.0
2024-05-18 22:51:00,92.0,-43.0
2024-05-18 22:52:00,94.0,-45.0
2024-05-18 22:53:00,90.0,-44.0
2024-05-18 22:54:00,86.0,-42.0
2024-05-18 22:55:00,81.0,-39.0
2024-05-18 22:56:00,83.0,-36.0
2024-05-18 22:57:00,84.0,-35.0
2024-05-18 22:58:00,86.0,-34.0
2024-05-18 22:59:00,87.0,-35.0
2024-05-18 23:00:00,83.0,-35.0
2024-05-18 23:01:00,83.0,-37.0
2024-05-18 23:02:00,81.0,-39.0
2024-05-18 23:03:00,77.0,-38.0
2024-05-18 23:04:00,76.0,-37.0
2024-05-18 23:05:00,77.0,-36.0
2024-05-18 23:06:00,75.0,-33.0
2024-05-18 23:07:00,73.0,-32.0
2024-05-18 23:08:00,70.0,-30.0
2024-05-18 23:09:00,71.0,-30.0
2024-05-18 23:10:00,70.0,-30.0
2024-05-18 23:11:00,70.0,-32.0
2024-05-18 23:12:00,69.0,-33.0
2024-05-18 23:13:00,65.0,-32.0
2024-05-18 23:14:00,64.0,-31.0
2024-05-18 23:15:00,63.0,-29.0
2024-05-18 23:16:00,62.0,-26.0
2024-05-18 23:17:00,63.0,-25.0
2024-05-18 23:18:00,63.0,-24.0
2024-05-18 23:19:00,65.0,-25.0
2024-05-18 23:20:00,69.0,-27.0
2024-05-18 23:21:00,75.0,-29.0
2024-05-18 23:22:00,79.0,-31.0
2024-05-18 23:23:00,79.0,-31.0
2024-05-18 23:24:00,76.0,-29.0
2024-05-18 23:25:00,75.0,-28.0
2024-05-18 23:26:00,77.0,-29.0
2024-05-18 23:27:00,77.0,-30.0
2024-05-18 23:28:00,73.0,-30.0
2024-05-18 23:29:00,69.0,-29.0
2024-05-18 23:30:00,67.0,-28.0
2024-05-18 23:31:00,68.0,-24.0
2024-05-18 23:32:00,71.0,-24.0
2024-05-18 23:33:00,72.0,-25.0
2024-05-18 23:34:00,72.0,-25.0
2024-05-18 23:35:00,77.0,-27.0
2024-05-18 23:36:00,83.0,-29.0
2024-05-18 23:37:00,85.0,-31.0
2024-05-18 23:38:00,82.0,-29.0
2024-05-18 23:39:00,82.0,-29.0
2024-05-18 23:40:00,77.0,-27.0
2024-05-18 23:41:00,71.0,-26.0
2024-05-18 23:42:00,68.0,-26.0
2024-05-18 23:43:00,67.0,-25.0
2024-05-18 23:44:00,69.0,-25.0
2024-05-18 23:45:00,69.0,-25.0
2024-05-18 23:46:00,68.0,-26.0
2024-05-18 23:47:00,67.0,-27.0
2024-05-18 23:48:00,66.0,-28.0
2024-05-18 23:49:00,66.0,-28.0
2024-05-18 23:50:00,65.0,-28.0
2024-05-18 23:51:00,65.0,-28.0
2024-05-18 23:52:00,64.0,-28.0
2024-05-18 23:53:00,64.0,-29.0
2024-05-18 23:54:00,64.0,-29.0
2024-05-18 23:55:00,64.0,-30.0
2024-05-18 23:56:00,64.0,-30.0
2024-05-18 23:57:00,63.0,-29.0
2024-05-18 23:58:00,62.0,-28.0
2024-05-18 23:59:00,61.0,-28.0
2024-05-19 00:00:00,59.0,-27.0
2024-05-19 00:01:00,57.0,-27.0
2024-05-19 00:02:00,57.0,-28.0
2024-05-19 00:03:00,57.0,-28.0
2024-05-19 00:04:00,57.0,-28.0
2024-05-19 00:05:00,56.0,-27.0
2024-05-19 00:06:00,56.0,-26.0
2024-05-19 00:07:00,56.0,-25.0
2024-05-19 00:08:00,55.0,-24.0
2024-05-19 00:09:00,51.0,-23.0
2024-05-19 00:10:00,49.0,-22.0
2024-05-19 00:11:00,48.0,-22.0
2024-05-19 00:12:00,48.0,-22.0
2024-05-19 00:13:00,50.0,-23.0
2024-05-19 00:14:00,51.0,-22.0
2024-05-19 00:15:00,51.0,-21.0
2024-05-19 00:16:00,51.0,-20.0
2024-05-19 00:17:00,51.0,-19.0
2024-05-19 00:18:00,49.0,-18.0
2024-05-19 00:19:00,47.0,-17.0
2024-05-19 00:20:00,47.0,-18.0
2024-05-19 00:21:00,50.0,-20.0
2024-05-19 00:22:00,51.0,-21.0
2024-05-19 00:23:00,52.0,-21.0
2024-05-19 00:24:00,55.0,-21.0
2024-05-19 00:25:00,53.0,-21.0
2024-05-19 00:26:00,51.0,-19.0
2024-05-19 00:27:00,51.0,-19.0
2024-05-19 00:28:00,50.0,-18.0
2024-05-19 00:29:00,51.0,-19.0
2024-05-19 00:30:00,54.0,-21.0
2024-05-19 00:31:00,57.0,-23.0
2024-05-19 00:32:00,56.0,-22.0
2024-05-19 00:33:00,54.0,-19.0
2024-05-19 00:34:00,56.0,-20.0
2024-05-19 00:35:00,58.0,-22.0
2024-05-19 00:36:00,58.0,-24.0
2024-05-19 00:37:00,60.0,-25.0
2024-05-19 00:38:00,60.0,-23.0
2024-05-19 00:39:00,59.0,-23.0
2024-05-19 00:40:00,59.0,-23.0
2024-05-19 00:41:00,58.0,-24.0
2024-05-19 00:42:00,58.0,-26.0
2024-05-19 00:43:00,56.0,-25.0
2024-05-19 00:44:00,55.0,-22.0
2024-05-19 00:45:00,56.0,-23.0
2024-05-19 00:46:00,57.0,-26.0
2024-05-19 00:47:00,54.0,-26.0
2024-05-19 00:48:00,53.0,-25.0
2024-05-19 00:49:00,50.0,-23.0
2024-05-19 00:50:00,52.0,-25.0
2024-05-19 00:51:00,54.0,-27.0
2024-05-19 00:52:00,54.0,-26.0
2024-05-19 00:53:00,53.0,-24.0
2024-05-19 00:54:00,56.0,-25.0
2024-05-19 00:55:00,57.0,-25.0
2024-05-19 00:56:00,64.0,-27.0
2024-05-19 00:57:00,68.0,-28.0
2024-05-19 00:58:00,63.0,-23.0
2024-05-19 00:59:00,60.0,-21.0
2024-05-19 01:00:00,61.0,-22.0
2024-05-19 01:01:00,62.0,-24.0
2024-05-19 01:02:00,62.0,-26.0
2024-05-19 01:03:00,62.0,-28.0
2024-05-19 01:04:00,67.0,-31.0
2024-05-19 01:05:00,71.0,-32.0
2024-05-19 01:06:00,75.0,-33.0
2024-05-19 01:07:00,83.0,-36.0
2024-05-19 01:08:00,85.0,-37.0
2024-05-19 01:09:00,81.0,-34.0
2024-05-19 01:10:00,80.0,-34.0
2024-05-19 01:11:00,82.0,-35.0
2024-05-19 01:12:00,85.0,-36.0
2024-05-19 01:13:00,82.0,-34.0
2024-05-19 01:14:00,79.0,-31.0
2024-05-19 01:15:00,86.0,-35.0
2024-05-19 01:16:00,92.0,-39.0
2024-05-19 01:17:00,92.0,-39.0
2024-05-19 01:18:00,94.0,-42.0
2024-05-19 01:19:00,92.0,-40.0
2024-05-19 01:20:00,87.0,-36.0
2024-05-19 01:21:00,86.0,-35.0
2024-05-19 01:22:00,91.0,-36.0
2024-05-19 01:23:00,100.0,-41.0
2024-05-19 01:24:00,105.0,-45.0
2024-05-19 01:25:00,106.0,-46.0
2024-05-19 01:26:00,107.0,-45.0
2024-05-19 01:27:00,107.0,-45.0
2024-05-19 01:28:00,107.0,-46.0
2024-05-19 01:29:00,110.0,-48.0
2024-05-19 01:30:00,116.0,-50.0
2024-05-19 01:31:00,121.0,-53.0
2024-05-19 01:32:00,120.0,-53.0
2024-05-19 01:33:00,115.0,-49.0
2024-05-19 01:34:00,110.0,-47.0
2024-05-19 01:35:00,114.0,-48.0
2024-05-19 01:36:00,122.0,-55.0
2024-05-19 01:37:00,127.0,-60.0
2024-05-19 01:38:00,121.0,-54.0
2024-05-19 01:39:00,118.0,-53.0
2024-05-19 01:40:00,118.0,-49.0
2024-05-19 01:41:00,122.0,-46.0
2024-05-19 01:42:00,128.0,-45.0
2024-05-19 01:43:00,125.0,-45.0
2024-05-19 01:44:00,127.0,-53.0
2024-05-19 01:45:00,123.0,-54.0
2024-05-19 01:46:00,126.0,-54.0
2024-05-19 01:47:00,129.0,-55.0
2024-05-19 01:48:00,121.0,-46.0
2024-05-19 01:49:00,122.0,-48.0
2024-05-19 01:50:00,120.0,-42.0
2024-05-19 01:51:00,121.0,-40.0
2024-05-19 01:52:00,121.0,-39.0
2024-05-19 01:53:00,121.0,-41.0
2024-05-19 01:54:00,119.0,-41.0
2024-05-19 01:55:00,116.0,-41.0
2024-05-19 01:56:00,116.0,-42.0
2024-05-19 01:57:00,117.0,-43.0
2024-05-19 01:58:00,116.0,-41.0
2024-05-19 01:59:00,113.0,-38.0
2024-05-19 02:00:00,108.0,-35.0
2024-05-19 02:01:00,105.0,-33.0
2024-05-19 02:02:00,105.0,-34.0
2024-05-19 02:03:00,107.0,-35.0
2024-05-19 02:04:00,110.0,-35.0
2024-05-19 02:05:00,114.0,-34.0
2024-05-19 02:06:00,124.0,-38.0
2024-05-19 02:07:00,130.0,-42.0
2024-05-19 02:08:00,132.0,-44.0
2024-05-19 02:09:00,131.0,-44.0
2024-05-19 02:10:00,127.0,-41.0
2024-05-19 02:11:00,127.0,-41.0
2024-05-19 02:12:00,128.0,-42.0
2024-05-19 02:13:00,132.0,-43.0
2024-05-19 02:14:00,134.0,-43.0
2024-05-19 02:15:00,136.0,-44.0
2024-05-19 02:16:00,131.0,-39.0
2024-05-19 02:17:00,129.0,-39.0
2024-05-19 02:18:00,130.0,-43.0
2024-05-19 02:19:00,136.0,-45.0
2024-05-19 02:20:00,141.0,-42.0
2024-05-19 02:21:00,142.0,-41.0
2024-05-19 02:22:00,149.0,-41.0
2024-05-19 02:23:00,159.0,-45.0
2024-05-19 02:24:00,159.0,-46.0
2024-05-19 02:25:00,167.0,-48.0
2024-05-19 02:26:00,178.0,-50.0
2024-05-19 02:27:00,193.0,-55.0
2024-05-19 02:28:00,198.0,-58.0
2024-05-19 02:29:00,201.0,-59.0
2024-05-19 02:30:00,213.0,-63.0
2024-05-19 02:31:00,221.0,-64.0
2024-05-19 02:32:00,228.0,-66.0
2024-05-19 02:33:00,242.0,-73.0
2024-05-19 02:34:00,254.0,-85.0
2024-05-19 02:35:00,256.0,-93.0
2024-05-19 02:36:00,264.0,-104.0
2024-05-19 02:37:00,268.0,-100.0
2024-05-19 02:38:00,277.0,-95.0
2024-05-19 02:39:00,279.0,-94.0
2024-05-19 02:40:00,280.0,-93.0
2024-05-19 02:41:00,290.0,-97.0
2024-05-19 02:42:00,289.0,-97.0
2024-05-19 02:43:00,287.0,-98.0
2024-05-19 02:44:00,284.0,-97.0
2024-05-19 02:45:00,282.0,-96.0
2024-05-19 02:46:00,285.0,-100.0
2024-05-19 02:47:00,288.0,-104.0
2024-05-19 02:48:00,283.0,-100.0
2024-05-19 02:49:00,285.0,-104.0
2024-05-19 02:50:00,288.0,-103.0
2024-05-19 02:51:00,296.0,-103.0
2024-05-19 02:52:00,299.0,-104.0
2024-05-19 02:53:00,310.0,-110.0
2024-05-19 02:54:00,312.0,-108.0
2024-05-19 02:55:00,331.0,-123.0
2024-05-19 02:56:00,351.0,-141.0
2024-05-19 02:57:00,371.0,-159.0
2024-05-19 02:58:00,385.0,-159.0
2024-05-19 02:59:00,409.0,-167.0
2024-05-19 03:00:00,429.0,-176.0
2024-05-19 03:01:00,447.0,-187.0
2024-05-19 03:02:00,455.0,-190.0
2024-05-19 03:03:00,476.0,-202.0
2024-05-19 03:04:00,492.0,-215.0
2024-05-19 03:05:00,484.0,-214.0
2024-05-19 03:06:00,487.0,-221.0
2024-05-19 03:07:00,494.0,-228.0
2024-05-19 03:08:00,514.0,-252.0
2024-05-19 03:09:00,522.0,-260.0
2024-05-19 03:10:00,526.0,-263.0
2024-05-19 03:11:00,546.0,-287.0
2024-05-19 03:12:00,575.0,-318.0
2024-05-19 03:13:00,569.0,-318.0
2024-05-19 03:14:00,561.0,-315.0
2024-05-19 03:15:00,570.0,-331.0
2024-05-19 03:16:00,566.0,-336.0
2024-05-19 03:17:00,545.0,-327.0
2024-05-19 03:18:00,541.0,-324.0
2024-05-19 03:19:00,545.0,-327.0
2024-05-19 03:20:00,561.0,-352.0
2024-05-19 03:21:00,553.0,-357.0
2024-05-19 03:22:00,563.0,-371.0
2024-05-19 03:23:00,568.0,-378.0
2024-05-19 03:24:00,576.0,-380.0
2024-05-19 03:25:00,576.0,-378.0
2024-05-19 03:26:00,568.0,-364.0
2024-05-19 03:27:00,566.0,-363.0
2024-05-19 03:28:00,563.0,-365.0
2024-05-19 03:29:00,565.0,-367.0
2024-05-19 03:30:00,567.0,-366.0
2024-05-19 03:31:00,582.0,-375.0
2024-05-19 03:32:00,584.0,-381.0
2024-05-19 03:33:00,581.0,-377.0
2024-05-19 03:34:00,581.0,-370.0
2024-05-19 03:35:00,576.0,-368.0
2024-05-19 03:36:00,568.0,-368.0
2024-05-19 03:37:00,558.0,-361.0
2024-05-19 03:38:00,577.0,-365.0
2024-05-19 03:39:00,566.0,-345.0
2024-05-19 03:40:00,562.0,-334.0
2024-05-19 03:41:00,547.0,-313.0
2024-05-19 03:42:00,545.0,-304.0
2024-05-19 03:43:00,536.0,-285.0
2024-05-19 03:44:00,532.0,-275.0
2024-05-19 03:45:00,516.0,-266.0
2024-05-19 03:46:00,515.0,-272.0
2024-05-19 03:47:00,506.0,-268.0
2024-05-19 03:48:00,500.0,-276.0
2024-05-19 03:49:00,488.0,-264.0
2024-05-19 03:50:00,496.0,-263.0
2024-05-19 03:51:00,474.0,-241.0
2024-05-19 03:52:00,460.0,-233.0
2024-05-19 03:53:00,447.0,-226.0
2024-05-19 03:54:00,443.0,-231.0
2024-05-19 03:55:00,434.0,-239.0
2024-05-19 03:56:00,428.0,-246.0
2024-05-19 03:57:00,422.0,-252.0
2024-05-19 03:58:00,425.0,-253.0
2024-05-19 03:59:00,432.0,-252.0
2024-05-19 04:00:00,432.0,-249.0
2024-05-19 04:01:00,439.0,-244.0
2024-05-19 04:02:00,428.0,-242.0
2024-05-19 04:03:00,422.0,-240.0
2024-05-19 04:04:00,418.0,-235.0
2024-05-19 04:05:00,438.0,-240.0
2024-05-19 04:06:00,459.0,-252.0
2024-05-19 04:07:00,454.0,-242.0
2024-05-19 04:08:00,445.0,-236.0
2024-05-19 04:09:00,430.0,-244.0
2024-05-19 04:10:00,425.0,-248.0
2024-05-19 04:11:00,421.0,-243.0
2024-05-19 04:12:00,417.0,-240.0
2024-05-19 04:13:00,425.0,-239.0
2024-05-19 04:14:00,415.0,-229.0
2024-05-19 04:15:00,410.0,-223.0
2024-05-19 04:16:00,412.0,-223.0
2024-05-19 04:17:00,418.0,-229.0
2024-05-19 04:18:00,424.0,-234.0
2024-05-19 04:19:00,426.0,-244.0
2024-05-19 04:20:00,429.0,-248.0
2024-05-19 04:21:00,435.0,-251.0
2024-05-19 04:22:00,438.0,-253.0
2024-05-19 04:23:00,429.0,-246.0
2024-05-19 04:24:00,429.0,-245.0
2024-05-19 04:25:00,437.0,-251.0
2024-05-19 04:26:00,431.0,-241.0
2024-05-19 04:27:00,415.0,-225.0
2024-05-19 04:28:00,427.0,-229.0
2024-05-19 04:29:00,444.0,-229.0
2024-05-19 04:30:00,451.0,-221.0
2024-05-19 04:31:00,477.0,-220.0
2024-05-19 04:32:00,485.0,-220.0
2024-05-19 04:33:00,480.0,-213.0
2024-05-19 04:34:00,484.0,-214.0
2024-05-19 04:35:00,484.0,-217.0
2024-05-19 04:36:00,469.0,-218.0
2024-05-19 04:37:00,447.0,-218.0
2024-05-19 04:38:00,442.0,-225.0
2024-05-19 04:39:00,423.0,-217.0
2024-05-19 04:40:00,431.0,-224.0
2024-05-19 04:41:00,429.0,-210.0
2024-05-19 04:42:00,415.0,-196.0
2024-05-19 04:43:00,410.0,-202.0
2024-05-19 04:44:00,402.0,-199.0
2024-05-19 04:45:00,411.0,-195.0
2024-05-19 04:46:00,434.0,-184.0
2024-05-19 04:47:00,442.0,-175.0
2024-05-19 04:48:00,441.0,-173.0
2024-05-19 04:49:00,428.0,-170.0
2024-05-19 04:50:00,403.0,-160.0
2024-05-19 04:51:00,383.0,-150.0
2024-05-19 04:52:00,379.0,-143.0
2024-05-19 04:53:00,372.0,-136.0
2024-05-19 04:54:00,365.0,-135.0
2024-05-19 04:55:00,356.0,-124.0
2024-05-19 04:56:00,341.0,-118.0
2024-05-19 04:57:00,333.0,-113.0
2024-05-19 04:58:00,327.0,-104.0
2024-05-19 04:59:00,346.0,-107.0
2024-05-19 05:00:00,344.0,-110.0
2024-05-19 05:01:00,326.0,-112.0
2024-05-19 05:02:00,315.0,-112.0
2024-05-19 05:03:00,301.0,-113.0
2024-05-19 05:04:00,293.0,-109.0
2024-05-19 05:05:00,299.0,-111.0
2024-05-19 05:06:00,290.0,-106.0
2024-05-19 05:07:00,287.0,-108.0
2024-05-19 05:08:00,293.0,-111.0
2024-05-19 05:09:00,311.0,-118.0
2024-05-19 05:10:00,310.0,-123.0
2024-05-19 05:11:00,301.0,-119.0
2024-05-19 05:12:00,292.0,-124.0
2024-05-19 05:13:00,299.0,-127.0
2024-05-19 05:14:00,318.0,-127.0
2024-05-19 05:15:00,327.0,-130.0
2024-05-19 05:16:00,347.0,-135.0
2024-05-19 05:17:00,340.0,-133.0
2024-05-19 05:18:00,340.0,-130.0
2024-05-19 05:19:00,348.0,-132.0
2024-05-19 05:20:00,325.0,-124.0
2024-05-19 05:21:00,316.0,-117.0
2024-05-19 05:22:00,326.0,-117.0
2024-05-19 05:23:00,332.0,-117.0
2024-05-19 05:24:00,333.0,-109.0
2024-05-19 05:25:00,332.0,-106.0
2024-05-19 05:26:00,331.0,-105.0
2024-05-19 05:27:00,331.0,-103.0
2024-05-19 05:28:00,312.0,-98.0
2024-05-19 05:29:00,299.0,-92.0
2024-05-19 05:30:00,293.0,-90.0
2024-05-19 05:31:00,295.0,-89.0
2024-05-19 05:32:00,297.0,-88.0
2024-05-19 05:33:00,296.0,-86.0
2024-05-19 05:34:00,301.0,-87.0
2024-05-19 05:35:00,307.0,-88.0
2024-05-19 05:36:00,314.0,-87.0
2024-05-19 05:37:00,317.0,-83.0
2024-05-19 05:38:00,309.0,-81.0
2024-05-19 05:39:00,300.0,-83.0
2024-05-19 05:40:00,297.0,-85.0
2024-05-19 05:41:00,292.0,-86.0
2024-05-19 05:42:00,290.0,-85.0
2024-05-19 05:43:00,281.0,-80.0
2024-05-19 05:44:00,285.0,-75.0
2024-05-19 05:45:00,282.0,-70.0
2024-05-19 05:46:00,280.0,-70.0
2024-05-19 05:47:00,273.0,-73.0
2024-05-19 05:48:00,263.0,-74.0
2024-05-19 05:49:00,267.0,-76.0
2024-05-19 05:50:00,266.0,-78.0
2024-05-19 05:51:00,267.0,-80.0
2024-05-19 05:52:00,269.0,-81.0
2024-05-19 05:53:00,265.0,-75.0
2024-05-19 05:54:00,272.0,-80.0
2024-05-19 05:55:00,265.0,-79.0
2024-05-19 05:56:00,259.0,-81.0
2024-05-19 05:57:00,258.0,-82.0
2024-05-19 05:58:00,283.0,-89.0
2024-05-19 05:59:00,289.0,-89.0
2024-05-19 06:00:00,291.0,-91.0
2024-05-19 06:01:00,292.0,-94.0
2024-05-19 06:02:00,280.0,-93.0
2024-05-19 06:03:00,281.0,-98.0
2024-05-19 06:04:00,284.0,-99.0
2024-05-19 06:05:00,282.0,-96.0
2024-05-19 06:06:00,272.0,-92.0
2024-05-19 06:07:00,270.0,-90.0
2024-05-19 06:08:00,256.0,-82.0
2024-05-19 06:09:00,255.0,-79.0
2024-05-19 06:10:00,264.0,-81.0
2024-05-19 06:11:00,268.0,-83.0
2024-05-19 06:12:00,266.0,-84.0
2024-05-19 06:13:00,254.0,-80.0
2024-05-19 06:14:00,250.0,-77.0
2024-05-19 06:15:00,252.0,-74.0
2024-05-19 06:16:00,239.0,-71.0
2024-05-19 06:17:00,231.0,-70.0
2024-05-19 06:18:00,231.0,-69.0
2024-05-19 06:19:00,224.0,-66.0
2024-05-19 06:20:00,224.0,-63.0
2024-05-19 06:21:00,219.0,-62.0
2024-05-19 06:22:00,214.0,-63.0
2024-05-19 06:23:00,212.0,-63.0
2024-05-19 06:24:00,211.0,-63.0
2024-05-19 06:25:00,215.0,-65.0
2024-05-19 06:26:00,224.0,-66.0
2024-05-19 06:27:00,221.0,-65.0
2024-05-19 06:28:00,227.0,-64.0
2024-05-19 06:29:00,231.0,-66.0
2024-05-19 06:30:00,231.0,-65.0
2024-05-19 06:31:00,237.0,-65.0
2024-05-19 06:32:00,237.0,-66.0
2024-05-19 06:33:00,230.0,-65.0
2024-05-19 06:34:00,218.0,-63.0
2024-05-19 06:35:00,214.0,-61.0
2024-05-19 06:36:00,212.0,-65.0
2024-05-19 06:37:00,205.0,-66.0
2024-05-19 06:38:00,202.0,-66.0
2024-05-19 06:39:00,202.0,-66.0
2024-05-19 06:40:00,202.0,-64.0
2024-05-19 06:41:00,197.0,-61.0
2024-05-19 06:42:00,188.0,-59.0
2024-05-19 06:43:00,175.0,-57.0
2024-05-19 06:44:00,173.0,-56.0
2024-05-19 06:45:00,180.0,-56.0
2024-05-19 06:46:00,191.0,-57.0
2024-05-19 06:47:00,190.0,-59.0
2024-05-19 06:48:00,194.0,-62.0
2024-05-19 06:49:00,190.0,-62.0
2024-05-19 06:50:00,179.0,-57.0
2024-05-19 06:51:00,174.0,-56.0
2024-05-19 06:52:00,178.0,-58.0
2024-05-19 06:53:00,186.0,-60.0
2024-05-19 06:54:00,184.0,-61.0
2024-05-19 06:55:00,186.0,-61.0
2024-05-19 06:56:00,192.0,-64.0
2024-05-19 06:57:00,193.0,-61.0
2024-05-19 06:58:00,195.0,-61.0
2024-05-19 06:59:00,197.0,-62.0
2024-05-19 07:00:00,193.0,-62.0
2024-05-19 07:01:00,190.0,-62.0
2024-05-19 07:02:00,188.0,-60.0
2024-05-19 07:03:00,191.0,-59.0
2024-05-19 07:04:00,195.0,-59.0
2024-05-19 07:05:00,191.0,-58.0
2024-05-19 07:06:00,190.0,-60.0
2024-05-19 07:07:00,190.0,-65.0
2024-05-19 07:08:00,187.0,-68.0
2024-05-19 07:09:00,184.0,-71.0
2024-05-19 07:10:00,180.0,-72.0
2024-05-19 07:11:00,173.0,-70.0
2024-05-19 07:12:00,164.0,-67.0
2024-05-19 07:13:00,153.0,-63.0
2024-05-19 07:14:00,147.0,-62.0
2024-05-19 07:15:00,142.0,-62.0
2024-05-19 07:16:00,135.0,-60.0
2024-05-19 07:17:00,130.0,-58.0
2024-05-19 07:18:00,133.0,-61.0
2024-05-19 07:19:00,139.0,-64.0
2024-05-19 07:20:00,140.0,-64.0
2024-05-19 07:21:00,139.0,-63.0
2024-05-19 07:22:00,136.0,-63.0
2024-05-19 07:23:00,133.0,-67.0
2024-05-19 07:24:00,130.0,-68.0
2024-05-19 07:25:00,128.0,-66.0
2024-05-19 07:26:00,124.0,-64.0
2024-05-19 07:27:00,123.0,-66.0
2024-05-19 07:28:00,122.0,-67.0
2024-05-19 07:29:00,117.0,-63.0
2024-05-19 07:30:00,114.0,-60.0
2024-05-19 07:31:00,117.0,-61.0
2024-05-19 07:32:00,120.0,-62.0
2024-05-19 07:33:00,121.0,-62.0
2024-05-19 07:34:00,118.0,-60.0
2024-05-19 07:35:00,114.0,-58.0
2024-05-19 07:36:00,109.0,-55.0
2024-05-19 07:37:00,106.0,-53.0
2024-05-19 07:38:00,99.0,-49.0
2024-05-19 07:39:00,91.0,-47.0
2024-05-19 07:40:00,90.0,-44.0
2024-05-19 07:41:00,97.0,-44.0
2024-05-19 07:42:00,91.0,-43.0
2024-05-19 07:43:00,87.0,-47.0
2024-05-19 07:44:00,82.0,-44.0
2024-05-19 07:45:00,84.0,-43.0
2024-05-19 07:46:00,83.0,-43.0
2024-05-19 07:47:00,81.0,-43.0
2024-05-19 07:48:00,80.0,-42.0
2024-05-19 07:49:00,77.0,-42.0
2024-05-19 07:50:00,75.0,-41.0
2024-05-19 07:51:00,79.0,-39.0
2024-05-19 07:52:00,85.0,-37.0
2024-05-19 07:53:00,88.0,-36.0
2024-05-19 07:54:00,95.0,-35.0
2024-05-19 07:55:00,99.0,-37.0
2024-05-19 07:56:00,97.0,-40.0
2024-05-19 07:57:00,87.0,-41.0
2024-05-19 07:58:00,80.0,-40.0
2024-05-19 07:59:00,81.0,-39.0
2024-05-19 08:00:00,78.0,-37.0
2024-05-19 08:01:00,71.0,-35.0
2024-05-19 08:02:00,68.0,-32.0
2024-05-19 08:03:00,67.0,-31.0
2024-05-19 08:04:00,69.0,-30.0
2024-05-19 08:05:00,72.0,-31.0
2024-05-19 08:06:00,74.0,-32.0
2024-05-19 08:07:00,75.0,-30.0
2024-05-19 08:08:00,77.0,-29.0
2024-05-19 08:09:00,79.0,-28.0
2024-05-19 08:10:00,76.0,-30.0
2024-05-19 08:11:00,66.0,-32.0
2024-05-19 08:12:00,67.0,-34.0
2024-05-19 08:13:00,74.0,-36.0
2024-05-19 08:14:00,102.0,-38.0
2024-05-19 08:15:00,101.0,-40.0
2024-05-19 08:16:00,82.0,-39.0
2024-05-19 08:17:00,77.0,-39.0
2024-05-19 08:18:00,75.0,-36.0
2024-05-19 08:19:00,77.0,-35.0
2024-05-19 08:20:00,78.0,-34.0
2024-05-19 08:21:00,75.0,-31.0
2024-05-19 08:22:00,74.0,-30.0
2024-05-19 08:23:00,73.0,-30.0
2024-05-19 08:24:00,77.0,-34.0
2024-05-19 08:25:00,83.0,-37.0
2024-05-19 08:26:00,87.0,-37.0
2024-05-19 08:27:00,85.0,-32.0
2024-05-19 08:28:00,80.0,-28.0
2024-05-19 08:29:00,81.0,-29.0
2024-05-19 08:30:00,83.0,-29.0
2024-05-19 08:31:00,83.0,-28.0
2024-05-19 08:32:00,85.0,-29.0
2024-05-19 08:33:00,88.0,-31.0
2024-05-19 08:34:00,87.0,-30.0
2024-05-19 08:35:00,83.0,-25.0
2024-05-19 08:36:00,84.0,-26.0
2024-05-19 08:37:00,90.0,-30.0
2024-05-19 08:38:00,92.0,-30.0
2024-05-19 08:39:00,92.0,-29.0
2024-05-19 08:40:00,90.0,-27.0
2024-05-19 08:41:00,90.0,-26.0
2024-05-19 08:42:00,92.0,-26.0
2024-05-19 08:43:00,97.0,-27.0
2024-05-19 08:44:00,105.0,-30.0
2024-05-19 08:45:00,110.0,-31.0
2024-05-19 08:46:00,113.0,-33.0
2024-05-19 08:47:00,116.0,-35.0
2024-05-19 08:48:00,117.0,-37.0
2024-05-19 08:49:00,120.0,-39.0
2024-05-19 08:50:00,125.0,-41.0
2024-05-19 08:51:00,128.0,-41.0
2024-05-19 08:52:00,130.0,-40.0
2024-05-19 08:53:00,132.0,-42.0
2024-05-19 08:54:00,131.0,-43.0
2024-05-19 08:55:00,128.0,-43.0
2024-05-19 08:56:00,128.0,-43.0
2024-05-19 08:57:00,129.0,-41.0
2024-05-19 08:58:00,129.0,-39.0
2024-05-19 08:59:00,135.0,-42.0
2024-05-19 09:00:00,140.0,-48.0
2024-05-19 09:01:00,143.0,-52.0
2024-05-19 09:02:00,142.0,-52.0
2024-05-19 09:03:00,141.0,-52.0
2024-05-19 09:04:00,142.0,-54.0
2024-05-19 09:05:00,141.0,-52.0
2024-05-19 09:06:00,139.0,-49.0
2024-05-19 09:07:00,140.0,-49.0
2024-05-19 09:08:00,141.0,-48.0
2024-05-19 09:09:00,142.0,-48.0
2024-05-19 09:10:00,144.0,-49.0
2024-05-19 09:11:00,144.0,-48.0
2024-05-19 09:12:00,144.0,-47.0
2024-05-19 09:13:00,146.0,-46.0
2024-05-19 09:14:00,148.0,-46.0
2024-05-19 09:15:00,151.0,-49.0
2024-05-19 09:16:00,150.0,-49.0
2024-05-19 09:17:00,152.0,-51.0
2024-05-19 09:18:00,155.0,-53.0
2024-05-19 09:19:00,158.0,-56.0
2024-05-19 09:20:00,162.0,-59.0
2024-05-19 09:21:00,174.0,-67.0
2024-05-19 09:22:00,183.0,-75.0
2024-05-19 09:23:00,190.0,-83.0
2024-05-19 09:24:00,226.0,-120.0
2024-05-19 09:25:00,243.0,-137.0
2024-05-19 09:26:00,246.0,-139.0
2024-05-19 09:27:00,237.0,-130.0
2024-05-19 09:28:00,238.0,-131.0
2024-05-19 09:29:00,250.0,-143.0
2024-05-19 09:30:00,249.0,-143.0
2024-05-19 09:31:00,233.0,-123.0
2024-05-19 09:32:00,224.0,-109.0
2024-05-19 09:33:00,233.0,-119.0
2024-05-19 09:34:00,248.0,-133.0
2024-05-19 09:35:00,253.0,-133.0
2024-05-19 09:36:00,248.0,-118.0
2024-05-19 09:37:00,253.0,-116.0
2024-05-19 09:38:00,308.0,-167.0
2024-05-19 09:39:00,331.0,-191.0
2024-05-19 09:40:00,354.0,-216.0
2024-05-19 09:41:00,373.0,-231.0
2024-05-19 09:42:00,339.0,-197.0
2024-05-19 09:43:00,375.0,-232.0
2024-05-19 09:44:00,358.0,-213.0
2024-05-19 09:45:00,369.0,-227.0
2024-05-19 09:46:00,390.0,-238.0
2024-05-19 09:47:00,399.0,-235.0
2024-05-19 09:48:00,409.0,-239.0
2024-05-19 09:49:00,399.0,-239.0
2024-05-19 09:50:00,383.0,-234.0
2024-05-19 09:51:00,352.0,-207.0
2024-05-19 09:52:00,342.0,-196.0
2024-05-19 09:53:00,335.0,-183.0
2024-05-19 09:54:00,345.0,-185.0
2024-05-19 09:55:00,369.0,-208.0
2024-05-19 09:56:00,401.0,-237.0
2024-05-19 09:57:00,410.0,-245.0
2024-05-19 09:58:00,409.0,-239.0
2024-05-19 09:59:00,402.0,-241.0
2024-05-19 10:00:00,391.0,-239.0
2024-05-19 10:01:00,379.0,-225.0
2024-05-19 10:02:00,369.0,-209.0
2024-05-19 10:03:00,354.0,-184.0
2024-05-19 10:04:00,340.0,-171.0
2024-05-19 10:05:00,315.0,-153.0
2024-05-19 10:06:00,279.0,-127.0
2024-05-19 10:07:00,271.0,-121.0
2024-05-19 10:08:00,275.0,-113.0
2024-05-19 10:09:00,277.0,-103.0
2024-05-19 10:10:00,270.0,-98.0
2024-05-19 10:11:00,263.0,-95.0
2024-05-19 10:12:00,258.0,-96.0
2024-05-19 10:13:00,258.0,-101.0
2024-05-19 10:14:00,259.0,-113.0
2024-05-19 10:15:00,263.0,-119.0
2024-05-19 10:16:00,271.0,-124.0
2024-05-19 10:17:00,310.0,-154.0
2024-05-19 10:18:00,336.0,-177.0
2024-05-19 10:19:00,334.0,-183.0
2024-05-19 10:20:00,326.0,-172.0
2024-05-19 10:21:00,316.0,-152.0
2024-05-19 10:22:00,312.0,-129.0
2024-05-19 10:23:00,303.0,-117.0
2024-05-19 10:24:00,297.0,-120.0
2024-05-19 10:25:00,295.0,-126.0
2024-05-19 10:26:00,306.0,-132.0
2024-05-19 10:27:00,318.0,-139.0
2024-05-19 10:28:00,323.0,-139.0
2024-05-19 10:29:00,329.0,-144.0
2024-05-19 10:30:00,332.0,-148.0
2024-05-19 10:31:00,334.0,-149.0
2024-05-19 10:32:00,339.0,-155.0
2024-05-19 10:33:00,352.0,-152.0
2024-05-19 10:34:00,379.0,-148.0
2024-05-19 10:35:00,378.0,-140.0
2024-05-19 10:36:00,354.0,-136.0
2024-05-19 10:37:00,321.0,-135.0
2024-05-19 10:38:00,301.0,-133.0
2024-05-19 10:39:00,309.0,-134.0
2024-05-19 10:40:00,314.0,-129.0
2024-05-19 10:41:00,314.0,-125.0
2024-05-19 10:42:00,303.0,-128.0
2024-05-19 10:43:00,293.0,-131.0
2024-05-19 10:44:00,295.0,-133.0
2024-05-19 10:45:00,319.0,-135.0
2024-05-19 10:46:00,344.0,-136.0
2024-05-19 10:47:00,331.0,-136.0
2024-05-19 10:48:00,290.0,-135.0
2024-05-19 10:49:00,269.0,-130.0
2024-05-19 10:50:00,277.0,-125.0
2024-05-19 10:51:00,300.0,-120.0
2024-05-19 10:52:00,294.0,-114.0
2024-05-19 10:53:00,277.0,-110.0
2024-05-19 10:54:00,264.0,-108.0
2024-05-19 10:55:00,260.0,-109.0
2024-05-19 10:56:00,262.0,-109.0
2024-05-19 10:57:00,268.0,-108.0
2024-05-19 10:58:00,275.0,-102.0
2024-05-19 10:59:00,275.0,-99.0
2024-05-19 11:00:00,260.0,-100.0
2024-05-19 11:01:00,243.0,-104.0
2024-05-19 11:02:00,237.0,-106.0
2024-05-19 11:03:00,253.0,-107.0
2024-05-19 11:04:00,267.0,-107.0
2024-05-19 11:05:00,273.0,-102.0
2024-05-19 11:06:00,263.0,-95.0
2024-05-19 11:07:00,255.0,-92.0
2024-05-19 11:08:00,249.0,-90.0
2024-05-19 11:09:00,246.0,-92.0
2024-05-19 11:10:00,239.0,-92.0
2024-05-19 11:11:00,235.0,-96.0
2024-05-19 11:12:00,228.0,-97.0
2024-05-19 11:13:00,219.0,-99.0
2024-05-19 11:14:00,223.0,-104.0
2024-05-19 11:15:00,228.0,-108.0
2024-05-19 11:16:00,224.0,-107.0
2024-05-19 11:17:00,213.0,-104.0
2024-05-19 11:18:00,198.0,-105.0
2024-05-19 11:19:00,187.0,-104.0
2024-05-19 11:20:00,185.0,-100.0
2024-05-19 11:21:00,187.0,-93.0
2024-05-19 11:22:00,192.0,-84.0
2024-05-19 11:23:00,184.0,-72.0
2024-05-19 11:24:00,169.0,-64.0
2024-05-19 11:25:00,148.0,-57.0
2024-05-19 11:26:00,142.0,-55.0
2024-05-19 11:27:00,147.0,-56.0
2024-05-19 11:28:00,154.0,-57.0
2024-05-19 11:29:00,159.0,-58.0
2024-05-19 11:30:00,158.0,-61.0
2024-05-19 11:31:00,155.0,-64.0
2024-05-19 11:32:00,156.0,-66.0
2024-05-19 11:33:00,153.0,-65.0
2024-05-19 11:34:00,154.0,-65.0
2024-05-19 11:35:00,154.0,-65.0
2024-05-19 11:36:00,145.0,-63.0
2024-05-19 11:37:00,143.0,-62.0
2024-05-19 11:38:00,145.0,-57.0
2024-05-19 11:39:00,143.0,-49.0
2024-05-19 11:40:00,132.0,-40.0
2024-05-19 11:41:00,115.0,-32.0
2024-05-19 11:42:00,101.0,-27.0
2024-05-19 11:43:00,102.0,-30.0
2024-05-19 11:44:00,107.0,-27.0
2024-05-19 11:45:00,119.0,-30.0
2024-05-19 11:46:00,117.0,-34.0
2024-05-19 11:47:00,112.0,-41.0
2024-05-19 11:48:00,110.0,-48.0
2024-05-19 11:49:00,110.0,-56.0
2024-05-19 11:50:00,124.0,-67.0
2024-05-19 11:51:00,130.0,-71.0
2024-05-19 11:52:00,130.0,-74.0
2024-05-19 11:53:00,127.0,-75.0
2024-05-19 11:54:00,119.0,-73.0
2024-05-19 11:55:00,111.0,-68.0
2024-05-19 11:56:00,106.0,-63.0
2024-05-19 11:57:00,111.0,-60.0
2024-05-19 11:58:00,124.0,-56.0
2024-05-19 11:59:00,137.0,-55.0
2024-05-19 12:00:00,146.0,-57.0
2024-05-19 12:01:00,146.0,-57.0
2024-05-19 12:02:00,143.0,-58.0
2024-05-19 12:03:00,143.0,-62.0
2024-05-19 12:04:00,145.0,-64.0
2024-05-19 12:05:00,152.0,-64.0
2024-05-19 12:06:00,165.0,-63.0
2024-05-19 12:07:00,178.0,-63.0
2024-05-19 12:08:00,184.0,-62.0
2024-05-19 12:09:00,187.0,-63.0
2024-05-19 12:10:00,191.0,-67.0
2024-05-19 12:11:00,201.0,-71.0
2024-05-19 12:12:00,209.0,-77.0
2024-05-19 12:13:00,223.0,-84.0
2024-05-19 12:14:00,240.0,-91.0
2024-05-19 12:15:00,251.0,-93.0
2024-05-19 12:16:00,256.0,-92.0
2024-05-19 12:17:00,256.0,-88.0
2024-05-19 12:18:00,254.0,-83.0
2024-05-19 12:19:00,256.0,-78.0
2024-05-19 12:20:00,264.0,-79.0
2024-05-19 12:21:00,270.0,-81.0
2024-05-19 12:22:00,274.0,-82.0
2024-05-19 12:23:00,280.0,-85.0
2024-05-19 12:24:00,293.0,-89.0
2024-05-19 12:25:00,302.0,-93.0
2024-05-19 12:26:00,298.0,-96.0
2024-05-19 12:27:00,295.0,-103.0
2024-05-19 12:28:00,294.0,-108.0
2024-05-19 12:29:00,295.0,-111.0
2024-05-19 12:30:00,292.0,-111.0
2024-05-19 12:31:00,293.0,-110.0
2024-05-19 12:32:00,296.0,-111.0
2024-05-19 12:33:00,293.0,-109.0
2024-05-19 12:34:00,288.0,-104.0
2024-05-19 12:35:00,280.0,-97.0
2024-05-19 12:36:00,270.0,-90.0
2024-05-19 12:37:00,258.0,-85.0
2024-05-19 12:38:00,244.0,-86.0
2024-05-19 12:39:00,233.0,-88.0
2024-05-19 12:40:00,219.0,-87.0
2024-05-19 12:41:00,205.0,-83.0
2024-05-19 12:42:00,197.0,-81.0
2024-05-19 12:43:00,195.0,-82.0
2024-05-19 12:44:00,193.0,-84.0
2024-05-19 12:45:00,189.0,-82.0
2024-05-19 12:46:00,191.0,-78.0
2024-05-19 12:47:00,195.0,-76.0
2024-05-19 12:48:00,203.0,-77.0
2024-05-19 12:49:00,203.0,-76.0
2024-05-19 12:50:00,197.0,-77.0
2024-05-19 12:51:00,193.0,-77.0
2024-05-19 12:52:00,184.0,-74.0
2024-05-19 12:53:00,174.0,-72.0
2024-05-19 12:54:00,161.0,-64.0
2024-05-19 12:55:00,152.0,-55.0
2024-05-19 12:56:00,151.0,-51.0
2024-05-19 12:57:00,162.0,-57.0
2024-05-19 12:58:00,158.0,-54.0
2024-05-19 12:59:00,146.0,-44.0
2024-05-19 13:00:00,138.0,-41.0
2024-05-19 13:01:00,142.0,-47.0
2024-05-19 13:02:00,142.0,-47.0
2024-05-19 13:03:00,136.0,-39.0
2024-05-19 13:04:00,127.0,-30.0
2024-05-19 13:05:00,126.0,-29.0
2024-05-19 13:06:00,129.0,-39.0
2024-05-19 13:07:00,130.0,-48.0
2024-05-19 13:08:00,122.0,-50.0
2024-05-19 13:09:00,126.0,-54.0
2024-05-19 13:10:00,134.0,-64.0
2024-05-19 13:11:00,141.0,-73.0
2024-05-19 13:12:00,147.0,-80.0
2024-05-19 13:13:00,149.0,-86.0
2024-05-19 13:14:00,154.0,-91.0
2024-05-19 13:15:00,155.0,-91.0
2024-05-19 13:16:00,152.0,-90.0
2024-05-19 13:17:00,140.0,-84.0
2024-05-19 13:18:00,131.0,-77.0
2024-05-19 13:19:00,129.0,-77.0
2024-05-19 13:20:00,126.0,-76.0
2024-05-19 13:21:00,123.0,-73.0
2024-05-19 13:22:00,127.0,-74.0
2024-05-19 13:23:00,132.0,-77.0
2024-05-19 13:24:00,132.0,-78.0
2024-05-19 13:25:00,132.0,-78.0
2024-05-19 13:26:00,132.0,-77.0
2024-05-19 13:27:00,137.0,-71.0
2024-05-19 13:28:00,132.0,-65.0
2024-05-19 13:29:00,130.0,-59.0
2024-05-19 13:30:00,123.0,-58.0
2024-05-19 13:31:00,132.0,-58.0
2024-05-19 13:32:00,145.0,-59.0
2024-05-19 13:33:00,137.0,-62.0
2024-05-19 13:34:00,148.0,-63.0
2024-05-19 13:35:00,152.0,-64.0
2024-05-19 13:36:00,153.0,-64.0
2024-05-19 13:37:00,149.0,-57.0
2024-05-19 13:38:00,145.0,-52.0
2024-05-19 13:39:00,154.0,-52.0
2024-05-19 13:40:00,167.0,-54.0
2024-05-19 13:41:00,179.0,-57.0
2024-05-19 13:42:00,183.0,-57.0
2024-05-19 13:43:00,189.0,-58.0
2024-05-19 13:44:00,206.0,-66.0
2024-05-19 13:45:00,226.0,-75.0
2024-05-19 13:46:00,241.0,-86.0
2024-05-19 13:47:00,253.0,-94.0
2024-05-19 13:48:00,267.0,-104.0
2024-05-19 13:49:00,278.0,-116.0
2024-05-19 13:50:00,287.0,-126.0
2024-05-19 13:51:00,287.0,-133.0
2024-05-19 13:52:00,290.0,-141.0
2024-05-19 13:53:00,301.0,-148.0
2024-05-19 13:54:00,315.0,-155.0
2024-05-19 13:55:00,317.0,-153.0
2024-05-19 13:56:00,318.0,-157.0
2024-05-19 13:57:00,321.0,-160.0
2024-05-19 13:58:00,331.0,-161.0
2024-05-19 13:59:00,348.0,-162.0
2024-05-19 14:00:00,356.0,-163.0
2024-05-19 14:01:00,358.0,-168.0
2024-05-19 14:02:00,355.0,-173.0
2024-05-19 14:03:00,347.0,-173.0
2024-05-19 14:04:00,353.0,-172.0
2024-05-19 14:05:00,367.0,-178.0
2024-05-19 14:06:00,383.0,-184.0
2024-05-19 14:07:00,404.0,-189.0
2024-05-19 14:08:00,423.0,-198.0
2024-05-19 14:09:00,430.0,-204.0
2024-05-19 14:10:00,442.0,-214.0
2024-05-19 14:11:00,452.0,-221.0
2024-05-19 14:12:00,457.0,-221.0
2024-05-19 14:13:00,455.0,-218.0
2024-05-19 14:14:00,456.0,-216.0
2024-05-19 14:15:00,461.0,-218.0
2024-05-19 14:16:00,459.0,-218.0
2024-05-19 14:17:00,456.0,-217.0
2024-05-19 14:18:00,457.0,-218.0
2024-05-19 14:19:00,451.0,-217.0
2024-05-19 14:20:00,445.0,-215.0
2024-05-19 14:21:00,440.0,-208.0
2024-05-19 14:22:00,426.0,-198.0
2024-05-19 14:23:00,417.0,-193.0
2024-05-19 14:24:00,409.0,-188.0
2024-05-19 14:25:00,406.0,-187.0
2024-05-19 14:26:00,404.0,-188.0
2024-05-19 14:27:00,403.0,-187.0
2024-05-19 14:28:00,405.0,-189.0
2024-05-19 14:29:00,408.0,-193.0
2024-05-19 14:30:00,419.0,-205.0
2024-05-19 14:31:00,434.0,-220.0
2024-05-19 14:32:00,437.0,-217.0
2024-05-19 14:33:00,431.0,-205.0
2024-05-19 14:34:00,409.0,-183.0
2024-05-19 14:35:00,397.0,-172.0
2024-05-19 14:36:00,397.0,-173.0
2024-05-19 14:37:00,391.0,-165.0
2024-05-19 14:38:00,382.0,-153.0
2024-05-19 14:39:00,382.0,-151.0
2024-05-19 14:40:00,380.0,-148.0
2024-05-19 14:41:00,375.0,-141.0
2024-05-19 14:42:00,383.0,-147.0
2024-05-19 14:43:00,386.0,-149.0
2024-05-19 14:44:00,384.0,-147.0
2024-05-19 14:45:00,391.0,-154.0
2024-05-19 14:46:00,397.0,-156.0
2024-05-19 14:47:00,400.0,-159.0
2024-05-19 14:48:00,399.0,-160.0
2024-05-19 14:49:00,396.0,-160.0
2024-05-19 14:50:00,382.0,-150.0
2024-05-19 14:51:00,375.0,-142.0
2024-05-19 14:52:00,367.0,-135.0
2024-05-19 14:53:00,356.0,-124.0
2024-05-19 14:54:00,345.0,-116.0
2024-05-19 14:55:00,343.0,-121.0
2024-05-19 14:56:00,335.0,-118.0
2024-05-19 14:57:00,330.0,-115.0
2024-05-19 14:58:00,331.0,-117.0
2024-05-19 14:59:00,336.0,-124.0
2024-05-19 15:00:00,341.0,-130.0
2024-05-19 15:01:00,338.0,-128.0
2024-05-19 15:02:00,339.0,-128.0
2024-05-19 15:03:00,337.0,-129.0
2024-05-19 15:04:00,332.0,-129.0
2024-05-19 15:05:00,329.0,-132.0
2024-05-19 15:06:00,335.0,-136.0
2024-05-19 15:07:00,344.0,-139.0
2024-05-19 15:08:00,348.0,-139.0
2024-05-19 15:09:00,350.0,-141.0
2024-05-19 15:10:00,351.0,-142.0
2024-05-19 15:11:00,360.0,-149.0
2024-05-19 15:12:00,373.0,-158.0
2024-05-19 15:13:00,380.0,-163.0
2024-05-19 15:14:00,389.0,-165.0
2024-05-19 15:15:00,393.0,-160.0
2024-05-19 15:16:00,398.0,-159.0
2024-05-19 15:17:00,411.0,-165.0
2024-05-19 15:18:00,419.0,-166.0
2024-05-19 15:19:00,430.0,-171.0
2024-05-19 15:20:00,436.0,-169.0
2024-05-19 15:21:00,442.0,-172.0
2024-05-19 15:22:00,451.0,-173.0
2024-05-19 15:23:00,452.0,-171.0
2024-05-19 15:24:00,451.0,-170.0
2024-05-19 15:25:00,451.0,-170.0
2024-05-19 15:26:00,455.0,-173.0
2024-05-19 15:27:00,462.0,-179.0
2024-05-19 15:28:00,463.0,-180.0
2024-05-19 15:29:00,452.0,-174.0
2024-05-19 15:30:00,446.0,-175.0
2024-05-19 15:31:00,440.0,-170.0
2024-05-19 15:32:00,431.0,-161.0
2024-05-19 15:33:00,427.0,-157.0
2024-05-19 15:34:00,426.0,-156.0
2024-05-19 15:35:00,422.0,-155.0
2024-05-19 15:36:00,417.0,-153.0
2024-05-19 15:37:00,413.0,-152.0
2024-05-19 15:38:00,415.0,-151.0
2024-05-19 15:39:00,418.0,-153.0
2024-05-19 15:40:00,417.0,-157.0
2024-05-19 15:41:00,409.0,-156.0
2024-05-19 15:42:00,399.0,-146.0
2024-05-19 15:43:00,407.0,-147.0
2024-05-19 15:44:00,418.0,-151.0
2024-05-19 15:45:00,428.0,-155.0
2024-05-19 15:46:00,431.0,-156.0
2024-05-19 15:47:00,434.0,-160.0
2024-05-19 15:48:00,438.0,-163.0
2024-05-19 15:49:00,448.0,-164.0
2024-05-19 15:50:00,447.0,-162.0
2024-05-19 15:51:00,438.0,-154.0
2024-05-19 15:52:00,416.0,-143.0
2024-05-19 15:53:00,405.0,-143.0
2024-05-19 15:54:00,402.0,-148.0
2024-05-19 15:55:00,406.0,-150.0
2024-05-19 15:56:00,404.0,-146.0
2024-05-19 15:57:00,399.0,-142.0
2024-05-19 15:58:00,391.0,-135.0
2024-05-19 15:59:00,384.0,-131.0
2024-05-19 16:00:00,371.0,-127.0
2024-05-19 16:01:00,364.0,-125.0
2024-05-19 16:02:00,364.0,-129.0
2024-05-19 16:03:00,363.0,-132.0
2024-05-19 16:04:00,368.0,-142.0
2024-05-19 16:05:00,386.0,-156.0
2024-05-19 16:06:00,384.0,-153.0
2024-05-19 16:07:00,368.0,-140.0
2024-05-19 16:08:00,345.0,-122.0
2024-05-19 16:09:00,344.0,-120.0
2024-05-19 16:10:00,350.0,-128.0
2024-05-19 16:11:00,347.0,-127.0
2024-05-19 16:12:00,339.0,-124.0
2024-05-19 16:13:00,332.0,-126.0
2024-05-19 16:14:00,324.0,-127.0
2024-05-19 16:15:00,330.0,-136.0
2024-05-19 16:16:00,346.0,-146.0
2024-05-19 16:17:00,351.0,-140.0
2024-05-19 16:18:00,353.0,-134.0
2024-05-19 16:19:00,351.0,-130.0
2024-05-19 16:20:00,350.0,-131.0
2024-05-19 16:21:00,347.0,-130.0
2024-05-19 16:22:00,343.0,-125.0
2024-05-19 16:23:00,340.0,-119.0
2024-05-19 16:24:00,335.0,-116.0
2024-05-19 16:25:00,333.0,-115.0
2024-05-19 16:26:00,329.0,-113.0
2024-05-19 16:27:00,322.0,-113.0
2024-05-19 16:28:00,310.0,-110.0
2024-05-19 16:29:00,298.0,-105.0
2024-05-19 16:30:00,283.0,-98.0
2024-05-19 16:31:00,282.0,-103.0
2024-05-19 16:32:00,295.0,-120.0
2024-05-19 16:33:00,297.0,-127.0
2024-05-19 16:34:00,304.0,-139.0
2024-05-19 16:35:00,338.0,-166.0
2024-05-19 16:36:00,346.0,-168.0
2024-05-19 16:37:00,326.0,-149.0
2024-05-19 16:38:00,310.0,-134.0
2024-05-19 16:39:00,298.0,-126.0
2024-05-19 16:40:00,282.0,-113.0
2024-05-19 16:41:00,272.0,-107.0
2024-05-19 16:42:00,264.0,-103.0
2024-05-19 16:43:00,263.0,-103.0
2024-05-19 16:44:00,273.0,-113.0
2024-05-19 16:45:00,275.0,-114.0
2024-05-19 16:46:00,269.0,-110.0
2024-05-19 16:47:00,265.0,-109.0
2024-05-19 16:48:00,257.0,-100.0
2024-05-19 16:49:00,255.0,-96.0
2024-05-19 16:50:00,263.0,-96.0
2024-05-19 16:51:00,272.0,-99.0
2024-05-19 16:52:00,275.0,-101.0
2024-05-19 16:53:00,269.0,-98.0
2024-05-19 16:54:00,255.0,-90.0
2024-05-19 16:55:00,230.0,-75.0
2024-05-19 16:56:00,200.0,-55.0
2024-05-19 16:57:00,202.0,-59.0
2024-05-19 16:58:00,222.0,-78.0
2024-05-19 16:59:00,254.0,-104.0
2024-05-19 17:00:00,276.0,-121.0
2024-05-19 17:01:00,296.0,-140.0
2024-05-19 17:02:00,310.0,-152.0
2024-05-19 17:03:00,292.0,-133.0
2024-05-19 17:04:00,264.0,-104.0
2024-05-19 17:05:00,254.0,-93.0
2024-05-19 17:06:00,241.0,-79.0
2024-05-19 17:07:00,224.0,-66.0
2024-05-19 17:08:00,218.0,-64.0
2024-05-19 17:09:00,224.0,-72.0
2024-05-19 17:10:00,233.0,-80.0
2024-05-19 17:11:00,233.0,-78.0
2024-05-19 17:12:00,225.0,-74.0
2024-05-19 17:13:00,224.0,-81.0
2024-05-19 17:14:00,219.0,-83.0
2024-05-19 17:15:00,215.0,-79.0
2024-05-19 17:16:00,208.0,-69.0
2024-05-19 17:17:00,214.0,-74.0
2024-05-19 17:18:00,215.0,-76.0
2024-05-19 17:19:00,207.0,-70.0
2024-05-19 17:20:00,207.0,-65.0
2024-05-19 17:21:00,208.0,-66.0
2024-05-19 17:22:00,206.0,-70.0
2024-05-19 17:23:00,205.0,-71.0
2024-05-19 17:24:00,205.0,-72.0
2024-05-19 17:25:00,205.0,-73.0
2024-05-19 17:26:00,203.0,-73.0
2024-05-19 17:27:00,190.0,-63.0
2024-05-19 17:28:00,183.0,-57.0
2024-05-19 17:29:00,173.0,-49.0
2024-05-19 17:30:00,173.0,-46.0
2024-05-19 17:31:00,181.0,-49.0
2024-05-19 17:32:00,187.0,-54.0
2024-05-19 17:33:00,190.0,-54.0
2024-05-19 17:34:00,181.0,-45.0
2024-05-19 17:35:00,175.0,-38.0
2024-05-19 17:36:00,177.0,-40.0
2024-05-19 17:37:00,176.0,-42.0
2024-05-19 17:38:00,171.0,-40.0
2024-05-19 17:39:00,163.0,-34.0
2024-05-19 17:40:00,160.0,-33.0
2024-05-19 17:41:00,158.0,-33.0
2024-05-19 17:42:00,156.0,-33.0
2024-05-19 17:43:00,172.0,-33.0
2024-05-19 17:44:00,189.0,-37.0
2024-05-19 17:45:00,206.0,-42.0
2024-05-19 17:46:00,217.0,-44.0
2024-05-19 17:47:00,224.0,-47.0
2024-05-19 17:48:00,226.0,-49.0
2024-05-19 17:49:00,224.0,-54.0
2024-05-19 17:50:00,217.0,-58.0
2024-05-19 17:51:00,202.0,-51.0
2024-05-19 17:52:00,188.0,-45.0
2024-05-19 17:53:00,172.0,-37.0
2024-05-19 17:54:00,173.0,-41.0
2024-05-19 17:55:00,180.0,-46.0
2024-05-19 17:56:00,192.0,-48.0
2024-05-19 17:57:00,193.0,-43.0
2024-05-19 17:58:00,193.0,-45.0
2024-05-19 17:59:00,190.0,-46.0
2024-05-19 18:00:00,195.0,-56.0
2024-05-19 18:01:00,200.0,-65.0
2024-05-19 18:02:00,207.0,-73.0
2024-05-19 18:03:00,189.0,-62.0
2024-05-19 18:04:00,184.0,-58.0
2024-05-19 18:05:00,187.0,-62.0
2024-05-19 18:06:00,191.0,-66.0
2024-05-19 18:07:00,194.0,-66.0
2024-05-19 18:08:00,192.0,-60.0
2024-05-19 18:09:00,188.0,-56.0
2024-05-19 18:10:00,181.0,-51.0
2024-05-19 18:11:00,174.0,-46.0
2024-05-19 18:12:00,172.0,-48.0
2024-05-19 18:13:00,170.0,-51.0
2024-05-19 18:14:00,162.0,-50.0
2024-05-19 18:15:00,154.0,-47.0
2024-05-19 18:16:00,151.0,-48.0
2024-05-19 18:17:00,150.0,-45.0
2024-05-19 18:18:00,141.0,-41.0
2024-05-19 18:19:00,128.0,-35.0
2024-05-19 18:20:00,124.0,-31.0
2024-05-19 18:21:00,122.0,-29.0
2024-05-19 18:22:00,125.0,-34.0
2024-05-19 18:23:00,129.0,-40.0
2024-05-19 18:24:00,134.0,-47.0
2024-05-19 18:25:00,141.0,-52.0
2024-05-19 18:26:00,144.0,-55.0
2024-05-19 18:27:00,149.0,-60.0
2024-05-19 18:28:00,158.0,-71.0
2024-05-19 18:29:00,163.0,-78.0
2024-05-19 18:30:00,170.0,-87.0
2024-05-19 18:31:00,176.0,-94.0
2024-05-19 18:32:00,171.0,-91.0
2024-05-19 18:33:00,175.0,-97.0
2024-05-19 18:34:00,175.0,-98.0
2024-05-19 18:35:00,181.0,-104.0
2024-05-19 18:36:00,179.0,-106.0
2024-05-19 18:37:00,176.0,-111.0
2024-05-19 18:38:00,163.0,-105.0
2024-05-19 18:39:00,156.0,-101.0
2024-05-19 18:40:00,160.0,-102.0
2024-05-19 18:41:00,159.0,-98.0
2024-05-19 18:42:00,155.0,-94.0
2024-05-19 18:43:00,155.0,-92.0
2024-05-19 18:44:00,146.0,-79.0
2024-05-19 18:45:00,151.0,-80.0
2024-05-19 18:46:00,157.0,-83.0
2024-05-19 18:47:00,153.0,-78.0
2024-05-19 18:48:00,146.0,-70.0
2024-05-19 18:49:00,138.0,-62.0
2024-05-19 18:50:00,136.0,-59.0
2024-05-19 18:51:00,132.0,-56.0
2024-05-19 18:52:00,124.0,-49.0
2024-05-19 18:53:00,124.0,-49.0
2024-05-19 18:54:00,127.0,-52.0
2024-05-19 18:55:00,132.0,-59.0
2024-05-19 18:56:00,146.0,-75.0
2024-05-19 18:57:00,168.0,-99.0
2024-05-19 18:58:00,185.0,-118.0
2024-05-19 18:59:00,197.0,-131.0
2024-05-19 19:00:00,202.0,-135.0
2024-05-19 19:01:00,203.0,-136.0
2024-05-19 19:02:00,199.0,-132.0
2024-05-19 19:03:00,200.0,-133.0
2024-05-19 19:04:00,200.0,-136.0
2024-05-19 19:05:00,202.0,-142.0
2024-05-19 19:06:00,208.0,-149.0
2024-05-19 19:07:00,210.0,-152.0
2024-05-19 19:08:00,214.0,-157.0
2024-05-19 19:09:00,213.0,-156.0
2024-05-19 19:10:00,208.0,-153.0
2024-05-19 19:11:00,192.0,-140.0
2024-05-19 19:12:00,178.0,-127.0
2024-05-19 19:13:00,172.0,-118.0
2024-05-19 19:14:00,174.0,-118.0
2024-05-19 19:15:00,183.0,-128.0
2024-05-19 19:16:00,192.0,-141.0
2024-05-19 19:17:00,206.0,-147.0
2024-05-19 19:18:00,203.0,-138.0
2024-05-19 19:19:00,182.0,-116.0
2024-05-19 19:20:00,142.0,-87.0
2024-05-19 19:21:00,117.0,-66.0
2024-05-19 19:22:00,123.0,-61.0
2024-05-19 19:23:00,127.0,-51.0
2024-05-19 19:24:00,126.0,-44.0
2024-05-19 19:25:00,124.0,-40.0
2024-05-19 19:26:00,129.0,-45.0
2024-05-19 19:27:00,150.0,-68.0
2024-05-19 19:28:00,161.0,-75.0
2024-05-19 19:29:00,165.0,-75.0
2024-05-19 19:30:00,170.0,-79.0
2024-05-19 19:31:00,201.0,-109.0
2024-05-19 19:32:00,217.0,-123.0
2024-05-19 19:33:00,238.0,-144.0
2024-05-19 19:34:00,251.0,-158.0
2024-05-19 19:35:00,238.0,-146.0
2024-05-19 19:36:00,247.0,-154.0
2024-05-19 19:37:00,281.0,-189.0
2024-05-19 19:38:00,277.0,-187.0
2024-05-19 19:39:00,275.0,-188.0
2024-05-19 19:40:00,266.0,-183.0
2024-05-19 19:41:00,279.0,-198.0
2024-05-19 19:42:00,274.0,-189.0
2024-05-19 19:43:00,276.0,-184.0
2024-05-19 19:44:00,284.0,-188.0
2024-05-19 19:45:00,275.0,-179.0
2024-05-19 19:46:00,273.0,-177.0
2024-05-19 19:47:00,258.0,-163.0
2024-05-19 19:48:00,253.0,-158.0
2024-05-19 19:49:00,244.0,-149.0
2024-05-19 19:50:00,230.0,-136.0
2024-05-19 19:51:00,221.0,-130.0
2024-05-19 19:52:00,224.0,-137.0
2024-05-19 19:53:00,223.0,-137.0
2024-05-19 19:54:00,228.0,-141.0
2024-05-19 19:55:00,233.0,-147.0
2024-05-19 19:56:00,230.0,-146.0
2024-05-19 19:57:00,222.0,-138.0
2024-05-19 19:58:00,218.0,-134.0
2024-05-19 19:59:00,215.0,-134.0
2024-05-19 20:00:00,207.0,-129.0
2024-05-19 20:01:00,203.0,-131.0
2024-05-19 20:02:00,191.0,-127.0
2024-05-19 20:03:00,162.0,-103.0
2024-05-19 20:04:00,153.0,-90.0
2024-05-19 20:05:00,165.0,-92.0
2024-05-19 20:06:00,185.0,-104.0
2024-05-19 20:07:00,206.0,-121.0
2024-05-19 20:08:00,218.0,-130.0
2024-05-19 20:09:00,228.0,-137.0
2024-05-19 20:10:00,239.0,-148.0
2024-05-19 20:11:00,243.0,-154.0
2024-05-19 20:12:00,240.0,-152.0
2024-05-19 20:13:00,226.0,-138.0
2024-05-19 20:14:00,213.0,-126.0
2024-05-19 20:15:00,203.0,-119.0
2024-05-19 20:16:00,191.0,-110.0
2024-05-19 20:17:00,186.0,-102.0
2024-05-19 20:18:00,182.0,-95.0
2024-05-19 20:19:00,177.0,-90.0
2024-05-19 20:20:00,172.0,-86.0
2024-05-19 20:21:00,164.0,-81.0
2024-05-19 20:22:00,152.0,-72.0
2024-05-19 20:23:00,145.0,-66.0
2024-05-19 20:24:00,141.0,-60.0
2024-05-19 20:25:00,133.0,-54.0
2024-05-19 20:26:00,116.0,-49.0
2024-05-19 20:27:00,120.0,-58.0
2024-05-19 20:28:00,136.0,-59.0
2024-05-19 20:29:00,118.0,-38.0
2024-05-19 20:30:00,114.0,-40.0
2024-05-19 20:31:00,110.0,-36.0
2024-05-19 20:32:00,109.0,-31.0
2024-05-19 20:33:00,114.0,-32.0
2024-05-19 20:34:00,101.0,-23.0
2024-05-19 20:35:00,104.0,-24.0
2024-05-19 20:36:00,100.0,-22.0
2024-05-19 20:37:00,92.0,-18.0
2024-05-19 20:38:00,85.0,-13.0
2024-05-19 20:39:00,86.0,-13.0
2024-05-19 20:40:00,87.0,-14.0
2024-05-19 20:41:00,88.0,-15.0
2024-05-19 20:42:00,88.0,-16.0
2024-05-19 20:43:00,86.0,-14.0
2024-05-19 20:44:00,86.0,-14.0
2024-05-19 20:45:00,82.0,-11.0
2024-05-19 20:46:00,78.0,-7.0
2024-05-19 20:47:00,77.0,-5.0
2024-05-19 20:48:00,78.0,-6.0
2024-05-19 20:49:00,77.0,-5.0
2024-05-19 20:50:00,76.0,-4.0
2024-05-19 20:51:00,79.0,-5.0
2024-05-19 20:52:00,83.0,-5.0
2024-05-19 20:53:00,84.0,-5.0
2024-05-19 20:54:00,82.0,-5.0
2024-05-19 20:55:00,78.0,-4.0
2024-05-19 20:56:00,73.0,-1.0
2024-05-19 20:57:00,73.0,-1.0
2024-05-19 20:58:00,75.0,0.0
2024-05-19 20:59:00,76.0,1.0
2024-05-19 21:00:00,75.0,2.0
2024-05-19 21:01:00,75.0,2.0
2024-05-19 21:02:00,72.0,3.0
2024-05-19 21:03:00,75.0,0.0
2024-05-19 21:04:00,72.0,3.0
2024-05-19 21:05:00,66.0,8.0
2024-05-19 21:06:00,68.0,4.0
2024-05-19 21:07:00,65.0,5.0
2024-05-19 21:08:00,66.0,4.0
2024-05-19 21:09:00,71.0,2.0
2024-05-19 21:10:00,70.0,4.0
2024-05-19 21:11:00,66.0,5.0
2024-05-19 21:12:00,63.0,4.0
2024-05-19 21:13:00,61.0,4.0
2024-05-19 21:14:00,61.0,3.0
2024-05-19 21:15:00,60.0,3.0
2024-05-19 21:16:00,60.0,3.0
2024-05-19 21:17:00,60.0,2.0
2024-05-19 21:18:00,62.0,0.0
2024-05-19 21:19:00,63.0,0.0
2024-05-19 21:20:00,61.0,0.0
2024-05-19 21:21:00,64.0,-1.0
2024-05-19 21:22:00,64.0,-1.0
2024-05-19 21:23:00,62.0,-1.0
2024-05-19 21:24:00,60.0,0.0
2024-05-19 21:25:00,62.0,-1.0
2024-05-19 21:26:00,59.0,1.0
2024-05-19 21:27:00,58.0,3.0
2024-05-19 21:28:00,53.0,4.0
2024-05-19 21:29:00,57.0,-1.0
2024-05-19 21:30:00,55.0,1.0
2024-05-19 21:31:00,52.0,3.0
2024-05-19 21:32:00,49.0,4.0
2024-05-19 21:33:00,50.0,4.0
2024-05-19 21:34:00,42.0,9.0
2024-05-19 21:35:00,54.0,0.0
2024-05-19 21:36:00,52.0,2.0
2024-05-19 21:37:00,47.0,7.0
2024-05-19 21:38:00,45.0,7.0
2024-05-19 21:39:00,45.0,5.0
2024-05-19 21:40:00,44.0,4.0
2024-05-19 21:41:00,45.0,3.0
2024-05-19 21:42:00,46.0,3.0
2024-05-19 21:43:00,46.0,3.0
2024-05-19 21:44:00,49.0,1.0
2024-05-19 21:45:00,50.0,1.0
2024-05-19 21:46:00,47.0,1.0
2024-05-19 21:47:00,44.0,1.0
2024-05-19 21:48:00,44.0,2.0
2024-05-19 21:49:00,44.0,0.0
2024-05-19 21:50:00,46.0,-3.0
2024-05-19 21:51:00,49.0,-3.0
2024-05-19 21:52:00,48.0,-1.0
2024-05-19 21:53:00,43.0,0.0
2024-05-19 21:54:00,44.0,-4.0
2024-05-19 21:55:00,43.0,-5.0
2024-05-19 21:56:00,39.0,-2.0
2024-05-19 21:57:00,38.0,-2.0
2024-05-19 21:58:00,40.0,-2.0
2024-05-19 21:59:00,40.0,-1.0
2024-05-19 22:00:00,40.0,-1.0
2024-05-19 22:01:00,39.0,0.0
2024-05-19 22:02:00,40.0,-1.0
2024-05-19 22:03:00,39.0,-1.0
2024-05-19 22:04:00,39.0,-2.0
2024-05-19 22:05:00,41.0,-4.0
2024-05-19 22:06:00,42.0,-6.0
2024-05-19 22:07:00,45.0,-8.0
2024-05-19 22:08:00,46.0,-9.0
2024-05-19 22:09:00,44.0,-9.0
2024-05-19 22:10:00,44.0,-10.0
2024-05-19 22:11:00,41.0,-10.0
2024-05-19 22:12:00,43.0,-11.0
2024-05-19 22:13:00,47.0,-12.0
2024-05-19 22:14:00,43.0,-11.0
2024-05-19 22:15:00,43.0,-12.0
2024-05-19 22:16:00,43.0,-12.0
2024-05-19 22:17:00,44.0,-13.0
2024-05-19 22:18:00,44.0,-14.0
2024-05-19 22:19:00,42.0,-10.0
2024-05-19 22:20:00,36.0,-7.0
2024-05-19 22:21:00,36.0,-6.0
2024-05-19 22:22:00,36.0,-3.0
2024-05-19 22:23:00,45.0,-3.0
2024-05-19 22:24:00,52.0,-7.0
2024-05-19 22:25:00,49.0,-8.0
2024-05-19 22:26:00,44.0,-9.0
2024-05-19 22:27:00,42.0,-11.0
2024-05-19 22:28:00,48.0,-16.0
2024-05-19 22:29:00,46.0,-17.0
2024-05-19 22:30:00,45.0,-15.0
2024-05-19 22:31:00,44.0,-14.0
2024-05-19 22:32:00,39.0,-11.0
2024-05-19 22:33:00,41.0,-14.0
2024-05-19 22:34:00,39.0,-12.0
2024-05-19 22:35:00,34.0,-7.0
2024-05-19 22:36:00,32.0,-6.0
2024-05-19 22:37:00,31.0,-4.0
2024-05-19 22:38:00,33.0,-5.0
2024-05-19 22:39:00,34.0,-6.0
2024-05-19 22:40:00,35.0,-8.0
2024-05-19 22:41:00,35.0,-10.0
2024-05-19 22:42:00,33.0,-10.0
2024-05-19 22:43:00,34.0,-10.0
2024-05-19 22:44:00,34.0,-14.0
2024-05-19 22:45:00,36.0,-12.0
2024-05-19 22:46:00,40.0,-12.0
2024-05-19 22:47:00,37.0,-8.0
2024-05-19 22:48:00,35.0,-6.0
2024-05-19 22:49:00,29.0,-3.0
2024-05-19 22:50:00,31.0,-3.0
2024-05-19 22:51:00,45.0,-9.0
2024-05-19 22:52:00,37.0,-7.0
2024-05-19 22:53:00,38.0,-12.0
2024-05-19 22:54:00,46.0,-13.0
2024-05-19 22:55:00,43.0,-12.0
2024-05-19 22:56:00,36.0,-7.0
2024-05-19 22:57:00,42.0,-8.0
2024-05-19 22:58:00,43.0,-5.0
2024-05-19 22:59:00,46.0,-7.0
2024-05-19 23:00:00,46.0,-11.0
2024-05-19 23:01:00,35.0,-8.0
2024-05-19 23:02:00,36.0,-8.0
2024-05-19 23:03:00,37.0,-8.0
2024-05-19 23:04:00,37.0,-10.0
2024-05-19 23:05:00,33.0,-7.0
2024-05-19 23:06:00,31.0,-6.0
2024-05-19 23:07:00,30.0,-8.0
2024-05-19 23:08:00,31.0,-8.0
2024-05-19 23:09:00,33.0,-10.0
2024-05-19 23:10:00,35.0,-11.0
2024-05-19 23:11:00,35.0,-10.0
2024-05-19 23:12:00,38.0,-10.0
2024-05-19 23:13:00,47.0,-12.0
2024-05-19 23:14:00,51.0,-13.0
2024-05-19 23:15:00,49.0,-13.0
2024-05-19 23:16:00,42.0,-14.0
2024-05-19 23:17:00,49.0,-17.0
2024-05-19 23:18:00,56.0,-23.0
2024-05-19 23:19:00,46.0,-22.0
2024-05-19 23:20:00,55.0,-19.0
2024-05-19 23:21:00,71.0,-18.0
2024-05-19 23:22:00,67.0,-10.0
2024-05-19 23:23:00,57.0,-12.0
2024-05-19 23:24:00,53.0,-18.0
2024-05-19 23:25:00,51.0,-18.0
2024-05-19 23:26:00,75.0,-33.0
2024-05-19 23:27:00,81.0,-38.0
2024-05-19 23:28:00,67.0,-29.0
2024-05-19 23:29:00,54.0,-25.0
2024-05-19 23:30:00,45.0,-25.0
2024-05-19 23:31:00,55.0,-24.0
2024-05-19 23:32:00,64.0,-23.0
2024-05-19 23:33:00,62.0,-25.0
2024-05-19 23:34:00,51.0,-26.0
2024-05-19 23:35:00,42.0,-26.0
2024-05-19 23:36:00,44.0,-27.0
2024-05-19 23:37:00,47.0,-30.0
2024-05-19 23:38:00,47.0,-31.0
2024-05-19 23:39:00,49.0,-30.0
2024-05-19 23:40:00,59.0,-30.0
2024-05-19 23:41:00,65.0,-31.0
2024-05-19 23:42:00,64.0,-29.0
2024-05-19 23:43:00,56.0,-25.0
2024-05-19 23:44:00,53.0,-27.0
2024-05-19 23:45:00,55.0,-35.0
2024-05-19 23:46:00,52.0,-33.0
2024-05-19 23:47:00,47.0,-30.0
2024-05-19 23:48:00,53.0,-31.0
2024-05-19 23:49:00,68.0,-35.0
2024-05-19 23:50:00,75.0,-33.0
2024-05-19 23:51:00,75.0,-27.0
2024-05-19 23:52:00,74.0,-28.0
2024-05-19 23:53:00,69.0,-26.0
2024-05-19 23:54:00,58.0,-21.0
2024-05-19 23:55:00,50.0,-17.0
2024-05-19 23:56:00,50.0,-19.0
2024-05-19 23:57:00,45.0,-16.0
2024-05-19 23:58:00,46.0,-16.0
2024-05-19 23:59:00,44.0,-14.0
