datetime,AE,AL
2024-10-05 00:00:00,125.0,-53.0
2024-10-05 00:01:00,124.0,-50.0
2024-10-05 00:02:00,125.0,-52.0
2024-10-05 00:03:00,140.0,-57.0
2024-10-05 00:04:00,163.0,-73.0
2024-10-05 00:05:00,165.0,-72.0
2024-10-05 00:06:00,154.0,-59.0
2024-10-05 00:07:00,156.0,-65.0
2024-10-05 00:08:00,169.0,-88.0
2024-10-05 00:09:00,191.0,-121.0
2024-10-05 00:10:00,191.0,-120.0
2024-10-05 00:11:00,202.0,-124.0
2024-10-05 00:12:00,232.0,-139.0
2024-10-05 00:13:00,249.0,-152.0
2024-10-05 00:14:00,230.0,-139.0
2024-10-05 00:15:00,235.0,-136.0
2024-10-05 00:16:00,255.0,-144.0
2024-10-05 00:17:00,262.0,-149.0
2024-10-05 00:18:00,255.0,-156.0
2024-10-05 00:19:00,257.0,-166.0
2024-10-05 00:20:00,258.0,-165.0
2024-10-05 00:21:00,256.0,-165.0
2024-10-05 00:22:00,243.0,-156.0
2024-10-05 00:23:00,228.0,-142.0
2024-10-05 00:24:00,221.0,-124.0
2024-10-05 00:25:00,247.0,-130.0
2024-10-05 00:26:00,262.0,-133.0
2024-10-05 00:27:00,253.0,-130.0
2024-10-05 00:28:00,235.0,-117.0
2024-10-05 00:29:00,229.0,-121.0
2024-10-05 00:30:00,215.0,-113.0
2024-10-05 00:31:00,189.0,-88.0
2024-10-05 00:32:00,187.0,-87.0
2024-10-05 00:33:00,186.0,-84.0
2024-10-05 00:34:00,179.0,-76.0
2024-10-05 00:35:00,168.0,-71.0
2024-10-05 00:36:00,153.0,-62.0
2024-10-05 00:37:00,137.0,-48.0
2024-10-05 00:38:00,130.0,-47.0
2024-10-05 00:39:00,124.0,-46.0
2024-10-05 00:40:00,118.0,-45.0
2024-10-05 00:41:00,117.0,-45.0
2024-10-05 00:42:00,116.0,-42.0
2024-10-05 00:43:00,114.0,-44.0
2024-10-05 00:44:00,109.0,-46.0
2024-10-05 00:45:00,106.0,-47.0
2024-10-05 00:46:00,104.0,-48.0
2024-10-05 00:47:00,101.0,-48.0
2024-10-05 00:48:00,95.0,-46.0
2024-10-05 00:49:00,89.0,-43.0
2024-10-05 00:50:00,85.0,-40.0
2024-10-05 00:51:00,88.0,-40.0
2024-10-05 00:52:00,88.0,-41.0
2024-10-05 00:53:00,83.0,-38.0
2024-10-05 00:54:00,84.0,-42.0
2024-10-05 00:55:00,77.0,-39.0
2024-10-05 00:56:00,80.0,-42.0
2024-10-05 00:57:00,83.0,-46.0
2024-10-05 00:58:00,86.0,-47.0
2024-10-05 00:59:00,77.0,-40.0
2024-10-05 01:00:00,75.0,-37.0
2024-10-05 01:01:00,72.0,-38.0
2024-10-05 01:02:00,63.0,-34.0
2024-10-05 01:03:00,57.0,-29.0
2024-10-05 01:04:00,59.0,-31.0
2024-10-05 01:05:00,63.0,-36.0
2024-10-05 01:06:00,64.0,-35.0
2024-10-05 01:07:00,63.0,-31.0
2024-10-05 01:08:00,63.0,-30.0
2024-10-05 01:09:00,62.0,-32.0
2024-10-05 01:10:00,62.0,-34.0
2024-10-05 01:11:00,63.0,-34.0
2024-10-05 01:12:00,71.0,-40.0
2024-10-05 01:13:00,80.0,-46.0
2024-10-05 01:14:00,84.0,-48.0
2024-10-05 01:15:00,85.0,-50.0
2024-10-05 01:16:00,85.0,-50.0
2024-10-05 01:17:00,78.0,-45.0
2024-10-05 01:18:00,69.0,-38.0
2024-10-05 01:19:00,65.0,-35.0
2024-10-05 01:20:00,63.0,-34.0
2024-10-05 01:21:00,62.0,-33.0
2024-10-05 01:22:00,58.0,-31.0
2024-10-05 01:23:00,56.0,-30.0
2024-10-05 01:24:00,55.0,-29.0
2024-10-05 01:25:00,52.0,-28.0
2024-10-05 01:26:00,54.0,-31.0
2024-10-05 01:27:00,58.0,-35.0
2024-10-05 01:28:00,53.0,-31.0
2024-10-05 01:29:00,46.0,-25.0
2024-10-05 01:30:00,45.0,-25.0
2024-10-05 01:31:00,41.0,-24.0
2024-10-05 01:32:00,36.0,-20.0
2024-10-05 01:33:00,32.0,-15.0
2024-10-05 01:34:00,40.0,-17.0
2024-10-05 01:35:00,51.0,-17.0
2024-10-05 01:36:00,50.0,-16.0
2024-10-05 01:37:00,47.0,-17.0
2024-10-05 01:38:00,44.0,-20.0
2024-10-05 01:39:00,40.0,-23.0
2024-10-05 01:40:00,43.0,-25.0
2024-10-05 01:41:00,42.0,-26.0
2024-10-05 01:42:00,40.0,-26.0
2024-10-05 01:43:00,42.0,-28.0
2024-10-05 01:44:00,43.0,-29.0
2024-10-05 01:45:00,43.0,-30.0
2024-10-05 01:46:00,43.0,-30.0
2024-10-05 01:47:00,42.0,-30.0
2024-10-05 01:48:00,41.0,-29.0
2024-10-05 01:49:00,38.0,-26.0
2024-10-05 01:50:00,36.0,-25.0
2024-10-05 01:51:00,37.0,-24.0
2024-10-05 01:52:00,40.0,-25.0
2024-10-05 01:53:00,45.0,-27.0
2024-10-05 01:54:00,48.0,-27.0
2024-10-05 01:55:00,51.0,-29.0
2024-10-05 01:56:00,55.0,-34.0
2024-10-05 01:57:00,56.0,-35.0
2024-10-05 01:58:00,58.0,-36.0
2024-10-05 01:59:00,57.0,-36.0
2024-10-05 02:00:00,48.0,-31.0
2024-10-05 02:01:00,41.0,-27.0
2024-10-05 02:02:00,40.0,-26.0
2024-10-05 02:03:00,43.0,-26.0
2024-10-05 02:04:00,44.0,-25.0
2024-10-05 02:05:00,43.0,-24.0
2024-10-05 02:06:00,41.0,-24.0
2024-10-05 02:07:00,38.0,-23.0
2024-10-05 02:08:00,37.0,-24.0
2024-10-05 02:09:00,37.0,-24.0
2024-10-05 02:10:00,36.0,-23.0
2024-10-05 02:11:00,37.0,-23.0
2024-10-05 02:12:00,37.0,-23.0
2024-10-05 02:13:00,37.0,-23.0
2024-10-05 02:14:00,33.0,-22.0
2024-10-05 02:15:00,32.0,-21.0
2024-10-05 02:16:00,30.0,-19.0
2024-10-05 02:17:00,31.0,-19.0
2024-10-05 02:18:00,33.0,-20.0
2024-10-05 02:19:00,34.0,-20.0
2024-10-05 02:20:00,37.0,-21.0
2024-10-05 02:21:00,41.0,-25.0
2024-10-05 02:22:00,46.0,-28.0
2024-10-05 02:23:00,46.0,-28.0
2024-10-05 02:24:00,44.0,-27.0
2024-10-05 02:25:00,41.0,-24.0
2024-10-05 02:26:00,38.0,-22.0
2024-10-05 02:27:00,38.0,-21.0
2024-10-05 02:28:00,39.0,-21.0
2024-10-05 02:29:00,41.0,-21.0
2024-10-05 02:30:00,41.0,-21.0
2024-10-05 02:31:00,43.0,-22.0
2024-10-05 02:32:00,43.0,-22.0
2024-10-05 02:33:00,42.0,-22.0
2024-10-05 02:34:00,41.0,-22.0
2024-10-05 02:35:00,39.0,-22.0
2024-10-05 02:36:00,39.0,-21.0
2024-10-05 02:37:00,42.0,-21.0
2024-10-05 02:38:00,44.0,-21.0
2024-10-05 02:39:00,41.0,-19.0
2024-10-05 02:40:00,41.0,-19.0
2024-10-05 02:41:00,39.0,-19.0
2024-10-05 02:42:00,39.0,-19.0
2024-10-05 02:43:00,39.0,-18.0
2024-10-05 02:44:00,40.0,-17.0
2024-10-05 02:45:00,40.0,-17.0
2024-10-05 02:46:00,41.0,-19.0
2024-10-05 02:47:00,41.0,-20.0
2024-10-05 02:48:00,39.0,-21.0
2024-10-05 02:49:00,38.0,-21.0
2024-10-05 02:50:00,37.0,-21.0
2024-10-05 02:51:00,38.0,-21.0
2024-10-05 02:52:00,39.0,-22.0
2024-10-05 02:53:00,38.0,-22.0
2024-10-05 02:54:00,37.0,-21.0
2024-10-05 02:55:00,37.0,-21.0
2024-10-05 02:56:00,37.0,-21.0
2024-10-05 02:57:00,38.0,-22.0
2024-10-05 02:58:00,40.0,-23.0
2024-10-05 02:59:00,38.0,-22.0
2024-10-05 03:00:00,38.0,-23.0
2024-10-05 03:01:00,38.0,-24.0
2024-10-05 03:02:00,37.0,-23.0
2024-10-05 03:03:00,36.0,-23.0
2024-10-05 03:04:00,34.0,-22.0
2024-10-05 03:05:00,33.0,-21.0
2024-10-05 03:06:00,34.0,-21.0
2024-10-05 03:07:00,35.0,-21.0
2024-10-05 03:08:00,36.0,-21.0
2024-10-05 03:09:00,35.0,-20.0
2024-10-05 03:10:00,34.0,-20.0
2024-10-05 03:11:00,35.0,-21.0
2024-10-05 03:12:00,35.0,-21.0
2024-10-05 03:13:00,35.0,-21.0
2024-10-05 03:14:00,36.0,-21.0
2024-10-05 03:15:00,34.0,-20.0
2024-10-05 03:16:00,34.0,-20.0
2024-10-05 03:17:00,34.0,-20.0
2024-10-05 03:18:00,35.0,-20.0
2024-10-05 03:19:00,34.0,-19.0
2024-10-05 03:20:00,34.0,-19.0
2024-10-05 03:21:00,35.0,-20.0
2024-10-05 03:22:00,35.0,-20.0
2024-10-05 03:23:00,35.0,-20.0
2024-10-05 03:24:00,33.0,-20.0
2024-10-05 03:25:00,34.0,-21.0
2024-10-05 03:26:00,33.0,-21.0
2024-10-05 03:27:00,32.0,-20.0
2024-10-05 03:28:00,32.0,-20.0
2024-10-05 03:29:00,32.0,-20.0
2024-10-05 03:30:00,32.0,-20.0
2024-10-05 03:31:00,32.0,-20.0
2024-10-05 03:32:00,33.0,-21.0
2024-10-05 03:33:00,33.0,-21.0
2024-10-05 03:34:00,32.0,-20.0
2024-10-05 03:35:00,31.0,-20.0
2024-10-05 03:36:00,32.0,-21.0
2024-10-05 03:37:00,32.0,-21.0
2024-10-05 03:38:00,32.0,-21.0
2024-10-05 03:39:00,32.0,-21.0
2024-10-05 03:40:00,32.0,-21.0
2024-10-05 03:41:00,33.0,-22.0
2024-10-05 03:42:00,31.0,-21.0
2024-10-05 03:43:00,32.0,-22.0
2024-10-05 03:44:00,33.0,-23.0
2024-10-05 03:45:00,34.0,-25.0
2024-10-05 03:46:00,34.0,-25.0
2024-10-05 03:47:00,33.0,-24.0
2024-10-05 03:48:00,32.0,-23.0
2024-10-05 03:49:00,31.0,-23.0
2024-10-05 03:50:00,29.0,-21.0
2024-10-05 03:51:00,28.0,-20.0
2024-10-05 03:52:00,27.0,-19.0
2024-10-05 03:53:00,29.0,-20.0
2024-10-05 03:54:00,27.0,-19.0
2024-10-05 03:55:00,27.0,-19.0
2024-10-05 03:56:00,29.0,-20.0
2024-10-05 03:57:00,31.0,-22.0
2024-10-05 03:58:00,33.0,-23.0
2024-10-05 03:59:00,33.0,-23.0
2024-10-05 04:00:00,31.0,-22.0
2024-10-05 04:01:00,30.0,-21.0
2024-10-05 04:02:00,34.0,-21.0
2024-10-05 04:03:00,34.0,-19.0
2024-10-05 04:04:00,35.0,-18.0
2024-10-05 04:05:00,34.0,-17.0
2024-10-05 04:06:00,35.0,-17.0
2024-10-05 04:07:00,37.0,-16.0
2024-10-05 04:08:00,38.0,-15.0
2024-10-05 04:09:00,36.0,-13.0
2024-10-05 04:10:00,35.0,-12.0
2024-10-05 04:11:00,35.0,-12.0
2024-10-05 04:12:00,35.0,-12.0
2024-10-05 04:13:00,33.0,-11.0
2024-10-05 04:14:00,34.0,-12.0
2024-10-05 04:15:00,35.0,-13.0
2024-10-05 04:16:00,37.0,-14.0
2024-10-05 04:17:00,36.0,-14.0
2024-10-05 04:18:00,35.0,-14.0
2024-10-05 04:19:00,33.0,-13.0
2024-10-05 04:20:00,32.0,-13.0
2024-10-05 04:21:00,30.0,-12.0
2024-10-05 04:22:00,31.0,-13.0
2024-10-05 04:23:00,30.0,-13.0
2024-10-05 04:24:00,29.0,-12.0
2024-10-05 04:25:00,27.0,-10.0
2024-10-05 04:26:00,28.0,-10.0
2024-10-05 04:27:00,31.0,-12.0
2024-10-05 04:28:00,33.0,-14.0
2024-10-05 04:29:00,35.0,-14.0
2024-10-05 04:30:00,40.0,-19.0
2024-10-05 04:31:00,42.0,-22.0
2024-10-05 04:32:00,34.0,-15.0
2024-10-05 04:33:00,30.0,-13.0
2024-10-05 04:34:00,28.0,-14.0
2024-10-05 04:35:00,25.0,-14.0
2024-10-05 04:36:00,22.0,-14.0
2024-10-05 04:37:00,24.0,-15.0
2024-10-05 04:38:00,25.0,-15.0
2024-10-05 04:39:00,23.0,-13.0
2024-10-05 04:40:00,21.0,-12.0
2024-10-05 04:41:00,22.0,-12.0
2024-10-05 04:42:00,23.0,-12.0
2024-10-05 04:43:00,24.0,-11.0
2024-10-05 04:44:00,25.0,-12.0
2024-10-05 04:45:00,25.0,-12.0
2024-10-05 04:46:00,23.0,-12.0
2024-10-05 04:47:00,22.0,-11.0
2024-10-05 04:48:00,21.0,-10.0
2024-10-05 04:49:00,20.0,-9.0
2024-10-05 04:50:00,21.0,-9.0
2024-10-05 04:51:00,24.0,-9.0
2024-10-05 04:52:00,26.0,-9.0
2024-10-05 04:53:00,27.0,-11.0
2024-10-05 04:54:00,26.0,-12.0
2024-10-05 04:55:00,27.0,-13.0
2024-10-05 04:56:00,24.0,-9.0
2024-10-05 04:57:00,21.0,-7.0
2024-10-05 04:58:00,20.0,-7.0
2024-10-05 04:59:00,18.0,-6.0
2024-10-05 05:00:00,16.0,-6.0
2024-10-05 05:01:00,15.0,-5.0
2024-10-05 05:02:00,17.0,-4.0
2024-10-05 05:03:00,21.0,-6.0
2024-10-05 05:04:00,22.0,-5.0
2024-10-05 05:05:00,21.0,-2.0
2024-10-05 05:06:00,24.0,-1.0
2024-10-05 05:07:00,27.0,0.0
2024-10-05 05:08:00,35.0,-1.0
2024-10-05 05:09:00,41.0,-3.0
2024-10-05 05:10:00,43.0,-6.0
2024-10-05 05:11:00,38.0,-4.0
2024-10-05 05:12:00,28.0,0.0
2024-10-05 05:13:00,28.0,-2.0
2024-10-05 05:14:00,27.0,0.0
2024-10-05 05:15:00,28.0,0.0
2024-10-05 05:16:00,32.0,-1.0
2024-10-05 05:17:00,37.0,-3.0
2024-10-05 05:18:00,38.0,-2.0
2024-10-05 05:19:00,41.0,-2.0
2024-10-05 05:20:00,40.0,-2.0
2024-10-05 05:21:00,36.0,0.0
2024-10-05 05:22:00,33.0,0.0
2024-10-05 05:23:00,30.0,0.0
2024-10-05 05:24:00,27.0,-1.0
2024-10-05 05:25:00,27.0,-1.0
2024-10-05 05:26:00,27.0,-2.0
2024-10-05 05:27:00,26.0,-2.0
2024-10-05 05:28:00,30.0,-6.0
2024-10-05 05:29:00,32.0,-7.0
2024-10-05 05:30:00,27.0,-4.0
2024-10-05 05:31:00,30.0,-8.0
2024-10-05 05:32:00,36.0,-13.0
2024-10-05 05:33:00,42.0,-20.0
2024-10-05 05:34:00,43.0,-23.0
2024-10-05 05:35:00,42.0,-22.0
2024-10-05 05:36:00,42.0,-19.0
2024-10-05 05:37:00,40.0,-16.0
2024-10-05 05:38:00,39.0,-15.0
2024-10-05 05:39:00,41.0,-15.0
2024-10-05 05:40:00,40.0,-12.0
2024-10-05 05:41:00,39.0,-10.0
2024-10-05 05:42:00,37.0,-7.0
2024-10-05 05:43:00,39.0,-7.0
2024-10-05 05:44:00,42.0,-8.0
2024-10-05 05:45:00,45.0,-8.0
2024-10-05 05:46:00,47.0,-6.0
2024-10-05 05:47:00,49.0,-6.0
2024-10-05 05:48:00,51.0,-5.0
2024-10-05 05:49:00,53.0,-5.0
2024-10-05 05:50:00,57.0,-6.0
2024-10-05 05:51:00,59.0,-6.0
2024-10-05 05:52:00,62.0,-5.0
2024-10-05 05:53:00,66.0,-5.0
2024-10-05 05:54:00,70.0,-6.0
2024-10-05 05:55:00,70.0,-7.0
2024-10-05 05:56:00,66.0,-8.0
2024-10-05 05:57:00,64.0,-9.0
2024-10-05 05:58:00,63.0,-11.0
2024-10-05 05:59:00,63.0,-12.0
2024-10-05 06:00:00,65.0,-11.0
2024-10-05 06:01:00,65.0,-9.0
2024-10-05 06:02:00,63.0,-8.0
2024-10-05 06:03:00,62.0,-10.0
2024-10-05 06:04:00,62.0,-12.0
2024-10-05 06:05:00,65.0,-15.0
2024-10-05 06:06:00,67.0,-17.0
2024-10-05 06:07:00,66.0,-17.0
2024-10-05 06:08:00,64.0,-12.0
2024-10-05 06:09:00,67.0,-10.0
2024-10-05 06:10:00,73.0,-11.0
2024-10-05 06:11:00,76.0,-13.0
2024-10-05 06:12:00,73.0,-14.0
2024-10-05 06:13:00,68.0,-13.0
2024-10-05 06:14:00,63.0,-11.0
2024-10-05 06:15:00,58.0,-7.0
2024-10-05 06:16:00,58.0,-7.0
2024-10-05 06:17:00,61.0,-8.0
2024-10-05 06:18:00,65.0,-6.0
2024-10-05 06:19:00,69.0,-6.0
2024-10-05 06:20:00,69.0,-6.0
2024-10-05 06:21:00,62.0,-7.0
2024-10-05 06:22:00,58.0,-9.0
2024-10-05 06:23:00,53.0,-12.0
2024-10-05 06:24:00,52.0,-14.0
2024-10-05 06:25:00,47.0,-13.0
2024-10-05 06:26:00,46.0,-13.0
2024-10-05 06:27:00,46.0,-12.0
2024-10-05 06:28:00,48.0,-11.0
2024-10-05 06:29:00,51.0,-11.0
2024-10-05 06:30:00,54.0,-11.0
2024-10-05 06:31:00,54.0,-10.0
2024-10-05 06:32:00,55.0,-10.0
2024-10-05 06:33:00,58.0,-11.0
2024-10-05 06:34:00,61.0,-12.0
2024-10-05 06:35:00,62.0,-13.0
2024-10-05 06:36:00,61.0,-13.0
2024-10-05 06:37:00,60.0,-14.0
2024-10-05 06:38:00,58.0,-15.0
2024-10-05 06:39:00,55.0,-15.0
2024-10-05 06:40:00,52.0,-14.0
2024-10-05 06:41:00,51.0,-13.0
2024-10-05 06:42:00,53.0,-13.0
2024-10-05 06:43:00,55.0,-12.0
2024-10-05 06:44:00,56.0,-10.0
2024-10-05 06:45:00,55.0,-9.0
2024-10-05 06:46:00,57.0,-9.0
2024-10-05 06:47:00,61.0,-12.0
2024-10-05 06:48:00,60.0,-14.0
2024-10-05 06:49:00,58.0,-16.0
2024-10-05 06:50:00,55.0,-17.0
2024-10-05 06:51:00,57.0,-20.0
2024-10-05 06:52:00,58.0,-22.0
2024-10-05 06:53:00,56.0,-22.0
2024-10-05 06:54:00,56.0,-23.0
2024-10-05 06:55:00,56.0,-23.0
2024-10-05 06:56:00,70.0,-37.0
2024-10-05 06:57:00,54.0,-24.0
2024-10-05 06:58:00,54.0,-24.0
2024-10-05 06:59:00,64.0,-34.0
2024-10-05 07:00:00,76.0,-45.0
2024-10-05 07:01:00,86.0,-53.0
2024-10-05 07:02:00,82.0,-47.0
2024-10-05 07:03:00,90.0,-50.0
2024-10-05 07:04:00,104.0,-59.0
2024-10-05 07:05:00,113.0,-67.0
2024-10-05 07:06:00,122.0,-76.0
2024-10-05 07:07:00,131.0,-85.0
2024-10-05 07:08:00,132.0,-85.0
2024-10-05 07:09:00,124.0,-78.0
2024-10-05 07:10:00,120.0,-74.0
2024-10-05 07:11:00,119.0,-71.0
2024-10-05 07:12:00,113.0,-63.0
2024-10-05 07:13:00,112.0,-57.0
2024-10-05 07:14:00,111.0,-54.0
2024-10-05 07:15:00,110.0,-53.0
2024-10-05 07:16:00,108.0,-52.0
2024-10-05 07:17:00,104.0,-50.0
2024-10-05 07:18:00,101.0,-48.0
2024-10-05 07:19:00,96.0,-44.0
2024-10-05 07:20:00,103.0,-50.0
2024-10-05 07:21:00,103.0,-48.0
2024-10-05 07:22:00,106.0,-50.0
2024-10-05 07:23:00,114.0,-57.0
2024-10-05 07:24:00,118.0,-61.0
2024-10-05 07:25:00,118.0,-58.0
2024-10-05 07:26:00,125.0,-59.0
2024-10-05 07:27:00,133.0,-65.0
2024-10-05 07:28:00,143.0,-73.0
2024-10-05 07:29:00,153.0,-81.0
2024-10-05 07:30:00,155.0,-82.0
2024-10-05 07:31:00,154.0,-79.0
2024-10-05 07:32:00,152.0,-80.0
2024-10-05 07:33:00,137.0,-68.0
2024-10-05 07:34:00,129.0,-62.0
2024-10-05 07:35:00,137.0,-69.0
2024-10-05 07:36:00,138.0,-74.0
2024-10-05 07:37:00,126.0,-67.0
2024-10-05 07:38:00,122.0,-65.0
2024-10-05 07:39:00,116.0,-61.0
2024-10-05 07:40:00,131.0,-78.0
2024-10-05 07:41:00,147.0,-94.0
2024-10-05 07:42:00,164.0,-110.0
2024-10-05 07:43:00,172.0,-114.0
2024-10-05 07:44:00,172.0,-112.0
2024-10-05 07:45:00,159.0,-100.0
2024-10-05 07:46:00,140.0,-81.0
2024-10-05 07:47:00,137.0,-73.0
2024-10-05 07:48:00,140.0,-69.0
2024-10-05 07:49:00,136.0,-63.0
2024-10-05 07:50:00,135.0,-60.0
2024-10-05 07:51:00,131.0,-55.0
2024-10-05 07:52:00,126.0,-49.0
2024-10-05 07:53:00,118.0,-41.0
2024-10-05 07:54:00,120.0,-44.0
2024-10-05 07:55:00,121.0,-44.0
2024-10-05 07:56:00,122.0,-45.0
2024-10-05 07:57:00,114.0,-39.0
2024-10-05 07:58:00,111.0,-41.0
2024-10-05 07:59:00,106.0,-41.0
2024-10-05 08:00:00,97.0,-39.0
2024-10-05 08:01:00,90.0,-37.0
2024-10-05 08:02:00,89.0,-37.0
2024-10-05 08:03:00,79.0,-33.0
2024-10-05 08:04:00,74.0,-29.0
2024-10-05 08:05:00,71.0,-26.0
2024-10-05 08:06:00,71.0,-25.0
2024-10-05 08:07:00,69.0,-25.0
2024-10-05 08:08:00,64.0,-26.0
2024-10-05 08:09:00,63.0,-28.0
2024-10-05 08:10:00,65.0,-30.0
2024-10-05 08:11:00,64.0,-30.0
2024-10-05 08:12:00,66.0,-30.0
2024-10-05 08:13:00,68.0,-31.0
2024-10-05 08:14:00,71.0,-32.0
2024-10-05 08:15:00,72.0,-34.0
2024-10-05 08:16:00,70.0,-33.0
2024-10-05 08:17:00,70.0,-32.0
2024-10-05 08:18:00,72.0,-33.0
2024-10-05 08:19:00,72.0,-34.0
2024-10-05 08:20:00,69.0,-32.0
2024-10-05 08:21:00,67.0,-30.0
2024-10-05 08:22:00,70.0,-30.0
2024-10-05 08:23:00,72.0,-32.0
2024-10-05 08:24:00,70.0,-32.0
2024-10-05 08:25:00,65.0,-29.0
2024-10-05 08:26:00,63.0,-27.0
2024-10-05 08:27:00,64.0,-27.0
2024-10-05 08:28:00,65.0,-28.0
2024-10-05 08:29:00,61.0,-28.0
2024-10-05 08:30:00,61.0,-28.0
2024-10-05 08:31:00,61.0,-27.0
2024-10-05 08:32:00,60.0,-25.0
2024-10-05 08:33:00,57.0,-21.0
2024-10-05 08:34:00,61.0,-23.0
2024-10-05 08:35:00,63.0,-25.0
2024-10-05 08:36:00,61.0,-24.0
2024-10-05 08:37:00,58.0,-22.0
2024-10-05 08:38:00,57.0,-21.0
2024-10-05 08:39:00,59.0,-23.0
2024-10-05 08:40:00,58.0,-23.0
2024-10-05 08:41:00,55.0,-20.0
2024-10-05 08:42:00,54.0,-21.0
2024-10-05 08:43:00,53.0,-23.0
2024-10-05 08:44:00,52.0,-24.0
2024-10-05 08:45:00,47.0,-21.0
2024-10-05 08:46:00,47.0,-21.0
2024-10-05 08:47:00,49.0,-23.0
2024-10-05 08:48:00,51.0,-24.0
2024-10-05 08:49:00,53.0,-24.0
2024-10-05 08:50:00,56.0,-28.0
2024-10-05 08:51:00,56.0,-28.0
2024-10-05 08:52:00,55.0,-28.0
2024-10-05 08:53:00,56.0,-28.0
2024-10-05 08:54:00,56.0,-27.0
2024-10-05 08:55:00,57.0,-28.0
2024-10-05 08:56:00,56.0,-28.0
2024-10-05 08:57:00,55.0,-28.0
2024-10-05 08:58:00,55.0,-27.0
2024-10-05 08:59:00,55.0,-26.0
2024-10-05 09:00:00,57.0,-26.0
2024-10-05 09:01:00,58.0,-25.0
2024-10-05 09:02:00,59.0,-25.0
2024-10-05 09:03:00,55.0,-23.0
2024-10-05 09:04:00,51.0,-22.0
2024-10-05 09:05:00,52.0,-23.0
2024-10-05 09:06:00,52.0,-24.0
2024-10-05 09:07:00,53.0,-24.0
2024-10-05 09:08:00,54.0,-24.0
2024-10-05 09:09:00,55.0,-24.0
2024-10-05 09:10:00,54.0,-23.0
2024-10-05 09:11:00,53.0,-21.0
2024-10-05 09:12:00,51.0,-21.0
2024-10-05 09:13:00,51.0,-21.0
2024-10-05 09:14:00,54.0,-22.0
2024-10-05 09:15:00,54.0,-22.0
2024-10-05 09:16:00,55.0,-22.0
2024-10-05 09:17:00,57.0,-23.0
2024-10-05 09:18:00,58.0,-26.0
2024-10-05 09:19:00,55.0,-25.0
2024-10-05 09:20:00,53.0,-23.0
2024-10-05 09:21:00,54.0,-22.0
2024-10-05 09:22:00,56.0,-22.0
2024-10-05 09:23:00,58.0,-23.0
2024-10-05 09:24:00,60.0,-25.0
2024-10-05 09:25:00,60.0,-25.0
2024-10-05 09:26:00,59.0,-24.0
2024-10-05 09:27:00,59.0,-23.0
2024-10-05 09:28:00,58.0,-22.0
2024-10-05 09:29:00,59.0,-22.0
2024-10-05 09:30:00,61.0,-23.0
2024-10-05 09:31:00,62.0,-24.0
2024-10-05 09:32:00,62.0,-23.0
2024-10-05 09:33:00,63.0,-23.0
2024-10-05 09:34:00,60.0,-22.0
2024-10-05 09:35:00,61.0,-24.0
2024-10-05 09:36:00,63.0,-25.0
2024-10-05 09:37:00,63.0,-27.0
2024-10-05 09:38:00,63.0,-27.0
2024-10-05 09:39:00,64.0,-27.0
2024-10-05 09:40:00,60.0,-23.0
2024-10-05 09:41:00,58.0,-21.0
2024-10-05 09:42:00,59.0,-22.0
2024-10-05 09:43:00,60.0,-25.0
2024-10-05 09:44:00,62.0,-27.0
2024-10-05 09:45:00,60.0,-24.0
2024-10-05 09:46:00,61.0,-24.0
2024-10-05 09:47:00,61.0,-24.0
2024-10-05 09:48:00,61.0,-23.0
2024-10-05 09:49:00,61.0,-22.0
2024-10-05 09:50:00,64.0,-25.0
2024-10-05 09:51:00,63.0,-25.0
2024-10-05 09:52:00,63.0,-26.0
2024-10-05 09:53:00,60.0,-24.0
2024-10-05 09:54:00,59.0,-23.0
2024-10-05 09:55:00,60.0,-24.0
2024-10-05 09:56:00,57.0,-21.0
2024-10-05 09:57:00,56.0,-21.0
2024-10-05 09:58:00,55.0,-21.0
2024-10-05 09:59:00,56.0,-23.0
2024-10-05 10:00:00,57.0,-24.0
2024-10-05 10:01:00,55.0,-22.0
2024-10-05 10:02:00,56.0,-20.0
2024-10-05 10:03:00,56.0,-19.0
2024-10-05 10:04:00,55.0,-19.0
2024-10-05 10:05:00,58.0,-24.0
2024-10-05 10:06:00,60.0,-28.0
2024-10-05 10:07:00,59.0,-30.0
2024-10-05 10:08:00,62.0,-34.0
2024-10-05 10:09:00,73.0,-37.0
2024-10-05 10:10:00,80.0,-37.0
2024-10-05 10:11:00,83.0,-36.0
2024-10-05 10:12:00,78.0,-34.0
2024-10-05 10:13:00,71.0,-34.0
2024-10-05 10:14:00,65.0,-35.0
2024-10-05 10:15:00,59.0,-36.0
2024-10-05 10:16:00,58.0,-36.0
2024-10-05 10:17:00,56.0,-35.0
2024-10-05 10:18:00,61.0,-41.0
2024-10-05 10:19:00,61.0,-42.0
2024-10-05 10:20:00,54.0,-34.0
2024-10-05 10:21:00,53.0,-33.0
2024-10-05 10:22:00,51.0,-32.0
2024-10-05 10:23:00,49.0,-31.0
2024-10-05 10:24:00,49.0,-32.0
2024-10-05 10:25:00,50.0,-32.0
2024-10-05 10:26:00,53.0,-33.0
2024-10-05 10:27:00,54.0,-33.0
2024-10-05 10:28:00,54.0,-33.0
2024-10-05 10:29:00,51.0,-32.0
2024-10-05 10:30:00,48.0,-32.0
2024-10-05 10:31:00,49.0,-31.0
2024-10-05 10:32:00,48.0,-32.0
2024-10-05 10:33:00,50.0,-32.0
2024-10-05 10:34:00,52.0,-32.0
2024-10-05 10:35:00,54.0,-32.0
2024-10-05 10:36:00,56.0,-34.0
2024-10-05 10:37:00,55.0,-34.0
2024-10-05 10:38:00,54.0,-35.0
2024-10-05 10:39:00,53.0,-36.0
2024-10-05 10:40:00,52.0,-36.0
2024-10-05 10:41:00,53.0,-37.0
2024-10-05 10:42:00,64.0,-44.0
2024-10-05 10:43:00,59.0,-38.0
2024-10-05 10:44:00,61.0,-41.0
2024-10-05 10:45:00,62.0,-42.0
2024-10-05 10:46:00,63.0,-42.0
2024-10-05 10:47:00,73.0,-50.0
2024-10-05 10:48:00,74.0,-50.0
2024-10-05 10:49:00,66.0,-42.0
2024-10-05 10:50:00,69.0,-45.0
2024-10-05 10:51:00,73.0,-50.0
2024-10-05 10:52:00,62.0,-40.0
2024-10-05 10:53:00,56.0,-33.0
2024-10-05 10:54:00,51.0,-27.0
2024-10-05 10:55:00,54.0,-27.0
2024-10-05 10:56:00,55.0,-27.0
2024-10-05 10:57:00,57.0,-29.0
2024-10-05 10:58:00,51.0,-25.0
2024-10-05 10:59:00,49.0,-25.0
2024-10-05 11:00:00,51.0,-29.0
2024-10-05 11:01:00,52.0,-30.0
2024-10-05 11:02:00,54.0,-32.0
2024-10-05 11:03:00,53.0,-31.0
2024-10-05 11:04:00,50.0,-28.0
2024-10-05 11:05:00,52.0,-29.0
2024-10-05 11:06:00,51.0,-29.0
2024-10-05 11:07:00,52.0,-30.0
2024-10-05 11:08:00,51.0,-31.0
2024-10-05 11:09:00,52.0,-34.0
2024-10-05 11:10:00,52.0,-35.0
2024-10-05 11:11:00,51.0,-35.0
2024-10-05 11:12:00,51.0,-35.0
2024-10-05 11:13:00,50.0,-34.0
2024-10-05 11:14:00,50.0,-33.0
2024-10-05 11:15:00,51.0,-32.0
2024-10-05 11:16:00,52.0,-32.0
2024-10-05 11:17:00,52.0,-32.0
2024-10-05 11:18:00,51.0,-31.0
2024-10-05 11:19:00,53.0,-31.0
2024-10-05 11:20:00,54.0,-31.0
2024-10-05 11:21:00,54.0,-30.0
2024-10-05 11:22:00,54.0,-30.0
2024-10-05 11:23:00,54.0,-30.0
2024-10-05 11:24:00,52.0,-28.0
2024-10-05 11:25:00,51.0,-27.0
2024-10-05 11:26:00,50.0,-26.0
2024-10-05 11:27:00,49.0,-25.0
2024-10-05 11:28:00,49.0,-24.0
2024-10-05 11:29:00,50.0,-25.0
2024-10-05 11:30:00,49.0,-25.0
2024-10-05 11:31:00,48.0,-24.0
2024-10-05 11:32:00,48.0,-25.0
2024-10-05 11:33:00,47.0,-25.0
2024-10-05 11:34:00,46.0,-24.0
2024-10-05 11:35:00,46.0,-24.0
2024-10-05 11:36:00,47.0,-25.0
2024-10-05 11:37:00,47.0,-27.0
2024-10-05 11:38:00,48.0,-27.0
2024-10-05 11:39:00,48.0,-27.0
2024-10-05 11:40:00,48.0,-27.0
2024-10-05 11:41:00,49.0,-28.0
2024-10-05 11:42:00,49.0,-28.0
2024-10-05 11:43:00,50.0,-29.0
2024-10-05 11:44:00,50.0,-30.0
2024-10-05 11:45:00,50.0,-31.0
2024-10-05 11:46:00,51.0,-32.0
2024-10-05 11:47:00,51.0,-32.0
2024-10-05 11:48:00,51.0,-32.0
2024-10-05 11:49:00,51.0,-33.0
2024-10-05 11:50:00,52.0,-34.0
2024-10-05 11:51:00,51.0,-33.0
2024-10-05 11:52:00,51.0,-33.0
2024-10-05 11:53:00,52.0,-33.0
2024-10-05 11:54:00,52.0,-33.0
2024-10-05 11:55:00,52.0,-33.0
2024-10-05 11:56:00,52.0,-33.0
2024-10-05 11:57:00,52.0,-34.0
2024-10-05 11:58:00,53.0,-34.0
2024-10-05 11:59:00,52.0,-33.0
2024-10-05 12:00:00,53.0,-33.0
2024-10-05 12:01:00,54.0,-33.0
2024-10-05 12:02:00,55.0,-33.0
2024-10-05 12:03:00,55.0,-33.0
2024-10-05 12:04:00,56.0,-34.0
2024-10-05 12:05:00,54.0,-33.0
2024-10-05 12:06:00,53.0,-33.0
2024-10-05 12:07:00,52.0,-34.0
2024-10-05 12:08:00,50.0,-34.0
2024-10-05 12:09:00,51.0,-34.0
2024-10-05 12:10:00,50.0,-34.0
2024-10-05 12:11:00,48.0,-35.0
2024-10-05 12:12:00,46.0,-35.0
2024-10-05 12:13:00,44.0,-35.0
2024-10-05 12:14:00,44.0,-34.0
2024-10-05 12:15:00,46.0,-35.0
2024-10-05 12:16:00,47.0,-35.0
2024-10-05 12:17:00,47.0,-35.0
2024-10-05 12:18:00,47.0,-34.0
2024-10-05 12:19:00,47.0,-34.0
2024-10-05 12:20:00,50.0,-36.0
2024-10-05 12:21:00,51.0,-37.0
2024-10-05 12:22:00,51.0,-38.0
2024-10-05 12:23:00,50.0,-37.0
2024-10-05 12:24:00,49.0,-36.0
2024-10-05 12:25:00,48.0,-35.0
2024-10-05 12:26:00,47.0,-34.0
2024-10-05 12:27:00,49.0,-35.0
2024-10-05 12:28:00,49.0,-35.0
2024-10-05 12:29:00,49.0,-35.0
2024-10-05 12:30:00,49.0,-35.0
2024-10-05 12:31:00,49.0,-35.0
2024-10-05 12:32:00,49.0,-35.0
2024-10-05 12:33:00,49.0,-35.0
2024-10-05 12:34:00,51.0,-38.0
2024-10-05 12:35:00,53.0,-40.0
2024-10-05 12:36:00,54.0,-41.0
2024-10-05 12:37:00,56.0,-43.0
2024-10-05 12:38:00,56.0,-43.0
2024-10-05 12:39:00,55.0,-41.0
2024-10-05 12:40:00,55.0,-40.0
2024-10-05 12:41:00,54.0,-38.0
2024-10-05 12:42:00,52.0,-36.0
2024-10-05 12:43:00,50.0,-34.0
2024-10-05 12:44:00,49.0,-33.0
2024-10-05 12:45:00,48.0,-32.0
2024-10-05 12:46:00,50.0,-34.0
2024-10-05 12:47:00,49.0,-33.0
2024-10-05 12:48:00,48.0,-32.0
2024-10-05 12:49:00,50.0,-34.0
2024-10-05 12:50:00,51.0,-36.0
2024-10-05 12:51:00,49.0,-34.0
2024-10-05 12:52:00,49.0,-34.0
2024-10-05 12:53:00,50.0,-35.0
2024-10-05 12:54:00,48.0,-33.0
2024-10-05 12:55:00,47.0,-32.0
2024-10-05 12:56:00,48.0,-32.0
2024-10-05 12:57:00,47.0,-31.0
2024-10-05 12:58:00,50.0,-35.0
2024-10-05 12:59:00,50.0,-35.0
2024-10-05 13:00:00,46.0,-31.0
2024-10-05 13:01:00,45.0,-29.0
2024-10-05 13:02:00,45.0,-27.0
2024-10-05 13:03:00,51.0,-27.0
2024-10-05 13:04:00,57.0,-29.0
2024-10-05 13:05:00,61.0,-27.0
2024-10-05 13:06:00,65.0,-28.0
2024-10-05 13:07:00,68.0,-29.0
2024-10-05 13:08:00,68.0,-29.0
2024-10-05 13:09:00,66.0,-28.0
2024-10-05 13:10:00,67.0,-27.0
2024-10-05 13:11:00,70.0,-27.0
2024-10-05 13:12:00,72.0,-29.0
2024-10-05 13:13:00,72.0,-31.0
2024-10-05 13:14:00,70.0,-32.0
2024-10-05 13:15:00,65.0,-31.0
2024-10-05 13:16:00,63.0,-33.0
2024-10-05 13:17:00,62.0,-36.0
2024-10-05 13:18:00,61.0,-37.0
2024-10-05 13:19:00,58.0,-35.0
2024-10-05 13:20:00,57.0,-33.0
2024-10-05 13:21:00,60.0,-35.0
2024-10-05 13:22:00,60.0,-35.0
2024-10-05 13:23:00,60.0,-35.0
2024-10-05 13:24:00,62.0,-36.0
2024-10-05 13:25:00,64.0,-37.0
2024-10-05 13:26:00,63.0,-36.0
2024-10-05 13:27:00,62.0,-35.0
2024-10-05 13:28:00,63.0,-35.0
2024-10-05 13:29:00,62.0,-34.0
2024-10-05 13:30:00,64.0,-36.0
2024-10-05 13:31:00,63.0,-36.0
2024-10-05 13:32:00,65.0,-37.0
2024-10-05 13:33:00,66.0,-38.0
2024-10-05 13:34:00,67.0,-38.0
2024-10-05 13:35:00,67.0,-37.0
2024-10-05 13:36:00,68.0,-37.0
2024-10-05 13:37:00,71.0,-39.0
2024-10-05 13:38:00,74.0,-41.0
2024-10-05 13:39:00,76.0,-42.0
2024-10-05 13:40:00,77.0,-42.0
2024-10-05 13:41:00,77.0,-43.0
2024-10-05 13:42:00,77.0,-43.0
2024-10-05 13:43:00,77.0,-43.0
2024-10-05 13:44:00,77.0,-43.0
2024-10-05 13:45:00,79.0,-44.0
2024-10-05 13:46:00,80.0,-45.0
2024-10-05 13:47:00,81.0,-46.0
2024-10-05 13:48:00,80.0,-46.0
2024-10-05 13:49:00,79.0,-46.0
2024-10-05 13:50:00,77.0,-47.0
2024-10-05 13:51:00,73.0,-46.0
2024-10-05 13:52:00,73.0,-46.0
2024-10-05 13:53:00,74.0,-47.0
2024-10-05 13:54:00,74.0,-47.0
2024-10-05 13:55:00,72.0,-46.0
2024-10-05 13:56:00,70.0,-46.0
2024-10-05 13:57:00,69.0,-46.0
2024-10-05 13:58:00,69.0,-46.0
2024-10-05 13:59:00,68.0,-45.0
2024-10-05 14:00:00,67.0,-45.0
2024-10-05 14:01:00,65.0,-44.0
2024-10-05 14:02:00,63.0,-43.0
2024-10-05 14:03:00,61.0,-42.0
2024-10-05 14:04:00,58.0,-41.0
2024-10-05 14:05:00,57.0,-41.0
2024-10-05 14:06:00,56.0,-41.0
2024-10-05 14:07:00,56.0,-41.0
2024-10-05 14:08:00,56.0,-40.0
2024-10-05 14:09:00,56.0,-39.0
2024-10-05 14:10:00,56.0,-38.0
2024-10-05 14:11:00,56.0,-37.0
2024-10-05 14:12:00,56.0,-37.0
2024-10-05 14:13:00,55.0,-37.0
2024-10-05 14:14:00,53.0,-37.0
2024-10-05 14:15:00,52.0,-35.0
2024-10-05 14:16:00,51.0,-34.0
2024-10-05 14:17:00,49.0,-33.0
2024-10-05 14:18:00,47.0,-33.0
2024-10-05 14:19:00,46.0,-32.0
2024-10-05 14:20:00,50.0,-33.0
2024-10-05 14:21:00,50.0,-34.0
2024-10-05 14:22:00,49.0,-35.0
2024-10-05 14:23:00,50.0,-35.0
2024-10-05 14:24:00,51.0,-36.0
2024-10-05 14:25:00,56.0,-37.0
2024-10-05 14:26:00,53.0,-37.0
2024-10-05 14:27:00,52.0,-35.0
2024-10-05 14:28:00,55.0,-37.0
2024-10-05 14:29:00,57.0,-37.0
2024-10-05 14:30:00,55.0,-36.0
2024-10-05 14:31:00,53.0,-36.0
2024-10-05 14:32:00,50.0,-36.0
2024-10-05 14:33:00,53.0,-37.0
2024-10-05 14:34:00,53.0,-37.0
2024-10-05 14:35:00,57.0,-36.0
2024-10-05 14:36:00,56.0,-35.0
2024-10-05 14:37:00,61.0,-36.0
2024-10-05 14:38:00,56.0,-36.0
2024-10-05 14:39:00,58.0,-36.0
2024-10-05 14:40:00,62.0,-37.0
2024-10-05 14:41:00,61.0,-37.0
2024-10-05 14:42:00,59.0,-36.0
2024-10-05 14:43:00,63.0,-38.0
2024-10-05 14:44:00,60.0,-38.0
2024-10-05 14:45:00,62.0,-38.0
2024-10-05 14:46:00,67.0,-39.0
2024-10-05 14:47:00,66.0,-39.0
2024-10-05 14:48:00,67.0,-40.0
2024-10-05 14:49:00,65.0,-41.0
2024-10-05 14:50:00,60.0,-41.0
2024-10-05 14:51:00,58.0,-41.0
2024-10-05 14:52:00,58.0,-42.0
2024-10-05 14:53:00,56.0,-42.0
2024-10-05 14:54:00,52.0,-41.0
2024-10-05 14:55:00,52.0,-42.0
2024-10-05 14:56:00,52.0,-42.0
2024-10-05 14:57:00,53.0,-42.0
2024-10-05 14:58:00,55.0,-43.0
2024-10-05 14:59:00,54.0,-43.0
2024-10-05 15:00:00,55.0,-44.0
2024-10-05 15:01:00,55.0,-44.0
2024-10-05 15:02:00,55.0,-45.0
2024-10-05 15:03:00,55.0,-45.0
2024-10-05 15:04:00,55.0,-45.0
2024-10-05 15:05:00,58.0,-45.0
2024-10-05 15:06:00,60.0,-45.0
2024-10-05 15:07:00,59.0,-44.0
2024-10-05 15:08:00,57.0,-45.0
2024-10-05 15:09:00,51.0,-43.0
2024-10-05 15:10:00,51.0,-43.0
2024-10-05 15:11:00,53.0,-45.0
2024-10-05 15:12:00,55.0,-45.0
2024-10-05 15:13:00,56.0,-45.0
2024-10-05 15:14:00,55.0,-44.0
2024-10-05 15:15:00,54.0,-44.0
2024-10-05 15:16:00,54.0,-45.0
2024-10-05 15:17:00,53.0,-45.0
2024-10-05 15:18:00,54.0,-45.0
2024-10-05 15:19:00,56.0,-45.0
2024-10-05 15:20:00,57.0,-46.0
2024-10-05 15:21:00,57.0,-45.0
2024-10-05 15:22:00,57.0,-46.0
2024-10-05 15:23:00,58.0,-46.0
2024-10-05 15:24:00,59.0,-46.0
2024-10-05 15:25:00,61.0,-47.0
2024-10-05 15:26:00,61.0,-48.0
2024-10-05 15:27:00,59.0,-47.0
2024-10-05 15:28:00,59.0,-47.0
2024-10-05 15:29:00,60.0,-48.0
2024-10-05 15:30:00,59.0,-47.0
2024-10-05 15:31:00,59.0,-47.0
2024-10-05 15:32:00,57.0,-46.0
2024-10-05 15:33:00,57.0,-46.0
2024-10-05 15:34:00,56.0,-46.0
2024-10-05 15:35:00,57.0,-47.0
2024-10-05 15:36:00,55.0,-46.0
2024-10-05 15:37:00,54.0,-46.0
2024-10-05 15:38:00,57.0,-48.0
2024-10-05 15:39:00,57.0,-48.0
2024-10-05 15:40:00,57.0,-47.0
2024-10-05 15:41:00,59.0,-49.0
2024-10-05 15:42:00,57.0,-49.0
2024-10-05 15:43:00,56.0,-48.0
2024-10-05 15:44:00,58.0,-50.0
2024-10-05 15:45:00,58.0,-50.0
2024-10-05 15:46:00,58.0,-49.0
2024-10-05 15:47:00,56.0,-48.0
2024-10-05 15:48:00,57.0,-49.0
2024-10-05 15:49:00,58.0,-49.0
2024-10-05 15:50:00,57.0,-50.0
2024-10-05 15:51:00,55.0,-48.0
2024-10-05 15:52:00,55.0,-48.0
2024-10-05 15:53:00,55.0,-48.0
2024-10-05 15:54:00,56.0,-50.0
2024-10-05 15:55:00,55.0,-49.0
2024-10-05 15:56:00,57.0,-50.0
2024-10-05 15:57:00,57.0,-50.0
2024-10-05 15:58:00,56.0,-49.0
2024-10-05 15:59:00,57.0,-50.0
2024-10-05 16:00:00,54.0,-48.0
2024-10-05 16:01:00,56.0,-50.0
2024-10-05 16:02:00,57.0,-51.0
2024-10-05 16:03:00,56.0,-50.0
2024-10-05 16:04:00,55.0,-51.0
2024-10-05 16:05:00,55.0,-51.0
2024-10-05 16:06:00,55.0,-51.0
2024-10-05 16:07:00,57.0,-52.0
2024-10-05 16:08:00,58.0,-53.0
2024-10-05 16:09:00,59.0,-54.0
2024-10-05 16:10:00,57.0,-52.0
2024-10-05 16:11:00,59.0,-52.0
2024-10-05 16:12:00,61.0,-54.0
2024-10-05 16:13:00,61.0,-54.0
2024-10-05 16:14:00,61.0,-55.0
2024-10-05 16:15:00,63.0,-55.0
2024-10-05 16:16:00,66.0,-56.0
2024-10-05 16:17:00,70.0,-58.0
2024-10-05 16:18:00,72.0,-59.0
2024-10-05 16:19:00,72.0,-59.0
2024-10-05 16:20:00,70.0,-57.0
2024-10-05 16:21:00,69.0,-56.0
2024-10-05 16:22:00,68.0,-56.0
2024-10-05 16:23:00,67.0,-55.0
2024-10-05 16:24:00,66.0,-54.0
2024-10-05 16:25:00,67.0,-55.0
2024-10-05 16:26:00,66.0,-54.0
2024-10-05 16:27:00,66.0,-55.0
2024-10-05 16:28:00,66.0,-55.0
2024-10-05 16:29:00,69.0,-57.0
2024-10-05 16:30:00,76.0,-63.0
2024-10-05 16:31:00,78.0,-62.0
2024-10-05 16:32:00,73.0,-57.0
2024-10-05 16:33:00,70.0,-54.0
2024-10-05 16:34:00,70.0,-55.0
2024-10-05 16:35:00,69.0,-54.0
2024-10-05 16:36:00,68.0,-53.0
2024-10-05 16:37:00,71.0,-55.0
2024-10-05 16:38:00,72.0,-56.0
2024-10-05 16:39:00,68.0,-53.0
2024-10-05 16:40:00,67.0,-52.0
2024-10-05 16:41:00,67.0,-52.0
2024-10-05 16:42:00,68.0,-52.0
2024-10-05 16:43:00,70.0,-53.0
2024-10-05 16:44:00,70.0,-53.0
2024-10-05 16:45:00,70.0,-52.0
2024-10-05 16:46:00,69.0,-50.0
2024-10-05 16:47:00,69.0,-49.0
2024-10-05 16:48:00,69.0,-48.0
2024-10-05 16:49:00,70.0,-49.0
2024-10-05 16:50:00,68.0,-50.0
2024-10-05 16:51:00,67.0,-51.0
2024-10-05 16:52:00,72.0,-59.0
2024-10-05 16:53:00,76.0,-63.0
2024-10-05 16:54:00,65.0,-49.0
2024-10-05 16:55:00,65.0,-48.0
2024-10-05 16:56:00,65.0,-49.0
2024-10-05 16:57:00,64.0,-51.0
2024-10-05 16:58:00,64.0,-53.0
2024-10-05 16:59:00,86.0,-77.0
2024-10-05 17:00:00,105.0,-96.0
2024-10-05 17:01:00,103.0,-93.0
2024-10-05 17:02:00,76.0,-65.0
2024-10-05 17:03:00,60.0,-48.0
2024-10-05 17:04:00,62.0,-50.0
2024-10-05 17:05:00,63.0,-52.0
2024-10-05 17:06:00,64.0,-54.0
2024-10-05 17:07:00,60.0,-52.0
2024-10-05 17:08:00,75.0,-68.0
2024-10-05 17:09:00,82.0,-75.0
2024-10-05 17:10:00,74.0,-67.0
2024-10-05 17:11:00,58.0,-50.0
2024-10-05 17:12:00,58.0,-50.0
2024-10-05 17:13:00,60.0,-51.0
2024-10-05 17:14:00,58.0,-50.0
2024-10-05 17:15:00,58.0,-50.0
2024-10-05 17:16:00,59.0,-52.0
2024-10-05 17:17:00,62.0,-55.0
2024-10-05 17:18:00,61.0,-54.0
2024-10-05 17:19:00,61.0,-54.0
2024-10-05 17:20:00,60.0,-53.0
2024-10-05 17:21:00,64.0,-56.0
2024-10-05 17:22:00,66.0,-58.0
2024-10-05 17:23:00,67.0,-57.0
2024-10-05 17:24:00,64.0,-53.0
2024-10-05 17:25:00,60.0,-49.0
2024-10-05 17:26:00,59.0,-47.0
2024-10-05 17:27:00,77.0,-45.0
2024-10-05 17:28:00,94.0,-45.0
2024-10-05 17:29:00,99.0,-46.0
2024-10-05 17:30:00,83.0,-47.0
2024-10-05 17:31:00,56.0,-48.0
2024-10-05 17:32:00,55.0,-47.0
2024-10-05 17:33:00,62.0,-54.0
2024-10-05 17:34:00,56.0,-47.0
2024-10-05 17:35:00,54.0,-45.0
2024-10-05 17:36:00,54.0,-45.0
2024-10-05 17:37:00,54.0,-46.0
2024-10-05 17:38:00,57.0,-48.0
2024-10-05 17:39:00,59.0,-49.0
2024-10-05 17:40:00,61.0,-49.0
2024-10-05 17:41:00,62.0,-49.0
2024-10-05 17:42:00,62.0,-49.0
2024-10-05 17:43:00,61.0,-48.0
2024-10-05 17:44:00,62.0,-48.0
2024-10-05 17:45:00,61.0,-47.0
2024-10-05 17:46:00,59.0,-45.0
2024-10-05 17:47:00,57.0,-43.0
2024-10-05 17:48:00,56.0,-42.0
2024-10-05 17:49:00,54.0,-41.0
2024-10-05 17:50:00,54.0,-41.0
2024-10-05 17:51:00,56.0,-42.0
2024-10-05 17:52:00,57.0,-42.0
2024-10-05 17:53:00,58.0,-42.0
2024-10-05 17:54:00,57.0,-41.0
2024-10-05 17:55:00,53.0,-37.0
2024-10-05 17:56:00,54.0,-36.0
2024-10-05 17:57:00,60.0,-41.0
2024-10-05 17:58:00,72.0,-51.0
2024-10-05 17:59:00,81.0,-59.0
2024-10-05 18:00:00,85.0,-62.0
2024-10-05 18:01:00,107.0,-59.0
2024-10-05 18:02:00,104.0,-56.0
2024-10-05 18:03:00,85.0,-55.0
2024-10-05 18:04:00,81.0,-57.0
2024-10-05 18:05:00,84.0,-61.0
2024-10-05 18:06:00,93.0,-69.0
2024-10-05 18:07:00,100.0,-77.0
2024-10-05 18:08:00,100.0,-77.0
2024-10-05 18:09:00,97.0,-68.0
2024-10-05 18:10:00,106.0,-65.0
2024-10-05 18:11:00,143.0,-98.0
2024-10-05 18:12:00,103.0,-61.0
2024-10-05 18:13:00,101.0,-70.0
2024-10-05 18:14:00,100.0,-75.0
2024-10-05 18:15:00,116.0,-75.0
2024-10-05 18:16:00,191.0,-146.0
2024-10-05 18:17:00,189.0,-155.0
2024-10-05 18:18:00,262.0,-229.0
2024-10-05 18:19:00,237.0,-202.0
2024-10-05 18:20:00,208.0,-172.0
2024-10-05 18:21:00,159.0,-131.0
2024-10-05 18:22:00,135.0,-104.0
2024-10-05 18:23:00,136.0,-107.0
2024-10-05 18:24:00,112.0,-81.0
2024-10-05 18:25:00,128.0,-97.0
2024-10-05 18:26:00,144.0,-112.0
2024-10-05 18:27:00,125.0,-91.0
2024-10-05 18:28:00,150.0,-117.0
2024-10-05 18:29:00,166.0,-133.0
2024-10-05 18:30:00,170.0,-135.0
2024-10-05 18:31:00,167.0,-131.0
2024-10-05 18:32:00,143.0,-105.0
2024-10-05 18:33:00,149.0,-107.0
2024-10-05 18:34:00,154.0,-108.0
2024-10-05 18:35:00,153.0,-107.0
2024-10-05 18:36:00,153.0,-108.0
2024-10-05 18:37:00,157.0,-111.0
2024-10-05 18:38:00,165.0,-120.0
2024-10-05 18:39:00,166.0,-125.0
2024-10-05 18:40:00,162.0,-124.0
2024-10-05 18:41:00,152.0,-114.0
2024-10-05 18:42:00,137.0,-99.0
2024-10-05 18:43:00,131.0,-92.0
2024-10-05 18:44:00,128.0,-88.0
2024-10-05 18:45:00,122.0,-85.0
2024-10-05 18:46:00,124.0,-87.0
2024-10-05 18:47:00,144.0,-92.0
2024-10-05 18:48:00,168.0,-121.0
2024-10-05 18:49:00,300.0,-253.0
2024-10-05 18:50:00,310.0,-264.0
2024-10-05 18:51:00,312.0,-275.0
2024-10-05 18:52:00,284.0,-244.0
2024-10-05 18:53:00,263.0,-221.0
2024-10-05 18:54:00,214.0,-171.0
2024-10-05 18:55:00,190.0,-148.0
2024-10-05 18:56:00,193.0,-152.0
2024-10-05 18:57:00,199.0,-158.0
2024-10-05 18:58:00,193.0,-151.0
2024-10-05 18:59:00,185.0,-143.0
2024-10-05 19:00:00,192.0,-148.0
2024-10-05 19:01:00,200.0,-153.0
2024-10-05 19:02:00,181.0,-134.0
2024-10-05 19:03:00,169.0,-125.0
2024-10-05 19:04:00,153.0,-111.0
2024-10-05 19:05:00,143.0,-102.0
2024-10-05 19:06:00,137.0,-96.0
2024-10-05 19:07:00,141.0,-101.0
2024-10-05 19:08:00,137.0,-97.0
2024-10-05 19:09:00,138.0,-98.0
2024-10-05 19:10:00,136.0,-97.0
2024-10-05 19:11:00,131.0,-94.0
2024-10-05 19:12:00,128.0,-92.0
2024-10-05 19:13:00,128.0,-94.0
2024-10-05 19:14:00,149.0,-117.0
2024-10-05 19:15:00,157.0,-125.0
2024-10-05 19:16:00,160.0,-126.0
2024-10-05 19:17:00,152.0,-118.0
2024-10-05 19:18:00,136.0,-103.0
2024-10-05 19:19:00,129.0,-96.0
2024-10-05 19:20:00,124.0,-92.0
2024-10-05 19:21:00,122.0,-91.0
2024-10-05 19:22:00,138.0,-106.0
2024-10-05 19:23:00,145.0,-112.0
2024-10-05 19:24:00,130.0,-95.0
2024-10-05 19:25:00,143.0,-106.0
2024-10-05 19:26:00,154.0,-116.0
2024-10-05 19:27:00,163.0,-126.0
2024-10-05 19:28:00,159.0,-122.0
2024-10-05 19:29:00,161.0,-122.0
2024-10-05 19:30:00,159.0,-120.0
2024-10-05 19:31:00,169.0,-129.0
2024-10-05 19:32:00,175.0,-134.0
2024-10-05 19:33:00,184.0,-142.0
2024-10-05 19:34:00,191.0,-149.0
2024-10-05 19:35:00,194.0,-151.0
2024-10-05 19:36:00,195.0,-152.0
2024-10-05 19:37:00,193.0,-148.0
2024-10-05 19:38:00,189.0,-140.0
2024-10-05 19:39:00,209.0,-161.0
2024-10-05 19:40:00,202.0,-155.0
2024-10-05 19:41:00,191.0,-146.0
2024-10-05 19:42:00,195.0,-147.0
2024-10-05 19:43:00,197.0,-143.0
2024-10-05 19:44:00,198.0,-142.0
2024-10-05 19:45:00,203.0,-152.0
2024-10-05 19:46:00,205.0,-155.0
2024-10-05 19:47:00,177.0,-125.0
2024-10-05 19:48:00,163.0,-114.0
2024-10-05 19:49:00,159.0,-112.0
2024-10-05 19:50:00,163.0,-114.0
2024-10-05 19:51:00,155.0,-107.0
2024-10-05 19:52:00,139.0,-94.0
2024-10-05 19:53:00,130.0,-86.0
2024-10-05 19:54:00,129.0,-85.0
2024-10-05 19:55:00,131.0,-89.0
2024-10-05 19:56:00,130.0,-89.0
2024-10-05 19:57:00,121.0,-81.0
2024-10-05 19:58:00,129.0,-89.0
2024-10-05 19:59:00,148.0,-105.0
2024-10-05 20:00:00,147.0,-103.0
2024-10-05 20:01:00,122.0,-78.0
2024-10-05 20:02:00,115.0,-73.0
2024-10-05 20:03:00,114.0,-73.0
2024-10-05 20:04:00,112.0,-72.0
2024-10-05 20:05:00,108.0,-69.0
2024-10-05 20:06:00,106.0,-66.0
2024-10-05 20:07:00,103.0,-63.0
2024-10-05 20:08:00,101.0,-62.0
2024-10-05 20:09:00,98.0,-61.0
2024-10-05 20:10:00,94.0,-60.0
2024-10-05 20:11:00,93.0,-61.0
2024-10-05 20:12:00,91.0,-58.0
2024-10-05 20:13:00,86.0,-53.0
2024-10-05 20:14:00,81.0,-48.0
2024-10-05 20:15:00,73.0,-42.0
2024-10-05 20:16:00,65.0,-36.0
2024-10-05 20:17:00,64.0,-36.0
2024-10-05 20:18:00,63.0,-38.0
2024-10-05 20:19:00,63.0,-39.0
2024-10-05 20:20:00,68.0,-40.0
2024-10-05 20:21:00,72.0,-40.0
2024-10-05 20:22:00,67.0,-37.0
2024-10-05 20:23:00,62.0,-35.0
2024-10-05 20:24:00,57.0,-33.0
2024-10-05 20:25:00,61.0,-32.0
2024-10-05 20:26:00,66.0,-33.0
2024-10-05 20:27:00,64.0,-34.0
2024-10-05 20:28:00,61.0,-33.0
2024-10-05 20:29:00,60.0,-33.0
2024-10-05 20:30:00,58.0,-32.0
2024-10-05 20:31:00,58.0,-31.0
2024-10-05 20:32:00,58.0,-29.0
2024-10-05 20:33:00,56.0,-29.0
2024-10-05 20:34:00,57.0,-30.0
2024-10-05 20:35:00,57.0,-31.0
2024-10-05 20:36:00,58.0,-31.0
2024-10-05 20:37:00,63.0,-33.0
2024-10-05 20:38:00,60.0,-34.0
2024-10-05 20:39:00,61.0,-33.0
2024-10-05 20:40:00,58.0,-32.0
2024-10-05 20:41:00,54.0,-29.0
2024-10-05 20:42:00,50.0,-27.0
2024-10-05 20:43:00,48.0,-26.0
2024-10-05 20:44:00,52.0,-29.0
2024-10-05 20:45:00,57.0,-31.0
2024-10-05 20:46:00,60.0,-32.0
2024-10-05 20:47:00,61.0,-33.0
2024-10-05 20:48:00,52.0,-26.0
2024-10-05 20:49:00,46.0,-24.0
2024-10-05 20:50:00,45.0,-27.0
2024-10-05 20:51:00,45.0,-28.0
2024-10-05 20:52:00,50.0,-34.0
2024-10-05 20:53:00,51.0,-33.0
2024-10-05 20:54:00,53.0,-30.0
2024-10-05 20:55:00,58.0,-31.0
2024-10-05 20:56:00,66.0,-38.0
2024-10-05 20:57:00,69.0,-43.0
2024-10-05 20:58:00,65.0,-41.0
2024-10-05 20:59:00,57.0,-39.0
2024-10-05 21:00:00,68.0,-53.0
2024-10-05 21:01:00,71.0,-56.0
2024-10-05 21:02:00,64.0,-50.0
2024-10-05 21:03:00,49.0,-31.0
2024-10-05 21:04:00,39.0,-20.0
2024-10-05 21:05:00,52.0,-31.0
2024-10-05 21:06:00,74.0,-42.0
2024-10-05 21:07:00,78.0,-50.0
2024-10-05 21:08:00,80.0,-47.0
2024-10-05 21:09:00,73.0,-39.0
2024-10-05 21:10:00,73.0,-42.0
2024-10-05 21:11:00,87.0,-57.0
2024-10-05 21:12:00,96.0,-67.0
2024-10-05 21:13:00,98.0,-70.0
2024-10-05 21:14:00,96.0,-70.0
2024-10-05 21:15:00,93.0,-69.0
2024-10-05 21:16:00,94.0,-69.0
2024-10-05 21:17:00,96.0,-70.0
2024-10-05 21:18:00,95.0,-68.0
2024-10-05 21:19:00,89.0,-62.0
2024-10-05 21:20:00,89.0,-62.0
2024-10-05 21:21:00,95.0,-67.0
2024-10-05 21:22:00,96.0,-67.0
2024-10-05 21:23:00,98.0,-66.0
2024-10-05 21:24:00,94.0,-61.0
2024-10-05 21:25:00,80.0,-48.0
2024-10-05 21:26:00,73.0,-40.0
2024-10-05 21:27:00,75.0,-41.0
2024-10-05 21:28:00,70.0,-38.0
2024-10-05 21:29:00,66.0,-35.0
2024-10-05 21:30:00,63.0,-32.0
2024-10-05 21:31:00,59.0,-28.0
2024-10-05 21:32:00,58.0,-28.0
2024-10-05 21:33:00,60.0,-30.0
2024-10-05 21:34:00,62.0,-31.0
2024-10-05 21:35:00,63.0,-32.0
2024-10-05 21:36:00,61.0,-31.0
2024-10-05 21:37:00,61.0,-30.0
2024-10-05 21:38:00,64.0,-33.0
2024-10-05 21:39:00,65.0,-36.0
2024-10-05 21:40:00,65.0,-35.0
2024-10-05 21:41:00,61.0,-30.0
2024-10-05 21:42:00,74.0,-43.0
2024-10-05 21:43:00,83.0,-50.0
2024-10-05 21:44:00,84.0,-50.0
2024-10-05 21:45:00,77.0,-42.0
2024-10-05 21:46:00,75.0,-40.0
2024-10-05 21:47:00,78.0,-42.0
2024-10-05 21:48:00,78.0,-43.0
2024-10-05 21:49:00,78.0,-44.0
2024-10-05 21:50:00,79.0,-44.0
2024-10-05 21:51:00,82.0,-46.0
2024-10-05 21:52:00,85.0,-48.0
2024-10-05 21:53:00,88.0,-49.0
2024-10-05 21:54:00,94.0,-54.0
2024-10-05 21:55:00,93.0,-54.0
2024-10-05 21:56:00,95.0,-54.0
2024-10-05 21:57:00,97.0,-54.0
2024-10-05 21:58:00,100.0,-58.0
2024-10-05 21:59:00,99.0,-60.0
2024-10-05 22:00:00,107.0,-58.0
2024-10-05 22:01:00,97.0,-54.0
2024-10-05 22:02:00,97.0,-54.0
2024-10-05 22:03:00,104.0,-55.0
2024-10-05 22:04:00,109.0,-58.0
2024-10-05 22:05:00,109.0,-60.0
2024-10-05 22:06:00,108.0,-59.0
2024-10-05 22:07:00,110.0,-60.0
2024-10-05 22:08:00,116.0,-65.0
2024-10-05 22:09:00,118.0,-66.0
2024-10-05 22:10:00,116.0,-64.0
2024-10-05 22:11:00,113.0,-62.0
2024-10-05 22:12:00,110.0,-61.0
2024-10-05 22:13:00,107.0,-58.0
2024-10-05 22:14:00,101.0,-52.0
2024-10-05 22:15:00,95.0,-48.0
2024-10-05 22:16:00,97.0,-51.0
2024-10-05 22:17:00,94.0,-50.0
2024-10-05 22:18:00,99.0,-57.0
2024-10-05 22:19:00,96.0,-57.0
2024-10-05 22:20:00,100.0,-60.0
2024-10-05 22:21:00,103.0,-64.0
2024-10-05 22:22:00,110.0,-72.0
2024-10-05 22:23:00,101.0,-65.0
2024-10-05 22:24:00,124.0,-89.0
2024-10-05 22:25:00,128.0,-92.0
2024-10-05 22:26:00,137.0,-99.0
2024-10-05 22:27:00,151.0,-111.0
2024-10-05 22:28:00,152.0,-112.0
2024-10-05 22:29:00,136.0,-98.0
2024-10-05 22:30:00,137.0,-99.0
2024-10-05 22:31:00,152.0,-114.0
2024-10-05 22:32:00,143.0,-107.0
2024-10-05 22:33:00,133.0,-97.0
2024-10-05 22:34:00,137.0,-101.0
2024-10-05 22:35:00,141.0,-105.0
2024-10-05 22:36:00,141.0,-106.0
2024-10-05 22:37:00,118.0,-90.0
2024-10-05 22:38:00,110.0,-82.0
2024-10-05 22:39:00,125.0,-90.0
2024-10-05 22:40:00,126.0,-90.0
2024-10-05 22:41:00,124.0,-90.0
2024-10-05 22:42:00,132.0,-98.0
2024-10-05 22:43:00,128.0,-94.0
2024-10-05 22:44:00,112.0,-80.0
2024-10-05 22:45:00,106.0,-75.0
2024-10-05 22:46:00,99.0,-71.0
2024-10-05 22:47:00,99.0,-73.0
2024-10-05 22:48:00,99.0,-73.0
2024-10-05 22:49:00,97.0,-71.0
2024-10-05 22:50:00,97.0,-70.0
2024-10-05 22:51:00,93.0,-66.0
2024-10-05 22:52:00,85.0,-58.0
2024-10-05 22:53:00,85.0,-58.0
2024-10-05 22:54:00,85.0,-58.0
2024-10-05 22:55:00,83.0,-55.0
2024-10-05 22:56:00,79.0,-51.0
2024-10-05 22:57:00,75.0,-49.0
2024-10-05 22:58:00,71.0,-45.0
2024-10-05 22:59:00,68.0,-42.0
2024-10-05 23:00:00,69.0,-43.0
2024-10-05 23:01:00,65.0,-42.0
2024-10-05 23:02:00,67.0,-45.0
2024-10-05 23:03:00,71.0,-49.0
2024-10-05 23:04:00,70.0,-48.0
2024-10-05 23:05:00,63.0,-42.0
2024-10-05 23:06:00,57.0,-36.0
2024-10-05 23:07:00,59.0,-39.0
2024-10-05 23:08:00,56.0,-37.0
2024-10-05 23:09:00,54.0,-35.0
2024-10-05 23:10:00,59.0,-39.0
2024-10-05 23:11:00,62.0,-41.0
2024-10-05 23:12:00,66.0,-44.0
2024-10-05 23:13:00,62.0,-42.0
2024-10-05 23:14:00,56.0,-37.0
2024-10-05 23:15:00,48.0,-31.0
2024-10-05 23:16:00,48.0,-31.0
2024-10-05 23:17:00,47.0,-32.0
2024-10-05 23:18:00,49.0,-34.0
2024-10-05 23:19:00,51.0,-37.0
2024-10-05 23:20:00,55.0,-42.0
2024-10-05 23:21:00,56.0,-43.0
2024-10-05 23:22:00,57.0,-43.0
2024-10-05 23:23:00,55.0,-41.0
2024-10-05 23:24:00,55.0,-41.0
2024-10-05 23:25:00,56.0,-41.0
2024-10-05 23:26:00,55.0,-41.0
2024-10-05 23:27:00,53.0,-39.0
2024-10-05 23:28:00,53.0,-38.0
2024-10-05 23:29:00,49.0,-34.0
2024-10-05 23:30:00,47.0,-32.0
2024-10-05 23:31:00,47.0,-33.0
2024-10-05 23:32:00,49.0,-35.0
2024-10-05 23:33:00,47.0,-35.0
2024-10-05 23:34:00,45.0,-33.0
2024-10-05 23:35:00,43.0,-31.0
2024-10-05 23:36:00,40.0,-28.0
2024-10-05 23:37:00,39.0,-27.0
2024-10-05 23:38:00,41.0,-29.0
2024-10-05 23:39:00,42.0,-29.0
2024-10-05 23:40:00,41.0,-28.0
2024-10-05 23:41:00,41.0,-28.0
2024-10-05 23:42:00,41.0,-28.0
2024-10-05 23:43:00,39.0,-27.0
2024-10-05 23:44:00,38.0,-26.0
2024-10-05 23:45:00,38.0,-25.0
2024-10-05 23:46:00,41.0,-27.0
2024-10-05 23:47:00,42.0,-28.0
2024-10-05 23:48:00,42.0,-28.0
2024-10-05 23:49:00,40.0,-26.0
2024-10-05 23:50:00,37.0,-25.0
2024-10-05 23:51:00,36.0,-24.0
2024-10-05 23:52:00,36.0,-23.0
2024-10-05 23:53:00,38.0,-24.0
2024-10-05 23:54:00,40.0,-26.0
2024-10-05 23:55:00,40.0,-27.0
2024-10-05 23:56:00,38.0,-25.0
2024-10-05 23:57:00,38.0,-24.0
2024-10-05 23:58:00,36.0,-23.0
2024-10-05 23:59:00,33.0,-22.0
2024-10-06 00:00:00,50.0,-22.0
2024-10-06 00:01:00,54.0,-23.0
2024-10-06 00:02:00,57.0,-24.0
2024-10-06 00:03:00,58.0,-25.0
2024-10-06 00:04:00,57.0,-25.0
2024-10-06 00:05:00,55.0,-25.0
2024-10-06 00:06:00,53.0,-25.0
2024-10-06 00:07:00,54.0,-26.0
2024-10-06 00:08:00,56.0,-26.0
2024-10-06 00:09:00,53.0,-22.0
2024-10-06 00:10:00,50.0,-20.0
2024-10-06 00:11:00,48.0,-20.0
2024-10-06 00:12:00,48.0,-20.0
2024-10-06 00:13:00,51.0,-21.0
2024-10-06 00:14:00,56.0,-21.0
2024-10-06 00:15:00,58.0,-21.0
2024-10-06 00:16:00,58.0,-21.0
2024-10-06 00:17:00,59.0,-21.0
2024-10-06 00:18:00,63.0,-23.0
2024-10-06 00:19:00,64.0,-24.0
2024-10-06 00:20:00,62.0,-26.0
2024-10-06 00:21:00,59.0,-27.0
2024-10-06 00:22:00,54.0,-28.0
2024-10-06 00:23:00,44.0,-26.0
2024-10-06 00:24:00,50.0,-27.0
2024-10-06 00:25:00,56.0,-27.0
2024-10-06 00:26:00,57.0,-27.0
2024-10-06 00:27:00,62.0,-27.0
2024-10-06 00:28:00,57.0,-24.0
2024-10-06 00:29:00,53.0,-24.0
2024-10-06 00:30:00,47.0,-22.0
2024-10-06 00:31:00,43.0,-21.0
2024-10-06 00:32:00,44.0,-24.0
2024-10-06 00:33:00,46.0,-25.0
2024-10-06 00:34:00,50.0,-27.0
2024-10-06 00:35:00,54.0,-30.0
2024-10-06 00:36:00,56.0,-34.0
2024-10-06 00:37:00,52.0,-34.0
2024-10-06 00:38:00,50.0,-31.0
2024-10-06 00:39:00,48.0,-25.0
2024-10-06 00:40:00,41.0,-22.0
2024-10-06 00:41:00,35.0,-21.0
2024-10-06 00:42:00,42.0,-20.0
2024-10-06 00:43:00,51.0,-19.0
2024-10-06 00:44:00,51.0,-19.0
2024-10-06 00:45:00,46.0,-20.0
2024-10-06 00:46:00,45.0,-22.0
2024-10-06 00:47:00,44.0,-23.0
2024-10-06 00:48:00,49.0,-22.0
2024-10-06 00:49:00,53.0,-20.0
2024-10-06 00:50:00,50.0,-18.0
2024-10-06 00:51:00,49.0,-17.0
2024-10-06 00:52:00,51.0,-18.0
2024-10-06 00:53:00,51.0,-17.0
2024-10-06 00:54:00,54.0,-18.0
2024-10-06 00:55:00,55.0,-17.0
2024-10-06 00:56:00,52.0,-17.0
2024-10-06 00:57:00,54.0,-18.0
2024-10-06 00:58:00,54.0,-18.0
2024-10-06 00:59:00,52.0,-18.0
2024-10-06 01:00:00,53.0,-19.0
2024-10-06 01:01:00,52.0,-19.0
2024-10-06 01:02:00,52.0,-19.0
2024-10-06 01:03:00,50.0,-19.0
2024-10-06 01:04:00,48.0,-19.0
2024-10-06 01:05:00,47.0,-19.0
2024-10-06 01:06:00,49.0,-19.0
2024-10-06 01:07:00,49.0,-17.0
2024-10-06 01:08:00,50.0,-17.0
2024-10-06 01:09:00,51.0,-18.0
2024-10-06 01:10:00,51.0,-18.0
2024-10-06 01:11:00,51.0,-17.0
2024-10-06 01:12:00,51.0,-16.0
2024-10-06 01:13:00,54.0,-18.0
2024-10-06 01:14:00,54.0,-18.0
2024-10-06 01:15:00,55.0,-17.0
2024-10-06 01:16:00,55.0,-17.0
2024-10-06 01:17:00,52.0,-16.0
2024-10-06 01:18:00,51.0,-16.0
2024-10-06 01:19:00,51.0,-16.0
2024-10-06 01:20:00,51.0,-15.0
2024-10-06 01:21:00,52.0,-16.0
2024-10-06 01:22:00,52.0,-17.0
2024-10-06 01:23:00,50.0,-17.0
2024-10-06 01:24:00,50.0,-18.0
2024-10-06 01:25:00,51.0,-19.0
2024-10-06 01:26:00,52.0,-19.0
2024-10-06 01:27:00,51.0,-19.0
2024-10-06 01:28:00,50.0,-19.0
2024-10-06 01:29:00,50.0,-20.0
2024-10-06 01:30:00,53.0,-22.0
2024-10-06 01:31:00,54.0,-22.0
2024-10-06 01:32:00,53.0,-23.0
2024-10-06 01:33:00,53.0,-24.0
2024-10-06 01:34:00,52.0,-23.0
2024-10-06 01:35:00,53.0,-23.0
2024-10-06 01:36:00,53.0,-23.0
2024-10-06 01:37:00,51.0,-23.0
2024-10-06 01:38:00,51.0,-23.0
2024-10-06 01:39:00,53.0,-24.0
2024-10-06 01:40:00,53.0,-24.0
2024-10-06 01:41:00,51.0,-23.0
2024-10-06 01:42:00,50.0,-24.0
2024-10-06 01:43:00,51.0,-25.0
2024-10-06 01:44:00,53.0,-25.0
2024-10-06 01:45:00,55.0,-26.0
2024-10-06 01:46:00,58.0,-27.0
2024-10-06 01:47:00,58.0,-28.0
2024-10-06 01:48:00,60.0,-31.0
2024-10-06 01:49:00,57.0,-31.0
2024-10-06 01:50:00,55.0,-30.0
2024-10-06 01:51:00,54.0,-28.0
2024-10-06 01:52:00,53.0,-27.0
2024-10-06 01:53:00,53.0,-26.0
2024-10-06 01:54:00,52.0,-25.0
2024-10-06 01:55:00,49.0,-25.0
2024-10-06 01:56:00,47.0,-23.0
2024-10-06 01:57:00,47.0,-22.0
2024-10-06 01:58:00,52.0,-23.0
2024-10-06 01:59:00,52.0,-23.0
2024-10-06 02:00:00,50.0,-22.0
2024-10-06 02:01:00,49.0,-22.0
2024-10-06 02:02:00,50.0,-22.0
2024-10-06 02:03:00,53.0,-22.0
2024-10-06 02:04:00,53.0,-22.0
2024-10-06 02:05:00,52.0,-22.0
2024-10-06 02:06:00,51.0,-21.0
2024-10-06 02:07:00,51.0,-22.0
2024-10-06 02:08:00,51.0,-22.0
2024-10-06 02:09:00,51.0,-22.0
2024-10-06 02:10:00,52.0,-23.0
2024-10-06 02:11:00,53.0,-24.0
2024-10-06 02:12:00,55.0,-25.0
2024-10-06 02:13:00,55.0,-25.0
2024-10-06 02:14:00,55.0,-25.0
2024-10-06 02:15:00,54.0,-25.0
2024-10-06 02:16:00,53.0,-25.0
2024-10-06 02:17:00,53.0,-25.0
2024-10-06 02:18:00,54.0,-26.0
2024-10-06 02:19:00,54.0,-26.0
2024-10-06 02:20:00,55.0,-27.0
2024-10-06 02:21:00,55.0,-27.0
2024-10-06 02:22:00,53.0,-27.0
2024-10-06 02:23:00,52.0,-27.0
2024-10-06 02:24:00,52.0,-28.0
2024-10-06 02:25:00,49.0,-27.0
2024-10-06 02:26:00,49.0,-27.0
2024-10-06 02:27:00,49.0,-28.0
2024-10-06 02:28:00,49.0,-28.0
2024-10-06 02:29:00,48.0,-28.0
2024-10-06 02:30:00,46.0,-28.0
2024-10-06 02:31:00,44.0,-27.0
2024-10-06 02:32:00,43.0,-27.0
2024-10-06 02:33:00,42.0,-26.0
2024-10-06 02:34:00,41.0,-25.0
2024-10-06 02:35:00,42.0,-26.0
2024-10-06 02:36:00,42.0,-26.0
2024-10-06 02:37:00,40.0,-24.0
2024-10-06 02:38:00,40.0,-23.0
2024-10-06 02:39:00,41.0,-23.0
2024-10-06 02:40:00,41.0,-23.0
2024-10-06 02:41:00,39.0,-22.0
2024-10-06 02:42:00,38.0,-23.0
2024-10-06 02:43:00,38.0,-23.0
2024-10-06 02:44:00,39.0,-23.0
2024-10-06 02:45:00,40.0,-23.0
2024-10-06 02:46:00,42.0,-25.0
2024-10-06 02:47:00,40.0,-24.0
2024-10-06 02:48:00,37.0,-24.0
2024-10-06 02:49:00,34.0,-23.0
2024-10-06 02:50:00,36.0,-24.0
2024-10-06 02:51:00,36.0,-24.0
2024-10-06 02:52:00,36.0,-23.0
2024-10-06 02:53:00,36.0,-23.0
2024-10-06 02:54:00,36.0,-22.0
2024-10-06 02:55:00,35.0,-22.0
2024-10-06 02:56:00,34.0,-22.0
2024-10-06 02:57:00,33.0,-21.0
2024-10-06 02:58:00,36.0,-21.0
2024-10-06 02:59:00,38.0,-22.0
2024-10-06 03:00:00,38.0,-22.0
2024-10-06 03:01:00,38.0,-22.0
2024-10-06 03:02:00,38.0,-22.0
2024-10-06 03:03:00,39.0,-22.0
2024-10-06 03:04:00,41.0,-23.0
2024-10-06 03:05:00,42.0,-24.0
2024-10-06 03:06:00,41.0,-24.0
2024-10-06 03:07:00,39.0,-23.0
2024-10-06 03:08:00,39.0,-23.0
2024-10-06 03:09:00,38.0,-22.0
2024-10-06 03:10:00,38.0,-22.0
2024-10-06 03:11:00,39.0,-21.0
2024-10-06 03:12:00,39.0,-20.0
2024-10-06 03:13:00,37.0,-18.0
2024-10-06 03:14:00,36.0,-17.0
2024-10-06 03:15:00,36.0,-18.0
2024-10-06 03:16:00,34.0,-17.0
2024-10-06 03:17:00,34.0,-18.0
2024-10-06 03:18:00,34.0,-18.0
2024-10-06 03:19:00,33.0,-18.0
2024-10-06 03:20:00,32.0,-17.0
2024-10-06 03:21:00,33.0,-17.0
2024-10-06 03:22:00,31.0,-16.0
2024-10-06 03:23:00,32.0,-16.0
2024-10-06 03:24:00,32.0,-16.0
2024-10-06 03:25:00,32.0,-16.0
2024-10-06 03:26:00,29.0,-16.0
2024-10-06 03:27:00,30.0,-17.0
2024-10-06 03:28:00,32.0,-17.0
2024-10-06 03:29:00,33.0,-17.0
2024-10-06 03:30:00,33.0,-18.0
2024-10-06 03:31:00,33.0,-19.0
2024-10-06 03:32:00,31.0,-19.0
2024-10-06 03:33:00,31.0,-18.0
2024-10-06 03:34:00,32.0,-16.0
2024-10-06 03:35:00,34.0,-15.0
2024-10-06 03:36:00,33.0,-15.0
2024-10-06 03:37:00,33.0,-15.0
2024-10-06 03:38:00,30.0,-15.0
2024-10-06 03:39:00,31.0,-17.0
2024-10-06 03:40:00,31.0,-19.0
2024-10-06 03:41:00,33.0,-21.0
2024-10-06 03:42:00,33.0,-21.0
2024-10-06 03:43:00,33.0,-21.0
2024-10-06 03:44:00,33.0,-21.0
2024-10-06 03:45:00,34.0,-21.0
2024-10-06 03:46:00,33.0,-21.0
2024-10-06 03:47:00,33.0,-20.0
2024-10-06 03:48:00,31.0,-19.0
2024-10-06 03:49:00,31.0,-18.0
2024-10-06 03:50:00,29.0,-17.0
2024-10-06 03:51:00,28.0,-16.0
2024-10-06 03:52:00,28.0,-16.0
2024-10-06 03:53:00,28.0,-17.0
2024-10-06 03:54:00,30.0,-18.0
2024-10-06 03:55:00,30.0,-19.0
2024-10-06 03:56:00,30.0,-19.0
2024-10-06 03:57:00,32.0,-20.0
2024-10-06 03:58:00,33.0,-22.0
2024-10-06 03:59:00,32.0,-21.0
2024-10-06 04:00:00,32.0,-21.0
2024-10-06 04:01:00,30.0,-20.0
2024-10-06 04:02:00,30.0,-20.0
2024-10-06 04:03:00,31.0,-21.0
2024-10-06 04:04:00,30.0,-20.0
2024-10-06 04:05:00,29.0,-19.0
2024-10-06 04:06:00,31.0,-21.0
2024-10-06 04:07:00,29.0,-19.0
2024-10-06 04:08:00,28.0,-18.0
2024-10-06 04:09:00,27.0,-17.0
2024-10-06 04:10:00,27.0,-17.0
2024-10-06 04:11:00,28.0,-18.0
2024-10-06 04:12:00,28.0,-18.0
2024-10-06 04:13:00,28.0,-18.0
2024-10-06 04:14:00,28.0,-18.0
2024-10-06 04:15:00,27.0,-17.0
2024-10-06 04:16:00,26.0,-16.0
2024-10-06 04:17:00,24.0,-15.0
2024-10-06 04:18:00,24.0,-14.0
2024-10-06 04:19:00,23.0,-12.0
2024-10-06 04:20:00,21.0,-11.0
2024-10-06 04:21:00,21.0,-11.0
2024-10-06 04:22:00,22.0,-11.0
2024-10-06 04:23:00,23.0,-12.0
2024-10-06 04:24:00,24.0,-11.0
2024-10-06 04:25:00,22.0,-10.0
2024-10-06 04:26:00,22.0,-11.0
2024-10-06 04:27:00,23.0,-13.0
2024-10-06 04:28:00,26.0,-13.0
2024-10-06 04:29:00,29.0,-14.0
2024-10-06 04:30:00,28.0,-13.0
2024-10-06 04:31:00,28.0,-13.0
2024-10-06 04:32:00,27.0,-12.0
2024-10-06 04:33:00,26.0,-11.0
2024-10-06 04:34:00,26.0,-11.0
2024-10-06 04:35:00,27.0,-11.0
2024-10-06 04:36:00,27.0,-12.0
2024-10-06 04:37:00,28.0,-13.0
2024-10-06 04:38:00,27.0,-14.0
2024-10-06 04:39:00,24.0,-14.0
2024-10-06 04:40:00,24.0,-15.0
2024-10-06 04:41:00,22.0,-13.0
2024-10-06 04:42:00,22.0,-13.0
2024-10-06 04:43:00,21.0,-12.0
2024-10-06 04:44:00,19.0,-11.0
2024-10-06 04:45:00,19.0,-11.0
2024-10-06 04:46:00,19.0,-11.0
2024-10-06 04:47:00,19.0,-11.0
2024-10-06 04:48:00,19.0,-11.0
2024-10-06 04:49:00,20.0,-11.0
2024-10-06 04:50:00,19.0,-10.0
2024-10-06 04:51:00,20.0,-11.0
2024-10-06 04:52:00,20.0,-11.0
2024-10-06 04:53:00,20.0,-11.0
2024-10-06 04:54:00,20.0,-11.0
2024-10-06 04:55:00,20.0,-11.0
2024-10-06 04:56:00,20.0,-11.0
2024-10-06 04:57:00,20.0,-11.0
2024-10-06 04:58:00,20.0,-11.0
2024-10-06 04:59:00,19.0,-10.0
2024-10-06 05:00:00,18.0,-9.0
2024-10-06 05:01:00,19.0,-10.0
2024-10-06 05:02:00,19.0,-10.0
2024-10-06 05:03:00,19.0,-10.0
2024-10-06 05:04:00,20.0,-10.0
2024-10-06 05:05:00,20.0,-10.0
2024-10-06 05:06:00,19.0,-9.0
2024-10-06 05:07:00,20.0,-10.0
2024-10-06 05:08:00,20.0,-10.0
2024-10-06 05:09:00,20.0,-10.0
2024-10-06 05:10:00,20.0,-10.0
2024-10-06 05:11:00,21.0,-10.0
2024-10-06 05:12:00,21.0,-10.0
2024-10-06 05:13:00,21.0,-10.0
2024-10-06 05:14:00,22.0,-10.0
2024-10-06 05:15:00,21.0,-10.0
2024-10-06 05:16:00,21.0,-10.0
2024-10-06 05:17:00,21.0,-10.0
2024-10-06 05:18:00,21.0,-10.0
2024-10-06 05:19:00,20.0,-10.0
2024-10-06 05:20:00,20.0,-10.0
2024-10-06 05:21:00,21.0,-11.0
2024-10-06 05:22:00,22.0,-11.0
2024-10-06 05:23:00,22.0,-12.0
2024-10-06 05:24:00,23.0,-12.0
2024-10-06 05:25:00,23.0,-12.0
2024-10-06 05:26:00,22.0,-12.0
2024-10-06 05:27:00,21.0,-11.0
2024-10-06 05:28:00,22.0,-12.0
2024-10-06 05:29:00,22.0,-12.0
2024-10-06 05:30:00,22.0,-12.0
2024-10-06 05:31:00,22.0,-12.0
2024-10-06 05:32:00,22.0,-12.0
2024-10-06 05:33:00,22.0,-12.0
2024-10-06 05:34:00,22.0,-12.0
2024-10-06 05:35:00,23.0,-13.0
2024-10-06 05:36:00,22.0,-13.0
2024-10-06 05:37:00,23.0,-13.0
2024-10-06 05:38:00,23.0,-13.0
2024-10-06 05:39:00,23.0,-13.0
2024-10-06 05:40:00,23.0,-13.0
2024-10-06 05:41:00,24.0,-14.0
2024-10-06 05:42:00,24.0,-14.0
2024-10-06 05:43:00,25.0,-15.0
2024-10-06 05:44:00,26.0,-15.0
2024-10-06 05:45:00,28.0,-16.0
2024-10-06 05:46:00,29.0,-16.0
2024-10-06 05:47:00,29.0,-16.0
2024-10-06 05:48:00,30.0,-17.0
2024-10-06 05:49:00,30.0,-16.0
2024-10-06 05:50:00,31.0,-17.0
2024-10-06 05:51:00,31.0,-16.0
2024-10-06 05:52:00,32.0,-16.0
2024-10-06 05:53:00,31.0,-14.0
2024-10-06 05:54:00,32.0,-13.0
2024-10-06 05:55:00,32.0,-12.0
2024-10-06 05:56:00,32.0,-12.0
2024-10-06 05:57:00,36.0,-14.0
2024-10-06 05:58:00,37.0,-14.0
2024-10-06 05:59:00,37.0,-14.0
2024-10-06 06:00:00,35.0,-14.0
2024-10-06 06:01:00,32.0,-13.0
2024-10-06 06:02:00,30.0,-14.0
2024-10-06 06:03:00,30.0,-14.0
2024-10-06 06:04:00,29.0,-15.0
2024-10-06 06:05:00,30.0,-16.0
2024-10-06 06:06:00,29.0,-17.0
2024-10-06 06:07:00,30.0,-19.0
2024-10-06 06:08:00,30.0,-19.0
2024-10-06 06:09:00,33.0,-20.0
2024-10-06 06:10:00,33.0,-20.0
2024-10-06 06:11:00,33.0,-20.0
2024-10-06 06:12:00,33.0,-20.0
2024-10-06 06:13:00,33.0,-21.0
2024-10-06 06:14:00,33.0,-21.0
2024-10-06 06:15:00,33.0,-21.0
2024-10-06 06:16:00,32.0,-20.0
2024-10-06 06:17:00,31.0,-20.0
2024-10-06 06:18:00,32.0,-20.0
2024-10-06 06:19:00,31.0,-19.0
2024-10-06 06:20:00,32.0,-20.0
2024-10-06 06:21:00,32.0,-19.0
2024-10-06 06:22:00,33.0,-20.0
2024-10-06 06:23:00,34.0,-20.0
2024-10-06 06:24:00,34.0,-20.0
2024-10-06 06:25:00,35.0,-21.0
2024-10-06 06:26:00,34.0,-20.0
2024-10-06 06:27:00,34.0,-20.0
2024-10-06 06:28:00,33.0,-20.0
2024-10-06 06:29:00,32.0,-20.0
2024-10-06 06:30:00,31.0,-20.0
2024-10-06 06:31:00,32.0,-21.0
2024-10-06 06:32:00,32.0,-21.0
2024-10-06 06:33:00,32.0,-21.0
2024-10-06 06:34:00,32.0,-22.0
2024-10-06 06:35:00,34.0,-22.0
2024-10-06 06:36:00,34.0,-22.0
2024-10-06 06:37:00,35.0,-23.0
2024-10-06 06:38:00,34.0,-22.0
2024-10-06 06:39:00,36.0,-23.0
2024-10-06 06:40:00,37.0,-23.0
2024-10-06 06:41:00,37.0,-23.0
2024-10-06 06:42:00,38.0,-24.0
2024-10-06 06:43:00,37.0,-23.0
2024-10-06 06:44:00,37.0,-23.0
2024-10-06 06:45:00,37.0,-23.0
2024-10-06 06:46:00,38.0,-24.0
2024-10-06 06:47:00,38.0,-24.0
2024-10-06 06:48:00,38.0,-24.0
2024-10-06 06:49:00,38.0,-24.0
2024-10-06 06:50:00,39.0,-25.0
2024-10-06 06:51:00,38.0,-25.0
2024-10-06 06:52:00,38.0,-26.0
2024-10-06 06:53:00,38.0,-27.0
2024-10-06 06:54:00,38.0,-27.0
2024-10-06 06:55:00,40.0,-29.0
2024-10-06 06:56:00,41.0,-30.0
2024-10-06 06:57:00,41.0,-30.0
2024-10-06 06:58:00,42.0,-30.0
2024-10-06 06:59:00,41.0,-29.0
2024-10-06 07:00:00,43.0,-29.0
2024-10-06 07:01:00,43.0,-28.0
2024-10-06 07:02:00,44.0,-29.0
2024-10-06 07:03:00,42.0,-29.0
2024-10-06 07:04:00,42.0,-29.0
2024-10-06 07:05:00,41.0,-29.0
2024-10-06 07:06:00,41.0,-30.0
2024-10-06 07:07:00,41.0,-30.0
2024-10-06 07:08:00,40.0,-29.0
2024-10-06 07:09:00,41.0,-29.0
2024-10-06 07:10:00,41.0,-28.0
2024-10-06 07:11:00,41.0,-29.0
2024-10-06 07:12:00,39.0,-29.0
2024-10-06 07:13:00,40.0,-30.0
2024-10-06 07:14:00,42.0,-30.0
2024-10-06 07:15:00,42.0,-30.0
2024-10-06 07:16:00,41.0,-30.0
2024-10-06 07:17:00,42.0,-32.0
2024-10-06 07:18:00,48.0,-35.0
2024-10-06 07:19:00,50.0,-35.0
2024-10-06 07:20:00,50.0,-34.0
2024-10-06 07:21:00,47.0,-32.0
2024-10-06 07:22:00,45.0,-31.0
2024-10-06 07:23:00,43.0,-29.0
2024-10-06 07:24:00,42.0,-27.0
2024-10-06 07:25:00,44.0,-26.0
2024-10-06 07:26:00,42.0,-23.0
2024-10-06 07:27:00,41.0,-22.0
2024-10-06 07:28:00,39.0,-21.0
2024-10-06 07:29:00,40.0,-22.0
2024-10-06 07:30:00,40.0,-22.0
2024-10-06 07:31:00,42.0,-24.0
2024-10-06 07:32:00,43.0,-24.0
2024-10-06 07:33:00,45.0,-25.0
2024-10-06 07:34:00,47.0,-26.0
2024-10-06 07:35:00,48.0,-27.0
2024-10-06 07:36:00,49.0,-27.0
2024-10-06 07:37:00,49.0,-27.0
2024-10-06 07:38:00,50.0,-28.0
2024-10-06 07:39:00,51.0,-29.0
2024-10-06 07:40:00,64.0,-40.0
2024-10-06 07:41:00,89.0,-59.0
2024-10-06 07:42:00,118.0,-89.0
2024-10-06 07:43:00,40.0,-7.0
2024-10-06 07:44:00,115.0,-21.0
2024-10-06 07:45:00,102.0,-38.0
2024-10-06 07:46:00,71.0,-32.0
2024-10-06 07:47:00,75.0,-11.0
2024-10-06 07:48:00,87.0,-9.0
2024-10-06 07:49:00,55.0,-2.0
2024-10-06 07:50:00,48.0,-4.0
2024-10-06 07:51:00,54.0,-9.0
2024-10-06 07:52:00,58.0,-18.0
2024-10-06 07:53:00,59.0,-18.0
2024-10-06 07:54:00,55.0,-15.0
2024-10-06 07:55:00,55.0,-12.0
2024-10-06 07:56:00,61.0,-17.0
2024-10-06 07:57:00,50.0,-16.0
2024-10-06 07:58:00,52.0,-17.0
2024-10-06 07:59:00,54.0,-18.0
2024-10-06 08:00:00,57.0,-22.0
2024-10-06 08:01:00,52.0,-23.0
2024-10-06 08:02:00,51.0,-25.0
2024-10-06 08:03:00,54.0,-28.0
2024-10-06 08:04:00,56.0,-26.0
2024-10-06 08:05:00,53.0,-21.0
2024-10-06 08:06:00,51.0,-22.0
2024-10-06 08:07:00,51.0,-24.0
2024-10-06 08:08:00,52.0,-22.0
2024-10-06 08:09:00,53.0,-21.0
2024-10-06 08:10:00,56.0,-23.0
2024-10-06 08:11:00,53.0,-26.0
2024-10-06 08:12:00,56.0,-28.0
2024-10-06 08:13:00,57.0,-27.0
2024-10-06 08:14:00,54.0,-24.0
2024-10-06 08:15:00,56.0,-23.0
2024-10-06 08:16:00,63.0,-23.0
2024-10-06 08:17:00,69.0,-23.0
2024-10-06 08:18:00,72.0,-21.0
2024-10-06 08:19:00,76.0,-22.0
2024-10-06 08:20:00,80.0,-26.0
2024-10-06 08:21:00,78.0,-26.0
2024-10-06 08:22:00,77.0,-27.0
2024-10-06 08:23:00,72.0,-27.0
2024-10-06 08:24:00,70.0,-28.0
2024-10-06 08:25:00,66.0,-27.0
2024-10-06 08:26:00,62.0,-28.0
2024-10-06 08:27:00,67.0,-28.0
2024-10-06 08:28:00,74.0,-27.0
2024-10-06 08:29:00,79.0,-27.0
2024-10-06 08:30:00,74.0,-26.0
2024-10-06 08:31:00,67.0,-29.0
2024-10-06 08:32:00,64.0,-30.0
2024-10-06 08:33:00,60.0,-24.0
2024-10-06 08:34:00,61.0,-22.0
2024-10-06 08:35:00,59.0,-21.0
2024-10-06 08:36:00,57.0,-20.0
2024-10-06 08:37:00,62.0,-22.0
2024-10-06 08:38:00,67.0,-25.0
2024-10-06 08:39:00,64.0,-24.0
2024-10-06 08:40:00,67.0,-26.0
2024-10-06 08:41:00,73.0,-28.0
2024-10-06 08:42:00,76.0,-25.0
2024-10-06 08:43:00,78.0,-22.0
2024-10-06 08:44:00,81.0,-24.0
2024-10-06 08:45:00,88.0,-31.0
2024-10-06 08:46:00,88.0,-29.0
2024-10-06 08:47:00,85.0,-28.0
2024-10-06 08:48:00,65.0,-14.0
2024-10-06 08:49:00,96.0,-14.0
2024-10-06 08:50:00,97.0,-19.0
2024-10-06 08:51:00,65.0,-18.0
2024-10-06 08:52:00,65.0,-21.0
2024-10-06 08:53:00,66.0,-22.0
2024-10-06 08:54:00,63.0,-21.0
2024-10-06 08:55:00,67.0,-25.0
2024-10-06 08:56:00,64.0,-23.0
2024-10-06 08:57:00,67.0,-25.0
2024-10-06 08:58:00,60.0,-24.0
2024-10-06 08:59:00,59.0,-25.0
2024-10-06 09:00:00,59.0,-25.0
2024-10-06 09:01:00,60.0,-26.0
2024-10-06 09:02:00,60.0,-26.0
2024-10-06 09:03:00,63.0,-29.0
2024-10-06 09:04:00,64.0,-31.0
2024-10-06 09:05:00,58.0,-28.0
2024-10-06 09:06:00,62.0,-26.0
2024-10-06 09:07:00,65.0,-28.0
2024-10-06 09:08:00,64.0,-30.0
2024-10-06 09:09:00,61.0,-30.0
2024-10-06 09:10:00,61.0,-30.0
2024-10-06 09:11:00,59.0,-29.0
2024-10-06 09:12:00,58.0,-27.0
2024-10-06 09:13:00,59.0,-27.0
2024-10-06 09:14:00,62.0,-28.0
2024-10-06 09:15:00,64.0,-28.0
2024-10-06 09:16:00,61.0,-27.0
2024-10-06 09:17:00,57.0,-25.0
2024-10-06 09:18:00,58.0,-26.0
2024-10-06 09:19:00,63.0,-29.0
2024-10-06 09:20:00,65.0,-29.0
2024-10-06 09:21:00,60.0,-26.0
2024-10-06 09:22:00,59.0,-25.0
2024-10-06 09:23:00,61.0,-25.0
2024-10-06 09:24:00,65.0,-27.0
2024-10-06 09:25:00,65.0,-28.0
2024-10-06 09:26:00,63.0,-28.0
2024-10-06 09:27:00,63.0,-30.0
2024-10-06 09:28:00,65.0,-32.0
2024-10-06 09:29:00,65.0,-31.0
2024-10-06 09:30:00,63.0,-28.0
2024-10-06 09:31:00,63.0,-29.0
2024-10-06 09:32:00,66.0,-31.0
2024-10-06 09:33:00,67.0,-31.0
2024-10-06 09:34:00,67.0,-31.0
2024-10-06 09:35:00,64.0,-29.0
2024-10-06 09:36:00,67.0,-31.0
2024-10-06 09:37:00,71.0,-35.0
2024-10-06 09:38:00,63.0,-27.0
2024-10-06 09:39:00,62.0,-22.0
2024-10-06 09:40:00,65.0,-22.0
2024-10-06 09:41:00,62.0,-20.0
2024-10-06 09:42:00,63.0,-24.0
2024-10-06 09:43:00,67.0,-29.0
2024-10-06 09:44:00,66.0,-28.0
2024-10-06 09:45:00,63.0,-27.0
2024-10-06 09:46:00,64.0,-31.0
2024-10-06 09:47:00,66.0,-34.0
2024-10-06 09:48:00,64.0,-31.0
2024-10-06 09:49:00,62.0,-28.0
2024-10-06 09:50:00,59.0,-27.0
2024-10-06 09:51:00,57.0,-27.0
2024-10-06 09:52:00,56.0,-26.0
2024-10-06 09:53:00,59.0,-27.0
2024-10-06 09:54:00,61.0,-29.0
2024-10-06 09:55:00,61.0,-32.0
2024-10-06 09:56:00,65.0,-32.0
2024-10-06 09:57:00,51.0,-23.0
2024-10-06 09:58:00,55.0,-21.0
2024-10-06 09:59:00,71.0,-26.0
2024-10-06 10:00:00,81.0,-34.0
2024-10-06 10:01:00,88.0,-42.0
2024-10-06 10:02:00,88.0,-46.0
2024-10-06 10:03:00,92.0,-50.0
2024-10-06 10:04:00,99.0,-55.0
2024-10-06 10:05:00,103.0,-56.0
2024-10-06 10:06:00,112.0,-63.0
2024-10-06 10:07:00,122.0,-73.0
2024-10-06 10:08:00,119.0,-72.0
2024-10-06 10:09:00,105.0,-61.0
2024-10-06 10:10:00,106.0,-62.0
2024-10-06 10:11:00,130.0,-69.0
2024-10-06 10:12:00,157.0,-74.0
2024-10-06 10:13:00,151.0,-81.0
2024-10-06 10:14:00,152.0,-88.0
2024-10-06 10:15:00,141.0,-81.0
2024-10-06 10:16:00,145.0,-73.0
2024-10-06 10:17:00,173.0,-72.0
2024-10-06 10:18:00,181.0,-70.0
2024-10-06 10:19:00,161.0,-68.0
2024-10-06 10:20:00,135.0,-64.0
2024-10-06 10:21:00,123.0,-59.0
2024-10-06 10:22:00,110.0,-50.0
2024-10-06 10:23:00,118.0,-44.0
2024-10-06 10:24:00,132.0,-39.0
2024-10-06 10:25:00,121.0,-32.0
2024-10-06 10:26:00,103.0,-28.0
2024-10-06 10:27:00,93.0,-23.0
2024-10-06 10:28:00,87.0,-21.0
2024-10-06 10:29:00,87.0,-18.0
2024-10-06 10:30:00,86.0,-14.0
2024-10-06 10:31:00,90.0,-18.0
2024-10-06 10:32:00,88.0,-18.0
2024-10-06 10:33:00,91.0,-23.0
2024-10-06 10:34:00,90.0,-24.0
2024-10-06 10:35:00,86.0,-20.0
2024-10-06 10:36:00,84.0,-17.0
2024-10-06 10:37:00,88.0,-19.0
2024-10-06 10:38:00,92.0,-21.0
2024-10-06 10:39:00,91.0,-19.0
2024-10-06 10:40:00,92.0,-22.0
2024-10-06 10:41:00,92.0,-24.0
2024-10-06 10:42:00,89.0,-22.0
2024-10-06 10:43:00,86.0,-17.0
2024-10-06 10:44:00,89.0,-19.0
2024-10-06 10:45:00,90.0,-20.0
2024-10-06 10:46:00,90.0,-20.0
2024-10-06 10:47:00,89.0,-21.0
2024-10-06 10:48:00,93.0,-24.0
2024-10-06 10:49:00,94.0,-26.0
2024-10-06 10:50:00,94.0,-26.0
2024-10-06 10:51:00,91.0,-21.0
2024-10-06 10:52:00,92.0,-22.0
2024-10-06 10:53:00,96.0,-26.0
2024-10-06 10:54:00,98.0,-30.0
2024-10-06 10:55:00,98.0,-34.0
2024-10-06 10:56:00,95.0,-34.0
2024-10-06 10:57:00,86.0,-27.0
2024-10-06 10:58:00,84.0,-24.0
2024-10-06 10:59:00,85.0,-26.0
2024-10-06 11:00:00,103.0,-44.0
2024-10-06 11:01:00,111.0,-50.0
2024-10-06 11:02:00,100.0,-34.0
2024-10-06 11:03:00,102.0,-32.0
2024-10-06 11:04:00,100.0,-32.0
2024-10-06 11:05:00,90.0,-32.0
2024-10-06 11:06:00,84.0,-31.0
2024-10-06 11:07:00,85.0,-29.0
2024-10-06 11:08:00,99.0,-37.0
2024-10-06 11:09:00,102.0,-39.0
2024-10-06 11:10:00,97.0,-33.0
2024-10-06 11:11:00,93.0,-27.0
2024-10-06 11:12:00,89.0,-28.0
2024-10-06 11:13:00,86.0,-30.0
2024-10-06 11:14:00,86.0,-31.0
2024-10-06 11:15:00,88.0,-29.0
2024-10-06 11:16:00,92.0,-27.0
2024-10-06 11:17:00,100.0,-28.0
2024-10-06 11:18:00,98.0,-26.0
2024-10-06 11:19:00,97.0,-29.0
2024-10-06 11:20:00,92.0,-28.0
2024-10-06 11:21:00,91.0,-28.0
2024-10-06 11:22:00,92.0,-28.0
2024-10-06 11:23:00,92.0,-27.0
2024-10-06 11:24:00,95.0,-29.0
2024-10-06 11:25:00,93.0,-30.0
2024-10-06 11:26:00,94.0,-32.0
2024-10-06 11:27:00,95.0,-34.0
2024-10-06 11:28:00,97.0,-33.0
2024-10-06 11:29:00,100.0,-34.0
2024-10-06 11:30:00,92.0,-28.0
2024-10-06 11:31:00,90.0,-30.0
2024-10-06 11:32:00,92.0,-33.0
2024-10-06 11:33:00,91.0,-30.0
2024-10-06 11:34:00,91.0,-30.0
2024-10-06 11:35:00,94.0,-32.0
2024-10-06 11:36:00,91.0,-29.0
2024-10-06 11:37:00,84.0,-24.0
2024-10-06 11:38:00,86.0,-28.0
2024-10-06 11:39:00,83.0,-30.0
2024-10-06 11:40:00,81.0,-32.0
2024-10-06 11:41:00,84.0,-35.0
2024-10-06 11:42:00,82.0,-31.0
2024-10-06 11:43:00,86.0,-33.0
2024-10-06 11:44:00,83.0,-30.0
2024-10-06 11:45:00,85.0,-33.0
2024-10-06 11:46:00,83.0,-33.0
2024-10-06 11:47:00,80.0,-31.0
2024-10-06 11:48:00,79.0,-29.0
2024-10-06 11:49:00,79.0,-28.0
2024-10-06 11:50:00,82.0,-30.0
2024-10-06 11:51:00,84.0,-32.0
2024-10-06 11:52:00,85.0,-33.0
2024-10-06 11:53:00,85.0,-32.0
2024-10-06 11:54:00,83.0,-28.0
2024-10-06 11:55:00,83.0,-29.0
2024-10-06 11:56:00,84.0,-32.0
2024-10-06 11:57:00,83.0,-34.0
2024-10-06 11:58:00,81.0,-33.0
2024-10-06 11:59:00,76.0,-29.0
2024-10-06 12:00:00,76.0,-28.0
2024-10-06 12:01:00,77.0,-30.0
2024-10-06 12:02:00,76.0,-31.0
2024-10-06 12:03:00,75.0,-31.0
2024-10-06 12:04:00,76.0,-32.0
2024-10-06 12:05:00,73.0,-30.0
2024-10-06 12:06:00,69.0,-27.0
2024-10-06 12:07:00,70.0,-28.0
2024-10-06 12:08:00,73.0,-31.0
2024-10-06 12:09:00,72.0,-31.0
2024-10-06 12:10:00,70.0,-31.0
2024-10-06 12:11:00,70.0,-32.0
2024-10-06 12:12:00,74.0,-37.0
2024-10-06 12:13:00,79.0,-43.0
2024-10-06 12:14:00,89.0,-54.0
2024-10-06 12:15:00,99.0,-66.0
2024-10-06 12:16:00,103.0,-73.0
2024-10-06 12:17:00,102.0,-70.0
2024-10-06 12:18:00,108.0,-69.0
2024-10-06 12:19:00,110.0,-64.0
2024-10-06 12:20:00,103.0,-63.0
2024-10-06 12:21:00,98.0,-59.0
2024-10-06 12:22:00,86.0,-48.0
2024-10-06 12:23:00,79.0,-43.0
2024-10-06 12:24:00,80.0,-44.0
2024-10-06 12:25:00,72.0,-35.0
2024-10-06 12:26:00,72.0,-33.0
2024-10-06 12:27:00,71.0,-31.0
2024-10-06 12:28:00,74.0,-33.0
2024-10-06 12:29:00,77.0,-35.0
2024-10-06 12:30:00,74.0,-33.0
2024-10-06 12:31:00,71.0,-30.0
2024-10-06 12:32:00,71.0,-29.0
2024-10-06 12:33:00,74.0,-30.0
2024-10-06 12:34:00,83.0,-30.0
2024-10-06 12:35:00,86.0,-29.0
2024-10-06 12:36:00,86.0,-29.0
2024-10-06 12:37:00,85.0,-30.0
2024-10-06 12:38:00,85.0,-29.0
2024-10-06 12:39:00,87.0,-29.0
2024-10-06 12:40:00,91.0,-31.0
2024-10-06 12:41:00,93.0,-33.0
2024-10-06 12:42:00,97.0,-34.0
2024-10-06 12:43:00,95.0,-32.0
2024-10-06 12:44:00,90.0,-28.0
2024-10-06 12:45:00,86.0,-26.0
2024-10-06 12:46:00,85.0,-27.0
2024-10-06 12:47:00,87.0,-29.0
2024-10-06 12:48:00,90.0,-34.0
2024-10-06 12:49:00,89.0,-36.0
2024-10-06 12:50:00,82.0,-31.0
2024-10-06 12:51:00,79.0,-26.0
2024-10-06 12:52:00,83.0,-26.0
2024-10-06 12:53:00,91.0,-29.0
2024-10-06 12:54:00,96.0,-29.0
2024-10-06 12:55:00,100.0,-30.0
2024-10-06 12:56:00,103.0,-32.0
2024-10-06 12:57:00,104.0,-33.0
2024-10-06 12:58:00,105.0,-34.0
2024-10-06 12:59:00,102.0,-29.0
2024-10-06 13:00:00,96.0,-23.0
2024-10-06 13:01:00,100.0,-23.0
2024-10-06 13:02:00,105.0,-26.0
2024-10-06 13:03:00,108.0,-29.0
2024-10-06 13:04:00,103.0,-26.0
2024-10-06 13:05:00,101.0,-23.0
2024-10-06 13:06:00,102.0,-24.0
2024-10-06 13:07:00,107.0,-31.0
2024-10-06 13:08:00,102.0,-33.0
2024-10-06 13:09:00,98.0,-31.0
2024-10-06 13:10:00,97.0,-29.0
2024-10-06 13:11:00,99.0,-33.0
2024-10-06 13:12:00,97.0,-37.0
2024-10-06 13:13:00,82.0,-35.0
2024-10-06 13:14:00,68.0,-30.0
2024-10-06 13:15:00,63.0,-28.0
2024-10-06 13:16:00,64.0,-32.0
2024-10-06 13:17:00,68.0,-35.0
2024-10-06 13:18:00,75.0,-34.0
2024-10-06 13:19:00,83.0,-32.0
2024-10-06 13:20:00,91.0,-31.0
2024-10-06 13:21:00,97.0,-30.0
2024-10-06 13:22:00,101.0,-29.0
2024-10-06 13:23:00,103.0,-29.0
2024-10-06 13:24:00,98.0,-26.0
2024-10-06 13:25:00,95.0,-28.0
2024-10-06 13:26:00,102.0,-38.0
2024-10-06 13:27:00,109.0,-44.0
2024-10-06 13:28:00,111.0,-46.0
2024-10-06 13:29:00,100.0,-41.0
2024-10-06 13:30:00,84.0,-34.0
2024-10-06 13:31:00,75.0,-30.0
2024-10-06 13:32:00,78.0,-34.0
2024-10-06 13:33:00,78.0,-37.0
2024-10-06 13:34:00,77.0,-39.0
2024-10-06 13:35:00,73.0,-37.0
2024-10-06 13:36:00,73.0,-36.0
2024-10-06 13:37:00,67.0,-31.0
2024-10-06 13:38:00,66.0,-31.0
2024-10-06 13:39:00,64.0,-29.0
2024-10-06 13:40:00,55.0,-23.0
2024-10-06 13:41:00,49.0,-22.0
2024-10-06 13:42:00,46.0,-25.0
2024-10-06 13:43:00,47.0,-27.0
2024-10-06 13:44:00,55.0,-27.0
2024-10-06 13:45:00,50.0,-25.0
2024-10-06 13:46:00,46.0,-26.0
2024-10-06 13:47:00,45.0,-28.0
2024-10-06 13:48:00,45.0,-29.0
2024-10-06 13:49:00,47.0,-29.0
2024-10-06 13:50:00,48.0,-29.0
2024-10-06 13:51:00,51.0,-33.0
2024-10-06 13:52:00,53.0,-36.0
2024-10-06 13:53:00,59.0,-41.0
2024-10-06 13:54:00,63.0,-43.0
2024-10-06 13:55:00,65.0,-41.0
2024-10-06 13:56:00,63.0,-41.0
2024-10-06 13:57:00,70.0,-47.0
2024-10-06 13:58:00,79.0,-56.0
2024-10-06 13:59:00,86.0,-66.0
2024-10-06 14:00:00,93.0,-75.0
2024-10-06 14:01:00,107.0,-85.0
2024-10-06 14:02:00,126.0,-90.0
2024-10-06 14:03:00,126.0,-87.0
2024-10-06 14:04:00,107.0,-79.0
2024-10-06 14:05:00,85.0,-70.0
2024-10-06 14:06:00,81.0,-61.0
2024-10-06 14:07:00,84.0,-57.0
2024-10-06 14:08:00,93.0,-59.0
2024-10-06 14:09:00,98.0,-54.0
2024-10-06 14:10:00,89.0,-43.0
2024-10-06 14:11:00,75.0,-35.0
2024-10-06 14:12:00,78.0,-40.0
2024-10-06 14:13:00,81.0,-43.0
2024-10-06 14:14:00,85.0,-44.0
2024-10-06 14:15:00,89.0,-43.0
2024-10-06 14:16:00,98.0,-46.0
2024-10-06 14:17:00,113.0,-56.0
2024-10-06 14:18:00,118.0,-63.0
2024-10-06 14:19:00,121.0,-69.0
2024-10-06 14:20:00,121.0,-71.0
2024-10-06 14:21:00,120.0,-71.0
2024-10-06 14:22:00,112.0,-65.0
2024-10-06 14:23:00,100.0,-57.0
2024-10-06 14:24:00,89.0,-51.0
2024-10-06 14:25:00,81.0,-45.0
2024-10-06 14:26:00,73.0,-42.0
2024-10-06 14:27:00,68.0,-43.0
2024-10-06 14:28:00,69.0,-46.0
2024-10-06 14:29:00,65.0,-46.0
2024-10-06 14:30:00,59.0,-44.0
2024-10-06 14:31:00,51.0,-37.0
2024-10-06 14:32:00,44.0,-30.0
2024-10-06 14:33:00,43.0,-31.0
2024-10-06 14:34:00,51.0,-34.0
2024-10-06 14:35:00,51.0,-38.0
2024-10-06 14:36:00,50.0,-38.0
2024-10-06 14:37:00,48.0,-36.0
2024-10-06 14:38:00,44.0,-37.0
2024-10-06 14:39:00,51.0,-41.0
2024-10-06 14:40:00,64.0,-46.0
2024-10-06 14:41:00,73.0,-45.0
2024-10-06 14:42:00,68.0,-40.0
2024-10-06 14:43:00,57.0,-36.0
2024-10-06 14:44:00,61.0,-37.0
2024-10-06 14:45:00,64.0,-37.0
2024-10-06 14:46:00,65.0,-36.0
2024-10-06 14:47:00,64.0,-34.0
2024-10-06 14:48:00,67.0,-34.0
2024-10-06 14:49:00,74.0,-37.0
2024-10-06 14:50:00,75.0,-37.0
2024-10-06 14:51:00,68.0,-35.0
2024-10-06 14:52:00,59.0,-32.0
2024-10-06 14:53:00,55.0,-34.0
2024-10-06 14:54:00,53.0,-37.0
2024-10-06 14:55:00,54.0,-41.0
2024-10-06 14:56:00,53.0,-41.0
2024-10-06 14:57:00,48.0,-38.0
2024-10-06 14:58:00,44.0,-36.0
2024-10-06 14:59:00,40.0,-34.0
2024-10-06 15:00:00,45.0,-37.0
2024-10-06 15:01:00,55.0,-45.0
2024-10-06 15:02:00,59.0,-49.0
2024-10-06 15:03:00,54.0,-45.0
2024-10-06 15:04:00,49.0,-35.0
2024-10-06 15:05:00,44.0,-27.0
2024-10-06 15:06:00,46.0,-28.0
2024-10-06 15:07:00,53.0,-36.0
2024-10-06 15:08:00,56.0,-39.0
2024-10-06 15:09:00,60.0,-38.0
2024-10-06 15:10:00,67.0,-35.0
2024-10-06 15:11:00,75.0,-36.0
2024-10-06 15:12:00,79.0,-39.0
2024-10-06 15:13:00,81.0,-41.0
2024-10-06 15:14:00,80.0,-42.0
2024-10-06 15:15:00,73.0,-39.0
2024-10-06 15:16:00,71.0,-41.0
2024-10-06 15:17:00,74.0,-41.0
2024-10-06 15:18:00,71.0,-38.0
2024-10-06 15:19:00,65.0,-37.0
2024-10-06 15:20:00,56.0,-37.0
2024-10-06 15:21:00,54.0,-34.0
2024-10-06 15:22:00,58.0,-33.0
2024-10-06 15:23:00,59.0,-33.0
2024-10-06 15:24:00,62.0,-38.0
2024-10-06 15:25:00,64.0,-41.0
2024-10-06 15:26:00,61.0,-41.0
2024-10-06 15:27:00,73.0,-53.0
2024-10-06 15:28:00,88.0,-69.0
2024-10-06 15:29:00,89.0,-71.0
2024-10-06 15:30:00,84.0,-69.0
2024-10-06 15:31:00,87.0,-70.0
2024-10-06 15:32:00,95.0,-78.0
2024-10-06 15:33:00,107.0,-92.0
2024-10-06 15:34:00,114.0,-99.0
2024-10-06 15:35:00,112.0,-98.0
2024-10-06 15:36:00,110.0,-97.0
2024-10-06 15:37:00,105.0,-94.0
2024-10-06 15:38:00,106.0,-96.0
2024-10-06 15:39:00,113.0,-105.0
2024-10-06 15:40:00,128.0,-120.0
2024-10-06 15:41:00,134.0,-126.0
2024-10-06 15:42:00,124.0,-117.0
2024-10-06 15:43:00,106.0,-99.0
2024-10-06 15:44:00,89.0,-81.0
2024-10-06 15:45:00,69.0,-59.0
2024-10-06 15:46:00,53.0,-39.0
2024-10-06 15:47:00,54.0,-38.0
2024-10-06 15:48:00,52.0,-36.0
2024-10-06 15:49:00,54.0,-33.0
2024-10-06 15:50:00,56.0,-33.0
2024-10-06 15:51:00,56.0,-32.0
2024-10-06 15:52:00,59.0,-33.0
2024-10-06 15:53:00,67.0,-38.0
2024-10-06 15:54:00,77.0,-41.0
2024-10-06 15:55:00,91.0,-52.0
2024-10-06 15:56:00,115.0,-74.0
2024-10-06 15:57:00,143.0,-94.0
2024-10-06 15:58:00,166.0,-109.0
2024-10-06 15:59:00,186.0,-127.0
2024-10-06 16:00:00,203.0,-140.0
2024-10-06 16:01:00,217.0,-148.0
2024-10-06 16:02:00,224.0,-147.0
2024-10-06 16:03:00,223.0,-146.0
2024-10-06 16:04:00,211.0,-127.0
2024-10-06 16:05:00,211.0,-117.0
2024-10-06 16:06:00,205.0,-114.0
2024-10-06 16:07:00,212.0,-123.0
2024-10-06 16:08:00,238.0,-144.0
2024-10-06 16:09:00,277.0,-171.0
2024-10-06 16:10:00,292.0,-180.0
2024-10-06 16:11:00,295.0,-185.0
2024-10-06 16:12:00,303.0,-196.0
2024-10-06 16:13:00,314.0,-206.0
2024-10-06 16:14:00,312.0,-202.0
2024-10-06 16:15:00,310.0,-198.0
2024-10-06 16:16:00,316.0,-206.0
2024-10-06 16:17:00,326.0,-221.0
2024-10-06 16:18:00,351.0,-249.0
2024-10-06 16:19:00,381.0,-280.0
2024-10-06 16:20:00,377.0,-283.0
2024-10-06 16:21:00,365.0,-277.0
2024-10-06 16:22:00,355.0,-264.0
2024-10-06 16:23:00,356.0,-260.0
2024-10-06 16:24:00,359.0,-267.0
2024-10-06 16:25:00,361.0,-270.0
2024-10-06 16:26:00,365.0,-273.0
2024-10-06 16:27:00,372.0,-279.0
2024-10-06 16:28:00,373.0,-277.0
2024-10-06 16:29:00,364.0,-265.0
2024-10-06 16:30:00,356.0,-254.0
2024-10-06 16:31:00,346.0,-242.0
2024-10-06 16:32:00,341.0,-234.0
2024-10-06 16:33:00,347.0,-238.0
2024-10-06 16:34:00,363.0,-253.0
2024-10-06 16:35:00,355.0,-250.0
2024-10-06 16:36:00,354.0,-254.0
2024-10-06 16:37:00,343.0,-246.0
2024-10-06 16:38:00,346.0,-249.0
2024-10-06 16:39:00,350.0,-255.0
2024-10-06 16:40:00,343.0,-250.0
2024-10-06 16:41:00,331.0,-241.0
2024-10-06 16:42:00,330.0,-242.0
2024-10-06 16:43:00,320.0,-233.0
2024-10-06 16:44:00,323.0,-234.0
2024-10-06 16:45:00,329.0,-239.0
2024-10-06 16:46:00,316.0,-227.0
2024-10-06 16:47:00,291.0,-205.0
2024-10-06 16:48:00,272.0,-190.0
2024-10-06 16:49:00,262.0,-181.0
2024-10-06 16:50:00,253.0,-172.0
2024-10-06 16:51:00,239.0,-158.0
2024-10-06 16:52:00,232.0,-147.0
2024-10-06 16:53:00,221.0,-132.0
2024-10-06 16:54:00,209.0,-121.0
2024-10-06 16:55:00,196.0,-108.0
2024-10-06 16:56:00,184.0,-99.0
2024-10-06 16:57:00,189.0,-100.0
2024-10-06 16:58:00,188.0,-102.0
2024-10-06 16:59:00,171.0,-84.0
2024-10-06 17:00:00,164.0,-80.0
2024-10-06 17:01:00,153.0,-67.0
2024-10-06 17:02:00,145.0,-58.0
2024-10-06 17:03:00,160.0,-69.0
2024-10-06 17:04:00,189.0,-92.0
2024-10-06 17:05:00,224.0,-121.0
2024-10-06 17:06:00,236.0,-128.0
2024-10-06 17:07:00,289.0,-183.0
2024-10-06 17:08:00,296.0,-193.0
2024-10-06 17:09:00,323.0,-220.0
2024-10-06 17:10:00,316.0,-219.0
2024-10-06 17:11:00,326.0,-232.0
2024-10-06 17:12:00,313.0,-220.0
2024-10-06 17:13:00,291.0,-201.0
2024-10-06 17:14:00,254.0,-167.0
2024-10-06 17:15:00,242.0,-158.0
2024-10-06 17:16:00,242.0,-158.0
2024-10-06 17:17:00,252.0,-169.0
2024-10-06 17:18:00,264.0,-178.0
2024-10-06 17:19:00,269.0,-177.0
2024-10-06 17:20:00,270.0,-173.0
2024-10-06 17:21:00,272.0,-172.0
2024-10-06 17:22:00,254.0,-159.0
2024-10-06 17:23:00,241.0,-156.0
2024-10-06 17:24:00,244.0,-159.0
2024-10-06 17:25:00,248.0,-155.0
2024-10-06 17:26:00,261.0,-162.0
2024-10-06 17:27:00,246.0,-153.0
2024-10-06 17:28:00,240.0,-158.0
2024-10-06 17:29:00,230.0,-152.0
2024-10-06 17:30:00,251.0,-167.0
2024-10-06 17:31:00,242.0,-160.0
2024-10-06 17:32:00,234.0,-158.0
2024-10-06 17:33:00,259.0,-178.0
2024-10-06 17:34:00,235.0,-153.0
2024-10-06 17:35:00,217.0,-135.0
2024-10-06 17:36:00,216.0,-130.0
2024-10-06 17:37:00,226.0,-138.0
2024-10-06 17:38:00,217.0,-124.0
2024-10-06 17:39:00,198.0,-106.0
2024-10-06 17:40:00,186.0,-100.0
2024-10-06 17:41:00,179.0,-92.0
2024-10-06 17:42:00,185.0,-93.0
2024-10-06 17:43:00,197.0,-104.0
2024-10-06 17:44:00,202.0,-110.0
2024-10-06 17:45:00,195.0,-105.0
2024-10-06 17:46:00,178.0,-95.0
2024-10-06 17:47:00,175.0,-95.0
2024-10-06 17:48:00,177.0,-99.0
2024-10-06 17:49:00,178.0,-101.0
2024-10-06 17:50:00,170.0,-95.0
2024-10-06 17:51:00,162.0,-87.0
2024-10-06 17:52:00,162.0,-89.0
2024-10-06 17:53:00,163.0,-89.0
2024-10-06 17:54:00,169.0,-92.0
2024-10-06 17:55:00,181.0,-102.0
2024-10-06 17:56:00,187.0,-109.0
2024-10-06 17:57:00,189.0,-116.0
2024-10-06 17:58:00,191.0,-123.0
2024-10-06 17:59:00,178.0,-113.0
2024-10-06 18:00:00,144.0,-79.0
2024-10-06 18:01:00,182.0,-106.0
2024-10-06 18:02:00,247.0,-175.0
2024-10-06 18:03:00,284.0,-208.0
2024-10-06 18:04:00,285.0,-197.0
2024-10-06 18:05:00,299.0,-204.0
2024-10-06 18:06:00,313.0,-216.0
2024-10-06 18:07:00,319.0,-225.0
2024-10-06 18:08:00,327.0,-239.0
2024-10-06 18:09:00,333.0,-256.0
2024-10-06 18:10:00,344.0,-264.0
2024-10-06 18:11:00,354.0,-272.0
2024-10-06 18:12:00,378.0,-298.0
2024-10-06 18:13:00,410.0,-325.0
2024-10-06 18:14:00,411.0,-325.0
2024-10-06 18:15:00,445.0,-359.0
2024-10-06 18:16:00,477.0,-388.0
2024-10-06 18:17:00,473.0,-382.0
2024-10-06 18:18:00,443.0,-346.0
2024-10-06 18:19:00,460.0,-359.0
2024-10-06 18:20:00,468.0,-363.0
2024-10-06 18:21:00,423.0,-319.0
2024-10-06 18:22:00,418.0,-314.0
2024-10-06 18:23:00,458.0,-358.0
2024-10-06 18:24:00,480.0,-384.0
2024-10-06 18:25:00,512.0,-414.0
2024-10-06 18:26:00,565.0,-459.0
2024-10-06 18:27:00,518.0,-408.0
2024-10-06 18:28:00,462.0,-356.0
2024-10-06 18:29:00,456.0,-352.0
2024-10-06 18:30:00,428.0,-323.0
2024-10-06 18:31:00,427.0,-318.0
2024-10-06 18:32:00,440.0,-325.0
2024-10-06 18:33:00,456.0,-338.0
2024-10-06 18:34:00,477.0,-358.0
2024-10-06 18:35:00,443.0,-327.0
2024-10-06 18:36:00,396.0,-283.0
2024-10-06 18:37:00,379.0,-268.0
2024-10-06 18:38:00,404.0,-290.0
2024-10-06 18:39:00,399.0,-281.0
2024-10-06 18:40:00,367.0,-251.0
2024-10-06 18:41:00,339.0,-224.0
2024-10-06 18:42:00,316.0,-205.0
2024-10-06 18:43:00,277.0,-170.0
2024-10-06 18:44:00,266.0,-163.0
2024-10-06 18:45:00,257.0,-155.0
2024-10-06 18:46:00,260.0,-156.0
2024-10-06 18:47:00,258.0,-153.0
2024-10-06 18:48:00,253.0,-150.0
2024-10-06 18:49:00,237.0,-135.0
2024-10-06 18:50:00,215.0,-113.0
2024-10-06 18:51:00,201.0,-97.0
2024-10-06 18:52:00,207.0,-101.0
2024-10-06 18:53:00,223.0,-114.0
2024-10-06 18:54:00,256.0,-146.0
2024-10-06 18:55:00,266.0,-156.0
2024-10-06 18:56:00,271.0,-164.0
2024-10-06 18:57:00,262.0,-160.0
2024-10-06 18:58:00,249.0,-151.0
2024-10-06 18:59:00,239.0,-143.0
2024-10-06 19:00:00,259.0,-163.0
2024-10-06 19:01:00,274.0,-177.0
2024-10-06 19:02:00,282.0,-182.0
2024-10-06 19:03:00,306.0,-205.0
2024-10-06 19:04:00,309.0,-206.0
2024-10-06 19:05:00,304.0,-197.0
2024-10-06 19:06:00,312.0,-199.0
2024-10-06 19:07:00,298.0,-185.0
2024-10-06 19:08:00,267.0,-158.0
2024-10-06 19:09:00,248.0,-142.0
2024-10-06 19:10:00,242.0,-139.0
2024-10-06 19:11:00,243.0,-143.0
2024-10-06 19:12:00,250.0,-155.0
2024-10-06 19:13:00,242.0,-149.0
2024-10-06 19:14:00,220.0,-126.0
2024-10-06 19:15:00,220.0,-125.0
2024-10-06 19:16:00,213.0,-122.0
2024-10-06 19:17:00,202.0,-114.0
2024-10-06 19:18:00,195.0,-109.0
2024-10-06 19:19:00,192.0,-111.0
2024-10-06 19:20:00,200.0,-118.0
2024-10-06 19:21:00,197.0,-119.0
2024-10-06 19:22:00,229.0,-152.0
2024-10-06 19:23:00,257.0,-178.0
2024-10-06 19:24:00,305.0,-226.0
2024-10-06 19:25:00,300.0,-222.0
2024-10-06 19:26:00,293.0,-216.0
2024-10-06 19:27:00,279.0,-205.0
2024-10-06 19:28:00,233.0,-161.0
2024-10-06 19:29:00,180.0,-115.0
2024-10-06 19:30:00,171.0,-107.0
2024-10-06 19:31:00,269.0,-178.0
2024-10-06 19:32:00,371.0,-252.0
2024-10-06 19:33:00,367.0,-256.0
2024-10-06 19:34:00,332.0,-232.0
2024-10-06 19:35:00,278.0,-192.0
2024-10-06 19:36:00,251.0,-176.0
2024-10-06 19:37:00,241.0,-176.0
2024-10-06 19:38:00,247.0,-190.0
2024-10-06 19:39:00,255.0,-201.0
2024-10-06 19:40:00,221.0,-167.0
2024-10-06 19:41:00,191.0,-133.0
2024-10-06 19:42:00,176.0,-114.0
2024-10-06 19:43:00,154.0,-94.0
2024-10-06 19:44:00,141.0,-86.0
2024-10-06 19:45:00,158.0,-104.0
2024-10-06 19:46:00,178.0,-119.0
2024-10-06 19:47:00,180.0,-120.0
2024-10-06 19:48:00,169.0,-109.0
2024-10-06 19:49:00,151.0,-92.0
2024-10-06 19:50:00,147.0,-89.0
2024-10-06 19:51:00,141.0,-88.0
2024-10-06 19:52:00,141.0,-93.0
2024-10-06 19:53:00,153.0,-97.0
2024-10-06 19:54:00,159.0,-94.0
2024-10-06 19:55:00,161.0,-89.0
2024-10-06 19:56:00,160.0,-84.0
2024-10-06 19:57:00,138.0,-65.0
2024-10-06 19:58:00,131.0,-56.0
2024-10-06 19:59:00,135.0,-57.0
2024-10-06 20:00:00,144.0,-67.0
2024-10-06 20:01:00,147.0,-69.0
2024-10-06 20:02:00,148.0,-67.0
2024-10-06 20:03:00,139.0,-59.0
2024-10-06 20:04:00,129.0,-50.0
2024-10-06 20:05:00,125.0,-47.0
2024-10-06 20:06:00,128.0,-48.0
2024-10-06 20:07:00,132.0,-50.0
2024-10-06 20:08:00,135.0,-50.0
2024-10-06 20:09:00,145.0,-56.0
2024-10-06 20:10:00,150.0,-57.0
2024-10-06 20:11:00,151.0,-53.0
2024-10-06 20:12:00,152.0,-50.0
2024-10-06 20:13:00,141.0,-38.0
2024-10-06 20:14:00,127.0,-28.0
2024-10-06 20:15:00,118.0,-22.0
2024-10-06 20:16:00,123.0,-29.0
2024-10-06 20:17:00,131.0,-37.0
2024-10-06 20:18:00,144.0,-50.0
2024-10-06 20:19:00,160.0,-68.0
2024-10-06 20:20:00,156.0,-70.0
2024-10-06 20:21:00,162.0,-78.0
2024-10-06 20:22:00,164.0,-76.0
2024-10-06 20:23:00,168.0,-78.0
2024-10-06 20:24:00,178.0,-87.0
2024-10-06 20:25:00,169.0,-72.0
2024-10-06 20:26:00,136.0,-39.0
2024-10-06 20:27:00,121.0,-30.0
2024-10-06 20:28:00,139.0,-56.0
2024-10-06 20:29:00,164.0,-84.0
2024-10-06 20:30:00,190.0,-112.0
2024-10-06 20:31:00,194.0,-112.0
2024-10-06 20:32:00,202.0,-109.0
2024-10-06 20:33:00,202.0,-107.0
2024-10-06 20:34:00,199.0,-104.0
2024-10-06 20:35:00,205.0,-109.0
2024-10-06 20:36:00,230.0,-135.0
2024-10-06 20:37:00,242.0,-139.0
2024-10-06 20:38:00,254.0,-139.0
2024-10-06 20:39:00,302.0,-175.0
2024-10-06 20:40:00,313.0,-183.0
2024-10-06 20:41:00,294.0,-166.0
2024-10-06 20:42:00,266.0,-137.0
2024-10-06 20:43:00,241.0,-109.0
2024-10-06 20:44:00,243.0,-109.0
2024-10-06 20:45:00,266.0,-131.0
2024-10-06 20:46:00,281.0,-144.0
2024-10-06 20:47:00,280.0,-144.0
2024-10-06 20:48:00,281.0,-143.0
2024-10-06 20:49:00,299.0,-154.0
2024-10-06 20:50:00,316.0,-166.0
2024-10-06 20:51:00,326.0,-178.0
2024-10-06 20:52:00,327.0,-181.0
2024-10-06 20:53:00,335.0,-183.0
2024-10-06 20:54:00,341.0,-183.0
2024-10-06 20:55:00,353.0,-189.0
2024-10-06 20:56:00,348.0,-182.0
2024-10-06 20:57:00,338.0,-168.0
2024-10-06 20:58:00,342.0,-167.0
2024-10-06 20:59:00,365.0,-178.0
2024-10-06 21:00:00,375.0,-172.0
2024-10-06 21:01:00,389.0,-174.0
2024-10-06 21:02:00,406.0,-188.0
2024-10-06 21:03:00,428.0,-209.0
2024-10-06 21:04:00,446.0,-221.0
2024-10-06 21:05:00,460.0,-225.0
2024-10-06 21:06:00,457.0,-220.0
2024-10-06 21:07:00,428.0,-199.0
2024-10-06 21:08:00,431.0,-203.0
2024-10-06 21:09:00,434.0,-209.0
2024-10-06 21:10:00,451.0,-217.0
2024-10-06 21:11:00,463.0,-219.0
2024-10-06 21:12:00,456.0,-217.0
2024-10-06 21:13:00,444.0,-218.0
2024-10-06 21:14:00,426.0,-207.0
2024-10-06 21:15:00,419.0,-200.0
2024-10-06 21:16:00,420.0,-197.0
2024-10-06 21:17:00,433.0,-212.0
2024-10-06 21:18:00,422.0,-208.0
2024-10-06 21:19:00,415.0,-205.0
2024-10-06 21:20:00,420.0,-213.0
2024-10-06 21:21:00,427.0,-224.0
2024-10-06 21:22:00,443.0,-242.0
2024-10-06 21:23:00,452.0,-253.0
2024-10-06 21:24:00,469.0,-267.0
2024-10-06 21:25:00,479.0,-279.0
2024-10-06 21:26:00,490.0,-294.0
2024-10-06 21:27:00,480.0,-295.0
2024-10-06 21:28:00,440.0,-265.0
2024-10-06 21:29:00,418.0,-250.0
2024-10-06 21:30:00,404.0,-242.0
2024-10-06 21:31:00,380.0,-225.0
2024-10-06 21:32:00,366.0,-215.0
2024-10-06 21:33:00,353.0,-204.0
2024-10-06 21:34:00,346.0,-197.0
2024-10-06 21:35:00,342.0,-190.0
2024-10-06 21:36:00,340.0,-184.0
2024-10-06 21:37:00,347.0,-190.0
2024-10-06 21:38:00,350.0,-198.0
2024-10-06 21:39:00,331.0,-187.0
2024-10-06 21:40:00,324.0,-180.0
2024-10-06 21:41:00,341.0,-196.0
2024-10-06 21:42:00,358.0,-210.0
2024-10-06 21:43:00,380.0,-234.0
2024-10-06 21:44:00,390.0,-251.0
2024-10-06 21:45:00,396.0,-257.0
2024-10-06 21:46:00,408.0,-264.0
2024-10-06 21:47:00,431.0,-281.0
2024-10-06 21:48:00,447.0,-296.0
2024-10-06 21:49:00,469.0,-320.0
2024-10-06 21:50:00,490.0,-342.0
2024-10-06 21:51:00,586.0,-438.0
2024-10-06 21:52:00,632.0,-476.0
2024-10-06 21:53:00,654.0,-487.0
2024-10-06 21:54:00,623.0,-447.0
2024-10-06 21:55:00,607.0,-430.0
2024-10-06 21:56:00,623.0,-438.0
2024-10-06 21:57:00,646.0,-453.0
2024-10-06 21:58:00,691.0,-498.0
2024-10-06 21:59:00,699.0,-501.0
2024-10-06 22:00:00,682.0,-480.0
2024-10-06 22:01:00,655.0,-447.0
2024-10-06 22:02:00,686.0,-470.0
2024-10-06 22:03:00,702.0,-480.0
2024-10-06 22:04:00,707.0,-484.0
2024-10-06 22:05:00,654.0,-429.0
2024-10-06 22:06:00,657.0,-429.0
2024-10-06 22:07:00,692.0,-455.0
2024-10-06 22:08:00,717.0,-480.0
2024-10-06 22:09:00,789.0,-553.0
2024-10-06 22:10:00,879.0,-633.0
2024-10-06 22:11:00,793.0,-545.0
2024-10-06 22:12:00,685.0,-445.0
2024-10-06 22:13:00,704.0,-460.0
2024-10-06 22:14:00,705.0,-447.0
2024-10-06 22:15:00,699.0,-443.0
2024-10-06 22:16:00,684.0,-433.0
2024-10-06 22:17:00,684.0,-442.0
2024-10-06 22:18:00,694.0,-443.0
2024-10-06 22:19:00,718.0,-467.0
2024-10-06 22:20:00,726.0,-482.0
2024-10-06 22:21:00,724.0,-484.0
2024-10-06 22:22:00,710.0,-467.0
2024-10-06 22:23:00,708.0,-462.0
2024-10-06 22:24:00,699.0,-450.0
2024-10-06 22:25:00,702.0,-448.0
2024-10-06 22:26:00,711.0,-449.0
2024-10-06 22:27:00,715.0,-443.0
2024-10-06 22:28:00,722.0,-454.0
2024-10-06 22:29:00,702.0,-435.0
2024-10-06 22:30:00,718.0,-445.0
2024-10-06 22:31:00,711.0,-435.0
2024-10-06 22:32:00,708.0,-427.0
2024-10-06 22:33:00,717.0,-436.0
2024-10-06 22:34:00,724.0,-439.0
2024-10-06 22:35:00,729.0,-448.0
2024-10-06 22:36:00,717.0,-446.0
2024-10-06 22:37:00,697.0,-432.0
2024-10-06 22:38:00,702.0,-438.0
2024-10-06 22:39:00,705.0,-450.0
2024-10-06 22:40:00,710.0,-459.0
2024-10-06 22:41:00,715.0,-471.0
2024-10-06 22:42:00,712.0,-469.0
2024-10-06 22:43:00,687.0,-439.0
2024-10-06 22:44:00,673.0,-434.0
2024-10-06 22:45:00,681.0,-461.0
2024-10-06 22:46:00,704.0,-497.0
2024-10-06 22:47:00,734.0,-542.0
2024-10-06 22:48:00,741.0,-567.0
2024-10-06 22:49:00,727.0,-571.0
2024-10-06 22:50:00,758.0,-605.0
2024-10-06 22:51:00,775.0,-619.0
2024-10-06 22:52:00,801.0,-635.0
2024-10-06 22:53:00,798.0,-637.0
2024-10-06 22:54:00,793.0,-625.0
2024-10-06 22:55:00,759.0,-590.0
2024-10-06 22:56:00,721.0,-554.0
2024-10-06 22:57:00,640.0,-479.0
2024-10-06 22:58:00,631.0,-467.0
2024-10-06 22:59:00,652.0,-481.0
2024-10-06 23:00:00,579.0,-408.0
2024-10-06 23:01:00,551.0,-383.0
2024-10-06 23:02:00,594.0,-430.0
2024-10-06 23:03:00,633.0,-473.0
2024-10-06 23:04:00,707.0,-554.0
2024-10-06 23:05:00,839.0,-694.0
2024-10-06 23:06:00,820.0,-674.0
2024-10-06 23:07:00,784.0,-643.0
2024-10-06 23:08:00,717.0,-588.0
2024-10-06 23:09:00,675.0,-559.0
2024-10-06 23:10:00,652.0,-535.0
2024-10-06 23:11:00,655.0,-537.0
2024-10-06 23:12:00,645.0,-531.0
2024-10-06 23:13:00,651.0,-543.0
2024-10-06 23:14:00,679.0,-566.0
2024-10-06 23:15:00,683.0,-568.0
2024-10-06 23:16:00,664.0,-551.0
2024-10-06 23:17:00,639.0,-532.0
2024-10-06 23:18:00,633.0,-523.0
2024-10-06 23:19:00,633.0,-525.0
2024-10-06 23:20:00,613.0,-507.0
2024-10-06 23:21:00,597.0,-480.0
2024-10-06 23:22:00,588.0,-459.0
2024-10-06 23:23:00,594.0,-463.0
2024-10-06 23:24:00,604.0,-474.0
2024-10-06 23:25:00,613.0,-469.0
2024-10-06 23:26:00,630.0,-472.0
2024-10-06 23:27:00,617.0,-468.0
2024-10-06 23:28:00,602.0,-479.0
2024-10-06 23:29:00,566.0,-469.0
2024-10-06 23:30:00,537.0,-463.0
2024-10-06 23:31:00,574.0,-489.0
2024-10-06 23:32:00,687.0,-601.0
2024-10-06 23:33:00,685.0,-603.0
2024-10-06 23:34:00,633.0,-561.0
2024-10-06 23:35:00,507.0,-432.0
2024-10-06 23:36:00,503.0,-421.0
2024-10-06 23:37:00,504.0,-414.0
2024-10-06 23:38:00,495.0,-404.0
2024-10-06 23:39:00,492.0,-404.0
2024-10-06 23:40:00,450.0,-370.0
2024-10-06 23:41:00,422.0,-353.0
2024-10-06 23:42:00,413.0,-343.0
2024-10-06 23:43:00,416.0,-341.0
2024-10-06 23:44:00,413.0,-338.0
2024-10-06 23:45:00,425.0,-350.0
2024-10-06 23:46:00,448.0,-375.0
2024-10-06 23:47:00,452.0,-382.0
2024-10-06 23:48:00,461.0,-390.0
2024-10-06 23:49:00,474.0,-400.0
2024-10-06 23:50:00,478.0,-405.0
2024-10-06 23:51:00,481.0,-409.0
2024-10-06 23:52:00,450.0,-371.0
2024-10-06 23:53:00,470.0,-381.0
2024-10-06 23:54:00,466.0,-373.0
2024-10-06 23:55:00,455.0,-365.0
2024-10-06 23:56:00,438.0,-350.0
2024-10-06 23:57:00,409.0,-328.0
2024-10-06 23:58:00,391.0,-311.0
2024-10-06 23:59:00,373.0,-285.0
2024-10-07 00:00:00,368.0,-278.0
2024-10-07 00:01:00,381.0,-277.0
2024-10-07 00:02:00,400.0,-286.0
2024-10-07 00:03:00,417.0,-298.0
2024-10-07 00:04:00,432.0,-319.0
2024-10-07 00:05:00,467.0,-354.0
2024-10-07 00:06:00,651.0,-421.0
2024-10-07 00:07:00,773.0,-514.0
2024-10-07 00:08:00,859.0,-615.0
2024-10-07 00:09:00,831.0,-575.0
2024-10-07 00:10:00,835.0,-552.0
2024-10-07 00:11:00,797.0,-539.0
2024-10-07 00:12:00,843.0,-591.0
2024-10-07 00:13:00,890.0,-616.0
2024-10-07 00:14:00,1310.0,-996.0
2024-10-07 00:15:00,1540.0,-1229.0
2024-10-07 00:16:00,1101.0,-846.0
2024-10-07 00:17:00,909.0,-671.0
2024-10-07 00:18:00,897.0,-636.0
2024-10-07 00:19:00,965.0,-659.0
2024-10-07 00:20:00,1086.0,-783.0
2024-10-07 00:21:00,1057.0,-771.0
2024-10-07 00:22:00,997.0,-714.0
2024-10-07 00:23:00,1196.0,-861.0
2024-10-07 00:24:00,1173.0,-832.0
2024-10-07 00:25:00,965.0,-628.0
2024-10-07 00:26:00,922.0,-571.0
2024-10-07 00:27:00,932.0,-543.0
2024-10-07 00:28:00,862.0,-507.0
2024-10-07 00:29:00,805.0,-515.0
2024-10-07 00:30:00,781.0,-524.0
2024-10-07 00:31:00,758.0,-522.0
2024-10-07 00:32:00,753.0,-529.0
2024-10-07 00:33:00,771.0,-531.0
2024-10-07 00:34:00,792.0,-538.0
2024-10-07 00:35:00,774.0,-506.0
2024-10-07 00:36:00,833.0,-598.0
2024-10-07 00:37:00,864.0,-653.0
2024-10-07 00:38:00,900.0,-676.0
2024-10-07 00:39:00,902.0,-668.0
2024-10-07 00:40:00,778.0,-552.0
2024-10-07 00:41:00,685.0,-462.0
2024-10-07 00:42:00,594.0,-387.0
2024-10-07 00:43:00,572.0,-375.0
2024-10-07 00:44:00,607.0,-412.0
2024-10-07 00:45:00,621.0,-433.0
2024-10-07 00:46:00,625.0,-436.0
2024-10-07 00:47:00,673.0,-491.0
2024-10-07 00:48:00,686.0,-499.0
2024-10-07 00:49:00,675.0,-479.0
2024-10-07 00:50:00,646.0,-461.0
2024-10-07 00:51:00,673.0,-498.0
2024-10-07 00:52:00,660.0,-491.0
2024-10-07 00:53:00,619.0,-451.0
2024-10-07 00:54:00,594.0,-416.0
2024-10-07 00:55:00,618.0,-439.0
2024-10-07 00:56:00,616.0,-446.0
2024-10-07 00:57:00,604.0,-445.0
2024-10-07 00:58:00,612.0,-450.0
2024-10-07 00:59:00,605.0,-442.0
2024-10-07 01:00:00,614.0,-456.0
2024-10-07 01:01:00,591.0,-437.0
2024-10-07 01:02:00,592.0,-436.0
2024-10-07 01:03:00,601.0,-434.0
2024-10-07 01:04:00,638.0,-467.0
2024-10-07 01:05:00,680.0,-504.0
2024-10-07 01:06:00,670.0,-494.0
2024-10-07 01:07:00,654.0,-486.0
2024-10-07 01:08:00,672.0,-510.0
2024-10-07 01:09:00,688.0,-537.0
2024-10-07 01:10:00,703.0,-559.0
2024-10-07 01:11:00,721.0,-591.0
2024-10-07 01:12:00,724.0,-600.0
2024-10-07 01:13:00,719.0,-608.0
2024-10-07 01:14:00,720.0,-605.0
2024-10-07 01:15:00,724.0,-608.0
2024-10-07 01:16:00,714.0,-608.0
2024-10-07 01:17:00,690.0,-597.0
2024-10-07 01:18:00,641.0,-563.0
2024-10-07 01:19:00,564.0,-491.0
2024-10-07 01:20:00,525.0,-451.0
2024-10-07 01:21:00,516.0,-432.0
2024-10-07 01:22:00,496.0,-403.0
2024-10-07 01:23:00,469.0,-379.0
2024-10-07 01:24:00,473.0,-377.0
2024-10-07 01:25:00,467.0,-365.0
2024-10-07 01:26:00,441.0,-350.0
2024-10-07 01:27:00,430.0,-329.0
2024-10-07 01:28:00,438.0,-321.0
2024-10-07 01:29:00,434.0,-309.0
2024-10-07 01:30:00,452.0,-318.0
2024-10-07 01:31:00,442.0,-312.0
2024-10-07 01:32:00,449.0,-324.0
2024-10-07 01:33:00,420.0,-300.0
2024-10-07 01:34:00,384.0,-268.0
2024-10-07 01:35:00,392.0,-280.0
2024-10-07 01:36:00,443.0,-320.0
2024-10-07 01:37:00,480.0,-346.0
2024-10-07 01:38:00,480.0,-334.0
2024-10-07 01:39:00,431.0,-281.0
2024-10-07 01:40:00,465.0,-321.0
2024-10-07 01:41:00,465.0,-311.0
2024-10-07 01:42:00,448.0,-294.0
2024-10-07 01:43:00,418.0,-282.0
2024-10-07 01:44:00,397.0,-286.0
2024-10-07 01:45:00,387.0,-291.0
2024-10-07 01:46:00,368.0,-280.0
2024-10-07 01:47:00,338.0,-262.0
2024-10-07 01:48:00,299.0,-241.0
2024-10-07 01:49:00,280.0,-230.0
2024-10-07 01:50:00,260.0,-217.0
2024-10-07 01:51:00,248.0,-204.0
2024-10-07 01:52:00,237.0,-191.0
2024-10-07 01:53:00,224.0,-178.0
2024-10-07 01:54:00,214.0,-170.0
2024-10-07 01:55:00,209.0,-162.0
2024-10-07 01:56:00,199.0,-153.0
2024-10-07 01:57:00,186.0,-142.0
2024-10-07 01:58:00,179.0,-144.0
2024-10-07 01:59:00,180.0,-153.0
2024-10-07 02:00:00,196.0,-152.0
2024-10-07 02:01:00,191.0,-144.0
2024-10-07 02:02:00,178.0,-141.0
2024-10-07 02:03:00,171.0,-139.0
2024-10-07 02:04:00,174.0,-148.0
2024-10-07 02:05:00,159.0,-132.0
2024-10-07 02:06:00,150.0,-121.0
2024-10-07 02:07:00,157.0,-122.0
2024-10-07 02:08:00,162.0,-117.0
2024-10-07 02:09:00,154.0,-108.0
2024-10-07 02:10:00,156.0,-107.0
2024-10-07 02:11:00,161.0,-109.0
2024-10-07 02:12:00,152.0,-102.0
2024-10-07 02:13:00,156.0,-89.0
2024-10-07 02:14:00,152.0,-83.0
2024-10-07 02:15:00,158.0,-87.0
2024-10-07 02:16:00,137.0,-86.0
2024-10-07 02:17:00,126.0,-83.0
2024-10-07 02:18:00,134.0,-85.0
2024-10-07 02:19:00,141.0,-95.0
2024-10-07 02:20:00,162.0,-106.0
2024-10-07 02:21:00,181.0,-114.0
2024-10-07 02:22:00,203.0,-115.0
2024-10-07 02:23:00,196.0,-109.0
2024-10-07 02:24:00,179.0,-107.0
2024-10-07 02:25:00,186.0,-112.0
2024-10-07 02:26:00,199.0,-116.0
2024-10-07 02:27:00,206.0,-119.0
2024-10-07 02:28:00,209.0,-118.0
2024-10-07 02:29:00,212.0,-113.0
2024-10-07 02:30:00,210.0,-95.0
2024-10-07 02:31:00,175.0,-74.0
2024-10-07 02:32:00,170.0,-66.0
2024-10-07 02:33:00,159.0,-62.0
2024-10-07 02:34:00,138.0,-57.0
2024-10-07 02:35:00,132.0,-60.0
2024-10-07 02:36:00,139.0,-73.0
2024-10-07 02:37:00,150.0,-82.0
2024-10-07 02:38:00,160.0,-84.0
2024-10-07 02:39:00,163.0,-86.0
2024-10-07 02:40:00,157.0,-77.0
2024-10-07 02:41:00,168.0,-88.0
2024-10-07 02:42:00,191.0,-103.0
2024-10-07 02:43:00,233.0,-128.0
2024-10-07 02:44:00,235.0,-129.0
2024-10-07 02:45:00,249.0,-143.0
2024-10-07 02:46:00,264.0,-155.0
2024-10-07 02:47:00,292.0,-177.0
2024-10-07 02:48:00,266.0,-152.0
2024-10-07 02:49:00,276.0,-156.0
2024-10-07 02:50:00,264.0,-138.0
2024-10-07 02:51:00,274.0,-138.0
2024-10-07 02:52:00,329.0,-187.0
2024-10-07 02:53:00,387.0,-239.0
2024-10-07 02:54:00,428.0,-276.0
2024-10-07 02:55:00,383.0,-221.0
2024-10-07 02:56:00,322.0,-163.0
2024-10-07 02:57:00,308.0,-146.0
2024-10-07 02:58:00,323.0,-159.0
2024-10-07 02:59:00,354.0,-188.0
2024-10-07 03:00:00,372.0,-223.0
2024-10-07 03:01:00,421.0,-272.0
2024-10-07 03:02:00,499.0,-286.0
2024-10-07 03:03:00,463.0,-273.0
2024-10-07 03:04:00,358.0,-207.0
2024-10-07 03:05:00,366.0,-227.0
2024-10-07 03:06:00,365.0,-249.0
2024-10-07 03:07:00,337.0,-235.0
2024-10-07 03:08:00,413.0,-285.0
2024-10-07 03:09:00,526.0,-361.0
2024-10-07 03:10:00,598.0,-410.0
2024-10-07 03:11:00,513.0,-349.0
2024-10-07 03:12:00,435.0,-297.0
2024-10-07 03:13:00,388.0,-265.0
2024-10-07 03:14:00,374.0,-297.0
2024-10-07 03:15:00,451.0,-350.0
2024-10-07 03:16:00,434.0,-346.0
2024-10-07 03:17:00,391.0,-324.0
2024-10-07 03:18:00,373.0,-305.0
2024-10-07 03:19:00,321.0,-292.0
2024-10-07 03:20:00,325.0,-285.0
2024-10-07 03:21:00,352.0,-296.0
2024-10-07 03:22:00,389.0,-282.0
2024-10-07 03:23:00,423.0,-280.0
2024-10-07 03:24:00,502.0,-308.0
2024-10-07 03:25:00,532.0,-329.0
2024-10-07 03:26:00,525.0,-329.0
2024-10-07 03:27:00,518.0,-324.0
2024-10-07 03:28:00,500.0,-316.0
2024-10-07 03:29:00,437.0,-298.0
2024-10-07 03:30:00,387.0,-275.0
2024-10-07 03:31:00,363.0,-252.0
2024-10-07 03:32:00,350.0,-247.0
2024-10-07 03:33:00,349.0,-248.0
2024-10-07 03:34:00,343.0,-243.0
2024-10-07 03:35:00,374.0,-255.0
2024-10-07 03:36:00,408.0,-265.0
2024-10-07 03:37:00,421.0,-274.0
2024-10-07 03:38:00,411.0,-262.0
2024-10-07 03:39:00,393.0,-246.0
2024-10-07 03:40:00,391.0,-243.0
2024-10-07 03:41:00,409.0,-261.0
2024-10-07 03:42:00,395.0,-258.0
2024-10-07 03:43:00,385.0,-260.0
2024-10-07 03:44:00,392.0,-265.0
2024-10-07 03:45:00,422.0,-287.0
2024-10-07 03:46:00,472.0,-330.0
2024-10-07 03:47:00,477.0,-328.0
2024-10-07 03:48:00,460.0,-305.0
2024-10-07 03:49:00,461.0,-296.0
2024-10-07 03:50:00,469.0,-309.0
2024-10-07 03:51:00,467.0,-303.0
2024-10-07 03:52:00,474.0,-319.0
2024-10-07 03:53:00,504.0,-339.0
2024-10-07 03:54:00,543.0,-338.0
2024-10-07 03:55:00,534.0,-324.0
2024-10-07 03:56:00,483.0,-271.0
2024-10-07 03:57:00,473.0,-263.0
2024-10-07 03:58:00,443.0,-246.0
2024-10-07 03:59:00,427.0,-232.0
2024-10-07 04:00:00,450.0,-238.0
2024-10-07 04:01:00,457.0,-243.0
2024-10-07 04:02:00,462.0,-263.0
2024-10-07 04:03:00,506.0,-303.0
2024-10-07 04:04:00,525.0,-309.0
2024-10-07 04:05:00,530.0,-294.0
2024-10-07 04:06:00,509.0,-284.0
2024-10-07 04:07:00,548.0,-263.0
2024-10-07 04:08:00,579.0,-244.0
2024-10-07 04:09:00,544.0,-232.0
2024-10-07 04:10:00,494.0,-250.0
2024-10-07 04:11:00,485.0,-250.0
2024-10-07 04:12:00,485.0,-234.0
2024-10-07 04:13:00,437.0,-211.0
2024-10-07 04:14:00,388.0,-197.0
2024-10-07 04:15:00,408.0,-194.0
2024-10-07 04:16:00,446.0,-194.0
2024-10-07 04:17:00,408.0,-179.0
2024-10-07 04:18:00,365.0,-193.0
2024-10-07 04:19:00,372.0,-212.0
2024-10-07 04:20:00,404.0,-202.0
2024-10-07 04:21:00,386.0,-171.0
2024-10-07 04:22:00,379.0,-169.0
2024-10-07 04:23:00,401.0,-175.0
2024-10-07 04:24:00,425.0,-208.0
2024-10-07 04:25:00,412.0,-227.0
2024-10-07 04:26:00,393.0,-223.0
2024-10-07 04:27:00,393.0,-209.0
2024-10-07 04:28:00,406.0,-204.0
2024-10-07 04:29:00,437.0,-250.0
2024-10-07 04:30:00,476.0,-280.0
2024-10-07 04:31:00,515.0,-296.0
2024-10-07 04:32:00,506.0,-271.0
2024-10-07 04:33:00,509.0,-259.0
2024-10-07 04:34:00,529.0,-295.0
2024-10-07 04:35:00,528.0,-321.0
2024-10-07 04:36:00,506.0,-302.0
2024-10-07 04:37:00,495.0,-293.0
2024-10-07 04:38:00,527.0,-291.0
2024-10-07 04:39:00,570.0,-332.0
2024-10-07 04:40:00,586.0,-363.0
2024-10-07 04:41:00,614.0,-385.0
2024-10-07 04:42:00,608.0,-401.0
2024-10-07 04:43:00,580.0,-407.0
2024-10-07 04:44:00,619.0,-426.0
2024-10-07 04:45:00,642.0,-436.0
2024-10-07 04:46:00,641.0,-424.0
2024-10-07 04:47:00,632.0,-408.0
2024-10-07 04:48:00,630.0,-407.0
2024-10-07 04:49:00,602.0,-376.0
2024-10-07 04:50:00,578.0,-335.0
2024-10-07 04:51:00,516.0,-263.0
2024-10-07 04:52:00,498.0,-259.0
2024-10-07 04:53:00,490.0,-284.0
2024-10-07 04:54:00,493.0,-287.0
2024-10-07 04:55:00,522.0,-296.0
2024-10-07 04:56:00,480.0,-274.0
2024-10-07 04:57:00,448.0,-224.0
2024-10-07 04:58:00,447.0,-207.0
2024-10-07 04:59:00,489.0,-225.0
2024-10-07 05:00:00,465.0,-205.0
2024-10-07 05:01:00,395.0,-184.0
2024-10-07 05:02:00,367.0,-161.0
2024-10-07 05:03:00,360.0,-143.0
2024-10-07 05:04:00,360.0,-152.0
2024-10-07 05:05:00,362.0,-144.0
2024-10-07 05:06:00,392.0,-141.0
2024-10-07 05:07:00,421.0,-145.0
2024-10-07 05:08:00,394.0,-154.0
2024-10-07 05:09:00,336.0,-157.0
2024-10-07 05:10:00,303.0,-169.0
2024-10-07 05:11:00,340.0,-195.0
2024-10-07 05:12:00,378.0,-178.0
2024-10-07 05:13:00,396.0,-171.0
2024-10-07 05:14:00,363.0,-194.0
2024-10-07 05:15:00,362.0,-220.0
2024-10-07 05:16:00,380.0,-222.0
2024-10-07 05:17:00,407.0,-213.0
2024-10-07 05:18:00,406.0,-197.0
2024-10-07 05:19:00,404.0,-185.0
2024-10-07 05:20:00,387.0,-190.0
2024-10-07 05:21:00,361.0,-187.0
2024-10-07 05:22:00,369.0,-188.0
2024-10-07 05:23:00,411.0,-211.0
2024-10-07 05:24:00,397.0,-229.0
2024-10-07 05:25:00,371.0,-215.0
2024-10-07 05:26:00,368.0,-205.0
2024-10-07 05:27:00,356.0,-206.0
2024-10-07 05:28:00,339.0,-202.0
2024-10-07 05:29:00,374.0,-232.0
2024-10-07 05:30:00,424.0,-265.0
2024-10-07 05:31:00,453.0,-255.0
2024-10-07 05:32:00,453.0,-250.0
2024-10-07 05:33:00,376.0,-226.0
2024-10-07 05:34:00,299.0,-208.0
2024-10-07 05:35:00,333.0,-241.0
2024-10-07 05:36:00,398.0,-272.0
2024-10-07 05:37:00,403.0,-271.0
2024-10-07 05:38:00,350.0,-240.0
2024-10-07 05:39:00,331.0,-227.0
2024-10-07 05:40:00,358.0,-225.0
2024-10-07 05:41:00,390.0,-230.0
2024-10-07 05:42:00,417.0,-240.0
2024-10-07 05:43:00,389.0,-223.0
2024-10-07 05:44:00,370.0,-207.0
2024-10-07 05:45:00,355.0,-196.0
2024-10-07 05:46:00,351.0,-192.0
2024-10-07 05:47:00,356.0,-214.0
2024-10-07 05:48:00,330.0,-227.0
2024-10-07 05:49:00,291.0,-212.0
2024-10-07 05:50:00,251.0,-180.0
2024-10-07 05:51:00,259.0,-165.0
2024-10-07 05:52:00,283.0,-154.0
2024-10-07 05:53:00,308.0,-146.0
2024-10-07 05:54:00,323.0,-158.0
2024-10-07 05:55:00,302.0,-167.0
2024-10-07 05:56:00,275.0,-175.0
2024-10-07 05:57:00,259.0,-170.0
2024-10-07 05:58:00,259.0,-152.0
2024-10-07 05:59:00,271.0,-142.0
2024-10-07 06:00:00,266.0,-134.0
2024-10-07 06:01:00,233.0,-120.0
2024-10-07 06:02:00,202.0,-104.0
2024-10-07 06:03:00,188.0,-101.0
2024-10-07 06:04:00,169.0,-86.0
2024-10-07 06:05:00,171.0,-76.0
2024-10-07 06:06:00,178.0,-71.0
2024-10-07 06:07:00,180.0,-71.0
2024-10-07 06:08:00,162.0,-69.0
2024-10-07 06:09:00,161.0,-66.0
2024-10-07 06:10:00,171.0,-73.0
2024-10-07 06:11:00,168.0,-71.0
2024-10-07 06:12:00,165.0,-71.0
2024-10-07 06:13:00,152.0,-73.0
2024-10-07 06:14:00,159.0,-80.0
2024-10-07 06:15:00,159.0,-89.0
2024-10-07 06:16:00,176.0,-81.0
2024-10-07 06:17:00,176.0,-69.0
2024-10-07 06:18:00,181.0,-62.0
2024-10-07 06:19:00,193.0,-67.0
2024-10-07 06:20:00,214.0,-78.0
2024-10-07 06:21:00,184.0,-73.0
2024-10-07 06:22:00,170.0,-62.0
2024-10-07 06:23:00,196.0,-66.0
2024-10-07 06:24:00,201.0,-76.0
2024-10-07 06:25:00,217.0,-87.0
2024-10-07 06:26:00,216.0,-93.0
2024-10-07 06:27:00,207.0,-90.0
2024-10-07 06:28:00,215.0,-93.0
2024-10-07 06:29:00,229.0,-94.0
2024-10-07 06:30:00,257.0,-109.0
2024-10-07 06:31:00,256.0,-104.0
2024-10-07 06:32:00,174.0,-49.0
2024-10-07 06:33:00,140.0,-46.0
2024-10-07 06:34:00,130.0,-44.0
2024-10-07 06:35:00,134.0,-45.0
2024-10-07 06:36:00,141.0,-43.0
2024-10-07 06:37:00,166.0,-62.0
2024-10-07 06:38:00,167.0,-62.0
2024-10-07 06:39:00,175.0,-75.0
2024-10-07 06:40:00,175.0,-81.0
2024-10-07 06:41:00,188.0,-94.0
2024-10-07 06:42:00,212.0,-111.0
2024-10-07 06:43:00,219.0,-115.0
2024-10-07 06:44:00,219.0,-95.0
2024-10-07 06:45:00,180.0,-56.0
2024-10-07 06:46:00,140.0,-22.0
2024-10-07 06:47:00,165.0,-46.0
2024-10-07 06:48:00,176.0,-61.0
2024-10-07 06:49:00,181.0,-66.0
2024-10-07 06:50:00,186.0,-65.0
2024-10-07 06:51:00,215.0,-85.0
2024-10-07 06:52:00,247.0,-106.0
2024-10-07 06:53:00,269.0,-125.0
2024-10-07 06:54:00,265.0,-120.0
2024-10-07 06:55:00,214.0,-80.0
2024-10-07 06:56:00,176.0,-58.0
2024-10-07 06:57:00,143.0,-34.0
2024-10-07 06:58:00,133.0,-34.0
2024-10-07 06:59:00,146.0,-48.0
2024-10-07 07:00:00,149.0,-51.0
2024-10-07 07:01:00,141.0,-44.0
2024-10-07 07:02:00,137.0,-38.0
2024-10-07 07:03:00,149.0,-47.0
2024-10-07 07:04:00,170.0,-55.0
2024-10-07 07:05:00,161.0,-54.0
2024-10-07 07:06:00,156.0,-40.0
2024-10-07 07:07:00,191.0,-65.0
2024-10-07 07:08:00,187.0,-54.0
2024-10-07 07:09:00,215.0,-77.0
2024-10-07 07:10:00,207.0,-66.0
2024-10-07 07:11:00,224.0,-70.0
2024-10-07 07:12:00,200.0,-51.0
2024-10-07 07:13:00,197.0,-52.0
2024-10-07 07:14:00,172.0,-37.0
2024-10-07 07:15:00,151.0,-29.0
2024-10-07 07:16:00,129.0,-30.0
2024-10-07 07:17:00,125.0,-26.0
2024-10-07 07:18:00,118.0,-26.0
2024-10-07 07:19:00,118.0,-26.0
2024-10-07 07:20:00,118.0,-26.0
2024-10-07 07:21:00,117.0,-25.0
2024-10-07 07:22:00,115.0,-26.0
2024-10-07 07:23:00,118.0,-27.0
2024-10-07 07:24:00,120.0,-29.0
2024-10-07 07:25:00,122.0,-30.0
2024-10-07 07:26:00,129.0,-33.0
2024-10-07 07:27:00,134.0,-34.0
2024-10-07 07:28:00,138.0,-34.0
2024-10-07 07:29:00,142.0,-34.0
2024-10-07 07:30:00,191.0,-84.0
2024-10-07 07:31:00,153.0,-46.0
2024-10-07 07:32:00,164.0,-59.0
2024-10-07 07:33:00,165.0,-62.0
2024-10-07 07:34:00,232.0,-130.0
2024-10-07 07:35:00,252.0,-149.0
2024-10-07 07:36:00,275.0,-171.0
2024-10-07 07:37:00,266.0,-164.0
2024-10-07 07:38:00,273.0,-176.0
2024-10-07 07:39:00,259.0,-162.0
2024-10-07 07:40:00,269.0,-167.0
2024-10-07 07:41:00,214.0,-152.0
2024-10-07 07:42:00,226.0,-165.0
2024-10-07 07:43:00,221.0,-161.0
2024-10-07 07:44:00,273.0,-159.0
2024-10-07 07:45:00,290.0,-177.0
2024-10-07 07:46:00,290.0,-180.0
2024-10-07 07:47:00,241.0,-132.0
2024-10-07 07:48:00,248.0,-139.0
2024-10-07 07:49:00,265.0,-157.0
2024-10-07 07:50:00,253.0,-151.0
2024-10-07 07:51:00,216.0,-116.0
2024-10-07 07:52:00,206.0,-107.0
2024-10-07 07:53:00,191.0,-93.0
2024-10-07 07:54:00,167.0,-69.0
2024-10-07 07:55:00,164.0,-65.0
2024-10-07 07:56:00,145.0,-61.0
2024-10-07 07:57:00,140.0,-60.0
2024-10-07 07:58:00,138.0,-63.0
2024-10-07 07:59:00,139.0,-65.0
2024-10-07 08:00:00,134.0,-61.0
2024-10-07 08:01:00,126.0,-58.0
2024-10-07 08:02:00,119.0,-56.0
2024-10-07 08:03:00,150.0,-85.0
2024-10-07 08:04:00,166.0,-88.0
2024-10-07 08:05:00,172.0,-87.0
2024-10-07 08:06:00,248.0,-151.0
2024-10-07 08:07:00,270.0,-167.0
2024-10-07 08:08:00,260.0,-148.0
2024-10-07 08:09:00,210.0,-92.0
2024-10-07 08:10:00,160.0,-54.0
2024-10-07 08:11:00,157.0,-60.0
2024-10-07 08:12:00,187.0,-95.0
2024-10-07 08:13:00,142.0,-66.0
2024-10-07 08:14:00,139.0,-66.0
2024-10-07 08:15:00,138.0,-62.0
2024-10-07 08:16:00,144.0,-51.0
2024-10-07 08:17:00,148.0,-48.0
2024-10-07 08:18:00,140.0,-46.0
2024-10-07 08:19:00,136.0,-54.0
2024-10-07 08:20:00,132.0,-56.0
2024-10-07 08:21:00,127.0,-52.0
2024-10-07 08:22:00,112.0,-39.0
2024-10-07 08:23:00,103.0,-35.0
2024-10-07 08:24:00,106.0,-43.0
2024-10-07 08:25:00,108.0,-48.0
2024-10-07 08:26:00,126.0,-61.0
2024-10-07 08:27:00,136.0,-61.0
2024-10-07 08:28:00,134.0,-58.0
2024-10-07 08:29:00,115.0,-50.0
2024-10-07 08:30:00,105.0,-43.0
2024-10-07 08:31:00,93.0,-37.0
2024-10-07 08:32:00,98.0,-42.0
2024-10-07 08:33:00,106.0,-45.0
2024-10-07 08:34:00,119.0,-53.0
2024-10-07 08:35:00,145.0,-72.0
2024-10-07 08:36:00,170.0,-91.0
2024-10-07 08:37:00,184.0,-98.0
2024-10-07 08:38:00,182.0,-96.0
2024-10-07 08:39:00,172.0,-91.0
2024-10-07 08:40:00,163.0,-85.0
2024-10-07 08:41:00,159.0,-84.0
2024-10-07 08:42:00,144.0,-78.0
2024-10-07 08:43:00,141.0,-78.0
2024-10-07 08:44:00,139.0,-79.0
2024-10-07 08:45:00,134.0,-79.0
2024-10-07 08:46:00,129.0,-77.0
2024-10-07 08:47:00,121.0,-71.0
2024-10-07 08:48:00,110.0,-64.0
2024-10-07 08:49:00,95.0,-53.0
2024-10-07 08:50:00,76.0,-40.0
2024-10-07 08:51:00,74.0,-41.0
2024-10-07 08:52:00,71.0,-42.0
2024-10-07 08:53:00,68.0,-43.0
2024-10-07 08:54:00,70.0,-46.0
2024-10-07 08:55:00,78.0,-48.0
2024-10-07 08:56:00,87.0,-50.0
2024-10-07 08:57:00,83.0,-52.0
2024-10-07 08:58:00,75.0,-54.0
2024-10-07 08:59:00,75.0,-54.0
2024-10-07 09:00:00,74.0,-51.0
2024-10-07 09:01:00,81.0,-48.0
2024-10-07 09:02:00,74.0,-46.0
2024-10-07 09:03:00,65.0,-46.0
2024-10-07 09:04:00,68.0,-47.0
2024-10-07 09:05:00,70.0,-50.0
2024-10-07 09:06:00,71.0,-50.0
2024-10-07 09:07:00,72.0,-51.0
2024-10-07 09:08:00,74.0,-52.0
2024-10-07 09:09:00,74.0,-51.0
2024-10-07 09:10:00,77.0,-54.0
2024-10-07 09:11:00,74.0,-49.0
2024-10-07 09:12:00,68.0,-43.0
2024-10-07 09:13:00,63.0,-39.0
2024-10-07 09:14:00,62.0,-39.0
2024-10-07 09:15:00,64.0,-41.0
2024-10-07 09:16:00,66.0,-44.0
2024-10-07 09:17:00,65.0,-42.0
2024-10-07 09:18:00,59.0,-36.0
2024-10-07 09:19:00,59.0,-37.0
2024-10-07 09:20:00,63.0,-40.0
2024-10-07 09:21:00,65.0,-41.0
2024-10-07 09:22:00,65.0,-40.0
2024-10-07 09:23:00,64.0,-38.0
2024-10-07 09:24:00,68.0,-40.0
2024-10-07 09:25:00,67.0,-39.0
2024-10-07 09:26:00,67.0,-39.0
2024-10-07 09:27:00,66.0,-39.0
2024-10-07 09:28:00,68.0,-40.0
2024-10-07 09:29:00,75.0,-42.0
2024-10-07 09:30:00,71.0,-43.0
2024-10-07 09:31:00,70.0,-42.0
2024-10-07 09:32:00,67.0,-40.0
2024-10-07 09:33:00,67.0,-40.0
2024-10-07 09:34:00,65.0,-40.0
2024-10-07 09:35:00,65.0,-42.0
2024-10-07 09:36:00,79.0,-44.0
2024-10-07 09:37:00,75.0,-47.0
2024-10-07 09:38:00,78.0,-51.0
2024-10-07 09:39:00,77.0,-49.0
2024-10-07 09:40:00,76.0,-47.0
2024-10-07 09:41:00,76.0,-47.0
2024-10-07 09:42:00,73.0,-46.0
2024-10-07 09:43:00,70.0,-45.0
2024-10-07 09:44:00,66.0,-42.0
2024-10-07 09:45:00,65.0,-41.0
2024-10-07 09:46:00,66.0,-41.0
2024-10-07 09:47:00,66.0,-39.0
2024-10-07 09:48:00,68.0,-39.0
2024-10-07 09:49:00,71.0,-39.0
2024-10-07 09:50:00,71.0,-41.0
2024-10-07 09:51:00,69.0,-45.0
2024-10-07 09:52:00,73.0,-48.0
2024-10-07 09:53:00,81.0,-48.0
2024-10-07 09:54:00,79.0,-43.0
2024-10-07 09:55:00,67.0,-36.0
2024-10-07 09:56:00,62.0,-31.0
2024-10-07 09:57:00,56.0,-28.0
2024-10-07 09:58:00,55.0,-30.0
2024-10-07 09:59:00,53.0,-28.0
2024-10-07 10:00:00,49.0,-24.0
2024-10-07 10:01:00,50.0,-24.0
2024-10-07 10:02:00,55.0,-27.0
2024-10-07 10:03:00,59.0,-29.0
2024-10-07 10:04:00,54.0,-26.0
2024-10-07 10:05:00,48.0,-25.0
2024-10-07 10:06:00,78.0,-29.0
2024-10-07 10:07:00,97.0,-34.0
2024-10-07 10:08:00,101.0,-41.0
2024-10-07 10:09:00,100.0,-49.0
2024-10-07 10:10:00,96.0,-50.0
2024-10-07 10:11:00,92.0,-45.0
2024-10-07 10:12:00,80.0,-37.0
2024-10-07 10:13:00,88.0,-33.0
2024-10-07 10:14:00,84.0,-41.0
2024-10-07 10:15:00,72.0,-43.0
2024-10-07 10:16:00,62.0,-37.0
2024-10-07 10:17:00,64.0,-38.0
2024-10-07 10:18:00,69.0,-41.0
2024-10-07 10:19:00,69.0,-40.0
2024-10-07 10:20:00,89.0,-37.0
2024-10-07 10:21:00,94.0,-32.0
2024-10-07 10:22:00,85.0,-33.0
2024-10-07 10:23:00,92.0,-55.0
2024-10-07 10:24:00,90.0,-51.0
2024-10-07 10:25:00,72.0,-29.0
2024-10-07 10:26:00,65.0,-27.0
2024-10-07 10:27:00,70.0,-25.0
2024-10-07 10:28:00,81.0,-25.0
2024-10-07 10:29:00,101.0,-36.0
2024-10-07 10:30:00,107.0,-43.0
2024-10-07 10:31:00,123.0,-56.0
2024-10-07 10:32:00,155.0,-70.0
2024-10-07 10:33:00,180.0,-89.0
2024-10-07 10:34:00,204.0,-99.0
2024-10-07 10:35:00,232.0,-107.0
2024-10-07 10:36:00,324.0,-114.0
2024-10-07 10:37:00,295.0,-121.0
2024-10-07 10:38:00,285.0,-140.0
2024-10-07 10:39:00,329.0,-156.0
2024-10-07 10:40:00,375.0,-174.0
2024-10-07 10:41:00,368.0,-172.0
2024-10-07 10:42:00,378.0,-173.0
2024-10-07 10:43:00,366.0,-167.0
2024-10-07 10:44:00,344.0,-162.0
2024-10-07 10:45:00,337.0,-155.0
2024-10-07 10:46:00,340.0,-153.0
2024-10-07 10:47:00,319.0,-158.0
2024-10-07 10:48:00,311.0,-174.0
2024-10-07 10:49:00,330.0,-192.0
2024-10-07 10:50:00,344.0,-199.0
2024-10-07 10:51:00,348.0,-207.0
2024-10-07 10:52:00,325.0,-205.0
2024-10-07 10:53:00,326.0,-207.0
2024-10-07 10:54:00,319.0,-216.0
2024-10-07 10:55:00,319.0,-218.0
2024-10-07 10:56:00,330.0,-219.0
2024-10-07 10:57:00,327.0,-215.0
2024-10-07 10:58:00,320.0,-213.0
2024-10-07 10:59:00,314.0,-216.0
2024-10-07 11:00:00,304.0,-210.0
2024-10-07 11:01:00,299.0,-199.0
2024-10-07 11:02:00,299.0,-195.0
2024-10-07 11:03:00,319.0,-199.0
2024-10-07 11:04:00,317.0,-194.0
2024-10-07 11:05:00,310.0,-191.0
2024-10-07 11:06:00,327.0,-216.0
2024-10-07 11:07:00,330.0,-210.0
2024-10-07 11:08:00,321.0,-192.0
2024-10-07 11:09:00,320.0,-190.0
2024-10-07 11:10:00,313.0,-179.0
2024-10-07 11:11:00,290.0,-167.0
2024-10-07 11:12:00,266.0,-158.0
2024-10-07 11:13:00,265.0,-154.0
2024-10-07 11:14:00,260.0,-146.0
2024-10-07 11:15:00,248.0,-139.0
2024-10-07 11:16:00,253.0,-132.0
2024-10-07 11:17:00,282.0,-166.0
2024-10-07 11:18:00,290.0,-181.0
2024-10-07 11:19:00,352.0,-238.0
2024-10-07 11:20:00,377.0,-252.0
2024-10-07 11:21:00,479.0,-346.0
2024-10-07 11:22:00,551.0,-412.0
2024-10-07 11:23:00,634.0,-494.0
2024-10-07 11:24:00,780.0,-639.0
2024-10-07 11:25:00,947.0,-806.0
2024-10-07 11:26:00,1106.0,-947.0
2024-10-07 11:27:00,1154.0,-994.0
2024-10-07 11:28:00,1153.0,-991.0
2024-10-07 11:29:00,1100.0,-919.0
2024-10-07 11:30:00,1201.0,-1013.0
2024-10-07 11:31:00,1253.0,-1060.0
2024-10-07 11:32:00,1222.0,-1029.0
2024-10-07 11:33:00,1265.0,-1068.0
2024-10-07 11:34:00,1235.0,-1055.0
2024-10-07 11:35:00,1285.0,-1106.0
2024-10-07 11:36:00,1312.0,-1139.0
2024-10-07 11:37:00,1224.0,-1068.0
2024-10-07 11:38:00,1161.0,-1014.0
2024-10-07 11:39:00,1156.0,-1015.0
2024-10-07 11:40:00,1253.0,-1127.0
2024-10-07 11:41:00,1269.0,-1154.0
2024-10-07 11:42:00,1319.0,-1189.0
2024-10-07 11:43:00,1355.0,-1210.0
2024-10-07 11:44:00,1305.0,-1160.0
2024-10-07 11:45:00,1268.0,-1123.0
2024-10-07 11:46:00,1306.0,-1156.0
2024-10-07 11:47:00,1296.0,-1132.0
2024-10-07 11:48:00,1171.0,-1015.0
2024-10-07 11:49:00,1162.0,-1006.0
2024-10-07 11:50:00,1185.0,-1027.0
2024-10-07 11:51:00,1214.0,-1040.0
2024-10-07 11:52:00,1219.0,-1041.0
2024-10-07 11:53:00,1189.0,-1020.0
2024-10-07 11:54:00,1106.0,-943.0
2024-10-07 11:55:00,1118.0,-962.0
2024-10-07 11:56:00,1179.0,-1027.0
2024-10-07 11:57:00,1363.0,-1191.0
2024-10-07 11:58:00,1496.0,-1314.0
2024-10-07 11:59:00,1471.0,-1287.0
2024-10-07 12:00:00,1418.0,-1230.0
2024-10-07 12:01:00,1498.0,-1306.0
2024-10-07 12:02:00,1433.0,-1245.0
2024-10-07 12:03:00,1373.0,-1193.0
2024-10-07 12:04:00,1398.0,-1213.0
2024-10-07 12:05:00,1370.0,-1168.0
2024-10-07 12:06:00,1281.0,-1087.0
2024-10-07 12:07:00,1265.0,-1077.0
2024-10-07 12:08:00,1244.0,-1062.0
2024-10-07 12:09:00,1198.0,-1017.0
2024-10-07 12:10:00,1245.0,-1029.0
2024-10-07 12:11:00,1190.0,-983.0
2024-10-07 12:12:00,1022.0,-838.0
2024-10-07 12:13:00,1010.0,-833.0
2024-10-07 12:14:00,992.0,-826.0
2024-10-07 12:15:00,1028.0,-866.0
2024-10-07 12:16:00,1101.0,-938.0
2024-10-07 12:17:00,1132.0,-990.0
2024-10-07 12:18:00,1084.0,-959.0
2024-10-07 12:19:00,1119.0,-974.0
2024-10-07 12:20:00,1141.0,-982.0
2024-10-07 12:21:00,1126.0,-967.0
2024-10-07 12:22:00,1102.0,-948.0
2024-10-07 12:23:00,1064.0,-911.0
2024-10-07 12:24:00,991.0,-849.0
2024-10-07 12:25:00,879.0,-756.0
2024-10-07 12:26:00,858.0,-738.0
2024-10-07 12:27:00,866.0,-739.0
2024-10-07 12:28:00,884.0,-737.0
2024-10-07 12:29:00,901.0,-730.0
2024-10-07 12:30:00,899.0,-708.0
2024-10-07 12:31:00,875.0,-667.0
2024-10-07 12:32:00,870.0,-649.0
2024-10-07 12:33:00,921.0,-662.0
2024-10-07 12:34:00,998.0,-691.0
2024-10-07 12:35:00,984.0,-661.0
2024-10-07 12:36:00,963.0,-639.0
2024-10-07 12:37:00,916.0,-590.0
2024-10-07 12:38:00,903.0,-570.0
2024-10-07 12:39:00,938.0,-603.0
2024-10-07 12:40:00,928.0,-589.0
2024-10-07 12:41:00,942.0,-588.0
2024-10-07 12:42:00,941.0,-577.0
2024-10-07 12:43:00,929.0,-552.0
2024-10-07 12:44:00,891.0,-519.0
2024-10-07 12:45:00,857.0,-504.0
2024-10-07 12:46:00,814.0,-477.0
2024-10-07 12:47:00,755.0,-442.0
2024-10-07 12:48:00,686.0,-397.0
2024-10-07 12:49:00,642.0,-367.0
2024-10-07 12:50:00,622.0,-341.0
2024-10-07 12:51:00,579.0,-307.0
2024-10-07 12:52:00,536.0,-282.0
2024-10-07 12:53:00,512.0,-274.0
2024-10-07 12:54:00,508.0,-280.0
2024-10-07 12:55:00,509.0,-276.0
2024-10-07 12:56:00,480.0,-255.0
2024-10-07 12:57:00,444.0,-234.0
2024-10-07 12:58:00,415.0,-199.0
2024-10-07 12:59:00,398.0,-189.0
2024-10-07 13:00:00,392.0,-198.0
2024-10-07 13:01:00,389.0,-196.0
2024-10-07 13:02:00,393.0,-184.0
2024-10-07 13:03:00,386.0,-176.0
2024-10-07 13:04:00,355.0,-157.0
2024-10-07 13:05:00,308.0,-136.0
2024-10-07 13:06:00,279.0,-133.0
2024-10-07 13:07:00,275.0,-140.0
2024-10-07 13:08:00,269.0,-138.0
2024-10-07 13:09:00,264.0,-130.0
2024-10-07 13:10:00,254.0,-121.0
2024-10-07 13:11:00,232.0,-110.0
2024-10-07 13:12:00,215.0,-103.0
2024-10-07 13:13:00,202.0,-98.0
2024-10-07 13:14:00,196.0,-93.0
2024-10-07 13:15:00,202.0,-103.0
2024-10-07 13:16:00,211.0,-110.0
2024-10-07 13:17:00,210.0,-114.0
2024-10-07 13:18:00,194.0,-100.0
2024-10-07 13:19:00,160.0,-77.0
2024-10-07 13:20:00,139.0,-62.0
2024-10-07 13:21:00,145.0,-68.0
2024-10-07 13:22:00,166.0,-92.0
2024-10-07 13:23:00,181.0,-112.0
2024-10-07 13:24:00,179.0,-115.0
2024-10-07 13:25:00,178.0,-115.0
2024-10-07 13:26:00,180.0,-116.0
2024-10-07 13:27:00,180.0,-110.0
2024-10-07 13:28:00,183.0,-99.0
2024-10-07 13:29:00,172.0,-92.0
2024-10-07 13:30:00,161.0,-84.0
2024-10-07 13:31:00,180.0,-100.0
2024-10-07 13:32:00,200.0,-124.0
2024-10-07 13:33:00,208.0,-128.0
2024-10-07 13:34:00,178.0,-103.0
2024-10-07 13:35:00,169.0,-87.0
2024-10-07 13:36:00,162.0,-85.0
2024-10-07 13:37:00,164.0,-93.0
2024-10-07 13:38:00,159.0,-89.0
2024-10-07 13:39:00,145.0,-80.0
2024-10-07 13:40:00,129.0,-66.0
2024-10-07 13:41:00,141.0,-74.0
2024-10-07 13:42:00,133.0,-55.0
2024-10-07 13:43:00,136.0,-59.0
2024-10-07 13:44:00,131.0,-63.0
2024-10-07 13:45:00,123.0,-61.0
2024-10-07 13:46:00,105.0,-51.0
2024-10-07 13:47:00,94.0,-40.0
2024-10-07 13:48:00,101.0,-39.0
2024-10-07 13:49:00,126.0,-61.0
2024-10-07 13:50:00,132.0,-67.0
2024-10-07 13:51:00,145.0,-88.0
2024-10-07 13:52:00,140.0,-86.0
2024-10-07 13:53:00,136.0,-78.0
2024-10-07 13:54:00,141.0,-72.0
2024-10-07 13:55:00,169.0,-89.0
2024-10-07 13:56:00,194.0,-112.0
2024-10-07 13:57:00,263.0,-165.0
2024-10-07 13:58:00,319.0,-206.0
2024-10-07 13:59:00,333.0,-209.0
2024-10-07 14:00:00,323.0,-204.0
2024-10-07 14:01:00,328.0,-202.0
2024-10-07 14:02:00,346.0,-212.0
2024-10-07 14:03:00,356.0,-228.0
2024-10-07 14:04:00,377.0,-247.0
2024-10-07 14:05:00,387.0,-259.0
2024-10-07 14:06:00,379.0,-252.0
2024-10-07 14:07:00,369.0,-239.0
2024-10-07 14:08:00,357.0,-227.0
2024-10-07 14:09:00,328.0,-206.0
2024-10-07 14:10:00,311.0,-196.0
2024-10-07 14:11:00,307.0,-197.0
2024-10-07 14:12:00,309.0,-197.0
2024-10-07 14:13:00,313.0,-204.0
2024-10-07 14:14:00,335.0,-214.0
2024-10-07 14:15:00,330.0,-208.0
2024-10-07 14:16:00,318.0,-197.0
2024-10-07 14:17:00,311.0,-191.0
2024-10-07 14:18:00,313.0,-194.0
2024-10-07 14:19:00,333.0,-204.0
2024-10-07 14:20:00,339.0,-203.0
2024-10-07 14:21:00,323.0,-189.0
2024-10-07 14:22:00,304.0,-174.0
2024-10-07 14:23:00,297.0,-169.0
2024-10-07 14:24:00,314.0,-178.0
2024-10-07 14:25:00,347.0,-195.0
2024-10-07 14:26:00,351.0,-188.0
2024-10-07 14:27:00,326.0,-173.0
2024-10-07 14:28:00,309.0,-164.0
2024-10-07 14:29:00,314.0,-158.0
2024-10-07 14:30:00,298.0,-146.0
2024-10-07 14:31:00,290.0,-139.0
2024-10-07 14:32:00,320.0,-159.0
2024-10-07 14:33:00,334.0,-174.0
2024-10-07 14:34:00,316.0,-171.0
2024-10-07 14:35:00,304.0,-164.0
2024-10-07 14:36:00,314.0,-170.0
2024-10-07 14:37:00,314.0,-169.0
2024-10-07 14:38:00,319.0,-166.0
2024-10-07 14:39:00,333.0,-174.0
2024-10-07 14:40:00,360.0,-186.0
2024-10-07 14:41:00,357.0,-191.0
2024-10-07 14:42:00,352.0,-189.0
2024-10-07 14:43:00,353.0,-193.0
2024-10-07 14:44:00,357.0,-196.0
2024-10-07 14:45:00,373.0,-204.0
2024-10-07 14:46:00,380.0,-213.0
2024-10-07 14:47:00,390.0,-231.0
2024-10-07 14:48:00,423.0,-261.0
2024-10-07 14:49:00,445.0,-281.0
2024-10-07 14:50:00,454.0,-280.0
2024-10-07 14:51:00,451.0,-263.0
2024-10-07 14:52:00,433.0,-249.0
2024-10-07 14:53:00,409.0,-245.0
2024-10-07 14:54:00,424.0,-264.0
2024-10-07 14:55:00,459.0,-286.0
2024-10-07 14:56:00,489.0,-295.0
2024-10-07 14:57:00,497.0,-297.0
2024-10-07 14:58:00,513.0,-319.0
2024-10-07 14:59:00,541.0,-348.0
2024-10-07 15:00:00,562.0,-369.0
2024-10-07 15:01:00,540.0,-361.0
2024-10-07 15:02:00,497.0,-336.0
2024-10-07 15:03:00,496.0,-337.0
2024-10-07 15:04:00,532.0,-351.0
2024-10-07 15:05:00,565.0,-361.0
2024-10-07 15:06:00,572.0,-369.0
2024-10-07 15:07:00,581.0,-377.0
2024-10-07 15:08:00,584.0,-375.0
2024-10-07 15:09:00,567.0,-354.0
2024-10-07 15:10:00,534.0,-328.0
2024-10-07 15:11:00,545.0,-334.0
2024-10-07 15:12:00,587.0,-363.0
2024-10-07 15:13:00,599.0,-370.0
2024-10-07 15:14:00,624.0,-391.0
2024-10-07 15:15:00,627.0,-403.0
2024-10-07 15:16:00,635.0,-413.0
2024-10-07 15:17:00,652.0,-435.0
2024-10-07 15:18:00,677.0,-451.0
2024-10-07 15:19:00,692.0,-460.0
2024-10-07 15:20:00,687.0,-461.0
2024-10-07 15:21:00,711.0,-479.0
2024-10-07 15:22:00,723.0,-491.0
2024-10-07 15:23:00,736.0,-503.0
2024-10-07 15:24:00,787.0,-543.0
2024-10-07 15:25:00,821.0,-573.0
2024-10-07 15:26:00,811.0,-580.0
2024-10-07 15:27:00,767.0,-538.0
2024-10-07 15:28:00,749.0,-521.0
2024-10-07 15:29:00,799.0,-575.0
2024-10-07 15:30:00,851.0,-630.0
2024-10-07 15:31:00,842.0,-609.0
2024-10-07 15:32:00,800.0,-566.0
2024-10-07 15:33:00,773.0,-551.0
2024-10-07 15:34:00,747.0,-527.0
2024-10-07 15:35:00,759.0,-523.0
2024-10-07 15:36:00,754.0,-524.0
2024-10-07 15:37:00,728.0,-511.0
2024-10-07 15:38:00,751.0,-533.0
2024-10-07 15:39:00,770.0,-543.0
2024-10-07 15:40:00,776.0,-553.0
2024-10-07 15:41:00,772.0,-556.0
2024-10-07 15:42:00,810.0,-602.0
2024-10-07 15:43:00,874.0,-671.0
2024-10-07 15:44:00,919.0,-721.0
2024-10-07 15:45:00,903.0,-705.0
2024-10-07 15:46:00,873.0,-677.0
2024-10-07 15:47:00,878.0,-672.0
2024-10-07 15:48:00,817.0,-601.0
2024-10-07 15:49:00,817.0,-597.0
2024-10-07 15:50:00,839.0,-638.0
2024-10-07 15:51:00,925.0,-741.0
2024-10-07 15:52:00,939.0,-752.0
2024-10-07 15:53:00,845.0,-642.0
2024-10-07 15:54:00,811.0,-593.0
2024-10-07 15:55:00,855.0,-647.0
2024-10-07 15:56:00,827.0,-634.0
2024-10-07 15:57:00,796.0,-605.0
2024-10-07 15:58:00,776.0,-578.0
2024-10-07 15:59:00,765.0,-556.0
2024-10-07 16:00:00,766.0,-561.0
2024-10-07 16:01:00,775.0,-583.0
2024-10-07 16:02:00,785.0,-603.0
2024-10-07 16:03:00,808.0,-630.0
2024-10-07 16:04:00,856.0,-683.0
2024-10-07 16:05:00,885.0,-713.0
2024-10-07 16:06:00,906.0,-724.0
2024-10-07 16:07:00,916.0,-713.0
2024-10-07 16:08:00,923.0,-689.0
2024-10-07 16:09:00,869.0,-633.0
2024-10-07 16:10:00,825.0,-593.0
2024-10-07 16:11:00,860.0,-633.0
2024-10-07 16:12:00,868.0,-637.0
2024-10-07 16:13:00,813.0,-584.0
2024-10-07 16:14:00,766.0,-542.0
2024-10-07 16:15:00,710.0,-484.0
2024-10-07 16:16:00,699.0,-458.0
2024-10-07 16:17:00,695.0,-445.0
2024-10-07 16:18:00,716.0,-472.0
2024-10-07 16:19:00,789.0,-548.0
2024-10-07 16:20:00,848.0,-603.0
2024-10-07 16:21:00,857.0,-608.0
2024-10-07 16:22:00,840.0,-579.0
2024-10-07 16:23:00,862.0,-594.0
2024-10-07 16:24:00,863.0,-604.0
2024-10-07 16:25:00,851.0,-598.0
2024-10-07 16:26:00,822.0,-574.0
2024-10-07 16:27:00,778.0,-540.0
2024-10-07 16:28:00,745.0,-510.0
2024-10-07 16:29:00,702.0,-469.0
2024-10-07 16:30:00,686.0,-453.0
2024-10-07 16:31:00,673.0,-441.0
2024-10-07 16:32:00,664.0,-428.0
2024-10-07 16:33:00,694.0,-453.0
2024-10-07 16:34:00,761.0,-520.0
2024-10-07 16:35:00,837.0,-593.0
2024-10-07 16:36:00,893.0,-657.0
2024-10-07 16:37:00,922.0,-687.0
2024-10-07 16:38:00,964.0,-734.0
2024-10-07 16:39:00,975.0,-759.0
2024-10-07 16:40:00,986.0,-767.0
2024-10-07 16:41:00,1007.0,-778.0
2024-10-07 16:42:00,1032.0,-805.0
2024-10-07 16:43:00,1080.0,-866.0
2024-10-07 16:44:00,1099.0,-890.0
2024-10-07 16:45:00,1053.0,-853.0
2024-10-07 16:46:00,984.0,-799.0
2024-10-07 16:47:00,939.0,-753.0
2024-10-07 16:48:00,935.0,-749.0
2024-10-07 16:49:00,832.0,-656.0
2024-10-07 16:50:00,692.0,-512.0
2024-10-07 16:51:00,606.0,-426.0
2024-10-07 16:52:00,573.0,-394.0
2024-10-07 16:53:00,573.0,-390.0
2024-10-07 16:54:00,605.0,-419.0
2024-10-07 16:55:00,700.0,-504.0
2024-10-07 16:56:00,846.0,-638.0
2024-10-07 16:57:00,875.0,-659.0
2024-10-07 16:58:00,878.0,-657.0
2024-10-07 16:59:00,871.0,-654.0
2024-10-07 17:00:00,829.0,-618.0
2024-10-07 17:01:00,822.0,-620.0
2024-10-07 17:02:00,844.0,-645.0
2024-10-07 17:03:00,863.0,-644.0
2024-10-07 17:04:00,832.0,-600.0
2024-10-07 17:05:00,757.0,-509.0
2024-10-07 17:06:00,707.0,-449.0
2024-10-07 17:07:00,686.0,-419.0
2024-10-07 17:08:00,660.0,-382.0
2024-10-07 17:09:00,650.0,-370.0
2024-10-07 17:10:00,667.0,-392.0
2024-10-07 17:11:00,682.0,-409.0
2024-10-07 17:12:00,692.0,-413.0
2024-10-07 17:13:00,658.0,-378.0
2024-10-07 17:14:00,692.0,-410.0
2024-10-07 17:15:00,710.0,-421.0
2024-10-07 17:16:00,715.0,-418.0
2024-10-07 17:17:00,728.0,-430.0
2024-10-07 17:18:00,668.0,-369.0
2024-10-07 17:19:00,612.0,-311.0
2024-10-07 17:20:00,614.0,-315.0
2024-10-07 17:21:00,638.0,-329.0
2024-10-07 17:22:00,676.0,-355.0
2024-10-07 17:23:00,751.0,-429.0
2024-10-07 17:24:00,836.0,-513.0
2024-10-07 17:25:00,946.0,-611.0
2024-10-07 17:26:00,1056.0,-725.0
2024-10-07 17:27:00,1109.0,-776.0
2024-10-07 17:28:00,1059.0,-739.0
2024-10-07 17:29:00,981.0,-674.0
2024-10-07 17:30:00,845.0,-545.0
2024-10-07 17:31:00,771.0,-487.0
2024-10-07 17:32:00,701.0,-428.0
2024-10-07 17:33:00,651.0,-374.0
2024-10-07 17:34:00,666.0,-382.0
2024-10-07 17:35:00,681.0,-398.0
2024-10-07 17:36:00,698.0,-416.0
2024-10-07 17:37:00,733.0,-456.0
2024-10-07 17:38:00,716.0,-447.0
2024-10-07 17:39:00,669.0,-407.0
2024-10-07 17:40:00,719.0,-445.0
2024-10-07 17:41:00,770.0,-495.0
2024-10-07 17:42:00,773.0,-493.0
2024-10-07 17:43:00,778.0,-489.0
2024-10-07 17:44:00,783.0,-511.0
2024-10-07 17:45:00,749.0,-504.0
2024-10-07 17:46:00,767.0,-516.0
2024-10-07 17:47:00,778.0,-532.0
2024-10-07 17:48:00,789.0,-546.0
2024-10-07 17:49:00,808.0,-553.0
2024-10-07 17:50:00,806.0,-545.0
2024-10-07 17:51:00,769.0,-506.0
2024-10-07 17:52:00,766.0,-508.0
2024-10-07 17:53:00,772.0,-519.0
2024-10-07 17:54:00,728.0,-488.0
2024-10-07 17:55:00,625.0,-399.0
2024-10-07 17:56:00,590.0,-370.0
2024-10-07 17:57:00,550.0,-344.0
2024-10-07 17:58:00,546.0,-353.0
2024-10-07 17:59:00,575.0,-376.0
2024-10-07 18:00:00,571.0,-358.0
2024-10-07 18:01:00,530.0,-331.0
2024-10-07 18:02:00,491.0,-317.0
2024-10-07 18:03:00,467.0,-309.0
2024-10-07 18:04:00,519.0,-359.0
2024-10-07 18:05:00,544.0,-376.0
2024-10-07 18:06:00,577.0,-398.0
2024-10-07 18:07:00,586.0,-394.0
2024-10-07 18:08:00,568.0,-382.0
2024-10-07 18:09:00,527.0,-371.0
2024-10-07 18:10:00,479.0,-323.0
2024-10-07 18:11:00,498.0,-341.0
2024-10-07 18:12:00,523.0,-364.0
2024-10-07 18:13:00,554.0,-372.0
2024-10-07 18:14:00,562.0,-353.0
2024-10-07 18:15:00,512.0,-294.0
2024-10-07 18:16:00,512.0,-309.0
2024-10-07 18:17:00,550.0,-346.0
2024-10-07 18:18:00,561.0,-368.0
2024-10-07 18:19:00,562.0,-373.0
2024-10-07 18:20:00,645.0,-464.0
2024-10-07 18:21:00,825.0,-638.0
2024-10-07 18:22:00,990.0,-800.0
2024-10-07 18:23:00,1039.0,-872.0
2024-10-07 18:24:00,995.0,-828.0
2024-10-07 18:25:00,1017.0,-843.0
2024-10-07 18:26:00,1048.0,-873.0
2024-10-07 18:27:00,1058.0,-880.0
2024-10-07 18:28:00,1066.0,-896.0
2024-10-07 18:29:00,1125.0,-961.0
2024-10-07 18:30:00,1147.0,-990.0
2024-10-07 18:31:00,1176.0,-1009.0
2024-10-07 18:32:00,1368.0,-1182.0
2024-10-07 18:33:00,1516.0,-1340.0
2024-10-07 18:34:00,1238.0,-1067.0
2024-10-07 18:35:00,1286.0,-1147.0
2024-10-07 18:36:00,1272.0,-1153.0
2024-10-07 18:37:00,1195.0,-1097.0
2024-10-07 18:38:00,1296.0,-1190.0
2024-10-07 18:39:00,1341.0,-1234.0
2024-10-07 18:40:00,1188.0,-1078.0
2024-10-07 18:41:00,1134.0,-1013.0
2024-10-07 18:42:00,1176.0,-1043.0
2024-10-07 18:43:00,1231.0,-1114.0
2024-10-07 18:44:00,1070.0,-979.0
2024-10-07 18:45:00,932.0,-876.0
2024-10-07 18:46:00,923.0,-886.0
2024-10-07 18:47:00,935.0,-898.0
2024-10-07 18:48:00,894.0,-858.0
2024-10-07 18:49:00,854.0,-832.0
2024-10-07 18:50:00,850.0,-825.0
2024-10-07 18:51:00,865.0,-817.0
2024-10-07 18:52:00,886.0,-818.0
2024-10-07 18:53:00,909.0,-843.0
2024-10-07 18:54:00,917.0,-859.0
2024-10-07 18:55:00,969.0,-908.0
2024-10-07 18:56:00,1012.0,-938.0
2024-10-07 18:57:00,962.0,-870.0
2024-10-07 18:58:00,868.0,-770.0
2024-10-07 18:59:00,819.0,-733.0
2024-10-07 19:00:00,809.0,-706.0
2024-10-07 19:01:00,899.0,-772.0
2024-10-07 19:02:00,932.0,-801.0
2024-10-07 19:03:00,1024.0,-895.0
2024-10-07 19:04:00,1082.0,-955.0
2024-10-07 19:05:00,1136.0,-1015.0
2024-10-07 19:06:00,1135.0,-1002.0
2024-10-07 19:07:00,1157.0,-1001.0
2024-10-07 19:08:00,1147.0,-980.0
2024-10-07 19:09:00,1193.0,-1011.0
2024-10-07 19:10:00,1140.0,-951.0
2024-10-07 19:11:00,1177.0,-956.0
2024-10-07 19:12:00,1247.0,-990.0
2024-10-07 19:13:00,1313.0,-1019.0
2024-10-07 19:14:00,1285.0,-981.0
2024-10-07 19:15:00,1249.0,-952.0
2024-10-07 19:16:00,1205.0,-918.0
2024-10-07 19:17:00,1146.0,-860.0
2024-10-07 19:18:00,1107.0,-816.0
2024-10-07 19:19:00,1067.0,-757.0
2024-10-07 19:20:00,1003.0,-698.0
2024-10-07 19:21:00,1034.0,-723.0
2024-10-07 19:22:00,1075.0,-777.0
2024-10-07 19:23:00,1111.0,-819.0
2024-10-07 19:24:00,1113.0,-827.0
2024-10-07 19:25:00,1068.0,-794.0
2024-10-07 19:26:00,1019.0,-754.0
2024-10-07 19:27:00,939.0,-674.0
2024-10-07 19:28:00,952.0,-686.0
2024-10-07 19:29:00,899.0,-644.0
2024-10-07 19:30:00,896.0,-656.0
2024-10-07 19:31:00,906.0,-683.0
2024-10-07 19:32:00,900.0,-686.0
2024-10-07 19:33:00,875.0,-672.0
2024-10-07 19:34:00,894.0,-694.0
2024-10-07 19:35:00,894.0,-693.0
2024-10-07 19:36:00,958.0,-759.0
2024-10-07 19:37:00,996.0,-795.0
2024-10-07 19:38:00,951.0,-753.0
2024-10-07 19:39:00,973.0,-788.0
2024-10-07 19:40:00,1066.0,-891.0
2024-10-07 19:41:00,1052.0,-870.0
2024-10-07 19:42:00,1024.0,-834.0
2024-10-07 19:43:00,1131.0,-947.0
2024-10-07 19:44:00,1120.0,-947.0
2024-10-07 19:45:00,1218.0,-1052.0
2024-10-07 19:46:00,1302.0,-1120.0
2024-10-07 19:47:00,1363.0,-1170.0
2024-10-07 19:48:00,1344.0,-1134.0
2024-10-07 19:49:00,1273.0,-1065.0
2024-10-07 19:50:00,1182.0,-981.0
2024-10-07 19:51:00,1078.0,-897.0
2024-10-07 19:52:00,1047.0,-871.0
2024-10-07 19:53:00,1044.0,-882.0
2024-10-07 19:54:00,1025.0,-873.0
2024-10-07 19:55:00,1004.0,-864.0
2024-10-07 19:56:00,918.0,-784.0
2024-10-07 19:57:00,821.0,-696.0
2024-10-07 19:58:00,783.0,-665.0
2024-10-07 19:59:00,791.0,-670.0
2024-10-07 20:00:00,803.0,-683.0
2024-10-07 20:01:00,795.0,-678.0
2024-10-07 20:02:00,759.0,-649.0
2024-10-07 20:03:00,783.0,-669.0
2024-10-07 20:04:00,950.0,-828.0
2024-10-07 20:05:00,1046.0,-921.0
2024-10-07 20:06:00,903.0,-782.0
2024-10-07 20:07:00,764.0,-640.0
2024-10-07 20:08:00,720.0,-578.0
2024-10-07 20:09:00,699.0,-544.0
2024-10-07 20:10:00,652.0,-489.0
2024-10-07 20:11:00,654.0,-491.0
2024-10-07 20:12:00,651.0,-502.0
2024-10-07 20:13:00,640.0,-499.0
2024-10-07 20:14:00,642.0,-513.0
2024-10-07 20:15:00,624.0,-505.0
2024-10-07 20:16:00,624.0,-510.0
2024-10-07 20:17:00,630.0,-511.0
2024-10-07 20:18:00,633.0,-497.0
2024-10-07 20:19:00,608.0,-482.0
2024-10-07 20:20:00,602.0,-490.0
2024-10-07 20:21:00,639.0,-516.0
2024-10-07 20:22:00,683.0,-559.0
2024-10-07 20:23:00,688.0,-569.0
2024-10-07 20:24:00,660.0,-547.0
2024-10-07 20:25:00,633.0,-531.0
2024-10-07 20:26:00,610.0,-526.0
2024-10-07 20:27:00,622.0,-548.0
2024-10-07 20:28:00,647.0,-582.0
2024-10-07 20:29:00,660.0,-589.0
2024-10-07 20:30:00,639.0,-559.0
2024-10-07 20:31:00,559.0,-485.0
2024-10-07 20:32:00,501.0,-429.0
2024-10-07 20:33:00,461.0,-392.0
2024-10-07 20:34:00,442.0,-363.0
2024-10-07 20:35:00,394.0,-319.0
2024-10-07 20:36:00,354.0,-280.0
2024-10-07 20:37:00,354.0,-275.0
2024-10-07 20:38:00,342.0,-261.0
2024-10-07 20:39:00,340.0,-252.0
2024-10-07 20:40:00,342.0,-243.0
2024-10-07 20:41:00,345.0,-243.0
2024-10-07 20:42:00,317.0,-228.0
2024-10-07 20:43:00,287.0,-188.0
2024-10-07 20:44:00,287.0,-179.0
2024-10-07 20:45:00,303.0,-191.0
2024-10-07 20:46:00,310.0,-192.0
2024-10-07 20:47:00,305.0,-186.0
2024-10-07 20:48:00,311.0,-190.0
2024-10-07 20:49:00,323.0,-199.0
2024-10-07 20:50:00,303.0,-174.0
2024-10-07 20:51:00,268.0,-142.0
2024-10-07 20:52:00,272.0,-142.0
2024-10-07 20:53:00,271.0,-149.0
2024-10-07 20:54:00,318.0,-195.0
2024-10-07 20:55:00,341.0,-223.0
2024-10-07 20:56:00,356.0,-234.0
2024-10-07 20:57:00,401.0,-284.0
2024-10-07 20:58:00,428.0,-310.0
2024-10-07 20:59:00,403.0,-278.0
2024-10-07 21:00:00,403.0,-279.0
2024-10-07 21:01:00,398.0,-277.0
2024-10-07 21:02:00,446.0,-331.0
2024-10-07 21:03:00,500.0,-386.0
2024-10-07 21:04:00,481.0,-364.0
2024-10-07 21:05:00,484.0,-344.0
2024-10-07 21:06:00,503.0,-336.0
2024-10-07 21:07:00,497.0,-324.0
2024-10-07 21:08:00,587.0,-400.0
2024-10-07 21:09:00,714.0,-518.0
2024-10-07 21:10:00,756.0,-546.0
2024-10-07 21:11:00,810.0,-598.0
2024-10-07 21:12:00,910.0,-690.0
2024-10-07 21:13:00,1044.0,-831.0
2024-10-07 21:14:00,1128.0,-924.0
2024-10-07 21:15:00,1163.0,-957.0
2024-10-07 21:16:00,1184.0,-982.0
2024-10-07 21:17:00,1176.0,-988.0
2024-10-07 21:18:00,1162.0,-974.0
2024-10-07 21:19:00,1124.0,-936.0
2024-10-07 21:20:00,1049.0,-881.0
2024-10-07 21:21:00,1131.0,-972.0
2024-10-07 21:22:00,1200.0,-1045.0
2024-10-07 21:23:00,1221.0,-1083.0
2024-10-07 21:24:00,1147.0,-1044.0
2024-10-07 21:25:00,1189.0,-1081.0
2024-10-07 21:26:00,1144.0,-1036.0
2024-10-07 21:27:00,1009.0,-894.0
2024-10-07 21:28:00,901.0,-787.0
2024-10-07 21:29:00,834.0,-724.0
2024-10-07 21:30:00,832.0,-728.0
2024-10-07 21:31:00,833.0,-726.0
2024-10-07 21:32:00,834.0,-706.0
2024-10-07 21:33:00,804.0,-658.0
2024-10-07 21:34:00,778.0,-637.0
2024-10-07 21:35:00,780.0,-631.0
2024-10-07 21:36:00,784.0,-618.0
2024-10-07 21:37:00,734.0,-551.0
2024-10-07 21:38:00,682.0,-502.0
2024-10-07 21:39:00,675.0,-464.0
2024-10-07 21:40:00,638.0,-442.0
2024-10-07 21:41:00,600.0,-432.0
2024-10-07 21:42:00,604.0,-424.0
2024-10-07 21:43:00,611.0,-403.0
2024-10-07 21:44:00,571.0,-369.0
2024-10-07 21:45:00,526.0,-315.0
2024-10-07 21:46:00,505.0,-297.0
2024-10-07 21:47:00,511.0,-291.0
2024-10-07 21:48:00,530.0,-293.0
2024-10-07 21:49:00,515.0,-281.0
2024-10-07 21:50:00,509.0,-286.0
2024-10-07 21:51:00,511.0,-304.0
2024-10-07 21:52:00,511.0,-305.0
2024-10-07 21:53:00,508.0,-303.0
2024-10-07 21:54:00,498.0,-298.0
2024-10-07 21:55:00,614.0,-412.0
2024-10-07 21:56:00,734.0,-539.0
2024-10-07 21:57:00,730.0,-542.0
2024-10-07 21:58:00,607.0,-422.0
2024-10-07 21:59:00,486.0,-314.0
2024-10-07 22:00:00,447.0,-271.0
2024-10-07 22:01:00,442.0,-270.0
2024-10-07 22:02:00,459.0,-274.0
2024-10-07 22:03:00,489.0,-289.0
2024-10-07 22:04:00,533.0,-302.0
2024-10-07 22:05:00,562.0,-317.0
2024-10-07 22:06:00,549.0,-316.0
2024-10-07 22:07:00,534.0,-303.0
2024-10-07 22:08:00,514.0,-287.0
2024-10-07 22:09:00,507.0,-291.0
2024-10-07 22:10:00,507.0,-297.0
2024-10-07 22:11:00,495.0,-280.0
2024-10-07 22:12:00,503.0,-289.0
2024-10-07 22:13:00,543.0,-338.0
2024-10-07 22:14:00,598.0,-387.0
2024-10-07 22:15:00,633.0,-423.0
2024-10-07 22:16:00,641.0,-415.0
2024-10-07 22:17:00,645.0,-405.0
2024-10-07 22:18:00,640.0,-404.0
2024-10-07 22:19:00,560.0,-346.0
2024-10-07 22:20:00,521.0,-322.0
2024-10-07 22:21:00,442.0,-271.0
2024-10-07 22:22:00,368.0,-226.0
2024-10-07 22:23:00,355.0,-218.0
2024-10-07 22:24:00,354.0,-211.0
2024-10-07 22:25:00,349.0,-206.0
2024-10-07 22:26:00,332.0,-181.0
2024-10-07 22:27:00,389.0,-223.0
2024-10-07 22:28:00,471.0,-277.0
2024-10-07 22:29:00,453.0,-245.0
2024-10-07 22:30:00,395.0,-206.0
2024-10-07 22:31:00,358.0,-203.0
2024-10-07 22:32:00,365.0,-239.0
2024-10-07 22:33:00,400.0,-254.0
2024-10-07 22:34:00,450.0,-269.0
2024-10-07 22:35:00,448.0,-258.0
2024-10-07 22:36:00,445.0,-258.0
2024-10-07 22:37:00,413.0,-229.0
2024-10-07 22:38:00,413.0,-231.0
2024-10-07 22:39:00,396.0,-224.0
2024-10-07 22:40:00,397.0,-230.0
2024-10-07 22:41:00,384.0,-225.0
2024-10-07 22:42:00,392.0,-225.0
2024-10-07 22:43:00,375.0,-203.0
2024-10-07 22:44:00,351.0,-174.0
2024-10-07 22:45:00,331.0,-155.0
2024-10-07 22:46:00,323.0,-152.0
2024-10-07 22:47:00,300.0,-120.0
2024-10-07 22:48:00,277.0,-97.0
2024-10-07 22:49:00,263.0,-102.0
2024-10-07 22:50:00,286.0,-126.0
2024-10-07 22:51:00,293.0,-128.0
2024-10-07 22:52:00,267.0,-108.0
2024-10-07 22:53:00,242.0,-96.0
2024-10-07 22:54:00,243.0,-95.0
2024-10-07 22:55:00,261.0,-105.0
2024-10-07 22:56:00,275.0,-119.0
2024-10-07 22:57:00,280.0,-132.0
2024-10-07 22:58:00,266.0,-127.0
2024-10-07 22:59:00,318.0,-174.0
2024-10-07 23:00:00,336.0,-200.0
2024-10-07 23:01:00,339.0,-201.0
2024-10-07 23:02:00,338.0,-192.0
2024-10-07 23:03:00,387.0,-245.0
2024-10-07 23:04:00,381.0,-238.0
2024-10-07 23:05:00,399.0,-247.0
2024-10-07 23:06:00,381.0,-232.0
2024-10-07 23:07:00,403.0,-255.0
2024-10-07 23:08:00,416.0,-253.0
2024-10-07 23:09:00,406.0,-229.0
2024-10-07 23:10:00,418.0,-234.0
2024-10-07 23:11:00,422.0,-247.0
2024-10-07 23:12:00,464.0,-286.0
2024-10-07 23:13:00,475.0,-285.0
2024-10-07 23:14:00,467.0,-277.0
2024-10-07 23:15:00,449.0,-255.0
2024-10-07 23:16:00,408.0,-216.0
2024-10-07 23:17:00,415.0,-184.0
2024-10-07 23:18:00,376.0,-169.0
2024-10-07 23:19:00,357.0,-161.0
2024-10-07 23:20:00,367.0,-158.0
2024-10-07 23:21:00,418.0,-185.0
2024-10-07 23:22:00,494.0,-208.0
2024-10-07 23:23:00,517.0,-203.0
2024-10-07 23:24:00,512.0,-182.0
2024-10-07 23:25:00,471.0,-170.0
2024-10-07 23:26:00,452.0,-174.0
2024-10-07 23:27:00,461.0,-176.0
2024-10-07 23:28:00,442.0,-170.0
2024-10-07 23:29:00,403.0,-159.0
2024-10-07 23:30:00,358.0,-149.0
2024-10-07 23:31:00,325.0,-144.0
2024-10-07 23:32:00,318.0,-151.0
2024-10-07 23:33:00,332.0,-159.0
2024-10-07 23:34:00,345.0,-169.0
2024-10-07 23:35:00,364.0,-177.0
2024-10-07 23:36:00,392.0,-177.0
2024-10-07 23:37:00,396.0,-169.0
2024-10-07 23:38:00,376.0,-169.0
2024-10-07 23:39:00,350.0,-164.0
2024-10-07 23:40:00,321.0,-144.0
2024-10-07 23:41:00,315.0,-133.0
2024-10-07 23:42:00,316.0,-134.0
2024-10-07 23:43:00,308.0,-132.0
2024-10-07 23:44:00,329.0,-141.0
2024-10-07 23:45:00,310.0,-127.0
2024-10-07 23:46:00,291.0,-111.0
2024-10-07 23:47:00,300.0,-111.0
2024-10-07 23:48:00,330.0,-122.0
2024-10-07 23:49:00,337.0,-126.0
2024-10-07 23:50:00,332.0,-113.0
2024-10-07 23:51:00,350.0,-112.0
2024-10-07 23:52:00,354.0,-117.0
2024-10-07 23:53:00,372.0,-125.0
2024-10-07 23:54:00,367.0,-118.0
2024-10-07 23:55:00,388.0,-135.0
2024-10-07 23:56:00,388.0,-132.0
2024-10-07 23:57:00,399.0,-130.0
2024-10-07 23:58:00,391.0,-122.0
2024-10-07 23:59:00,411.0,-139.0
2024-10-08 00:00:00,373.0,-117.0
2024-10-08 00:01:00,336.0,-98.0
2024-10-08 00:02:00,343.0,-102.0
2024-10-08 00:03:00,335.0,-98.0
2024-10-08 00:04:00,321.0,-87.0
2024-10-08 00:05:00,333.0,-90.0
2024-10-08 00:06:00,352.0,-90.0
2024-10-08 00:07:00,368.0,-91.0
2024-10-08 00:08:00,369.0,-84.0
2024-10-08 00:09:00,369.0,-90.0
2024-10-08 00:10:00,371.0,-109.0
2024-10-08 00:11:00,399.0,-165.0
2024-10-08 00:12:00,463.0,-240.0
2024-10-08 00:13:00,559.0,-335.0
2024-10-08 00:14:00,716.0,-472.0
2024-10-08 00:15:00,793.0,-540.0
2024-10-08 00:16:00,814.0,-574.0
2024-10-08 00:17:00,827.0,-612.0
2024-10-08 00:18:00,880.0,-656.0
2024-10-08 00:19:00,885.0,-652.0
2024-10-08 00:20:00,883.0,-647.0
2024-10-08 00:21:00,832.0,-618.0
2024-10-08 00:22:00,806.0,-607.0
2024-10-08 00:23:00,824.0,-618.0
2024-10-08 00:24:00,837.0,-594.0
2024-10-08 00:25:00,774.0,-518.0
2024-10-08 00:26:00,765.0,-503.0
2024-10-08 00:27:00,833.0,-575.0
2024-10-08 00:28:00,866.0,-635.0
2024-10-08 00:29:00,884.0,-671.0
2024-10-08 00:30:00,947.0,-733.0
2024-10-08 00:31:00,981.0,-777.0
2024-10-08 00:32:00,967.0,-767.0
2024-10-08 00:33:00,870.0,-671.0
2024-10-08 00:34:00,811.0,-612.0
2024-10-08 00:35:00,762.0,-562.0
2024-10-08 00:36:00,674.0,-471.0
2024-10-08 00:37:00,612.0,-419.0
2024-10-08 00:38:00,585.0,-414.0
2024-10-08 00:39:00,584.0,-413.0
2024-10-08 00:40:00,562.0,-393.0
2024-10-08 00:41:00,589.0,-423.0
2024-10-08 00:42:00,648.0,-488.0
2024-10-08 00:43:00,643.0,-478.0
2024-10-08 00:44:00,676.0,-499.0
2024-10-08 00:45:00,700.0,-499.0
2024-10-08 00:46:00,753.0,-518.0
2024-10-08 00:47:00,838.0,-589.0
2024-10-08 00:48:00,917.0,-671.0
2024-10-08 00:49:00,822.0,-579.0
2024-10-08 00:50:00,799.0,-565.0
2024-10-08 00:51:00,770.0,-545.0
2024-10-08 00:52:00,772.0,-551.0
2024-10-08 00:53:00,860.0,-625.0
2024-10-08 00:54:00,885.0,-642.0
2024-10-08 00:55:00,925.0,-673.0
2024-10-08 00:56:00,947.0,-692.0
2024-10-08 00:57:00,818.0,-569.0
2024-10-08 00:58:00,623.0,-388.0
2024-10-08 00:59:00,616.0,-388.0
2024-10-08 01:00:00,744.0,-512.0
2024-10-08 01:01:00,757.0,-523.0
2024-10-08 01:02:00,727.0,-485.0
2024-10-08 01:03:00,716.0,-449.0
2024-10-08 01:04:00,726.0,-441.0
2024-10-08 01:05:00,759.0,-475.0
2024-10-08 01:06:00,723.0,-435.0
2024-10-08 01:07:00,631.0,-345.0
2024-10-08 01:08:00,610.0,-331.0
2024-10-08 01:09:00,594.0,-331.0
2024-10-08 01:10:00,601.0,-331.0
2024-10-08 01:11:00,653.0,-341.0
2024-10-08 01:12:00,658.0,-328.0
2024-10-08 01:13:00,624.0,-304.0
2024-10-08 01:14:00,589.0,-282.0
2024-10-08 01:15:00,576.0,-282.0
2024-10-08 01:16:00,567.0,-279.0
2024-10-08 01:17:00,563.0,-276.0
2024-10-08 01:18:00,604.0,-315.0
2024-10-08 01:19:00,615.0,-326.0
2024-10-08 01:20:00,607.0,-338.0
2024-10-08 01:21:00,580.0,-322.0
2024-10-08 01:22:00,549.0,-288.0
2024-10-08 01:23:00,527.0,-264.0
2024-10-08 01:24:00,512.0,-235.0
2024-10-08 01:25:00,482.0,-202.0
2024-10-08 01:26:00,485.0,-203.0
2024-10-08 01:27:00,481.0,-211.0
2024-10-08 01:28:00,461.0,-207.0
2024-10-08 01:29:00,437.0,-199.0
2024-10-08 01:30:00,438.0,-201.0
2024-10-08 01:31:00,458.0,-195.0
2024-10-08 01:32:00,483.0,-199.0
2024-10-08 01:33:00,491.0,-200.0
2024-10-08 01:34:00,491.0,-195.0
2024-10-08 01:35:00,472.0,-183.0
2024-10-08 01:36:00,457.0,-181.0
2024-10-08 01:37:00,442.0,-171.0
2024-10-08 01:38:00,436.0,-156.0
2024-10-08 01:39:00,460.0,-172.0
2024-10-08 01:40:00,493.0,-186.0
2024-10-08 01:41:00,495.0,-174.0
2024-10-08 01:42:00,519.0,-184.0
2024-10-08 01:43:00,513.0,-199.0
2024-10-08 01:44:00,516.0,-225.0
2024-10-08 01:45:00,518.0,-228.0
2024-10-08 01:46:00,518.0,-214.0
2024-10-08 01:47:00,515.0,-210.0
2024-10-08 01:48:00,480.0,-182.0
2024-10-08 01:49:00,453.0,-149.0
2024-10-08 01:50:00,495.0,-189.0
2024-10-08 01:51:00,545.0,-230.0
2024-10-08 01:52:00,560.0,-232.0
2024-10-08 01:53:00,583.0,-246.0
2024-10-08 01:54:00,612.0,-276.0
2024-10-08 01:55:00,610.0,-300.0
2024-10-08 01:56:00,629.0,-349.0
2024-10-08 01:57:00,666.0,-399.0
2024-10-08 01:58:00,706.0,-448.0
2024-10-08 01:59:00,704.0,-465.0
2024-10-08 02:00:00,709.0,-472.0
2024-10-08 02:01:00,698.0,-466.0
2024-10-08 02:02:00,654.0,-424.0
2024-10-08 02:03:00,609.0,-386.0
2024-10-08 02:04:00,596.0,-382.0
2024-10-08 02:05:00,553.0,-354.0
2024-10-08 02:06:00,554.0,-375.0
2024-10-08 02:07:00,523.0,-374.0
2024-10-08 02:08:00,491.0,-360.0
2024-10-08 02:09:00,464.0,-338.0
2024-10-08 02:10:00,427.0,-302.0
2024-10-08 02:11:00,379.0,-261.0
2024-10-08 02:12:00,273.0,-178.0
2024-10-08 02:13:00,267.0,-173.0
2024-10-08 02:14:00,268.0,-171.0
2024-10-08 02:15:00,275.0,-180.0
2024-10-08 02:16:00,275.0,-193.0
2024-10-08 02:17:00,289.0,-216.0
2024-10-08 02:18:00,302.0,-231.0
2024-10-08 02:19:00,307.0,-239.0
2024-10-08 02:20:00,333.0,-269.0
2024-10-08 02:21:00,355.0,-285.0
2024-10-08 02:22:00,348.0,-290.0
2024-10-08 02:23:00,337.0,-298.0
2024-10-08 02:24:00,413.0,-388.0
2024-10-08 02:25:00,507.0,-482.0
2024-10-08 02:26:00,479.0,-456.0
2024-10-08 02:27:00,389.0,-377.0
2024-10-08 02:28:00,420.0,-378.0
2024-10-08 02:29:00,491.0,-431.0
2024-10-08 02:30:00,544.0,-471.0
2024-10-08 02:31:00,617.0,-538.0
2024-10-08 02:32:00,622.0,-522.0
2024-10-08 02:33:00,644.0,-550.0
2024-10-08 02:34:00,634.0,-588.0
2024-10-08 02:35:00,615.0,-601.0
2024-10-08 02:36:00,573.0,-577.0
2024-10-08 02:37:00,549.0,-558.0
2024-10-08 02:38:00,562.0,-585.0
2024-10-08 02:39:00,562.0,-585.0
2024-10-08 02:40:00,553.0,-575.0
2024-10-08 02:41:00,554.0,-568.0
2024-10-08 02:42:00,588.0,-579.0
2024-10-08 02:43:00,604.0,-595.0
2024-10-08 02:44:00,631.0,-633.0
2024-10-08 02:45:00,733.0,-673.0
2024-10-08 02:46:00,847.0,-750.0
2024-10-08 02:47:00,901.0,-810.0
2024-10-08 02:48:00,937.0,-839.0
2024-10-08 02:49:00,945.0,-873.0
2024-10-08 02:50:00,961.0,-882.0
2024-10-08 02:51:00,931.0,-852.0
2024-10-08 02:52:00,933.0,-849.0
2024-10-08 02:53:00,980.0,-889.0
2024-10-08 02:54:00,940.0,-881.0
2024-10-08 02:55:00,947.0,-890.0
2024-10-08 02:56:00,995.0,-917.0
2024-10-08 02:57:00,988.0,-900.0
2024-10-08 02:58:00,987.0,-882.0
2024-10-08 02:59:00,993.0,-868.0
2024-10-08 03:00:00,945.0,-818.0
2024-10-08 03:01:00,903.0,-783.0
2024-10-08 03:02:00,928.0,-806.0
2024-10-08 03:03:00,957.0,-840.0
2024-10-08 03:04:00,965.0,-844.0
2024-10-08 03:05:00,1013.0,-898.0
2024-10-08 03:06:00,1041.0,-934.0
2024-10-08 03:07:00,1061.0,-966.0
2024-10-08 03:08:00,1061.0,-964.0
2024-10-08 03:09:00,1023.0,-937.0
2024-10-08 03:10:00,1009.0,-937.0
2024-10-08 03:11:00,1001.0,-939.0
2024-10-08 03:12:00,1007.0,-939.0
2024-10-08 03:13:00,1004.0,-939.0
2024-10-08 03:14:00,923.0,-858.0
2024-10-08 03:15:00,872.0,-818.0
2024-10-08 03:16:00,853.0,-807.0
2024-10-08 03:17:00,835.0,-793.0
2024-10-08 03:18:00,824.0,-792.0
2024-10-08 03:19:00,770.0,-740.0
2024-10-08 03:20:00,757.0,-716.0
2024-10-08 03:21:00,710.0,-674.0
2024-10-08 03:22:00,689.0,-672.0
2024-10-08 03:23:00,709.0,-711.0
2024-10-08 03:24:00,755.0,-771.0
2024-10-08 03:25:00,737.0,-760.0
2024-10-08 03:26:00,666.0,-696.0
2024-10-08 03:27:00,661.0,-691.0
2024-10-08 03:28:00,636.0,-646.0
2024-10-08 03:29:00,647.0,-644.0
2024-10-08 03:30:00,667.0,-675.0
2024-10-08 03:31:00,670.0,-698.0
2024-10-08 03:32:00,696.0,-705.0
2024-10-08 03:33:00,695.0,-672.0
2024-10-08 03:34:00,679.0,-640.0
2024-10-08 03:35:00,618.0,-581.0
2024-10-08 03:36:00,611.0,-593.0
2024-10-08 03:37:00,665.0,-676.0
2024-10-08 03:38:00,693.0,-714.0
2024-10-08 03:39:00,717.0,-729.0
2024-10-08 03:40:00,626.0,-632.0
2024-10-08 03:41:00,552.0,-573.0
2024-10-08 03:42:00,602.0,-629.0
2024-10-08 03:43:00,639.0,-662.0
2024-10-08 03:44:00,605.0,-626.0
2024-10-08 03:45:00,676.0,-692.0
2024-10-08 03:46:00,1001.0,-1030.0
2024-10-08 03:47:00,945.0,-976.0
2024-10-08 03:48:00,633.0,-666.0
2024-10-08 03:49:00,655.0,-688.0
2024-10-08 03:50:00,705.0,-739.0
2024-10-08 03:51:00,718.0,-748.0
2024-10-08 03:52:00,640.0,-671.0
2024-10-08 03:53:00,581.0,-618.0
2024-10-08 03:54:00,583.0,-625.0
2024-10-08 03:55:00,570.0,-616.0
2024-10-08 03:56:00,629.0,-677.0
2024-10-08 03:57:00,656.0,-701.0
2024-10-08 03:58:00,638.0,-678.0
2024-10-08 03:59:00,626.0,-653.0
2024-10-08 04:00:00,655.0,-681.0
2024-10-08 04:01:00,524.0,-548.0
2024-10-08 04:02:00,330.0,-351.0
2024-10-08 04:03:00,336.0,-344.0
2024-10-08 04:04:00,327.0,-326.0
2024-10-08 04:05:00,298.0,-312.0
2024-10-08 04:06:00,318.0,-325.0
2024-10-08 04:07:00,348.0,-359.0
2024-10-08 04:08:00,377.0,-391.0
2024-10-08 04:09:00,439.0,-456.0
2024-10-08 04:10:00,528.0,-549.0
2024-10-08 04:11:00,616.0,-640.0
2024-10-08 04:12:00,687.0,-703.0
2024-10-08 04:13:00,638.0,-653.0
2024-10-08 04:14:00,556.0,-579.0
2024-10-08 04:15:00,438.0,-461.0
2024-10-08 04:16:00,382.0,-403.0
2024-10-08 04:17:00,328.0,-349.0
2024-10-08 04:18:00,311.0,-332.0
2024-10-08 04:19:00,342.0,-351.0
2024-10-08 04:20:00,326.0,-345.0
2024-10-08 04:21:00,364.0,-365.0
2024-10-08 04:22:00,434.0,-434.0
2024-10-08 04:23:00,464.0,-473.0
2024-10-08 04:24:00,584.0,-591.0
2024-10-08 04:25:00,631.0,-645.0
2024-10-08 04:26:00,594.0,-604.0
2024-10-08 04:27:00,470.0,-478.0
2024-10-08 04:28:00,405.0,-417.0
2024-10-08 04:29:00,369.0,-384.0
2024-10-08 04:30:00,333.0,-350.0
2024-10-08 04:31:00,335.0,-335.0
2024-10-08 04:32:00,322.0,-321.0
2024-10-08 04:33:00,293.0,-294.0
2024-10-08 04:34:00,260.0,-266.0
2024-10-08 04:35:00,281.0,-286.0
2024-10-08 04:36:00,326.0,-329.0
2024-10-08 04:37:00,355.0,-354.0
2024-10-08 04:38:00,376.0,-366.0
2024-10-08 04:39:00,373.0,-355.0
2024-10-08 04:40:00,334.0,-328.0
2024-10-08 04:41:00,293.0,-292.0
2024-10-08 04:42:00,286.0,-283.0
2024-10-08 04:43:00,295.0,-289.0
2024-10-08 04:44:00,286.0,-281.0
2024-10-08 04:45:00,312.0,-303.0
2024-10-08 04:46:00,365.0,-354.0
2024-10-08 04:47:00,425.0,-417.0
2024-10-08 04:48:00,416.0,-403.0
2024-10-08 04:49:00,343.0,-332.0
2024-10-08 04:50:00,320.0,-309.0
2024-10-08 04:51:00,354.0,-346.0
2024-10-08 04:52:00,376.0,-371.0
2024-10-08 04:53:00,365.0,-360.0
2024-10-08 04:54:00,370.0,-363.0
2024-10-08 04:55:00,376.0,-373.0
2024-10-08 04:56:00,358.0,-371.0
2024-10-08 04:57:00,322.0,-345.0
2024-10-08 04:58:00,352.0,-353.0
2024-10-08 04:59:00,354.0,-370.0
2024-10-08 05:00:00,360.0,-379.0
2024-10-08 05:01:00,376.0,-391.0
2024-10-08 05:02:00,377.0,-407.0
2024-10-08 05:03:00,361.0,-370.0
2024-10-08 05:04:00,340.0,-355.0
2024-10-08 05:05:00,333.0,-340.0
2024-10-08 05:06:00,279.0,-279.0
2024-10-08 05:07:00,228.0,-235.0
2024-10-08 05:08:00,244.0,-249.0
2024-10-08 05:09:00,279.0,-280.0
2024-10-08 05:10:00,230.0,-232.0
2024-10-08 05:11:00,210.0,-216.0
2024-10-08 05:12:00,226.0,-231.0
2024-10-08 05:13:00,234.0,-235.0
2024-10-08 05:14:00,253.0,-245.0
2024-10-08 05:15:00,292.0,-273.0
2024-10-08 05:16:00,311.0,-294.0
2024-10-08 05:17:00,388.0,-367.0
2024-10-08 05:18:00,537.0,-511.0
2024-10-08 05:19:00,731.0,-685.0
2024-10-08 05:20:00,738.0,-677.0
2024-10-08 05:21:00,416.0,-328.0
2024-10-08 05:22:00,370.0,-316.0
2024-10-08 05:23:00,444.0,-293.0
2024-10-08 05:24:00,569.0,-322.0
2024-10-08 05:25:00,724.0,-412.0
2024-10-08 05:26:00,813.0,-528.0
2024-10-08 05:27:00,751.0,-546.0
2024-10-08 05:28:00,711.0,-514.0
2024-10-08 05:29:00,592.0,-458.0
2024-10-08 05:30:00,629.0,-479.0
2024-10-08 05:31:00,606.0,-462.0
2024-10-08 05:32:00,638.0,-472.0
2024-10-08 05:33:00,583.0,-433.0
2024-10-08 05:34:00,610.0,-427.0
2024-10-08 05:35:00,579.0,-450.0
2024-10-08 05:36:00,526.0,-452.0
2024-10-08 05:37:00,473.0,-452.0
2024-10-08 05:38:00,633.0,-593.0
2024-10-08 05:39:00,490.0,-407.0
2024-10-08 05:40:00,459.0,-345.0
2024-10-08 05:41:00,522.0,-364.0
2024-10-08 05:42:00,490.0,-327.0
2024-10-08 05:43:00,499.0,-289.0
2024-10-08 05:44:00,493.0,-246.0
2024-10-08 05:45:00,478.0,-227.0
2024-10-08 05:46:00,479.0,-244.0
2024-10-08 05:47:00,528.0,-251.0
2024-10-08 05:48:00,590.0,-278.0
2024-10-08 05:49:00,610.0,-297.0
2024-10-08 05:50:00,612.0,-305.0
2024-10-08 05:51:00,649.0,-346.0
2024-10-08 05:52:00,715.0,-407.0
2024-10-08 05:53:00,797.0,-479.0
2024-10-08 05:54:00,862.0,-516.0
2024-10-08 05:55:00,894.0,-540.0
2024-10-08 05:56:00,882.0,-532.0
2024-10-08 05:57:00,839.0,-509.0
2024-10-08 05:58:00,807.0,-488.0
2024-10-08 05:59:00,774.0,-470.0
2024-10-08 06:00:00,801.0,-489.0
2024-10-08 06:01:00,799.0,-503.0
2024-10-08 06:02:00,800.0,-505.0
2024-10-08 06:03:00,767.0,-471.0
2024-10-08 06:04:00,743.0,-431.0
2024-10-08 06:05:00,738.0,-410.0
2024-10-08 06:06:00,732.0,-410.0
2024-10-08 06:07:00,734.0,-418.0
2024-10-08 06:08:00,741.0,-428.0
2024-10-08 06:09:00,732.0,-438.0
2024-10-08 06:10:00,711.0,-437.0
2024-10-08 06:11:00,697.0,-437.0
2024-10-08 06:12:00,685.0,-430.0
2024-10-08 06:13:00,683.0,-435.0
2024-10-08 06:14:00,701.0,-436.0
2024-10-08 06:15:00,711.0,-429.0
2024-10-08 06:16:00,678.0,-415.0
2024-10-08 06:17:00,657.0,-401.0
2024-10-08 06:18:00,632.0,-396.0
2024-10-08 06:19:00,613.0,-389.0
2024-10-08 06:20:00,598.0,-381.0
2024-10-08 06:21:00,592.0,-374.0
2024-10-08 06:22:00,600.0,-374.0
2024-10-08 06:23:00,609.0,-374.0
2024-10-08 06:24:00,614.0,-376.0
2024-10-08 06:25:00,620.0,-362.0
2024-10-08 06:26:00,608.0,-348.0
2024-10-08 06:27:00,627.0,-355.0
2024-10-08 06:28:00,632.0,-358.0
2024-10-08 06:29:00,654.0,-359.0
2024-10-08 06:30:00,669.0,-371.0
2024-10-08 06:31:00,687.0,-389.0
2024-10-08 06:32:00,694.0,-402.0
2024-10-08 06:33:00,724.0,-438.0
2024-10-08 06:34:00,734.0,-466.0
2024-10-08 06:35:00,743.0,-481.0
2024-10-08 06:36:00,752.0,-490.0
2024-10-08 06:37:00,748.0,-476.0
2024-10-08 06:38:00,709.0,-453.0
2024-10-08 06:39:00,697.0,-436.0
2024-10-08 06:40:00,702.0,-429.0
2024-10-08 06:41:00,715.0,-439.0
2024-10-08 06:42:00,735.0,-453.0
2024-10-08 06:43:00,757.0,-465.0
2024-10-08 06:44:00,754.0,-457.0
2024-10-08 06:45:00,738.0,-455.0
2024-10-08 06:46:00,731.0,-460.0
2024-10-08 06:47:00,746.0,-477.0
2024-10-08 06:48:00,766.0,-490.0
2024-10-08 06:49:00,769.0,-503.0
2024-10-08 06:50:00,745.0,-492.0
2024-10-08 06:51:00,741.0,-503.0
2024-10-08 06:52:00,735.0,-503.0
2024-10-08 06:53:00,735.0,-510.0
2024-10-08 06:54:00,726.0,-508.0
2024-10-08 06:55:00,702.0,-490.0
2024-10-08 06:56:00,701.0,-493.0
2024-10-08 06:57:00,667.0,-459.0
2024-10-08 06:58:00,619.0,-412.0
2024-10-08 06:59:00,669.0,-458.0
2024-10-08 07:00:00,759.0,-548.0
2024-10-08 07:01:00,807.0,-591.0
2024-10-08 07:02:00,853.0,-637.0
2024-10-08 07:03:00,855.0,-640.0
2024-10-08 07:04:00,817.0,-602.0
2024-10-08 07:05:00,817.0,-604.0
2024-10-08 07:06:00,821.0,-612.0
2024-10-08 07:07:00,803.0,-597.0
2024-10-08 07:08:00,767.0,-567.0
2024-10-08 07:09:00,736.0,-531.0
2024-10-08 07:10:00,697.0,-492.0
2024-10-08 07:11:00,701.0,-498.0
2024-10-08 07:12:00,703.0,-499.0
2024-10-08 07:13:00,722.0,-523.0
2024-10-08 07:14:00,760.0,-564.0
2024-10-08 07:15:00,771.0,-588.0
2024-10-08 07:16:00,756.0,-582.0
2024-10-08 07:17:00,758.0,-584.0
2024-10-08 07:18:00,721.0,-543.0
2024-10-08 07:19:00,701.0,-529.0
2024-10-08 07:20:00,718.0,-551.0
2024-10-08 07:21:00,703.0,-540.0
2024-10-08 07:22:00,719.0,-556.0
2024-10-08 07:23:00,737.0,-578.0
2024-10-08 07:24:00,729.0,-574.0
2024-10-08 07:25:00,720.0,-566.0
2024-10-08 07:26:00,693.0,-549.0
2024-10-08 07:27:00,691.0,-550.0
2024-10-08 07:28:00,679.0,-539.0
2024-10-08 07:29:00,678.0,-541.0
2024-10-08 07:30:00,697.0,-561.0
2024-10-08 07:31:00,720.0,-584.0
2024-10-08 07:32:00,729.0,-585.0
2024-10-08 07:33:00,723.0,-571.0
2024-10-08 07:34:00,762.0,-593.0
2024-10-08 07:35:00,797.0,-636.0
2024-10-08 07:36:00,819.0,-654.0
2024-10-08 07:37:00,810.0,-642.0
2024-10-08 07:38:00,823.0,-674.0
2024-10-08 07:39:00,805.0,-659.0
2024-10-08 07:40:00,754.0,-602.0
2024-10-08 07:41:00,636.0,-475.0
2024-10-08 07:42:00,537.0,-381.0
2024-10-08 07:43:00,531.0,-379.0
2024-10-08 07:44:00,528.0,-375.0
2024-10-08 07:45:00,530.0,-380.0
2024-10-08 07:46:00,560.0,-405.0
2024-10-08 07:47:00,598.0,-443.0
2024-10-08 07:48:00,647.0,-492.0
2024-10-08 07:49:00,676.0,-519.0
2024-10-08 07:50:00,690.0,-541.0
2024-10-08 07:51:00,710.0,-551.0
2024-10-08 07:52:00,674.0,-521.0
2024-10-08 07:53:00,641.0,-490.0
2024-10-08 07:54:00,637.0,-484.0
2024-10-08 07:55:00,621.0,-477.0
2024-10-08 07:56:00,637.0,-482.0
2024-10-08 07:57:00,591.0,-437.0
2024-10-08 07:58:00,568.0,-417.0
2024-10-08 07:59:00,563.0,-410.0
2024-10-08 08:00:00,553.0,-396.0
2024-10-08 08:01:00,546.0,-391.0
2024-10-08 08:02:00,530.0,-373.0
2024-10-08 08:03:00,537.0,-376.0
2024-10-08 08:04:00,553.0,-392.0
2024-10-08 08:05:00,515.0,-360.0
2024-10-08 08:06:00,472.0,-313.0
2024-10-08 08:07:00,453.0,-286.0
2024-10-08 08:08:00,455.0,-288.0
2024-10-08 08:09:00,465.0,-302.0
2024-10-08 08:10:00,479.0,-312.0
2024-10-08 08:11:00,501.0,-330.0
2024-10-08 08:12:00,492.0,-332.0
2024-10-08 08:13:00,476.0,-327.0
2024-10-08 08:14:00,461.0,-322.0
2024-10-08 08:15:00,465.0,-328.0
2024-10-08 08:16:00,511.0,-368.0
2024-10-08 08:17:00,517.0,-367.0
2024-10-08 08:18:00,470.0,-305.0
2024-10-08 08:19:00,467.0,-303.0
2024-10-08 08:20:00,475.0,-312.0
2024-10-08 08:21:00,503.0,-345.0
2024-10-08 08:22:00,538.0,-383.0
2024-10-08 08:23:00,542.0,-392.0
2024-10-08 08:24:00,549.0,-398.0
2024-10-08 08:25:00,560.0,-407.0
2024-10-08 08:26:00,570.0,-422.0
2024-10-08 08:27:00,587.0,-444.0
2024-10-08 08:28:00,601.0,-466.0
2024-10-08 08:29:00,692.0,-549.0
2024-10-08 08:30:00,679.0,-528.0
2024-10-08 08:31:00,775.0,-632.0
2024-10-08 08:32:00,982.0,-832.0
2024-10-08 08:33:00,1125.0,-962.0
2024-10-08 08:34:00,1196.0,-1036.0
2024-10-08 08:35:00,1162.0,-1010.0
2024-10-08 08:36:00,1113.0,-970.0
2024-10-08 08:37:00,991.0,-854.0
2024-10-08 08:38:00,752.0,-630.0
2024-10-08 08:39:00,517.0,-396.0
2024-10-08 08:40:00,661.0,-538.0
2024-10-08 08:41:00,623.0,-506.0
2024-10-08 08:42:00,662.0,-555.0
2024-10-08 08:43:00,762.0,-652.0
2024-10-08 08:44:00,984.0,-868.0
2024-10-08 08:45:00,1219.0,-1096.0
2024-10-08 08:46:00,1463.0,-1342.0
2024-10-08 08:47:00,1371.0,-1257.0
2024-10-08 08:48:00,1213.0,-1089.0
2024-10-08 08:49:00,1267.0,-1131.0
2024-10-08 08:50:00,1320.0,-1169.0
2024-10-08 08:51:00,1319.0,-1159.0
2024-10-08 08:52:00,1214.0,-1041.0
2024-10-08 08:53:00,1130.0,-949.0
2024-10-08 08:54:00,942.0,-751.0
2024-10-08 08:55:00,803.0,-612.0
2024-10-08 08:56:00,756.0,-562.0
2024-10-08 08:57:00,724.0,-534.0
2024-10-08 08:58:00,692.0,-515.0
2024-10-08 08:59:00,657.0,-493.0
2024-10-08 09:00:00,622.0,-466.0
2024-10-08 09:01:00,641.0,-482.0
2024-10-08 09:02:00,696.0,-539.0
2024-10-08 09:03:00,724.0,-567.0
2024-10-08 09:04:00,844.0,-682.0
2024-10-08 09:05:00,951.0,-786.0
2024-10-08 09:06:00,944.0,-792.0
2024-10-08 09:07:00,788.0,-660.0
2024-10-08 09:08:00,657.0,-548.0
2024-10-08 09:09:00,571.0,-463.0
2024-10-08 09:10:00,502.0,-389.0
2024-10-08 09:11:00,421.0,-304.0
2024-10-08 09:12:00,360.0,-242.0
2024-10-08 09:13:00,353.0,-231.0
2024-10-08 09:14:00,345.0,-226.0
2024-10-08 09:15:00,328.0,-219.0
2024-10-08 09:16:00,322.0,-211.0
2024-10-08 09:17:00,328.0,-211.0
2024-10-08 09:18:00,413.0,-274.0
2024-10-08 09:19:00,496.0,-338.0
2024-10-08 09:20:00,451.0,-298.0
2024-10-08 09:21:00,388.0,-242.0
2024-10-08 09:22:00,385.0,-238.0
2024-10-08 09:23:00,341.0,-188.0
2024-10-08 09:24:00,310.0,-168.0
2024-10-08 09:25:00,299.0,-156.0
2024-10-08 09:26:00,279.0,-143.0
2024-10-08 09:27:00,253.0,-135.0
2024-10-08 09:28:00,254.0,-134.0
2024-10-08 09:29:00,295.0,-136.0
2024-10-08 09:30:00,282.0,-137.0
2024-10-08 09:31:00,253.0,-137.0
2024-10-08 09:32:00,290.0,-185.0
2024-10-08 09:33:00,263.0,-179.0
2024-10-08 09:34:00,219.0,-150.0
2024-10-08 09:35:00,166.0,-99.0
2024-10-08 09:36:00,179.0,-97.0
2024-10-08 09:37:00,189.0,-108.0
2024-10-08 09:38:00,207.0,-115.0
2024-10-08 09:39:00,236.0,-124.0
2024-10-08 09:40:00,243.0,-124.0
2024-10-08 09:41:00,248.0,-132.0
2024-10-08 09:42:00,283.0,-153.0
2024-10-08 09:43:00,305.0,-172.0
2024-10-08 09:44:00,315.0,-173.0
2024-10-08 09:45:00,299.0,-158.0
2024-10-08 09:46:00,298.0,-149.0
2024-10-08 09:47:00,274.0,-119.0
2024-10-08 09:48:00,268.0,-101.0
2024-10-08 09:49:00,334.0,-122.0
2024-10-08 09:50:00,383.0,-157.0
2024-10-08 09:51:00,373.0,-163.0
2024-10-08 09:52:00,355.0,-145.0
2024-10-08 09:53:00,338.0,-150.0
2024-10-08 09:54:00,362.0,-157.0
2024-10-08 09:55:00,406.0,-158.0
2024-10-08 09:56:00,396.0,-141.0
2024-10-08 09:57:00,401.0,-145.0
2024-10-08 09:58:00,446.0,-164.0
2024-10-08 09:59:00,488.0,-188.0
2024-10-08 10:00:00,507.0,-216.0
2024-10-08 10:01:00,527.0,-255.0
2024-10-08 10:02:00,537.0,-277.0
2024-10-08 10:03:00,510.0,-297.0
2024-10-08 10:04:00,498.0,-302.0
2024-10-08 10:05:00,504.0,-289.0
2024-10-08 10:06:00,512.0,-256.0
2024-10-08 10:07:00,500.0,-238.0
2024-10-08 10:08:00,477.0,-240.0
2024-10-08 10:09:00,428.0,-238.0
2024-10-08 10:10:00,398.0,-236.0
2024-10-08 10:11:00,381.0,-238.0
2024-10-08 10:12:00,376.0,-230.0
2024-10-08 10:13:00,361.0,-207.0
2024-10-08 10:14:00,389.0,-196.0
2024-10-08 10:15:00,447.0,-204.0
2024-10-08 10:16:00,451.0,-202.0
2024-10-08 10:17:00,422.0,-198.0
2024-10-08 10:18:00,393.0,-199.0
2024-10-08 10:19:00,381.0,-203.0
2024-10-08 10:20:00,371.0,-199.0
2024-10-08 10:21:00,377.0,-214.0
2024-10-08 10:22:00,372.0,-228.0
2024-10-08 10:23:00,357.0,-232.0
2024-10-08 10:24:00,393.0,-252.0
2024-10-08 10:25:00,407.0,-267.0
2024-10-08 10:26:00,382.0,-267.0
2024-10-08 10:27:00,387.0,-266.0
2024-10-08 10:28:00,391.0,-260.0
2024-10-08 10:29:00,385.0,-249.0
2024-10-08 10:30:00,371.0,-231.0
2024-10-08 10:31:00,322.0,-209.0
2024-10-08 10:32:00,316.0,-200.0
2024-10-08 10:33:00,310.0,-195.0
2024-10-08 10:34:00,295.0,-191.0
2024-10-08 10:35:00,312.0,-192.0
2024-10-08 10:36:00,326.0,-191.0
2024-10-08 10:37:00,322.0,-185.0
2024-10-08 10:38:00,317.0,-181.0
2024-10-08 10:39:00,306.0,-184.0
2024-10-08 10:40:00,313.0,-195.0
2024-10-08 10:41:00,320.0,-197.0
2024-10-08 10:42:00,307.0,-184.0
2024-10-08 10:43:00,315.0,-191.0
2024-10-08 10:44:00,328.0,-205.0
2024-10-08 10:45:00,335.0,-208.0
2024-10-08 10:46:00,328.0,-203.0
2024-10-08 10:47:00,336.0,-210.0
2024-10-08 10:48:00,343.0,-209.0
2024-10-08 10:49:00,364.0,-220.0
2024-10-08 10:50:00,386.0,-228.0
2024-10-08 10:51:00,390.0,-234.0
2024-10-08 10:52:00,399.0,-244.0
2024-10-08 10:53:00,418.0,-261.0
2024-10-08 10:54:00,424.0,-271.0
2024-10-08 10:55:00,425.0,-272.0
2024-10-08 10:56:00,430.0,-279.0
2024-10-08 10:57:00,420.0,-268.0
2024-10-08 10:58:00,422.0,-270.0
2024-10-08 10:59:00,421.0,-274.0
2024-10-08 11:00:00,432.0,-287.0
2024-10-08 11:01:00,430.0,-280.0
2024-10-08 11:02:00,444.0,-287.0
2024-10-08 11:03:00,468.0,-299.0
2024-10-08 11:04:00,475.0,-297.0
2024-10-08 11:05:00,454.0,-280.0
2024-10-08 11:06:00,452.0,-284.0
2024-10-08 11:07:00,471.0,-304.0
2024-10-08 11:08:00,492.0,-322.0
2024-10-08 11:09:00,505.0,-331.0
2024-10-08 11:10:00,503.0,-334.0
2024-10-08 11:11:00,498.0,-336.0
2024-10-08 11:12:00,489.0,-320.0
2024-10-08 11:13:00,483.0,-305.0
2024-10-08 11:14:00,508.0,-319.0
2024-10-08 11:15:00,536.0,-336.0
2024-10-08 11:16:00,553.0,-348.0
2024-10-08 11:17:00,613.0,-405.0
2024-10-08 11:18:00,665.0,-461.0
2024-10-08 11:19:00,688.0,-485.0
2024-10-08 11:20:00,687.0,-478.0
2024-10-08 11:21:00,673.0,-453.0
2024-10-08 11:22:00,660.0,-439.0
2024-10-08 11:23:00,655.0,-438.0
2024-10-08 11:24:00,665.0,-452.0
2024-10-08 11:25:00,677.0,-471.0
2024-10-08 11:26:00,684.0,-480.0
2024-10-08 11:27:00,670.0,-466.0
2024-10-08 11:28:00,619.0,-434.0
2024-10-08 11:29:00,622.0,-436.0
2024-10-08 11:30:00,641.0,-443.0
2024-10-08 11:31:00,626.0,-411.0
2024-10-08 11:32:00,674.0,-445.0
2024-10-08 11:33:00,710.0,-475.0
2024-10-08 11:34:00,727.0,-493.0
2024-10-08 11:35:00,735.0,-500.0
2024-10-08 11:36:00,745.0,-505.0
2024-10-08 11:37:00,766.0,-527.0
2024-10-08 11:38:00,767.0,-533.0
2024-10-08 11:39:00,760.0,-536.0
2024-10-08 11:40:00,737.0,-523.0
2024-10-08 11:41:00,702.0,-488.0
2024-10-08 11:42:00,686.0,-472.0
2024-10-08 11:43:00,711.0,-486.0
2024-10-08 11:44:00,728.0,-505.0
2024-10-08 11:45:00,714.0,-494.0
2024-10-08 11:46:00,697.0,-478.0
2024-10-08 11:47:00,706.0,-480.0
2024-10-08 11:48:00,757.0,-536.0
2024-10-08 11:49:00,745.0,-530.0
2024-10-08 11:50:00,731.0,-511.0
2024-10-08 11:51:00,730.0,-507.0
2024-10-08 11:52:00,704.0,-467.0
2024-10-08 11:53:00,688.0,-451.0
2024-10-08 11:54:00,706.0,-470.0
2024-10-08 11:55:00,720.0,-480.0
2024-10-08 11:56:00,731.0,-503.0
2024-10-08 11:57:00,769.0,-554.0
2024-10-08 11:58:00,807.0,-602.0
2024-10-08 11:59:00,776.0,-572.0
2024-10-08 12:00:00,718.0,-508.0
2024-10-08 12:01:00,662.0,-448.0
2024-10-08 12:02:00,675.0,-450.0
2024-10-08 12:03:00,684.0,-453.0
2024-10-08 12:04:00,682.0,-449.0
2024-10-08 12:05:00,673.0,-443.0
2024-10-08 12:06:00,690.0,-466.0
2024-10-08 12:07:00,732.0,-512.0
2024-10-08 12:08:00,725.0,-496.0
2024-10-08 12:09:00,735.0,-488.0
2024-10-08 12:10:00,760.0,-494.0
2024-10-08 12:11:00,737.0,-464.0
2024-10-08 12:12:00,657.0,-399.0
2024-10-08 12:13:00,615.0,-362.0
2024-10-08 12:14:00,590.0,-344.0
2024-10-08 12:15:00,574.0,-338.0
2024-10-08 12:16:00,623.0,-382.0
2024-10-08 12:17:00,618.0,-375.0
2024-10-08 12:18:00,598.0,-341.0
2024-10-08 12:19:00,600.0,-331.0
2024-10-08 12:20:00,593.0,-328.0
2024-10-08 12:21:00,573.0,-316.0
2024-10-08 12:22:00,536.0,-307.0
2024-10-08 12:23:00,546.0,-322.0
2024-10-08 12:24:00,558.0,-331.0
2024-10-08 12:25:00,562.0,-334.0
2024-10-08 12:26:00,555.0,-335.0
2024-10-08 12:27:00,533.0,-321.0
2024-10-08 12:28:00,512.0,-309.0
2024-10-08 12:29:00,513.0,-310.0
2024-10-08 12:30:00,517.0,-312.0
2024-10-08 12:31:00,524.0,-322.0
2024-10-08 12:32:00,521.0,-334.0
2024-10-08 12:33:00,509.0,-337.0
2024-10-08 12:34:00,503.0,-338.0
2024-10-08 12:35:00,505.0,-346.0
2024-10-08 12:36:00,481.0,-325.0
2024-10-08 12:37:00,428.0,-270.0
2024-10-08 12:38:00,447.0,-276.0
2024-10-08 12:39:00,452.0,-281.0
2024-10-08 12:40:00,435.0,-282.0
2024-10-08 12:41:00,439.0,-293.0
2024-10-08 12:42:00,443.0,-299.0
2024-10-08 12:43:00,452.0,-304.0
2024-10-08 12:44:00,466.0,-305.0
2024-10-08 12:45:00,505.0,-327.0
2024-10-08 12:46:00,550.0,-353.0
2024-10-08 12:47:00,597.0,-388.0
2024-10-08 12:48:00,591.0,-383.0
2024-10-08 12:49:00,590.0,-377.0
2024-10-08 12:50:00,567.0,-356.0
2024-10-08 12:51:00,535.0,-334.0
2024-10-08 12:52:00,509.0,-308.0
2024-10-08 12:53:00,487.0,-278.0
2024-10-08 12:54:00,465.0,-255.0
2024-10-08 12:55:00,432.0,-235.0
2024-10-08 12:56:00,405.0,-209.0
2024-10-08 12:57:00,416.0,-209.0
2024-10-08 12:58:00,453.0,-233.0
2024-10-08 12:59:00,545.0,-321.0
2024-10-08 13:00:00,542.0,-316.0
2024-10-08 13:01:00,556.0,-330.0
2024-10-08 13:02:00,587.0,-362.0
2024-10-08 13:03:00,607.0,-382.0
2024-10-08 13:04:00,571.0,-341.0
2024-10-08 13:05:00,563.0,-327.0
2024-10-08 13:06:00,567.0,-330.0
2024-10-08 13:07:00,556.0,-325.0
2024-10-08 13:08:00,550.0,-310.0
2024-10-08 13:09:00,578.0,-325.0
2024-10-08 13:10:00,646.0,-395.0
2024-10-08 13:11:00,753.0,-498.0
2024-10-08 13:12:00,811.0,-545.0
2024-10-08 13:13:00,757.0,-496.0
2024-10-08 13:14:00,694.0,-432.0
2024-10-08 13:15:00,680.0,-404.0
2024-10-08 13:16:00,672.0,-396.0
2024-10-08 13:17:00,643.0,-368.0
2024-10-08 13:18:00,632.0,-356.0
2024-10-08 13:19:00,659.0,-382.0
2024-10-08 13:20:00,699.0,-418.0
2024-10-08 13:21:00,734.0,-449.0
2024-10-08 13:22:00,744.0,-458.0
2024-10-08 13:23:00,759.0,-474.0
2024-10-08 13:24:00,779.0,-500.0
2024-10-08 13:25:00,792.0,-511.0
2024-10-08 13:26:00,807.0,-528.0
2024-10-08 13:27:00,826.0,-543.0
2024-10-08 13:28:00,830.0,-552.0
2024-10-08 13:29:00,828.0,-557.0
2024-10-08 13:30:00,816.0,-540.0
2024-10-08 13:31:00,824.0,-540.0
2024-10-08 13:32:00,829.0,-542.0
2024-10-08 13:33:00,810.0,-530.0
2024-10-08 13:34:00,791.0,-519.0
2024-10-08 13:35:00,804.0,-540.0
2024-10-08 13:36:00,830.0,-563.0
2024-10-08 13:37:00,803.0,-535.0
2024-10-08 13:38:00,765.0,-494.0
2024-10-08 13:39:00,732.0,-460.0
2024-10-08 13:40:00,708.0,-429.0
2024-10-08 13:41:00,719.0,-434.0
2024-10-08 13:42:00,716.0,-449.0
2024-10-08 13:43:00,687.0,-441.0
2024-10-08 13:44:00,650.0,-425.0
2024-10-08 13:45:00,605.0,-403.0
2024-10-08 13:46:00,567.0,-385.0
2024-10-08 13:47:00,563.0,-390.0
2024-10-08 13:48:00,596.0,-414.0
2024-10-08 13:49:00,618.0,-420.0
2024-10-08 13:50:00,636.0,-420.0
2024-10-08 13:51:00,702.0,-469.0
2024-10-08 13:52:00,743.0,-503.0
2024-10-08 13:53:00,783.0,-543.0
2024-10-08 13:54:00,787.0,-543.0
2024-10-08 13:55:00,775.0,-524.0
2024-10-08 13:56:00,744.0,-484.0
2024-10-08 13:57:00,695.0,-433.0
2024-10-08 13:58:00,676.0,-420.0
2024-10-08 13:59:00,663.0,-417.0
2024-10-08 14:00:00,689.0,-454.0
2024-10-08 14:01:00,716.0,-487.0
2024-10-08 14:02:00,767.0,-535.0
2024-10-08 14:03:00,813.0,-572.0
2024-10-08 14:04:00,853.0,-604.0
2024-10-08 14:05:00,876.0,-610.0
2024-10-08 14:06:00,865.0,-592.0
2024-10-08 14:07:00,860.0,-578.0
2024-10-08 14:08:00,829.0,-538.0
2024-10-08 14:09:00,791.0,-508.0
2024-10-08 14:10:00,771.0,-498.0
2024-10-08 14:11:00,781.0,-511.0
2024-10-08 14:12:00,789.0,-521.0
2024-10-08 14:13:00,782.0,-515.0
2024-10-08 14:14:00,772.0,-503.0
2024-10-08 14:15:00,780.0,-514.0
2024-10-08 14:16:00,778.0,-526.0
2024-10-08 14:17:00,775.0,-530.0
2024-10-08 14:18:00,788.0,-539.0
2024-10-08 14:19:00,788.0,-537.0
2024-10-08 14:20:00,795.0,-546.0
2024-10-08 14:21:00,783.0,-532.0
2024-10-08 14:22:00,765.0,-509.0
2024-10-08 14:23:00,722.0,-465.0
2024-10-08 14:24:00,683.0,-421.0
2024-10-08 14:25:00,659.0,-396.0
2024-10-08 14:26:00,633.0,-370.0
2024-10-08 14:27:00,620.0,-368.0
2024-10-08 14:28:00,588.0,-354.0
2024-10-08 14:29:00,569.0,-343.0
2024-10-08 14:30:00,545.0,-328.0
2024-10-08 14:31:00,537.0,-321.0
2024-10-08 14:32:00,534.0,-317.0
2024-10-08 14:33:00,526.0,-307.0
2024-10-08 14:34:00,547.0,-327.0
2024-10-08 14:35:00,546.0,-331.0
2024-10-08 14:36:00,540.0,-328.0
2024-10-08 14:37:00,528.0,-321.0
2024-10-08 14:38:00,495.0,-302.0
2024-10-08 14:39:00,456.0,-272.0
2024-10-08 14:40:00,447.0,-261.0
2024-10-08 14:41:00,459.0,-268.0
2024-10-08 14:42:00,446.0,-254.0
2024-10-08 14:43:00,427.0,-239.0
2024-10-08 14:44:00,401.0,-225.0
2024-10-08 14:45:00,396.0,-229.0
2024-10-08 14:46:00,395.0,-235.0
2024-10-08 14:47:00,377.0,-223.0
2024-10-08 14:48:00,373.0,-220.0
2024-10-08 14:49:00,368.0,-210.0
2024-10-08 14:50:00,368.0,-198.0
2024-10-08 14:51:00,375.0,-204.0
2024-10-08 14:52:00,385.0,-220.0
2024-10-08 14:53:00,387.0,-226.0
2024-10-08 14:54:00,401.0,-231.0
2024-10-08 14:55:00,403.0,-220.0
2024-10-08 14:56:00,428.0,-231.0
2024-10-08 14:57:00,439.0,-227.0
2024-10-08 14:58:00,454.0,-236.0
2024-10-08 14:59:00,449.0,-236.0
2024-10-08 15:00:00,431.0,-226.0
2024-10-08 15:01:00,435.0,-234.0
2024-10-08 15:02:00,438.0,-244.0
2024-10-08 15:03:00,419.0,-231.0
2024-10-08 15:04:00,388.0,-203.0
2024-10-08 15:05:00,378.0,-190.0
2024-10-08 15:06:00,396.0,-195.0
2024-10-08 15:07:00,407.0,-195.0
2024-10-08 15:08:00,401.0,-179.0
2024-10-08 15:09:00,412.0,-179.0
2024-10-08 15:10:00,436.0,-194.0
2024-10-08 15:11:00,474.0,-221.0
2024-10-08 15:12:00,503.0,-235.0
2024-10-08 15:13:00,498.0,-237.0
2024-10-08 15:14:00,483.0,-232.0
2024-10-08 15:15:00,470.0,-231.0
2024-10-08 15:16:00,489.0,-244.0
2024-10-08 15:17:00,509.0,-248.0
2024-10-08 15:18:00,525.0,-255.0
2024-10-08 15:19:00,546.0,-279.0
2024-10-08 15:20:00,557.0,-297.0
2024-10-08 15:21:00,566.0,-315.0
2024-10-08 15:22:00,558.0,-323.0
2024-10-08 15:23:00,521.0,-310.0
2024-10-08 15:24:00,485.0,-291.0
2024-10-08 15:25:00,484.0,-296.0
2024-10-08 15:26:00,513.0,-318.0
2024-10-08 15:27:00,522.0,-316.0
2024-10-08 15:28:00,530.0,-316.0
2024-10-08 15:29:00,523.0,-307.0
2024-10-08 15:30:00,494.0,-286.0
2024-10-08 15:31:00,461.0,-253.0
2024-10-08 15:32:00,424.0,-216.0
2024-10-08 15:33:00,388.0,-190.0
2024-10-08 15:34:00,346.0,-162.0
2024-10-08 15:35:00,319.0,-148.0
2024-10-08 15:36:00,291.0,-132.0
2024-10-08 15:37:00,272.0,-128.0
2024-10-08 15:38:00,255.0,-122.0
2024-10-08 15:39:00,249.0,-118.0
2024-10-08 15:40:00,263.0,-126.0
2024-10-08 15:41:00,272.0,-133.0
2024-10-08 15:42:00,285.0,-139.0
2024-10-08 15:43:00,283.0,-133.0
2024-10-08 15:44:00,287.0,-132.0
2024-10-08 15:45:00,285.0,-132.0
2024-10-08 15:46:00,288.0,-135.0
2024-10-08 15:47:00,287.0,-140.0
2024-10-08 15:48:00,292.0,-145.0
2024-10-08 15:49:00,291.0,-145.0
2024-10-08 15:50:00,295.0,-152.0
2024-10-08 15:51:00,288.0,-142.0
2024-10-08 15:52:00,269.0,-120.0
2024-10-08 15:53:00,260.0,-106.0
2024-10-08 15:54:00,263.0,-110.0
2024-10-08 15:55:00,276.0,-128.0
2024-10-08 15:56:00,287.0,-144.0
2024-10-08 15:57:00,284.0,-137.0
2024-10-08 15:58:00,266.0,-121.0
2024-10-08 15:59:00,252.0,-111.0
2024-10-08 16:00:00,254.0,-114.0
2024-10-08 16:01:00,259.0,-122.0
2024-10-08 16:02:00,269.0,-128.0
2024-10-08 16:03:00,273.0,-127.0
2024-10-08 16:04:00,274.0,-128.0
2024-10-08 16:05:00,270.0,-129.0
2024-10-08 16:06:00,258.0,-121.0
2024-10-08 16:07:00,257.0,-122.0
2024-10-08 16:08:00,255.0,-121.0
2024-10-08 16:09:00,244.0,-109.0
2024-10-08 16:10:00,239.0,-99.0
2024-10-08 16:11:00,232.0,-91.0
2024-10-08 16:12:00,242.0,-103.0
2024-10-08 16:13:00,257.0,-111.0
2024-10-08 16:14:00,252.0,-115.0
2024-10-08 16:15:00,239.0,-109.0
2024-10-08 16:16:00,233.0,-112.0
2024-10-08 16:17:00,236.0,-120.0
2024-10-08 16:18:00,226.0,-115.0
2024-10-08 16:19:00,220.0,-113.0
2024-10-08 16:20:00,209.0,-96.0
2024-10-08 16:21:00,197.0,-84.0
2024-10-08 16:22:00,185.0,-86.0
2024-10-08 16:23:00,170.0,-78.0
2024-10-08 16:24:00,166.0,-77.0
2024-10-08 16:25:00,159.0,-67.0
2024-10-08 16:26:00,157.0,-63.0
2024-10-08 16:27:00,148.0,-52.0
2024-10-08 16:28:00,129.0,-42.0
2024-10-08 16:29:00,119.0,-47.0
2024-10-08 16:30:00,110.0,-49.0
2024-10-08 16:31:00,96.0,-49.0
2024-10-08 16:32:00,88.0,-47.0
2024-10-08 16:33:00,95.0,-53.0
2024-10-08 16:34:00,116.0,-67.0
2024-10-08 16:35:00,137.0,-76.0
2024-10-08 16:36:00,145.0,-76.0
2024-10-08 16:37:00,134.0,-65.0
2024-10-08 16:38:00,126.0,-54.0
2024-10-08 16:39:00,129.0,-38.0
2024-10-08 16:40:00,165.0,-56.0
2024-10-08 16:41:00,197.0,-66.0
2024-10-08 16:42:00,210.0,-75.0
2024-10-08 16:43:00,225.0,-75.0
2024-10-08 16:44:00,258.0,-97.0
2024-10-08 16:45:00,292.0,-132.0
2024-10-08 16:46:00,317.0,-154.0
2024-10-08 16:47:00,340.0,-160.0
2024-10-08 16:48:00,365.0,-169.0
2024-10-08 16:49:00,382.0,-175.0
2024-10-08 16:50:00,387.0,-179.0
2024-10-08 16:51:00,375.0,-175.0
2024-10-08 16:52:00,360.0,-164.0
2024-10-08 16:53:00,370.0,-159.0
2024-10-08 16:54:00,388.0,-160.0
2024-10-08 16:55:00,401.0,-193.0
2024-10-08 16:56:00,413.0,-226.0
2024-10-08 16:57:00,387.0,-212.0
2024-10-08 16:58:00,369.0,-198.0
2024-10-08 16:59:00,344.0,-179.0
2024-10-08 17:00:00,376.0,-216.0
2024-10-08 17:01:00,402.0,-248.0
2024-10-08 17:02:00,406.0,-264.0
2024-10-08 17:03:00,422.0,-292.0
2024-10-08 17:04:00,428.0,-308.0
2024-10-08 17:05:00,478.0,-362.0
2024-10-08 17:06:00,582.0,-462.0
2024-10-08 17:07:00,470.0,-343.0
2024-10-08 17:08:00,491.0,-363.0
2024-10-08 17:09:00,706.0,-575.0
2024-10-08 17:10:00,711.0,-577.0
2024-10-08 17:11:00,649.0,-513.0
2024-10-08 17:12:00,598.0,-452.0
2024-10-08 17:13:00,622.0,-467.0
2024-10-08 17:14:00,656.0,-498.0
2024-10-08 17:15:00,621.0,-460.0
2024-10-08 17:16:00,604.0,-443.0
2024-10-08 17:17:00,595.0,-438.0
2024-10-08 17:18:00,646.0,-484.0
2024-10-08 17:19:00,672.0,-508.0
2024-10-08 17:20:00,700.0,-542.0
2024-10-08 17:21:00,708.0,-558.0
2024-10-08 17:22:00,729.0,-584.0
2024-10-08 17:23:00,710.0,-564.0
2024-10-08 17:24:00,661.0,-510.0
2024-10-08 17:25:00,633.0,-479.0
2024-10-08 17:26:00,601.0,-460.0
2024-10-08 17:27:00,581.0,-446.0
2024-10-08 17:28:00,567.0,-430.0
2024-10-08 17:29:00,537.0,-407.0
2024-10-08 17:30:00,486.0,-370.0
2024-10-08 17:31:00,412.0,-315.0
2024-10-08 17:32:00,413.0,-324.0
2024-10-08 17:33:00,437.0,-341.0
2024-10-08 17:34:00,513.0,-394.0
2024-10-08 17:35:00,484.0,-383.0
2024-10-08 17:36:00,452.0,-356.0
2024-10-08 17:37:00,436.0,-336.0
2024-10-08 17:38:00,422.0,-321.0
2024-10-08 17:39:00,385.0,-294.0
2024-10-08 17:40:00,363.0,-278.0
2024-10-08 17:41:00,374.0,-286.0
2024-10-08 17:42:00,381.0,-294.0
2024-10-08 17:43:00,398.0,-312.0
2024-10-08 17:44:00,399.0,-317.0
2024-10-08 17:45:00,397.0,-314.0
2024-10-08 17:46:00,403.0,-315.0
2024-10-08 17:47:00,443.0,-352.0
2024-10-08 17:48:00,444.0,-346.0
2024-10-08 17:49:00,430.0,-330.0
2024-10-08 17:50:00,428.0,-329.0
2024-10-08 17:51:00,429.0,-327.0
2024-10-08 17:52:00,432.0,-325.0
2024-10-08 17:53:00,430.0,-320.0
2024-10-08 17:54:00,428.0,-316.0
2024-10-08 17:55:00,430.0,-318.0
2024-10-08 17:56:00,429.0,-322.0
2024-10-08 17:57:00,440.0,-329.0
2024-10-08 17:58:00,407.0,-292.0
2024-10-08 17:59:00,405.0,-284.0
2024-10-08 18:00:00,397.0,-275.0
2024-10-08 18:01:00,396.0,-270.0
2024-10-08 18:02:00,422.0,-290.0
2024-10-08 18:03:00,445.0,-305.0
2024-10-08 18:04:00,462.0,-316.0
2024-10-08 18:05:00,488.0,-335.0
2024-10-08 18:06:00,508.0,-347.0
2024-10-08 18:07:00,525.0,-361.0
2024-10-08 18:08:00,528.0,-361.0
2024-10-08 18:09:00,517.0,-344.0
2024-10-08 18:10:00,503.0,-330.0
2024-10-08 18:11:00,498.0,-326.0
2024-10-08 18:12:00,494.0,-321.0
2024-10-08 18:13:00,488.0,-315.0
2024-10-08 18:14:00,487.0,-315.0
2024-10-08 18:15:00,486.0,-315.0
2024-10-08 18:16:00,500.0,-328.0
2024-10-08 18:17:00,509.0,-339.0
2024-10-08 18:18:00,517.0,-343.0
2024-10-08 18:19:00,533.0,-351.0
2024-10-08 18:20:00,549.0,-365.0
2024-10-08 18:21:00,572.0,-388.0
2024-10-08 18:22:00,592.0,-404.0
2024-10-08 18:23:00,600.0,-415.0
2024-10-08 18:24:00,604.0,-424.0
2024-10-08 18:25:00,601.0,-426.0
2024-10-08 18:26:00,582.0,-413.0
2024-10-08 18:27:00,569.0,-398.0
2024-10-08 18:28:00,564.0,-392.0
2024-10-08 18:29:00,564.0,-387.0
2024-10-08 18:30:00,550.0,-378.0
2024-10-08 18:31:00,547.0,-377.0
2024-10-08 18:32:00,550.0,-371.0
2024-10-08 18:33:00,542.0,-360.0
2024-10-08 18:34:00,546.0,-361.0
2024-10-08 18:35:00,554.0,-371.0
2024-10-08 18:36:00,564.0,-380.0
2024-10-08 18:37:00,575.0,-386.0
2024-10-08 18:38:00,578.0,-388.0
2024-10-08 18:39:00,590.0,-397.0
2024-10-08 18:40:00,598.0,-401.0
2024-10-08 18:41:00,604.0,-407.0
2024-10-08 18:42:00,600.0,-402.0
2024-10-08 18:43:00,597.0,-400.0
2024-10-08 18:44:00,597.0,-401.0
2024-10-08 18:45:00,583.0,-388.0
2024-10-08 18:46:00,540.0,-346.0
2024-10-08 18:47:00,495.0,-304.0
2024-10-08 18:48:00,457.0,-266.0
2024-10-08 18:49:00,422.0,-226.0
2024-10-08 18:50:00,385.0,-196.0
2024-10-08 18:51:00,354.0,-174.0
2024-10-08 18:52:00,346.0,-165.0
2024-10-08 18:53:00,331.0,-158.0
2024-10-08 18:54:00,339.0,-180.0
2024-10-08 18:55:00,351.0,-194.0
2024-10-08 18:56:00,334.0,-179.0
2024-10-08 18:57:00,344.0,-199.0
2024-10-08 18:58:00,358.0,-221.0
2024-10-08 18:59:00,357.0,-219.0
2024-10-08 19:00:00,323.0,-183.0
2024-10-08 19:01:00,295.0,-158.0
2024-10-08 19:02:00,311.0,-171.0
2024-10-08 19:03:00,312.0,-171.0
2024-10-08 19:04:00,312.0,-161.0
2024-10-08 19:05:00,324.0,-168.0
2024-10-08 19:06:00,331.0,-165.0
2024-10-08 19:07:00,328.0,-160.0
2024-10-08 19:08:00,335.0,-164.0
2024-10-08 19:09:00,342.0,-168.0
2024-10-08 19:10:00,351.0,-174.0
2024-10-08 19:11:00,357.0,-177.0
2024-10-08 19:12:00,366.0,-178.0
2024-10-08 19:13:00,362.0,-172.0
2024-10-08 19:14:00,362.0,-172.0
2024-10-08 19:15:00,366.0,-171.0
2024-10-08 19:16:00,368.0,-165.0
2024-10-08 19:17:00,393.0,-173.0
2024-10-08 19:18:00,411.0,-191.0
2024-10-08 19:19:00,424.0,-201.0
2024-10-08 19:20:00,456.0,-221.0
2024-10-08 19:21:00,500.0,-251.0
2024-10-08 19:22:00,512.0,-267.0
2024-10-08 19:23:00,528.0,-276.0
2024-10-08 19:24:00,533.0,-279.0
2024-10-08 19:25:00,527.0,-278.0
2024-10-08 19:26:00,512.0,-267.0
2024-10-08 19:27:00,504.0,-261.0
2024-10-08 19:28:00,522.0,-281.0
2024-10-08 19:29:00,544.0,-295.0
2024-10-08 19:30:00,569.0,-320.0
2024-10-08 19:31:00,552.0,-304.0
2024-10-08 19:32:00,597.0,-337.0
2024-10-08 19:33:00,543.0,-278.0
2024-10-08 19:34:00,515.0,-256.0
2024-10-08 19:35:00,513.0,-248.0
2024-10-08 19:36:00,492.0,-233.0
2024-10-08 19:37:00,474.0,-215.0
2024-10-08 19:38:00,458.0,-213.0
2024-10-08 19:39:00,448.0,-221.0
2024-10-08 19:40:00,435.0,-227.0
2024-10-08 19:41:00,422.0,-227.0
2024-10-08 19:42:00,414.0,-214.0
2024-10-08 19:43:00,405.0,-194.0
2024-10-08 19:44:00,400.0,-179.0
2024-10-08 19:45:00,394.0,-176.0
2024-10-08 19:46:00,403.0,-180.0
2024-10-08 19:47:00,438.0,-222.0
2024-10-08 19:48:00,517.0,-306.0
2024-10-08 19:49:00,528.0,-312.0
2024-10-08 19:50:00,545.0,-330.0
2024-10-08 19:51:00,533.0,-319.0
2024-10-08 19:52:00,538.0,-327.0
2024-10-08 19:53:00,508.0,-306.0
2024-10-08 19:54:00,485.0,-290.0
2024-10-08 19:55:00,507.0,-299.0
2024-10-08 19:56:00,520.0,-284.0
2024-10-08 19:57:00,588.0,-285.0
2024-10-08 19:58:00,522.0,-279.0
2024-10-08 19:59:00,538.0,-301.0
2024-10-08 20:00:00,544.0,-340.0
2024-10-08 20:01:00,620.0,-368.0
2024-10-08 20:02:00,664.0,-381.0
2024-10-08 20:03:00,610.0,-368.0
2024-10-08 20:04:00,556.0,-320.0
2024-10-08 20:05:00,536.0,-316.0
2024-10-08 20:06:00,519.0,-297.0
2024-10-08 20:07:00,475.0,-253.0
2024-10-08 20:08:00,459.0,-232.0
2024-10-08 20:09:00,429.0,-207.0
2024-10-08 20:10:00,429.0,-205.0
2024-10-08 20:11:00,426.0,-211.0
2024-10-08 20:12:00,388.0,-198.0
2024-10-08 20:13:00,379.0,-187.0
2024-10-08 20:14:00,364.0,-168.0
2024-10-08 20:15:00,356.0,-160.0
2024-10-08 20:16:00,354.0,-168.0
2024-10-08 20:17:00,366.0,-191.0
2024-10-08 20:18:00,373.0,-194.0
2024-10-08 20:19:00,360.0,-183.0
2024-10-08 20:20:00,393.0,-193.0
2024-10-08 20:21:00,424.0,-204.0
2024-10-08 20:22:00,410.0,-188.0
2024-10-08 20:23:00,388.0,-177.0
2024-10-08 20:24:00,348.0,-167.0
2024-10-08 20:25:00,304.0,-150.0
2024-10-08 20:26:00,308.0,-165.0
2024-10-08 20:27:00,315.0,-181.0
2024-10-08 20:28:00,324.0,-193.0
2024-10-08 20:29:00,350.0,-215.0
2024-10-08 20:30:00,341.0,-205.0
2024-10-08 20:31:00,314.0,-190.0
2024-10-08 20:32:00,299.0,-176.0
2024-10-08 20:33:00,277.0,-169.0
2024-10-08 20:34:00,268.0,-169.0
2024-10-08 20:35:00,273.0,-172.0
2024-10-08 20:36:00,286.0,-182.0
2024-10-08 20:37:00,295.0,-177.0
2024-10-08 20:38:00,301.0,-163.0
2024-10-08 20:39:00,304.0,-158.0
2024-10-08 20:40:00,305.0,-163.0
2024-10-08 20:41:00,313.0,-184.0
2024-10-08 20:42:00,312.0,-191.0
2024-10-08 20:43:00,290.0,-169.0
2024-10-08 20:44:00,266.0,-140.0
2024-10-08 20:45:00,250.0,-125.0
2024-10-08 20:46:00,235.0,-113.0
2024-10-08 20:47:00,199.0,-98.0
2024-10-08 20:48:00,198.0,-98.0
2024-10-08 20:49:00,199.0,-92.0
2024-10-08 20:50:00,193.0,-89.0
2024-10-08 20:51:00,176.0,-84.0
2024-10-08 20:52:00,168.0,-86.0
2024-10-08 20:53:00,159.0,-80.0
2024-10-08 20:54:00,144.0,-62.0
2024-10-08 20:55:00,137.0,-52.0
2024-10-08 20:56:00,136.0,-51.0
2024-10-08 20:57:00,139.0,-55.0
2024-10-08 20:58:00,136.0,-58.0
2024-10-08 20:59:00,135.0,-58.0
2024-10-08 21:00:00,136.0,-63.0
2024-10-08 21:01:00,142.0,-75.0
2024-10-08 21:02:00,149.0,-89.0
2024-10-08 21:03:00,149.0,-95.0
2024-10-08 21:04:00,149.0,-95.0
2024-10-08 21:05:00,137.0,-87.0
2024-10-08 21:06:00,126.0,-80.0
2024-10-08 21:07:00,137.0,-75.0
2024-10-08 21:08:00,129.0,-63.0
2024-10-08 21:09:00,121.0,-66.0
2024-10-08 21:10:00,130.0,-77.0
2024-10-08 21:11:00,139.0,-90.0
2024-10-08 21:12:00,154.0,-101.0
2024-10-08 21:13:00,165.0,-109.0
2024-10-08 21:14:00,167.0,-112.0
2024-10-08 21:15:00,162.0,-106.0
2024-10-08 21:16:00,156.0,-97.0
2024-10-08 21:17:00,151.0,-90.0
2024-10-08 21:18:00,146.0,-84.0
2024-10-08 21:19:00,141.0,-78.0
2024-10-08 21:20:00,137.0,-73.0
2024-10-08 21:21:00,126.0,-64.0
2024-10-08 21:22:00,122.0,-58.0
2024-10-08 21:23:00,118.0,-52.0
2024-10-08 21:24:00,112.0,-47.0
2024-10-08 21:25:00,104.0,-44.0
2024-10-08 21:26:00,95.0,-41.0
2024-10-08 21:27:00,93.0,-39.0
2024-10-08 21:28:00,92.0,-39.0
2024-10-08 21:29:00,89.0,-40.0
2024-10-08 21:30:00,87.0,-40.0
2024-10-08 21:31:00,80.0,-38.0
2024-10-08 21:32:00,76.0,-38.0
2024-10-08 21:33:00,73.0,-38.0
2024-10-08 21:34:00,79.0,-40.0
2024-10-08 21:35:00,82.0,-39.0
2024-10-08 21:36:00,83.0,-40.0
2024-10-08 21:37:00,76.0,-38.0
2024-10-08 21:38:00,73.0,-40.0
2024-10-08 21:39:00,70.0,-41.0
2024-10-08 21:40:00,67.0,-41.0
2024-10-08 21:41:00,66.0,-41.0
2024-10-08 21:42:00,66.0,-40.0
2024-10-08 21:43:00,67.0,-41.0
2024-10-08 21:44:00,68.0,-40.0
2024-10-08 21:45:00,66.0,-38.0
2024-10-08 21:46:00,63.0,-32.0
2024-10-08 21:47:00,66.0,-32.0
2024-10-08 21:48:00,66.0,-32.0
2024-10-08 21:49:00,65.0,-32.0
2024-10-08 21:50:00,67.0,-37.0
2024-10-08 21:51:00,73.0,-46.0
2024-10-08 21:52:00,70.0,-48.0
2024-10-08 21:53:00,57.0,-40.0
2024-10-08 21:54:00,57.0,-38.0
2024-10-08 21:55:00,65.0,-40.0
2024-10-08 21:56:00,68.0,-43.0
2024-10-08 21:57:00,67.0,-46.0
2024-10-08 21:58:00,72.0,-59.0
2024-10-08 21:59:00,81.0,-59.0
2024-10-08 22:00:00,76.0,-48.0
2024-10-08 22:01:00,75.0,-42.0
2024-10-08 22:02:00,76.0,-46.0
2024-10-08 22:03:00,70.0,-43.0
2024-10-08 22:04:00,65.0,-41.0
2024-10-08 22:05:00,59.0,-39.0
2024-10-08 22:06:00,46.0,-34.0
2024-10-08 22:07:00,64.0,-57.0
2024-10-08 22:08:00,73.0,-59.0
2024-10-08 22:09:00,88.0,-63.0
2024-10-08 22:10:00,97.0,-66.0
2024-10-08 22:11:00,102.0,-68.0
2024-10-08 22:12:00,123.0,-86.0
2024-10-08 22:13:00,129.0,-86.0
2024-10-08 22:14:00,122.0,-73.0
2024-10-08 22:15:00,136.0,-79.0
2024-10-08 22:16:00,157.0,-95.0
2024-10-08 22:17:00,170.0,-95.0
2024-10-08 22:18:00,205.0,-115.0
2024-10-08 22:19:00,220.0,-130.0
2024-10-08 22:20:00,243.0,-146.0
2024-10-08 22:21:00,272.0,-167.0
2024-10-08 22:22:00,291.0,-182.0
2024-10-08 22:23:00,309.0,-190.0
2024-10-08 22:24:00,309.0,-190.0
2024-10-08 22:25:00,320.0,-194.0
2024-10-08 22:26:00,326.0,-199.0
2024-10-08 22:27:00,329.0,-204.0
2024-10-08 22:28:00,346.0,-209.0
2024-10-08 22:29:00,366.0,-219.0
2024-10-08 22:30:00,375.0,-218.0
2024-10-08 22:31:00,382.0,-216.0
2024-10-08 22:32:00,378.0,-215.0
2024-10-08 22:33:00,373.0,-213.0
2024-10-08 22:34:00,370.0,-213.0
2024-10-08 22:35:00,378.0,-216.0
2024-10-08 22:36:00,389.0,-218.0
2024-10-08 22:37:00,384.0,-217.0
2024-10-08 22:38:00,381.0,-212.0
2024-10-08 22:39:00,389.0,-209.0
2024-10-08 22:40:00,380.0,-199.0
2024-10-08 22:41:00,363.0,-187.0
2024-10-08 22:42:00,341.0,-179.0
2024-10-08 22:43:00,315.0,-166.0
2024-10-08 22:44:00,285.0,-144.0
2024-10-08 22:45:00,274.0,-134.0
2024-10-08 22:46:00,262.0,-127.0
2024-10-08 22:47:00,250.0,-119.0
2024-10-08 22:48:00,240.0,-110.0
2024-10-08 22:49:00,238.0,-102.0
2024-10-08 22:50:00,241.0,-94.0
2024-10-08 22:51:00,239.0,-88.0
2024-10-08 22:52:00,233.0,-81.0
2024-10-08 22:53:00,233.0,-85.0
2024-10-08 22:54:00,247.0,-97.0
2024-10-08 22:55:00,245.0,-87.0
2024-10-08 22:56:00,242.0,-81.0
2024-10-08 22:57:00,237.0,-77.0
2024-10-08 22:58:00,254.0,-82.0
2024-10-08 22:59:00,273.0,-93.0
2024-10-08 23:00:00,293.0,-105.0
2024-10-08 23:01:00,303.0,-113.0
2024-10-08 23:02:00,292.0,-112.0
2024-10-08 23:03:00,302.0,-128.0
2024-10-08 23:04:00,322.0,-157.0
2024-10-08 23:05:00,348.0,-183.0
2024-10-08 23:06:00,440.0,-281.0
2024-10-08 23:07:00,556.0,-406.0
2024-10-08 23:08:00,651.0,-507.0
2024-10-08 23:09:00,588.0,-447.0
2024-10-08 23:10:00,561.0,-426.0
2024-10-08 23:11:00,571.0,-438.0
2024-10-08 23:12:00,494.0,-363.0
2024-10-08 23:13:00,457.0,-332.0
2024-10-08 23:14:00,457.0,-340.0
2024-10-08 23:15:00,433.0,-327.0
2024-10-08 23:16:00,457.0,-355.0
2024-10-08 23:17:00,535.0,-420.0
2024-10-08 23:18:00,552.0,-435.0
2024-10-08 23:19:00,514.0,-400.0
2024-10-08 23:20:00,542.0,-427.0
2024-10-08 23:21:00,588.0,-472.0
2024-10-08 23:22:00,599.0,-487.0
2024-10-08 23:23:00,578.0,-464.0
2024-10-08 23:24:00,573.0,-458.0
2024-10-08 23:25:00,585.0,-468.0
2024-10-08 23:26:00,596.0,-467.0
2024-10-08 23:27:00,606.0,-476.0
2024-10-08 23:28:00,574.0,-444.0
2024-10-08 23:29:00,589.0,-456.0
2024-10-08 23:30:00,590.0,-456.0
2024-10-08 23:31:00,583.0,-442.0
2024-10-08 23:32:00,586.0,-447.0
2024-10-08 23:33:00,579.0,-447.0
2024-10-08 23:34:00,531.0,-408.0
2024-10-08 23:35:00,497.0,-376.0
2024-10-08 23:36:00,523.0,-397.0
2024-10-08 23:37:00,525.0,-397.0
2024-10-08 23:38:00,528.0,-401.0
2024-10-08 23:39:00,534.0,-408.0
2024-10-08 23:40:00,614.0,-489.0
2024-10-08 23:41:00,682.0,-556.0
2024-10-08 23:42:00,689.0,-564.0
2024-10-08 23:43:00,687.0,-563.0
2024-10-08 23:44:00,634.0,-510.0
2024-10-08 23:45:00,533.0,-417.0
2024-10-08 23:46:00,496.0,-373.0
2024-10-08 23:47:00,501.0,-360.0
2024-10-08 23:48:00,459.0,-333.0
2024-10-08 23:49:00,464.0,-348.0
2024-10-08 23:50:00,461.0,-352.0
2024-10-08 23:51:00,458.0,-339.0
2024-10-08 23:52:00,474.0,-357.0
2024-10-08 23:53:00,493.0,-380.0
2024-10-08 23:54:00,510.0,-397.0
2024-10-08 23:55:00,513.0,-387.0
2024-10-08 23:56:00,523.0,-391.0
2024-10-08 23:57:00,532.0,-407.0
2024-10-08 23:58:00,609.0,-485.0
2024-10-08 23:59:00,586.0,-465.0
2024-10-09 00:00:00,547.0,-423.0
2024-10-09 00:01:00,536.0,-401.0
2024-10-09 00:02:00,553.0,-418.0
2024-10-09 00:03:00,585.0,-441.0
2024-10-09 00:04:00,573.0,-446.0
2024-10-09 00:05:00,597.0,-469.0
2024-10-09 00:06:00,650.0,-508.0
2024-10-09 00:07:00,709.0,-531.0
2024-10-09 00:08:00,762.0,-544.0
2024-10-09 00:09:00,799.0,-538.0
2024-10-09 00:10:00,774.0,-512.0
2024-10-09 00:11:00,730.0,-502.0
2024-10-09 00:12:00,683.0,-473.0
2024-10-09 00:13:00,693.0,-459.0
2024-10-09 00:14:00,682.0,-451.0
2024-10-09 00:15:00,683.0,-456.0
2024-10-09 00:16:00,625.0,-446.0
2024-10-09 00:17:00,551.0,-407.0
2024-10-09 00:18:00,515.0,-359.0
2024-10-09 00:19:00,549.0,-400.0
2024-10-09 00:20:00,640.0,-491.0
2024-10-09 00:21:00,696.0,-558.0
2024-10-09 00:22:00,724.0,-592.0
2024-10-09 00:23:00,664.0,-545.0
2024-10-09 00:24:00,589.0,-455.0
2024-10-09 00:25:00,523.0,-389.0
2024-10-09 00:26:00,492.0,-347.0
2024-10-09 00:27:00,504.0,-333.0
2024-10-09 00:28:00,499.0,-313.0
2024-10-09 00:29:00,505.0,-303.0
2024-10-09 00:30:00,512.0,-304.0
2024-10-09 00:31:00,533.0,-338.0
2024-10-09 00:32:00,569.0,-374.0
2024-10-09 00:33:00,590.0,-394.0
2024-10-09 00:34:00,591.0,-401.0
2024-10-09 00:35:00,614.0,-422.0
2024-10-09 00:36:00,625.0,-420.0
2024-10-09 00:37:00,617.0,-392.0
2024-10-09 00:38:00,639.0,-404.0
2024-10-09 00:39:00,640.0,-393.0
2024-10-09 00:40:00,630.0,-379.0
2024-10-09 00:41:00,651.0,-396.0
2024-10-09 00:42:00,562.0,-312.0
2024-10-09 00:43:00,546.0,-295.0
2024-10-09 00:44:00,563.0,-309.0
2024-10-09 00:45:00,571.0,-322.0
2024-10-09 00:46:00,568.0,-331.0
2024-10-09 00:47:00,559.0,-333.0
2024-10-09 00:48:00,561.0,-337.0
2024-10-09 00:49:00,564.0,-331.0
2024-10-09 00:50:00,555.0,-317.0
2024-10-09 00:51:00,568.0,-330.0
2024-10-09 00:52:00,567.0,-332.0
2024-10-09 00:53:00,566.0,-334.0
2024-10-09 00:54:00,587.0,-361.0
2024-10-09 00:55:00,555.0,-340.0
2024-10-09 00:56:00,582.0,-374.0
2024-10-09 00:57:00,551.0,-343.0
2024-10-09 00:58:00,554.0,-347.0
2024-10-09 00:59:00,583.0,-376.0
2024-10-09 01:00:00,545.0,-349.0
2024-10-09 01:01:00,567.0,-376.0
2024-10-09 01:02:00,573.0,-392.0
2024-10-09 01:03:00,585.0,-386.0
2024-10-09 01:04:00,586.0,-378.0
2024-10-09 01:05:00,594.0,-374.0
2024-10-09 01:06:00,598.0,-371.0
2024-10-09 01:07:00,611.0,-381.0
2024-10-09 01:08:00,660.0,-440.0
2024-10-09 01:09:00,691.0,-479.0
2024-10-09 01:10:00,750.0,-525.0
2024-10-09 01:11:00,743.0,-525.0
2024-10-09 01:12:00,719.0,-501.0
2024-10-09 01:13:00,675.0,-476.0
2024-10-09 01:14:00,614.0,-421.0
2024-10-09 01:15:00,566.0,-389.0
2024-10-09 01:16:00,540.0,-373.0
2024-10-09 01:17:00,513.0,-350.0
2024-10-09 01:18:00,489.0,-334.0
2024-10-09 01:19:00,454.0,-310.0
2024-10-09 01:20:00,425.0,-285.0
2024-10-09 01:21:00,413.0,-267.0
2024-10-09 01:22:00,415.0,-268.0
2024-10-09 01:23:00,486.0,-335.0
2024-10-09 01:24:00,573.0,-417.0
2024-10-09 01:25:00,642.0,-469.0
2024-10-09 01:26:00,623.0,-461.0
2024-10-09 01:27:00,579.0,-426.0
2024-10-09 01:28:00,538.0,-387.0
2024-10-09 01:29:00,542.0,-394.0
2024-10-09 01:30:00,585.0,-440.0
2024-10-09 01:31:00,584.0,-438.0
2024-10-09 01:32:00,523.0,-378.0
2024-10-09 01:33:00,468.0,-325.0
2024-10-09 01:34:00,454.0,-312.0
2024-10-09 01:35:00,427.0,-287.0
2024-10-09 01:36:00,409.0,-272.0
2024-10-09 01:37:00,402.0,-269.0
2024-10-09 01:38:00,386.0,-253.0
2024-10-09 01:39:00,387.0,-250.0
2024-10-09 01:40:00,400.0,-260.0
2024-10-09 01:41:00,403.0,-262.0
2024-10-09 01:42:00,390.0,-252.0
2024-10-09 01:43:00,370.0,-238.0
2024-10-09 01:44:00,348.0,-219.0
2024-10-09 01:45:00,328.0,-204.0
2024-10-09 01:46:00,302.0,-183.0
2024-10-09 01:47:00,276.0,-163.0
2024-10-09 01:48:00,275.0,-162.0
2024-10-09 01:49:00,274.0,-162.0
2024-10-09 01:50:00,276.0,-166.0
2024-10-09 01:51:00,280.0,-178.0
2024-10-09 01:52:00,291.0,-195.0
2024-10-09 01:53:00,301.0,-205.0
2024-10-09 01:54:00,310.0,-212.0
2024-10-09 01:55:00,309.0,-211.0
2024-10-09 01:56:00,302.0,-200.0
2024-10-09 01:57:00,295.0,-189.0
2024-10-09 01:58:00,300.0,-187.0
2024-10-09 01:59:00,310.0,-189.0
2024-10-09 02:00:00,319.0,-196.0
2024-10-09 02:01:00,319.0,-195.0
2024-10-09 02:02:00,320.0,-193.0
2024-10-09 02:03:00,310.0,-185.0
2024-10-09 02:04:00,292.0,-169.0
2024-10-09 02:05:00,273.0,-151.0
2024-10-09 02:06:00,258.0,-135.0
2024-10-09 02:07:00,248.0,-128.0
2024-10-09 02:08:00,239.0,-124.0
2024-10-09 02:09:00,219.0,-112.0
2024-10-09 02:10:00,197.0,-100.0
2024-10-09 02:11:00,183.0,-93.0
2024-10-09 02:12:00,177.0,-90.0
2024-10-09 02:13:00,176.0,-90.0
2024-10-09 02:14:00,183.0,-95.0
2024-10-09 02:15:00,184.0,-95.0
2024-10-09 02:16:00,194.0,-101.0
2024-10-09 02:17:00,196.0,-103.0
2024-10-09 02:18:00,196.0,-104.0
2024-10-09 02:19:00,195.0,-101.0
2024-10-09 02:20:00,195.0,-96.0
2024-10-09 02:21:00,198.0,-97.0
2024-10-09 02:22:00,198.0,-96.0
2024-10-09 02:23:00,195.0,-95.0
2024-10-09 02:24:00,195.0,-94.0
2024-10-09 02:25:00,197.0,-91.0
2024-10-09 02:26:00,198.0,-89.0
2024-10-09 02:27:00,200.0,-87.0
2024-10-09 02:28:00,203.0,-89.0
2024-10-09 02:29:00,208.0,-94.0
2024-10-09 02:30:00,209.0,-93.0
2024-10-09 02:31:00,213.0,-98.0
2024-10-09 02:32:00,206.0,-91.0
2024-10-09 02:33:00,201.0,-90.0
2024-10-09 02:34:00,197.0,-92.0
2024-10-09 02:35:00,205.0,-93.0
2024-10-09 02:36:00,219.0,-97.0
2024-10-09 02:37:00,224.0,-99.0
2024-10-09 02:38:00,231.0,-106.0
2024-10-09 02:39:00,223.0,-108.0
2024-10-09 02:40:00,219.0,-110.0
2024-10-09 02:41:00,221.0,-115.0
2024-10-09 02:42:00,220.0,-112.0
2024-10-09 02:43:00,213.0,-102.0
2024-10-09 02:44:00,207.0,-93.0
2024-10-09 02:45:00,197.0,-85.0
2024-10-09 02:46:00,205.0,-90.0
2024-10-09 02:47:00,215.0,-89.0
2024-10-09 02:48:00,226.0,-94.0
2024-10-09 02:49:00,247.0,-105.0
2024-10-09 02:50:00,266.0,-110.0
2024-10-09 02:51:00,269.0,-111.0
2024-10-09 02:52:00,252.0,-112.0
2024-10-09 02:53:00,245.0,-120.0
2024-10-09 02:54:00,257.0,-127.0
2024-10-09 02:55:00,273.0,-131.0
2024-10-09 02:56:00,275.0,-130.0
2024-10-09 02:57:00,267.0,-126.0
2024-10-09 02:58:00,257.0,-121.0
2024-10-09 02:59:00,252.0,-118.0
2024-10-09 03:00:00,250.0,-121.0
2024-10-09 03:01:00,246.0,-125.0
2024-10-09 03:02:00,261.0,-131.0
2024-10-09 03:03:00,261.0,-137.0
2024-10-09 03:04:00,248.0,-141.0
2024-10-09 03:05:00,232.0,-139.0
2024-10-09 03:06:00,213.0,-134.0
2024-10-09 03:07:00,199.0,-116.0
2024-10-09 03:08:00,210.0,-118.0
2024-10-09 03:09:00,232.0,-126.0
2024-10-09 03:10:00,240.0,-138.0
2024-10-09 03:11:00,275.0,-151.0
2024-10-09 03:12:00,279.0,-155.0
2024-10-09 03:13:00,277.0,-153.0
2024-10-09 03:14:00,294.0,-152.0
2024-10-09 03:15:00,294.0,-154.0
2024-10-09 03:16:00,291.0,-154.0
2024-10-09 03:17:00,276.0,-143.0
2024-10-09 03:18:00,261.0,-133.0
2024-10-09 03:19:00,264.0,-133.0
2024-10-09 03:20:00,289.0,-158.0
2024-10-09 03:21:00,290.0,-152.0
2024-10-09 03:22:00,305.0,-155.0
2024-10-09 03:23:00,313.0,-163.0
2024-10-09 03:24:00,327.0,-166.0
2024-10-09 03:25:00,319.0,-158.0
2024-10-09 03:26:00,322.0,-150.0
2024-10-09 03:27:00,331.0,-152.0
2024-10-09 03:28:00,336.0,-160.0
2024-10-09 03:29:00,338.0,-159.0
2024-10-09 03:30:00,333.0,-155.0
2024-10-09 03:31:00,326.0,-151.0
2024-10-09 03:32:00,320.0,-151.0
2024-10-09 03:33:00,320.0,-156.0
2024-10-09 03:34:00,310.0,-147.0
2024-10-09 03:35:00,304.0,-139.0
2024-10-09 03:36:00,301.0,-131.0
2024-10-09 03:37:00,311.0,-128.0
2024-10-09 03:38:00,318.0,-123.0
2024-10-09 03:39:00,320.0,-115.0
2024-10-09 03:40:00,315.0,-114.0
2024-10-09 03:41:00,299.0,-112.0
2024-10-09 03:42:00,282.0,-107.0
2024-10-09 03:43:00,267.0,-104.0
2024-10-09 03:44:00,256.0,-103.0
2024-10-09 03:45:00,270.0,-116.0
2024-10-09 03:46:00,288.0,-128.0
2024-10-09 03:47:00,298.0,-141.0
2024-10-09 03:48:00,304.0,-147.0
2024-10-09 03:49:00,303.0,-145.0
2024-10-09 03:50:00,301.0,-137.0
2024-10-09 03:51:00,303.0,-142.0
2024-10-09 03:52:00,367.0,-207.0
2024-10-09 03:53:00,426.0,-266.0
2024-10-09 03:54:00,462.0,-312.0
2024-10-09 03:55:00,405.0,-254.0
2024-10-09 03:56:00,349.0,-202.0
2024-10-09 03:57:00,318.0,-180.0
2024-10-09 03:58:00,307.0,-177.0
2024-10-09 03:59:00,303.0,-180.0
2024-10-09 04:00:00,324.0,-194.0
2024-10-09 04:01:00,355.0,-214.0
2024-10-09 04:02:00,369.0,-218.0
2024-10-09 04:03:00,393.0,-231.0
2024-10-09 04:04:00,404.0,-234.0
2024-10-09 04:05:00,414.0,-237.0
2024-10-09 04:06:00,412.0,-233.0
2024-10-09 04:07:00,411.0,-244.0
2024-10-09 04:08:00,397.0,-246.0
2024-10-09 04:09:00,395.0,-250.0
2024-10-09 04:10:00,442.0,-292.0
2024-10-09 04:11:00,464.0,-313.0
2024-10-09 04:12:00,446.0,-300.0
2024-10-09 04:13:00,425.0,-281.0
2024-10-09 04:14:00,401.0,-278.0
2024-10-09 04:15:00,402.0,-286.0
2024-10-09 04:16:00,471.0,-352.0
2024-10-09 04:17:00,523.0,-411.0
2024-10-09 04:18:00,531.0,-423.0
2024-10-09 04:19:00,496.0,-392.0
2024-10-09 04:20:00,474.0,-371.0
2024-10-09 04:21:00,463.0,-357.0
2024-10-09 04:22:00,482.0,-383.0
2024-10-09 04:23:00,459.0,-364.0
2024-10-09 04:24:00,494.0,-408.0
2024-10-09 04:25:00,631.0,-558.0
2024-10-09 04:26:00,642.0,-573.0
2024-10-09 04:27:00,507.0,-440.0
2024-10-09 04:28:00,448.0,-391.0
2024-10-09 04:29:00,391.0,-339.0
2024-10-09 04:30:00,416.0,-348.0
2024-10-09 04:31:00,406.0,-339.0
2024-10-09 04:32:00,436.0,-364.0
2024-10-09 04:33:00,489.0,-415.0
2024-10-09 04:34:00,507.0,-438.0
2024-10-09 04:35:00,516.0,-456.0
2024-10-09 04:36:00,510.0,-452.0
2024-10-09 04:37:00,502.0,-446.0
2024-10-09 04:38:00,508.0,-451.0
2024-10-09 04:39:00,473.0,-410.0
2024-10-09 04:40:00,431.0,-369.0
2024-10-09 04:41:00,436.0,-363.0
2024-10-09 04:42:00,447.0,-368.0
2024-10-09 04:43:00,489.0,-406.0
2024-10-09 04:44:00,521.0,-435.0
2024-10-09 04:45:00,547.0,-460.0
2024-10-09 04:46:00,535.0,-443.0
2024-10-09 04:47:00,537.0,-426.0
2024-10-09 04:48:00,563.0,-429.0
2024-10-09 04:49:00,587.0,-442.0
2024-10-09 04:50:00,627.0,-450.0
2024-10-09 04:51:00,641.0,-463.0
2024-10-09 04:52:00,628.0,-463.0
2024-10-09 04:53:00,627.0,-478.0
2024-10-09 04:54:00,628.0,-467.0
2024-10-09 04:55:00,629.0,-435.0
2024-10-09 04:56:00,671.0,-430.0
2024-10-09 04:57:00,676.0,-434.0
2024-10-09 04:58:00,615.0,-431.0
2024-10-09 04:59:00,643.0,-472.0
2024-10-09 05:00:00,609.0,-462.0
2024-10-09 05:01:00,606.0,-463.0
2024-10-09 05:02:00,616.0,-477.0
2024-10-09 05:03:00,632.0,-472.0
2024-10-09 05:04:00,619.0,-445.0
2024-10-09 05:05:00,614.0,-440.0
2024-10-09 05:06:00,579.0,-418.0
2024-10-09 05:07:00,568.0,-420.0
2024-10-09 05:08:00,575.0,-411.0
2024-10-09 05:09:00,593.0,-431.0
2024-10-09 05:10:00,610.0,-408.0
2024-10-09 05:11:00,624.0,-381.0
2024-10-09 05:12:00,564.0,-371.0
2024-10-09 05:13:00,538.0,-365.0
2024-10-09 05:14:00,529.0,-355.0
2024-10-09 05:15:00,507.0,-348.0
2024-10-09 05:16:00,493.0,-352.0
2024-10-09 05:17:00,515.0,-371.0
2024-10-09 05:18:00,554.0,-398.0
2024-10-09 05:19:00,568.0,-388.0
2024-10-09 05:20:00,623.0,-394.0
2024-10-09 05:21:00,645.0,-401.0
2024-10-09 05:22:00,612.0,-404.0
2024-10-09 05:23:00,569.0,-409.0
2024-10-09 05:24:00,557.0,-415.0
2024-10-09 05:25:00,548.0,-410.0
2024-10-09 05:26:00,542.0,-399.0
2024-10-09 05:27:00,501.0,-363.0
2024-10-09 05:28:00,478.0,-335.0
2024-10-09 05:29:00,488.0,-341.0
2024-10-09 05:30:00,527.0,-351.0
2024-10-09 05:31:00,540.0,-378.0
2024-10-09 05:32:00,534.0,-387.0
2024-10-09 05:33:00,559.0,-406.0
2024-10-09 05:34:00,573.0,-429.0
2024-10-09 05:35:00,567.0,-444.0
2024-10-09 05:36:00,528.0,-416.0
2024-10-09 05:37:00,490.0,-394.0
2024-10-09 05:38:00,494.0,-398.0
2024-10-09 05:39:00,501.0,-399.0
2024-10-09 05:40:00,497.0,-383.0
2024-10-09 05:41:00,498.0,-380.0
2024-10-09 05:42:00,525.0,-408.0
2024-10-09 05:43:00,530.0,-419.0
2024-10-09 05:44:00,562.0,-457.0
2024-10-09 05:45:00,518.0,-416.0
2024-10-09 05:46:00,513.0,-415.0
2024-10-09 05:47:00,562.0,-470.0
2024-10-09 05:48:00,549.0,-462.0
2024-10-09 05:49:00,664.0,-578.0
2024-10-09 05:50:00,653.0,-567.0
2024-10-09 05:51:00,564.0,-483.0
2024-10-09 05:52:00,616.0,-545.0
2024-10-09 05:53:00,621.0,-555.0
2024-10-09 05:54:00,588.0,-506.0
2024-10-09 05:55:00,753.0,-653.0
2024-10-09 05:56:00,829.0,-726.0
2024-10-09 05:57:00,674.0,-570.0
2024-10-09 05:58:00,627.0,-530.0
2024-10-09 05:59:00,566.0,-470.0
2024-10-09 06:00:00,496.0,-408.0
2024-10-09 06:01:00,454.0,-379.0
2024-10-09 06:02:00,485.0,-417.0
2024-10-09 06:03:00,458.0,-386.0
2024-10-09 06:04:00,462.0,-362.0
2024-10-09 06:05:00,485.0,-363.0
2024-10-09 06:06:00,439.0,-348.0
2024-10-09 06:07:00,412.0,-325.0
2024-10-09 06:08:00,406.0,-319.0
2024-10-09 06:09:00,442.0,-321.0
2024-10-09 06:10:00,528.0,-311.0
2024-10-09 06:11:00,458.0,-291.0
2024-10-09 06:12:00,437.0,-301.0
2024-10-09 06:13:00,448.0,-340.0
2024-10-09 06:14:00,469.0,-367.0
2024-10-09 06:15:00,455.0,-348.0
2024-10-09 06:16:00,473.0,-353.0
2024-10-09 06:17:00,472.0,-342.0
2024-10-09 06:18:00,451.0,-316.0
2024-10-09 06:19:00,445.0,-306.0
2024-10-09 06:20:00,439.0,-288.0
2024-10-09 06:21:00,481.0,-345.0
2024-10-09 06:22:00,497.0,-357.0
2024-10-09 06:23:00,497.0,-352.0
2024-10-09 06:24:00,528.0,-385.0
2024-10-09 06:25:00,521.0,-378.0
2024-10-09 06:26:00,482.0,-336.0
2024-10-09 06:27:00,456.0,-315.0
2024-10-09 06:28:00,483.0,-351.0
2024-10-09 06:29:00,501.0,-379.0
2024-10-09 06:30:00,515.0,-402.0
2024-10-09 06:31:00,512.0,-405.0
2024-10-09 06:32:00,480.0,-373.0
2024-10-09 06:33:00,451.0,-343.0
2024-10-09 06:34:00,442.0,-338.0
2024-10-09 06:35:00,419.0,-316.0
2024-10-09 06:36:00,404.0,-295.0
2024-10-09 06:37:00,408.0,-288.0
2024-10-09 06:38:00,405.0,-281.0
2024-10-09 06:39:00,406.0,-279.0
2024-10-09 06:40:00,434.0,-305.0
2024-10-09 06:41:00,472.0,-345.0
2024-10-09 06:42:00,445.0,-322.0
2024-10-09 06:43:00,425.0,-303.0
2024-10-09 06:44:00,438.0,-320.0
2024-10-09 06:45:00,450.0,-325.0
2024-10-09 06:46:00,455.0,-327.0
2024-10-09 06:47:00,421.0,-298.0
2024-10-09 06:48:00,413.0,-300.0
2024-10-09 06:49:00,426.0,-321.0
2024-10-09 06:50:00,424.0,-319.0
2024-10-09 06:51:00,426.0,-324.0
2024-10-09 06:52:00,424.0,-330.0
2024-10-09 06:53:00,420.0,-328.0
2024-10-09 06:54:00,422.0,-330.0
2024-10-09 06:55:00,466.0,-372.0
2024-10-09 06:56:00,421.0,-325.0
2024-10-09 06:57:00,387.0,-288.0
2024-10-09 06:58:00,364.0,-269.0
2024-10-09 06:59:00,342.0,-254.0
2024-10-09 07:00:00,324.0,-241.0
2024-10-09 07:01:00,312.0,-230.0
2024-10-09 07:02:00,344.0,-250.0
2024-10-09 07:03:00,438.0,-335.0
2024-10-09 07:04:00,512.0,-405.0
2024-10-09 07:05:00,458.0,-349.0
2024-10-09 07:06:00,461.0,-351.0
2024-10-09 07:07:00,735.0,-627.0
2024-10-09 07:08:00,713.0,-604.0
2024-10-09 07:09:00,673.0,-544.0
2024-10-09 07:10:00,786.0,-620.0
2024-10-09 07:11:00,739.0,-561.0
2024-10-09 07:12:00,633.0,-466.0
2024-10-09 07:13:00,548.0,-400.0
2024-10-09 07:14:00,471.0,-331.0
2024-10-09 07:15:00,431.0,-293.0
2024-10-09 07:16:00,400.0,-256.0
2024-10-09 07:17:00,395.0,-238.0
2024-10-09 07:18:00,415.0,-254.0
2024-10-09 07:19:00,387.0,-226.0
2024-10-09 07:20:00,489.0,-332.0
2024-10-09 07:21:00,397.0,-254.0
2024-10-09 07:22:00,523.0,-396.0
2024-10-09 07:23:00,484.0,-360.0
2024-10-09 07:24:00,457.0,-331.0
2024-10-09 07:25:00,361.0,-220.0
2024-10-09 07:26:00,359.0,-209.0
2024-10-09 07:27:00,364.0,-214.0
2024-10-09 07:28:00,359.0,-220.0
2024-10-09 07:29:00,343.0,-216.0
2024-10-09 07:30:00,340.0,-220.0
2024-10-09 07:31:00,359.0,-230.0
2024-10-09 07:32:00,366.0,-226.0
2024-10-09 07:33:00,362.0,-224.0
2024-10-09 07:34:00,376.0,-244.0
2024-10-09 07:35:00,365.0,-238.0
2024-10-09 07:36:00,364.0,-232.0
2024-10-09 07:37:00,363.0,-217.0
2024-10-09 07:38:00,356.0,-205.0
2024-10-09 07:39:00,360.0,-205.0
2024-10-09 07:40:00,375.0,-215.0
2024-10-09 07:41:00,377.0,-219.0
2024-10-09 07:42:00,382.0,-215.0
2024-10-09 07:43:00,389.0,-210.0
2024-10-09 07:44:00,400.0,-223.0
2024-10-09 07:45:00,398.0,-226.0
2024-10-09 07:46:00,386.0,-221.0
2024-10-09 07:47:00,394.0,-228.0
2024-10-09 07:48:00,405.0,-230.0
2024-10-09 07:49:00,420.0,-237.0
2024-10-09 07:50:00,417.0,-234.0
2024-10-09 07:51:00,485.0,-300.0
2024-10-09 07:52:00,458.0,-276.0
2024-10-09 07:53:00,409.0,-226.0
2024-10-09 07:54:00,411.0,-224.0
2024-10-09 07:55:00,414.0,-230.0
2024-10-09 07:56:00,423.0,-235.0
2024-10-09 07:57:00,445.0,-241.0
2024-10-09 07:58:00,446.0,-240.0
2024-10-09 07:59:00,436.0,-238.0
2024-10-09 08:00:00,430.0,-230.0
2024-10-09 08:01:00,411.0,-223.0
2024-10-09 08:02:00,397.0,-221.0
2024-10-09 08:03:00,391.0,-212.0
2024-10-09 08:04:00,389.0,-213.0
2024-10-09 08:05:00,387.0,-215.0
2024-10-09 08:06:00,396.0,-212.0
2024-10-09 08:07:00,393.0,-206.0
2024-10-09 08:08:00,399.0,-198.0
2024-10-09 08:09:00,404.0,-189.0
2024-10-09 08:10:00,402.0,-185.0
2024-10-09 08:11:00,405.0,-192.0
2024-10-09 08:12:00,410.0,-197.0
2024-10-09 08:13:00,422.0,-200.0
2024-10-09 08:14:00,414.0,-196.0
2024-10-09 08:15:00,394.0,-195.0
2024-10-09 08:16:00,369.0,-191.0
2024-10-09 08:17:00,350.0,-181.0
2024-10-09 08:18:00,342.0,-171.0
2024-10-09 08:19:00,331.0,-161.0
2024-10-09 08:20:00,323.0,-155.0
2024-10-09 08:21:00,313.0,-153.0
2024-10-09 08:22:00,315.0,-157.0
2024-10-09 08:23:00,316.0,-156.0
2024-10-09 08:24:00,356.0,-188.0
2024-10-09 08:25:00,443.0,-272.0
2024-10-09 08:26:00,404.0,-226.0
2024-10-09 08:27:00,405.0,-212.0
2024-10-09 08:28:00,471.0,-273.0
2024-10-09 08:29:00,629.0,-443.0
2024-10-09 08:30:00,678.0,-498.0
2024-10-09 08:31:00,588.0,-399.0
2024-10-09 08:32:00,566.0,-376.0
2024-10-09 08:33:00,525.0,-334.0
2024-10-09 08:34:00,514.0,-327.0
2024-10-09 08:35:00,481.0,-269.0
2024-10-09 08:36:00,528.0,-311.0
2024-10-09 08:37:00,789.0,-590.0
2024-10-09 08:38:00,867.0,-659.0
2024-10-09 08:39:00,817.0,-583.0
2024-10-09 08:40:00,690.0,-429.0
2024-10-09 08:41:00,621.0,-356.0
2024-10-09 08:42:00,604.0,-346.0
2024-10-09 08:43:00,601.0,-344.0
2024-10-09 08:44:00,622.0,-360.0
2024-10-09 08:45:00,657.0,-378.0
2024-10-09 08:46:00,686.0,-384.0
2024-10-09 08:47:00,710.0,-401.0
2024-10-09 08:48:00,734.0,-420.0
2024-10-09 08:49:00,725.0,-426.0
2024-10-09 08:50:00,713.0,-426.0
2024-10-09 08:51:00,711.0,-427.0
2024-10-09 08:52:00,708.0,-413.0
2024-10-09 08:53:00,702.0,-395.0
2024-10-09 08:54:00,696.0,-395.0
2024-10-09 08:55:00,699.0,-393.0
2024-10-09 08:56:00,683.0,-370.0
2024-10-09 08:57:00,705.0,-370.0
2024-10-09 08:58:00,714.0,-380.0
2024-10-09 08:59:00,706.0,-400.0
2024-10-09 09:00:00,691.0,-420.0
2024-10-09 09:01:00,682.0,-425.0
2024-10-09 09:02:00,675.0,-413.0
2024-10-09 09:03:00,666.0,-400.0
2024-10-09 09:04:00,683.0,-397.0
2024-10-09 09:05:00,705.0,-411.0
2024-10-09 09:06:00,728.0,-431.0
2024-10-09 09:07:00,711.0,-417.0
2024-10-09 09:08:00,721.0,-431.0
2024-10-09 09:09:00,731.0,-434.0
2024-10-09 09:10:00,723.0,-414.0
2024-10-09 09:11:00,715.0,-398.0
2024-10-09 09:12:00,722.0,-394.0
2024-10-09 09:13:00,724.0,-398.0
2024-10-09 09:14:00,748.0,-416.0
2024-10-09 09:15:00,749.0,-411.0
2024-10-09 09:16:00,743.0,-407.0
2024-10-09 09:17:00,741.0,-407.0
2024-10-09 09:18:00,724.0,-392.0
2024-10-09 09:19:00,736.0,-402.0
2024-10-09 09:20:00,729.0,-392.0
2024-10-09 09:21:00,716.0,-370.0
2024-10-09 09:22:00,713.0,-362.0
2024-10-09 09:23:00,691.0,-336.0
2024-10-09 09:24:00,672.0,-313.0
2024-10-09 09:25:00,648.0,-293.0
2024-10-09 09:26:00,615.0,-276.0
2024-10-09 09:27:00,586.0,-274.0
2024-10-09 09:28:00,582.0,-282.0
2024-10-09 09:29:00,597.0,-294.0
2024-10-09 09:30:00,627.0,-288.0
2024-10-09 09:31:00,633.0,-297.0
2024-10-09 09:32:00,661.0,-312.0
2024-10-09 09:33:00,662.0,-306.0
2024-10-09 09:34:00,673.0,-311.0
2024-10-09 09:35:00,677.0,-319.0
2024-10-09 09:36:00,663.0,-318.0
2024-10-09 09:37:00,631.0,-305.0
2024-10-09 09:38:00,607.0,-291.0
2024-10-09 09:39:00,619.0,-300.0
2024-10-09 09:40:00,628.0,-305.0
2024-10-09 09:41:00,617.0,-292.0
2024-10-09 09:42:00,596.0,-265.0
2024-10-09 09:43:00,570.0,-255.0
2024-10-09 09:44:00,546.0,-266.0
2024-10-09 09:45:00,536.0,-276.0
2024-10-09 09:46:00,534.0,-278.0
2024-10-09 09:47:00,522.0,-273.0
2024-10-09 09:48:00,511.0,-272.0
2024-10-09 09:49:00,499.0,-272.0
2024-10-09 09:50:00,499.0,-270.0
2024-10-09 09:51:00,486.0,-267.0
2024-10-09 09:52:00,535.0,-322.0
2024-10-09 09:53:00,505.0,-297.0
2024-10-09 09:54:00,496.0,-297.0
2024-10-09 09:55:00,467.0,-268.0
2024-10-09 09:56:00,494.0,-291.0
2024-10-09 09:57:00,474.0,-271.0
2024-10-09 09:58:00,497.0,-305.0
2024-10-09 09:59:00,463.0,-282.0
2024-10-09 10:00:00,434.0,-265.0
2024-10-09 10:01:00,472.0,-265.0
2024-10-09 10:02:00,526.0,-257.0
2024-10-09 10:03:00,540.0,-253.0
2024-10-09 10:04:00,499.0,-253.0
2024-10-09 10:05:00,459.0,-252.0
2024-10-09 10:06:00,442.0,-265.0
2024-10-09 10:07:00,442.0,-286.0
2024-10-09 10:08:00,426.0,-298.0
2024-10-09 10:09:00,505.0,-311.0
2024-10-09 10:10:00,530.0,-315.0
2024-10-09 10:11:00,528.0,-313.0
2024-10-09 10:12:00,554.0,-312.0
2024-10-09 10:13:00,592.0,-314.0
2024-10-09 10:14:00,582.0,-315.0
2024-10-09 10:15:00,584.0,-318.0
2024-10-09 10:16:00,595.0,-319.0
2024-10-09 10:17:00,610.0,-317.0
2024-10-09 10:18:00,606.0,-316.0
2024-10-09 10:19:00,594.0,-303.0
2024-10-09 10:20:00,574.0,-282.0
2024-10-09 10:21:00,579.0,-264.0
2024-10-09 10:22:00,552.0,-254.0
2024-10-09 10:23:00,541.0,-259.0
2024-10-09 10:24:00,529.0,-259.0
2024-10-09 10:25:00,509.0,-258.0
2024-10-09 10:26:00,491.0,-245.0
2024-10-09 10:27:00,490.0,-228.0
2024-10-09 10:28:00,485.0,-223.0
2024-10-09 10:29:00,468.0,-219.0
2024-10-09 10:30:00,463.0,-222.0
2024-10-09 10:31:00,472.0,-237.0
2024-10-09 10:32:00,476.0,-235.0
2024-10-09 10:33:00,493.0,-235.0
2024-10-09 10:34:00,503.0,-245.0
2024-10-09 10:35:00,507.0,-253.0
2024-10-09 10:36:00,512.0,-262.0
2024-10-09 10:37:00,497.0,-247.0
2024-10-09 10:38:00,484.0,-242.0
2024-10-09 10:39:00,472.0,-240.0
2024-10-09 10:40:00,481.0,-257.0
2024-10-09 10:41:00,513.0,-285.0
2024-10-09 10:42:00,553.0,-314.0
2024-10-09 10:43:00,562.0,-333.0
2024-10-09 10:44:00,557.0,-341.0
2024-10-09 10:45:00,566.0,-354.0
2024-10-09 10:46:00,581.0,-368.0
2024-10-09 10:47:00,586.0,-388.0
2024-10-09 10:48:00,582.0,-389.0
2024-10-09 10:49:00,596.0,-391.0
2024-10-09 10:50:00,581.0,-367.0
2024-10-09 10:51:00,582.0,-360.0
2024-10-09 10:52:00,579.0,-349.0
2024-10-09 10:53:00,592.0,-357.0
2024-10-09 10:54:00,604.0,-376.0
2024-10-09 10:55:00,635.0,-408.0
2024-10-09 10:56:00,633.0,-402.0
2024-10-09 10:57:00,617.0,-386.0
2024-10-09 10:58:00,618.0,-382.0
2024-10-09 10:59:00,638.0,-397.0
2024-10-09 11:00:00,654.0,-408.0
2024-10-09 11:01:00,662.0,-421.0
2024-10-09 11:02:00,684.0,-443.0
2024-10-09 11:03:00,704.0,-470.0
2024-10-09 11:04:00,710.0,-484.0
2024-10-09 11:05:00,681.0,-468.0
2024-10-09 11:06:00,642.0,-440.0
2024-10-09 11:07:00,629.0,-437.0
2024-10-09 11:08:00,653.0,-459.0
2024-10-09 11:09:00,680.0,-483.0
2024-10-09 11:10:00,688.0,-495.0
2024-10-09 11:11:00,674.0,-486.0
2024-10-09 11:12:00,645.0,-465.0
2024-10-09 11:13:00,637.0,-460.0
2024-10-09 11:14:00,656.0,-473.0
2024-10-09 11:15:00,670.0,-482.0
2024-10-09 11:16:00,662.0,-474.0
2024-10-09 11:17:00,656.0,-468.0
2024-10-09 11:18:00,614.0,-433.0
2024-10-09 11:19:00,579.0,-406.0
2024-10-09 11:20:00,548.0,-375.0
2024-10-09 11:21:00,531.0,-359.0
2024-10-09 11:22:00,535.0,-358.0
2024-10-09 11:23:00,554.0,-364.0
2024-10-09 11:24:00,556.0,-359.0
2024-10-09 11:25:00,573.0,-374.0
2024-10-09 11:26:00,590.0,-399.0
2024-10-09 11:27:00,603.0,-417.0
2024-10-09 11:28:00,588.0,-422.0
2024-10-09 11:29:00,583.0,-431.0
2024-10-09 11:30:00,589.0,-435.0
2024-10-09 11:31:00,558.0,-406.0
2024-10-09 11:32:00,539.0,-387.0
2024-10-09 11:33:00,528.0,-372.0
2024-10-09 11:34:00,525.0,-363.0
2024-10-09 11:35:00,542.0,-376.0
2024-10-09 11:36:00,542.0,-376.0
2024-10-09 11:37:00,548.0,-381.0
2024-10-09 11:38:00,542.0,-374.0
2024-10-09 11:39:00,534.0,-366.0
2024-10-09 11:40:00,502.0,-348.0
2024-10-09 11:41:00,465.0,-322.0
2024-10-09 11:42:00,442.0,-311.0
2024-10-09 11:43:00,432.0,-299.0
2024-10-09 11:44:00,493.0,-353.0
2024-10-09 11:45:00,598.0,-455.0
2024-10-09 11:46:00,640.0,-497.0
2024-10-09 11:47:00,517.0,-369.0
2024-10-09 11:48:00,471.0,-322.0
2024-10-09 11:49:00,481.0,-324.0
2024-10-09 11:50:00,466.0,-313.0
2024-10-09 11:51:00,449.0,-288.0
2024-10-09 11:52:00,475.0,-289.0
2024-10-09 11:53:00,535.0,-331.0
2024-10-09 11:54:00,557.0,-352.0
2024-10-09 11:55:00,570.0,-362.0
2024-10-09 11:56:00,621.0,-405.0
2024-10-09 11:57:00,653.0,-443.0
2024-10-09 11:58:00,654.0,-447.0
2024-10-09 11:59:00,687.0,-467.0
2024-10-09 12:00:00,716.0,-487.0
2024-10-09 12:01:00,725.0,-491.0
2024-10-09 12:02:00,736.0,-489.0
2024-10-09 12:03:00,755.0,-482.0
2024-10-09 12:04:00,748.0,-462.0
2024-10-09 12:05:00,733.0,-444.0
2024-10-09 12:06:00,721.0,-444.0
2024-10-09 12:07:00,698.0,-449.0
2024-10-09 12:08:00,680.0,-442.0
2024-10-09 12:09:00,682.0,-440.0
2024-10-09 12:10:00,811.0,-556.0
2024-10-09 12:11:00,909.0,-625.0
2024-10-09 12:12:00,784.0,-489.0
2024-10-09 12:13:00,851.0,-556.0
2024-10-09 12:14:00,832.0,-550.0
2024-10-09 12:15:00,864.0,-601.0
2024-10-09 12:16:00,893.0,-642.0
2024-10-09 12:17:00,912.0,-672.0
2024-10-09 12:18:00,742.0,-512.0
2024-10-09 12:19:00,570.0,-355.0
2024-10-09 12:20:00,595.0,-372.0
2024-10-09 12:21:00,626.0,-381.0
2024-10-09 12:22:00,625.0,-383.0
2024-10-09 12:23:00,584.0,-370.0
2024-10-09 12:24:00,522.0,-316.0
2024-10-09 12:25:00,503.0,-295.0
2024-10-09 12:26:00,483.0,-282.0
2024-10-09 12:27:00,543.0,-355.0
2024-10-09 12:28:00,613.0,-426.0
2024-10-09 12:29:00,590.0,-395.0
2024-10-09 12:30:00,598.0,-406.0
2024-10-09 12:31:00,630.0,-454.0
2024-10-09 12:32:00,663.0,-479.0
2024-10-09 12:33:00,642.0,-443.0
2024-10-09 12:34:00,591.0,-389.0
2024-10-09 12:35:00,603.0,-407.0
2024-10-09 12:36:00,602.0,-408.0
2024-10-09 12:37:00,594.0,-389.0
2024-10-09 12:38:00,590.0,-370.0
2024-10-09 12:39:00,607.0,-362.0
2024-10-09 12:40:00,617.0,-356.0
2024-10-09 12:41:00,640.0,-375.0
2024-10-09 12:42:00,675.0,-400.0
2024-10-09 12:43:00,679.0,-410.0
2024-10-09 12:44:00,679.0,-414.0
2024-10-09 12:45:00,695.0,-418.0
2024-10-09 12:46:00,686.0,-394.0
2024-10-09 12:47:00,660.0,-354.0
2024-10-09 12:48:00,679.0,-369.0
2024-10-09 12:49:00,706.0,-398.0
2024-10-09 12:50:00,708.0,-398.0
2024-10-09 12:51:00,700.0,-405.0
2024-10-09 12:52:00,687.0,-397.0
2024-10-09 12:53:00,674.0,-381.0
2024-10-09 12:54:00,692.0,-389.0
2024-10-09 12:55:00,731.0,-415.0
2024-10-09 12:56:00,758.0,-441.0
2024-10-09 12:57:00,769.0,-460.0
2024-10-09 12:58:00,798.0,-489.0
2024-10-09 12:59:00,810.0,-488.0
2024-10-09 13:00:00,840.0,-501.0
2024-10-09 13:01:00,807.0,-452.0
2024-10-09 13:02:00,782.0,-417.0
2024-10-09 13:03:00,762.0,-394.0
2024-10-09 13:04:00,776.0,-416.0
2024-10-09 13:05:00,810.0,-450.0
2024-10-09 13:06:00,821.0,-456.0
2024-10-09 13:07:00,822.0,-452.0
2024-10-09 13:08:00,815.0,-455.0
2024-10-09 13:09:00,829.0,-482.0
2024-10-09 13:10:00,841.0,-492.0
2024-10-09 13:11:00,833.0,-466.0
2024-10-09 13:12:00,844.0,-447.0
2024-10-09 13:13:00,866.0,-451.0
2024-10-09 13:14:00,890.0,-461.0
2024-10-09 13:15:00,886.0,-465.0
2024-10-09 13:16:00,911.0,-487.0
2024-10-09 13:17:00,925.0,-505.0
2024-10-09 13:18:00,941.0,-516.0
2024-10-09 13:19:00,940.0,-505.0
2024-10-09 13:20:00,908.0,-480.0
2024-10-09 13:21:00,898.0,-470.0
2024-10-09 13:22:00,922.0,-495.0
2024-10-09 13:23:00,940.0,-524.0
2024-10-09 13:24:00,944.0,-543.0
2024-10-09 13:25:00,906.0,-533.0
2024-10-09 13:26:00,859.0,-488.0
2024-10-09 13:27:00,832.0,-456.0
2024-10-09 13:28:00,789.0,-415.0
2024-10-09 13:29:00,743.0,-373.0
2024-10-09 13:30:00,722.0,-367.0
2024-10-09 13:31:00,723.0,-383.0
2024-10-09 13:32:00,725.0,-401.0
2024-10-09 13:33:00,745.0,-426.0
2024-10-09 13:34:00,777.0,-445.0
2024-10-09 13:35:00,768.0,-432.0
2024-10-09 13:36:00,727.0,-413.0
2024-10-09 13:37:00,697.0,-405.0
2024-10-09 13:38:00,670.0,-388.0
2024-10-09 13:39:00,633.0,-363.0
2024-10-09 13:40:00,627.0,-359.0
2024-10-09 13:41:00,633.0,-371.0
2024-10-09 13:42:00,639.0,-372.0
2024-10-09 13:43:00,654.0,-377.0
2024-10-09 13:44:00,625.0,-342.0
2024-10-09 13:45:00,558.0,-284.0
2024-10-09 13:46:00,537.0,-279.0
2024-10-09 13:47:00,539.0,-316.0
2024-10-09 13:48:00,527.0,-351.0
2024-10-09 13:49:00,515.0,-350.0
2024-10-09 13:50:00,524.0,-381.0
2024-10-09 13:51:00,558.0,-413.0
2024-10-09 13:52:00,591.0,-426.0
2024-10-09 13:53:00,616.0,-424.0
2024-10-09 13:54:00,624.0,-409.0
2024-10-09 13:55:00,611.0,-394.0
2024-10-09 13:56:00,589.0,-378.0
2024-10-09 13:57:00,573.0,-363.0
2024-10-09 13:58:00,582.0,-365.0
2024-10-09 13:59:00,596.0,-367.0
2024-10-09 14:00:00,605.0,-365.0
2024-10-09 14:01:00,595.0,-355.0
2024-10-09 14:02:00,585.0,-330.0
2024-10-09 14:03:00,601.0,-325.0
2024-10-09 14:04:00,607.0,-312.0
2024-10-09 14:05:00,612.0,-315.0
2024-10-09 14:06:00,646.0,-357.0
2024-10-09 14:07:00,659.0,-370.0
2024-10-09 14:08:00,636.0,-347.0
2024-10-09 14:09:00,617.0,-332.0
2024-10-09 14:10:00,619.0,-336.0
2024-10-09 14:11:00,627.0,-342.0
2024-10-09 14:12:00,617.0,-340.0
2024-10-09 14:13:00,608.0,-328.0
2024-10-09 14:14:00,596.0,-316.0
2024-10-09 14:15:00,599.0,-312.0
2024-10-09 14:16:00,600.0,-311.0
2024-10-09 14:17:00,581.0,-317.0
2024-10-09 14:18:00,536.0,-318.0
2024-10-09 14:19:00,555.0,-324.0
2024-10-09 14:20:00,581.0,-338.0
2024-10-09 14:21:00,578.0,-337.0
2024-10-09 14:22:00,592.0,-349.0
2024-10-09 14:23:00,601.0,-356.0
2024-10-09 14:24:00,619.0,-359.0
2024-10-09 14:25:00,623.0,-371.0
2024-10-09 14:26:00,599.0,-379.0
2024-10-09 14:27:00,607.0,-387.0
2024-10-09 14:28:00,624.0,-409.0
2024-10-09 14:29:00,609.0,-401.0
2024-10-09 14:30:00,607.0,-395.0
2024-10-09 14:31:00,589.0,-363.0
2024-10-09 14:32:00,582.0,-352.0
2024-10-09 14:33:00,585.0,-348.0
2024-10-09 14:34:00,588.0,-353.0
2024-10-09 14:35:00,593.0,-369.0
2024-10-09 14:36:00,611.0,-378.0
2024-10-09 14:37:00,613.0,-370.0
2024-10-09 14:38:00,623.0,-380.0
2024-10-09 14:39:00,627.0,-382.0
2024-10-09 14:40:00,642.0,-385.0
2024-10-09 14:41:00,654.0,-393.0
2024-10-09 14:42:00,663.0,-414.0
2024-10-09 14:43:00,668.0,-429.0
2024-10-09 14:44:00,684.0,-447.0
2024-10-09 14:45:00,692.0,-459.0
2024-10-09 14:46:00,658.0,-426.0
2024-10-09 14:47:00,628.0,-395.0
2024-10-09 14:48:00,610.0,-380.0
2024-10-09 14:49:00,566.0,-336.0
2024-10-09 14:50:00,534.0,-307.0
2024-10-09 14:51:00,526.0,-301.0
2024-10-09 14:52:00,512.0,-288.0
2024-10-09 14:53:00,518.0,-295.0
2024-10-09 14:54:00,548.0,-317.0
2024-10-09 14:55:00,563.0,-328.0
2024-10-09 14:56:00,585.0,-342.0
2024-10-09 14:57:00,605.0,-355.0
2024-10-09 14:58:00,604.0,-362.0
2024-10-09 14:59:00,586.0,-351.0
2024-10-09 15:00:00,579.0,-347.0
2024-10-09 15:01:00,601.0,-374.0
2024-10-09 15:02:00,618.0,-395.0
2024-10-09 15:03:00,600.0,-380.0
2024-10-09 15:04:00,566.0,-352.0
2024-10-09 15:05:00,528.0,-331.0
2024-10-09 15:06:00,504.0,-316.0
2024-10-09 15:07:00,473.0,-293.0
2024-10-09 15:08:00,449.0,-271.0
2024-10-09 15:09:00,435.0,-262.0
2024-10-09 15:10:00,423.0,-264.0
2024-10-09 15:11:00,411.0,-260.0
2024-10-09 15:12:00,389.0,-244.0
2024-10-09 15:13:00,382.0,-241.0
2024-10-09 15:14:00,384.0,-238.0
2024-10-09 15:15:00,395.0,-241.0
2024-10-09 15:16:00,394.0,-240.0
2024-10-09 15:17:00,398.0,-241.0
2024-10-09 15:18:00,399.0,-235.0
2024-10-09 15:19:00,378.0,-222.0
2024-10-09 15:20:00,336.0,-204.0
2024-10-09 15:21:00,313.0,-198.0
2024-10-09 15:22:00,296.0,-193.0
2024-10-09 15:23:00,294.0,-189.0
2024-10-09 15:24:00,287.0,-177.0
2024-10-09 15:25:00,257.0,-155.0
2024-10-09 15:26:00,237.0,-133.0
2024-10-09 15:27:00,218.0,-110.0
2024-10-09 15:28:00,185.0,-95.0
2024-10-09 15:29:00,180.0,-87.0
2024-10-09 15:30:00,191.0,-88.0
2024-10-09 15:31:00,197.0,-92.0
2024-10-09 15:32:00,184.0,-87.0
2024-10-09 15:33:00,168.0,-81.0
2024-10-09 15:34:00,157.0,-74.0
2024-10-09 15:35:00,146.0,-73.0
2024-10-09 15:36:00,157.0,-84.0
2024-10-09 15:37:00,164.0,-94.0
2024-10-09 15:38:00,160.0,-89.0
2024-10-09 15:39:00,153.0,-77.0
2024-10-09 15:40:00,158.0,-73.0
2024-10-09 15:41:00,167.0,-75.0
2024-10-09 15:42:00,176.0,-84.0
2024-10-09 15:43:00,179.0,-91.0
2024-10-09 15:44:00,180.0,-94.0
2024-10-09 15:45:00,179.0,-95.0
2024-10-09 15:46:00,164.0,-90.0
2024-10-09 15:47:00,152.0,-82.0
2024-10-09 15:48:00,147.0,-78.0
2024-10-09 15:49:00,134.0,-67.0
2024-10-09 15:50:00,130.0,-61.0
2024-10-09 15:51:00,128.0,-60.0
2024-10-09 15:52:00,136.0,-68.0
2024-10-09 15:53:00,142.0,-76.0
2024-10-09 15:54:00,137.0,-70.0
2024-10-09 15:55:00,128.0,-62.0
2024-10-09 15:56:00,134.0,-71.0
2024-10-09 15:57:00,135.0,-75.0
2024-10-09 15:58:00,128.0,-71.0
2024-10-09 15:59:00,143.0,-88.0
2024-10-09 16:00:00,169.0,-115.0
2024-10-09 16:01:00,173.0,-122.0
2024-10-09 16:02:00,183.0,-129.0
2024-10-09 16:03:00,187.0,-131.0
2024-10-09 16:04:00,182.0,-120.0
2024-10-09 16:05:00,177.0,-114.0
2024-10-09 16:06:00,172.0,-111.0
2024-10-09 16:07:00,164.0,-103.0
2024-10-09 16:08:00,173.0,-111.0
2024-10-09 16:09:00,175.0,-113.0
2024-10-09 16:10:00,165.0,-102.0
2024-10-09 16:11:00,173.0,-108.0
2024-10-09 16:12:00,196.0,-125.0
2024-10-09 16:13:00,207.0,-133.0
2024-10-09 16:14:00,202.0,-128.0
2024-10-09 16:15:00,191.0,-120.0
2024-10-09 16:16:00,186.0,-121.0
2024-10-09 16:17:00,187.0,-126.0
2024-10-09 16:18:00,183.0,-127.0
2024-10-09 16:19:00,184.0,-128.0
2024-10-09 16:20:00,198.0,-141.0
2024-10-09 16:21:00,209.0,-152.0
2024-10-09 16:22:00,205.0,-150.0
2024-10-09 16:23:00,208.0,-154.0
2024-10-09 16:24:00,214.0,-159.0
2024-10-09 16:25:00,231.0,-173.0
2024-10-09 16:26:00,229.0,-171.0
2024-10-09 16:27:00,232.0,-172.0
2024-10-09 16:28:00,218.0,-161.0
2024-10-09 16:29:00,208.0,-152.0
2024-10-09 16:30:00,200.0,-141.0
2024-10-09 16:31:00,201.0,-135.0
2024-10-09 16:32:00,198.0,-128.0
2024-10-09 16:33:00,191.0,-121.0
2024-10-09 16:34:00,184.0,-113.0
2024-10-09 16:35:00,178.0,-113.0
2024-10-09 16:36:00,176.0,-115.0
2024-10-09 16:37:00,179.0,-119.0
2024-10-09 16:38:00,175.0,-114.0
2024-10-09 16:39:00,167.0,-104.0
2024-10-09 16:40:00,177.0,-111.0
2024-10-09 16:41:00,173.0,-106.0
2024-10-09 16:42:00,160.0,-91.0
2024-10-09 16:43:00,167.0,-96.0
2024-10-09 16:44:00,183.0,-114.0
2024-10-09 16:45:00,199.0,-130.0
2024-10-09 16:46:00,209.0,-140.0
2024-10-09 16:47:00,213.0,-143.0
2024-10-09 16:48:00,290.0,-219.0
2024-10-09 16:49:00,331.0,-248.0
2024-10-09 16:50:00,304.0,-208.0
2024-10-09 16:51:00,236.0,-138.0
2024-10-09 16:52:00,263.0,-160.0
2024-10-09 16:53:00,265.0,-172.0
2024-10-09 16:54:00,282.0,-204.0
2024-10-09 16:55:00,342.0,-263.0
2024-10-09 16:56:00,287.0,-202.0
2024-10-09 16:57:00,258.0,-168.0
2024-10-09 16:58:00,222.0,-126.0
2024-10-09 16:59:00,238.0,-145.0
2024-10-09 17:00:00,296.0,-214.0
2024-10-09 17:01:00,371.0,-294.0
2024-10-09 17:02:00,393.0,-312.0
2024-10-09 17:03:00,393.0,-311.0
2024-10-09 17:04:00,401.0,-326.0
2024-10-09 17:05:00,390.0,-320.0
2024-10-09 17:06:00,395.0,-326.0
2024-10-09 17:07:00,412.0,-340.0
2024-10-09 17:08:00,436.0,-357.0
2024-10-09 17:09:00,430.0,-356.0
2024-10-09 17:10:00,396.0,-332.0
2024-10-09 17:11:00,401.0,-345.0
2024-10-09 17:12:00,392.0,-337.0
2024-10-09 17:13:00,389.0,-328.0
2024-10-09 17:14:00,366.0,-306.0
2024-10-09 17:15:00,323.0,-263.0
2024-10-09 17:16:00,294.0,-231.0
2024-10-09 17:17:00,266.0,-202.0
2024-10-09 17:18:00,232.0,-172.0
2024-10-09 17:19:00,198.0,-144.0
2024-10-09 17:20:00,133.0,-84.0
2024-10-09 17:21:00,134.0,-87.0
2024-10-09 17:22:00,139.0,-95.0
2024-10-09 17:23:00,194.0,-145.0
2024-10-09 17:24:00,245.0,-184.0
2024-10-09 17:25:00,282.0,-213.0
2024-10-09 17:26:00,274.0,-202.0
2024-10-09 17:27:00,272.0,-187.0
2024-10-09 17:28:00,277.0,-197.0
2024-10-09 17:29:00,224.0,-168.0
2024-10-09 17:30:00,219.0,-171.0
2024-10-09 17:31:00,251.0,-202.0
2024-10-09 17:32:00,274.0,-224.0
2024-10-09 17:33:00,284.0,-234.0
2024-10-09 17:34:00,272.0,-225.0
2024-10-09 17:35:00,278.0,-223.0
2024-10-09 17:36:00,335.0,-274.0
2024-10-09 17:37:00,348.0,-279.0
2024-10-09 17:38:00,366.0,-294.0
2024-10-09 17:39:00,344.0,-283.0
2024-10-09 17:40:00,319.0,-268.0
2024-10-09 17:41:00,298.0,-253.0
2024-10-09 17:42:00,283.0,-239.0
2024-10-09 17:43:00,305.0,-256.0
2024-10-09 17:44:00,305.0,-259.0
2024-10-09 17:45:00,306.0,-257.0
2024-10-09 17:46:00,283.0,-236.0
2024-10-09 17:47:00,263.0,-226.0
2024-10-09 17:48:00,231.0,-190.0
2024-10-09 17:49:00,210.0,-165.0
2024-10-09 17:50:00,180.0,-130.0
2024-10-09 17:51:00,182.0,-128.0
2024-10-09 17:52:00,174.0,-127.0
2024-10-09 17:53:00,180.0,-128.0
2024-10-09 17:54:00,244.0,-157.0
2024-10-09 17:55:00,310.0,-200.0
2024-10-09 17:56:00,271.0,-204.0
2024-10-09 17:57:00,247.0,-207.0
2024-10-09 17:58:00,266.0,-196.0
2024-10-09 17:59:00,326.0,-225.0
2024-10-09 18:00:00,363.0,-244.0
2024-10-09 18:01:00,357.0,-254.0
2024-10-09 18:02:00,336.0,-271.0
2024-10-09 18:03:00,340.0,-282.0
2024-10-09 18:04:00,361.0,-290.0
2024-10-09 18:05:00,367.0,-300.0
2024-10-09 18:06:00,366.0,-297.0
2024-10-09 18:07:00,353.0,-285.0
2024-10-09 18:08:00,351.0,-288.0
2024-10-09 18:09:00,348.0,-283.0
2024-10-09 18:10:00,345.0,-274.0
2024-10-09 18:11:00,351.0,-273.0
2024-10-09 18:12:00,351.0,-266.0
2024-10-09 18:13:00,352.0,-264.0
2024-10-09 18:14:00,353.0,-262.0
2024-10-09 18:15:00,361.0,-266.0
2024-10-09 18:16:00,370.0,-273.0
2024-10-09 18:17:00,360.0,-269.0
2024-10-09 18:18:00,373.0,-289.0
2024-10-09 18:19:00,395.0,-318.0
2024-10-09 18:20:00,366.0,-288.0
2024-10-09 18:21:00,310.0,-233.0
2024-10-09 18:22:00,264.0,-191.0
2024-10-09 18:23:00,244.0,-175.0
2024-10-09 18:24:00,224.0,-156.0
2024-10-09 18:25:00,219.0,-148.0
2024-10-09 18:26:00,203.0,-132.0
2024-10-09 18:27:00,241.0,-172.0
2024-10-09 18:28:00,284.0,-219.0
2024-10-09 18:29:00,269.0,-206.0
2024-10-09 18:30:00,217.0,-157.0
2024-10-09 18:31:00,176.0,-121.0
2024-10-09 18:32:00,176.0,-127.0
2024-10-09 18:33:00,172.0,-128.0
2024-10-09 18:34:00,160.0,-121.0
2024-10-09 18:35:00,147.0,-112.0
2024-10-09 18:36:00,139.0,-107.0
2024-10-09 18:37:00,129.0,-99.0
2024-10-09 18:38:00,123.0,-92.0
2024-10-09 18:39:00,122.0,-90.0
2024-10-09 18:40:00,132.0,-93.0
2024-10-09 18:41:00,141.0,-98.0
2024-10-09 18:42:00,157.0,-107.0
2024-10-09 18:43:00,166.0,-113.0
2024-10-09 18:44:00,173.0,-121.0
2024-10-09 18:45:00,257.0,-198.0
2024-10-09 18:46:00,317.0,-258.0
2024-10-09 18:47:00,253.0,-188.0
2024-10-09 18:48:00,188.0,-117.0
2024-10-09 18:49:00,183.0,-115.0
2024-10-09 18:50:00,181.0,-110.0
2024-10-09 18:51:00,181.0,-107.0
2024-10-09 18:52:00,175.0,-101.0
2024-10-09 18:53:00,163.0,-94.0
2024-10-09 18:54:00,154.0,-87.0
2024-10-09 18:55:00,147.0,-83.0
2024-10-09 18:56:00,167.0,-85.0
2024-10-09 18:57:00,179.0,-89.0
2024-10-09 18:58:00,177.0,-88.0
2024-10-09 18:59:00,209.0,-102.0
2024-10-09 19:00:00,186.0,-102.0
2024-10-09 19:01:00,174.0,-81.0
2024-10-09 19:02:00,206.0,-88.0
2024-10-09 19:03:00,201.0,-90.0
2024-10-09 19:04:00,176.0,-90.0
2024-10-09 19:05:00,164.0,-84.0
2024-10-09 19:06:00,158.0,-81.0
2024-10-09 19:07:00,154.0,-83.0
2024-10-09 19:08:00,155.0,-89.0
2024-10-09 19:09:00,154.0,-93.0
2024-10-09 19:10:00,157.0,-89.0
2024-10-09 19:11:00,134.0,-81.0
2024-10-09 19:12:00,125.0,-82.0
2024-10-09 19:13:00,135.0,-94.0
2024-10-09 19:14:00,138.0,-102.0
2024-10-09 19:15:00,124.0,-101.0
2024-10-09 19:16:00,127.0,-101.0
2024-10-09 19:17:00,140.0,-111.0
2024-10-09 19:18:00,144.0,-116.0
2024-10-09 19:19:00,152.0,-118.0
2024-10-09 19:20:00,175.0,-123.0
2024-10-09 19:21:00,181.0,-124.0
2024-10-09 19:22:00,164.0,-122.0
2024-10-09 19:23:00,150.0,-118.0
2024-10-09 19:24:00,152.0,-117.0
2024-10-09 19:25:00,157.0,-120.0
2024-10-09 19:26:00,154.0,-120.0
2024-10-09 19:27:00,139.0,-112.0
2024-10-09 19:28:00,138.0,-111.0
2024-10-09 19:29:00,137.0,-112.0
2024-10-09 19:30:00,142.0,-111.0
2024-10-09 19:31:00,180.0,-113.0
2024-10-09 19:32:00,168.0,-116.0
2024-10-09 19:33:00,135.0,-115.0
2024-10-09 19:34:00,135.0,-116.0
2024-10-09 19:35:00,133.0,-113.0
2024-10-09 19:36:00,122.0,-107.0
2024-10-09 19:37:00,114.0,-99.0
2024-10-09 19:38:00,105.0,-92.0
2024-10-09 19:39:00,99.0,-86.0
2024-10-09 19:40:00,88.0,-77.0
2024-10-09 19:41:00,91.0,-72.0
2024-10-09 19:42:00,107.0,-89.0
2024-10-09 19:43:00,108.0,-103.0
2024-10-09 19:44:00,117.0,-115.0
2024-10-09 19:45:00,122.0,-119.0
2024-10-09 19:46:00,103.0,-99.0
2024-10-09 19:47:00,77.0,-73.0
2024-10-09 19:48:00,53.0,-49.0
2024-10-09 19:49:00,56.0,-52.0
2024-10-09 19:50:00,55.0,-50.0
2024-10-09 19:51:00,61.0,-55.0
2024-10-09 19:52:00,71.0,-60.0
2024-10-09 19:53:00,80.0,-62.0
2024-10-09 19:54:00,89.0,-66.0
2024-10-09 19:55:00,88.0,-66.0
2024-10-09 19:56:00,88.0,-67.0
2024-10-09 19:57:00,92.0,-71.0
2024-10-09 19:58:00,93.0,-72.0
2024-10-09 19:59:00,94.0,-70.0
2024-10-09 20:00:00,96.0,-73.0
2024-10-09 20:01:00,108.0,-85.0
2024-10-09 20:02:00,132.0,-106.0
2024-10-09 20:03:00,150.0,-119.0
2024-10-09 20:04:00,150.0,-122.0
2024-10-09 20:05:00,160.0,-126.0
2024-10-09 20:06:00,180.0,-136.0
2024-10-09 20:07:00,188.0,-144.0
2024-10-09 20:08:00,186.0,-147.0
2024-10-09 20:09:00,189.0,-147.0
2024-10-09 20:10:00,183.0,-138.0
2024-10-09 20:11:00,172.0,-130.0
2024-10-09 20:12:00,171.0,-129.0
2024-10-09 20:13:00,188.0,-145.0
2024-10-09 20:14:00,179.0,-134.0
2024-10-09 20:15:00,183.0,-138.0
2024-10-09 20:16:00,176.0,-136.0
2024-10-09 20:17:00,177.0,-138.0
2024-10-09 20:18:00,187.0,-145.0
2024-10-09 20:19:00,200.0,-154.0
2024-10-09 20:20:00,197.0,-150.0
2024-10-09 20:21:00,200.0,-152.0
2024-10-09 20:22:00,195.0,-150.0
2024-10-09 20:23:00,186.0,-145.0
2024-10-09 20:24:00,171.0,-135.0
2024-10-09 20:25:00,156.0,-124.0
2024-10-09 20:26:00,147.0,-114.0
2024-10-09 20:27:00,147.0,-111.0
2024-10-09 20:28:00,143.0,-109.0
2024-10-09 20:29:00,143.0,-108.0
2024-10-09 20:30:00,141.0,-107.0
2024-10-09 20:31:00,141.0,-107.0
2024-10-09 20:32:00,143.0,-110.0
2024-10-09 20:33:00,144.0,-113.0
2024-10-09 20:34:00,146.0,-117.0
2024-10-09 20:35:00,149.0,-120.0
2024-10-09 20:36:00,159.0,-122.0
2024-10-09 20:37:00,164.0,-122.0
2024-10-09 20:38:00,161.0,-120.0
2024-10-09 20:39:00,154.0,-115.0
2024-10-09 20:40:00,152.0,-108.0
2024-10-09 20:41:00,154.0,-105.0
2024-10-09 20:42:00,157.0,-108.0
2024-10-09 20:43:00,157.0,-103.0
2024-10-09 20:44:00,154.0,-100.0
2024-10-09 20:45:00,160.0,-105.0
2024-10-09 20:46:00,172.0,-110.0
2024-10-09 20:47:00,192.0,-124.0
2024-10-09 20:48:00,206.0,-134.0
2024-10-09 20:49:00,214.0,-140.0
2024-10-09 20:50:00,218.0,-146.0
2024-10-09 20:51:00,213.0,-149.0
2024-10-09 20:52:00,203.0,-148.0
2024-10-09 20:53:00,200.0,-146.0
2024-10-09 20:54:00,213.0,-149.0
2024-10-09 20:55:00,237.0,-161.0
2024-10-09 20:56:00,257.0,-173.0
2024-10-09 20:57:00,272.0,-183.0
2024-10-09 20:58:00,270.0,-186.0
2024-10-09 20:59:00,256.0,-173.0
2024-10-09 21:00:00,237.0,-156.0
2024-10-09 21:01:00,226.0,-147.0
2024-10-09 21:02:00,222.0,-143.0
2024-10-09 21:03:00,218.0,-142.0
2024-10-09 21:04:00,218.0,-143.0
2024-10-09 21:05:00,221.0,-148.0
2024-10-09 21:06:00,223.0,-150.0
2024-10-09 21:07:00,225.0,-153.0
2024-10-09 21:08:00,229.0,-157.0
2024-10-09 21:09:00,231.0,-159.0
2024-10-09 21:10:00,233.0,-164.0
2024-10-09 21:11:00,244.0,-172.0
2024-10-09 21:12:00,249.0,-174.0
2024-10-09 21:13:00,268.0,-187.0
2024-10-09 21:14:00,263.0,-181.0
2024-10-09 21:15:00,269.0,-188.0
2024-10-09 21:16:00,266.0,-187.0
2024-10-09 21:17:00,257.0,-182.0
2024-10-09 21:18:00,282.0,-201.0
2024-10-09 21:19:00,285.0,-202.0
2024-10-09 21:20:00,280.0,-197.0
2024-10-09 21:21:00,278.0,-199.0
2024-10-09 21:22:00,280.0,-205.0
2024-10-09 21:23:00,281.0,-202.0
2024-10-09 21:24:00,281.0,-200.0
2024-10-09 21:25:00,284.0,-202.0
2024-10-09 21:26:00,303.0,-219.0
2024-10-09 21:27:00,303.0,-223.0
2024-10-09 21:28:00,306.0,-224.0
2024-10-09 21:29:00,302.0,-223.0
2024-10-09 21:30:00,314.0,-235.0
2024-10-09 21:31:00,318.0,-233.0
2024-10-09 21:32:00,335.0,-234.0
2024-10-09 21:33:00,336.0,-228.0
2024-10-09 21:34:00,327.0,-226.0
2024-10-09 21:35:00,357.0,-237.0
2024-10-09 21:36:00,341.0,-232.0
2024-10-09 21:37:00,338.0,-221.0
2024-10-09 21:38:00,353.0,-220.0
2024-10-09 21:39:00,332.0,-200.0
2024-10-09 21:40:00,310.0,-184.0
2024-10-09 21:41:00,306.0,-184.0
2024-10-09 21:42:00,283.0,-176.0
2024-10-09 21:43:00,277.0,-169.0
2024-10-09 21:44:00,270.0,-162.0
2024-10-09 21:45:00,278.0,-164.0
2024-10-09 21:46:00,269.0,-162.0
2024-10-09 21:47:00,249.0,-156.0
2024-10-09 21:48:00,241.0,-154.0
2024-10-09 21:49:00,242.0,-150.0
2024-10-09 21:50:00,247.0,-152.0
2024-10-09 21:51:00,252.0,-150.0
2024-10-09 21:52:00,259.0,-143.0
2024-10-09 21:53:00,279.0,-146.0
2024-10-09 21:54:00,278.0,-146.0
2024-10-09 21:55:00,250.0,-137.0
2024-10-09 21:56:00,221.0,-130.0
2024-10-09 21:57:00,222.0,-142.0
2024-10-09 21:58:00,232.0,-155.0
2024-10-09 21:59:00,243.0,-157.0
2024-10-09 22:00:00,260.0,-157.0
2024-10-09 22:01:00,254.0,-150.0
2024-10-09 22:02:00,249.0,-140.0
2024-10-09 22:03:00,246.0,-140.0
2024-10-09 22:04:00,238.0,-135.0
2024-10-09 22:05:00,237.0,-135.0
2024-10-09 22:06:00,220.0,-135.0
2024-10-09 22:07:00,186.0,-132.0
2024-10-09 22:08:00,180.0,-132.0
2024-10-09 22:09:00,171.0,-129.0
2024-10-09 22:10:00,174.0,-129.0
2024-10-09 22:11:00,190.0,-130.0
2024-10-09 22:12:00,203.0,-132.0
2024-10-09 22:13:00,238.0,-136.0
2024-10-09 22:14:00,252.0,-144.0
2024-10-09 22:15:00,254.0,-149.0
2024-10-09 22:16:00,221.0,-147.0
2024-10-09 22:17:00,209.0,-152.0
2024-10-09 22:18:00,217.0,-157.0
2024-10-09 22:19:00,209.0,-158.0
2024-10-09 22:20:00,205.0,-155.0
2024-10-09 22:21:00,206.0,-155.0
2024-10-09 22:22:00,215.0,-160.0
2024-10-09 22:23:00,222.0,-163.0
2024-10-09 22:24:00,229.0,-165.0
2024-10-09 22:25:00,237.0,-167.0
2024-10-09 22:26:00,229.0,-168.0
2024-10-09 22:27:00,234.0,-168.0
2024-10-09 22:28:00,232.0,-170.0
2024-10-09 22:29:00,240.0,-179.0
2024-10-09 22:30:00,253.0,-191.0
2024-10-09 22:31:00,257.0,-193.0
2024-10-09 22:32:00,256.0,-195.0
2024-10-09 22:33:00,273.0,-209.0
2024-10-09 22:34:00,299.0,-217.0
2024-10-09 22:35:00,327.0,-225.0
2024-10-09 22:36:00,332.0,-227.0
2024-10-09 22:37:00,326.0,-223.0
2024-10-09 22:38:00,313.0,-217.0
2024-10-09 22:39:00,316.0,-220.0
2024-10-09 22:40:00,344.0,-223.0
2024-10-09 22:41:00,340.0,-222.0
2024-10-09 22:42:00,332.0,-223.0
2024-10-09 22:43:00,334.0,-218.0
2024-10-09 22:44:00,322.0,-203.0
2024-10-09 22:45:00,319.0,-200.0
2024-10-09 22:46:00,352.0,-220.0
2024-10-09 22:47:00,389.0,-240.0
2024-10-09 22:48:00,397.0,-239.0
2024-10-09 22:49:00,389.0,-230.0
2024-10-09 22:50:00,376.0,-223.0
2024-10-09 22:51:00,371.0,-223.0
2024-10-09 22:52:00,393.0,-243.0
2024-10-09 22:53:00,417.0,-258.0
2024-10-09 22:54:00,428.0,-264.0
2024-10-09 22:55:00,429.0,-262.0
2024-10-09 22:56:00,438.0,-268.0
2024-10-09 22:57:00,429.0,-263.0
2024-10-09 22:58:00,398.0,-244.0
2024-10-09 22:59:00,380.0,-241.0
2024-10-09 23:00:00,390.0,-253.0
2024-10-09 23:01:00,407.0,-258.0
2024-10-09 23:02:00,414.0,-257.0
2024-10-09 23:03:00,436.0,-269.0
2024-10-09 23:04:00,443.0,-264.0
2024-10-09 23:05:00,445.0,-260.0
2024-10-09 23:06:00,415.0,-236.0
2024-10-09 23:07:00,366.0,-202.0
2024-10-09 23:08:00,349.0,-204.0
2024-10-09 23:09:00,336.0,-194.0
2024-10-09 23:10:00,343.0,-194.0
2024-10-09 23:11:00,338.0,-187.0
2024-10-09 23:12:00,362.0,-206.0
2024-10-09 23:13:00,375.0,-216.0
2024-10-09 23:14:00,368.0,-206.0
2024-10-09 23:15:00,381.0,-216.0
2024-10-09 23:16:00,402.0,-230.0
2024-10-09 23:17:00,412.0,-235.0
2024-10-09 23:18:00,416.0,-241.0
2024-10-09 23:19:00,418.0,-248.0
2024-10-09 23:20:00,425.0,-255.0
2024-10-09 23:21:00,459.0,-274.0
2024-10-09 23:22:00,487.0,-287.0
2024-10-09 23:23:00,495.0,-292.0
2024-10-09 23:24:00,479.0,-285.0
2024-10-09 23:25:00,457.0,-273.0
2024-10-09 23:26:00,441.0,-270.0
2024-10-09 23:27:00,426.0,-264.0
2024-10-09 23:28:00,401.0,-245.0
2024-10-09 23:29:00,392.0,-233.0
2024-10-09 23:30:00,379.0,-222.0
2024-10-09 23:31:00,360.0,-213.0
2024-10-09 23:32:00,345.0,-210.0
2024-10-09 23:33:00,339.0,-211.0
2024-10-09 23:34:00,340.0,-213.0
2024-10-09 23:35:00,339.0,-209.0
2024-10-09 23:36:00,340.0,-208.0
2024-10-09 23:37:00,343.0,-208.0
2024-10-09 23:38:00,336.0,-200.0
2024-10-09 23:39:00,334.0,-196.0
2024-10-09 23:40:00,337.0,-197.0
2024-10-09 23:41:00,337.0,-199.0
2024-10-09 23:42:00,332.0,-199.0
2024-10-09 23:43:00,328.0,-200.0
2024-10-09 23:44:00,321.0,-194.0
2024-10-09 23:45:00,321.0,-193.0
2024-10-09 23:46:00,316.0,-188.0
2024-10-09 23:47:00,313.0,-190.0
2024-10-09 23:48:00,307.0,-189.0
2024-10-09 23:49:00,307.0,-191.0
2024-10-09 23:50:00,305.0,-193.0
2024-10-09 23:51:00,299.0,-189.0
2024-10-09 23:52:00,290.0,-180.0
2024-10-09 23:53:00,276.0,-171.0
2024-10-09 23:54:00,261.0,-163.0
2024-10-09 23:55:00,249.0,-158.0
2024-10-09 23:56:00,238.0,-153.0
2024-10-09 23:57:00,219.0,-140.0
2024-10-09 23:58:00,201.0,-128.0
2024-10-09 23:59:00,187.0,-120.0
2024-10-10 00:00:00,180.0,-118.0
2024-10-10 00:01:00,172.0,-115.0
2024-10-10 00:02:00,164.0,-113.0
2024-10-10 00:03:00,167.0,-117.0
2024-10-10 00:04:00,180.0,-128.0
2024-10-10 00:05:00,206.0,-135.0
2024-10-10 00:06:00,254.0,-151.0
2024-10-10 00:07:00,271.0,-160.0
2024-10-10 00:08:00,257.0,-158.0
2024-10-10 00:09:00,249.0,-153.0
2024-10-10 00:10:00,252.0,-154.0
2024-10-10 00:11:00,259.0,-154.0
2024-10-10 00:12:00,266.0,-158.0
2024-10-10 00:13:00,281.0,-164.0
2024-10-10 00:14:00,275.0,-163.0
2024-10-10 00:15:00,280.0,-166.0
2024-10-10 00:16:00,282.0,-169.0
2024-10-10 00:17:00,274.0,-169.0
2024-10-10 00:18:00,275.0,-174.0
2024-10-10 00:19:00,274.0,-173.0
2024-10-10 00:20:00,276.0,-174.0
2024-10-10 00:21:00,273.0,-173.0
2024-10-10 00:22:00,264.0,-162.0
2024-10-10 00:23:00,247.0,-150.0
2024-10-10 00:24:00,250.0,-154.0
2024-10-10 00:25:00,257.0,-169.0
2024-10-10 00:26:00,250.0,-171.0
2024-10-10 00:27:00,237.0,-162.0
2024-10-10 00:28:00,227.0,-155.0
2024-10-10 00:29:00,225.0,-153.0
2024-10-10 00:30:00,215.0,-147.0
2024-10-10 00:31:00,209.0,-144.0
2024-10-10 00:32:00,203.0,-144.0
2024-10-10 00:33:00,204.0,-145.0
2024-10-10 00:34:00,206.0,-145.0
2024-10-10 00:35:00,209.0,-146.0
2024-10-10 00:36:00,205.0,-140.0
2024-10-10 00:37:00,200.0,-136.0
2024-10-10 00:38:00,191.0,-133.0
2024-10-10 00:39:00,187.0,-131.0
2024-10-10 00:40:00,183.0,-125.0
2024-10-10 00:41:00,175.0,-117.0
2024-10-10 00:42:00,179.0,-123.0
2024-10-10 00:43:00,181.0,-125.0
2024-10-10 00:44:00,178.0,-127.0
2024-10-10 00:45:00,173.0,-126.0
2024-10-10 00:46:00,163.0,-119.0
2024-10-10 00:47:00,155.0,-113.0
2024-10-10 00:48:00,153.0,-114.0
2024-10-10 00:49:00,148.0,-111.0
2024-10-10 00:50:00,138.0,-106.0
2024-10-10 00:51:00,132.0,-103.0
2024-10-10 00:52:00,140.0,-108.0
2024-10-10 00:53:00,154.0,-115.0
2024-10-10 00:54:00,153.0,-114.0
2024-10-10 00:55:00,138.0,-103.0
2024-10-10 00:56:00,128.0,-94.0
2024-10-10 00:57:00,133.0,-94.0
2024-10-10 00:58:00,140.0,-95.0
2024-10-10 00:59:00,147.0,-94.0
2024-10-10 01:00:00,152.0,-91.0
2024-10-10 01:01:00,157.0,-90.0
2024-10-10 01:02:00,166.0,-89.0
2024-10-10 01:03:00,165.0,-85.0
2024-10-10 01:04:00,159.0,-77.0
2024-10-10 01:05:00,149.0,-68.0
2024-10-10 01:06:00,136.0,-64.0
2024-10-10 01:07:00,119.0,-63.0
2024-10-10 01:08:00,110.0,-62.0
2024-10-10 01:09:00,109.0,-62.0
2024-10-10 01:10:00,109.0,-63.0
2024-10-10 01:11:00,119.0,-63.0
2024-10-10 01:12:00,132.0,-60.0
2024-10-10 01:13:00,147.0,-66.0
2024-10-10 01:14:00,150.0,-67.0
2024-10-10 01:15:00,140.0,-63.0
2024-10-10 01:16:00,124.0,-56.0
2024-10-10 01:17:00,116.0,-56.0
2024-10-10 01:18:00,113.0,-59.0
2024-10-10 01:19:00,115.0,-63.0
2024-10-10 01:20:00,115.0,-61.0
2024-10-10 01:21:00,110.0,-58.0
2024-10-10 01:22:00,103.0,-54.0
2024-10-10 01:23:00,99.0,-51.0
2024-10-10 01:24:00,91.0,-47.0
2024-10-10 01:25:00,87.0,-44.0
2024-10-10 01:26:00,83.0,-42.0
2024-10-10 01:27:00,84.0,-43.0
2024-10-10 01:28:00,85.0,-44.0
2024-10-10 01:29:00,88.0,-43.0
2024-10-10 01:30:00,87.0,-41.0
2024-10-10 01:31:00,94.0,-41.0
2024-10-10 01:32:00,99.0,-38.0
2024-10-10 01:33:00,105.0,-39.0
2024-10-10 01:34:00,106.0,-40.0
2024-10-10 01:35:00,110.0,-43.0
2024-10-10 01:36:00,117.0,-45.0
2024-10-10 01:37:00,122.0,-46.0
2024-10-10 01:38:00,124.0,-49.0
2024-10-10 01:39:00,125.0,-55.0
2024-10-10 01:40:00,150.0,-79.0
2024-10-10 01:41:00,174.0,-101.0
2024-10-10 01:42:00,161.0,-83.0
2024-10-10 01:43:00,179.0,-92.0
2024-10-10 01:44:00,184.0,-95.0
2024-10-10 01:45:00,179.0,-99.0
2024-10-10 01:46:00,185.0,-103.0
2024-10-10 01:47:00,192.0,-108.0
2024-10-10 01:48:00,201.0,-112.0
2024-10-10 01:49:00,202.0,-112.0
2024-10-10 01:50:00,202.0,-113.0
2024-10-10 01:51:00,209.0,-118.0
2024-10-10 01:52:00,210.0,-112.0
2024-10-10 01:53:00,225.0,-115.0
2024-10-10 01:54:00,254.0,-121.0
2024-10-10 01:55:00,267.0,-125.0
2024-10-10 01:56:00,278.0,-128.0
2024-10-10 01:57:00,264.0,-126.0
2024-10-10 01:58:00,237.0,-124.0
2024-10-10 01:59:00,252.0,-142.0
2024-10-10 02:00:00,292.0,-154.0
2024-10-10 02:01:00,334.0,-168.0
2024-10-10 02:02:00,360.0,-179.0
2024-10-10 02:03:00,368.0,-182.0
2024-10-10 02:04:00,372.0,-186.0
2024-10-10 02:05:00,377.0,-191.0
2024-10-10 02:06:00,390.0,-194.0
2024-10-10 02:07:00,391.0,-198.0
2024-10-10 02:08:00,394.0,-202.0
2024-10-10 02:09:00,402.0,-207.0
2024-10-10 02:10:00,397.0,-206.0
2024-10-10 02:11:00,394.0,-206.0
2024-10-10 02:12:00,398.0,-203.0
2024-10-10 02:13:00,391.0,-194.0
2024-10-10 02:14:00,387.0,-185.0
2024-10-10 02:15:00,380.0,-181.0
2024-10-10 02:16:00,365.0,-178.0
2024-10-10 02:17:00,354.0,-178.0
2024-10-10 02:18:00,357.0,-180.0
2024-10-10 02:19:00,360.0,-186.0
2024-10-10 02:20:00,356.0,-186.0
2024-10-10 02:21:00,361.0,-195.0
2024-10-10 02:22:00,356.0,-193.0
2024-10-10 02:23:00,353.0,-198.0
2024-10-10 02:24:00,360.0,-212.0
2024-10-10 02:25:00,358.0,-215.0
2024-10-10 02:26:00,345.0,-209.0
2024-10-10 02:27:00,328.0,-204.0
2024-10-10 02:28:00,326.0,-202.0
2024-10-10 02:29:00,333.0,-201.0
2024-10-10 02:30:00,334.0,-200.0
2024-10-10 02:31:00,325.0,-201.0
2024-10-10 02:32:00,334.0,-201.0
2024-10-10 02:33:00,339.0,-199.0
2024-10-10 02:34:00,340.0,-196.0
2024-10-10 02:35:00,337.0,-197.0
2024-10-10 02:36:00,344.0,-196.0
2024-10-10 02:37:00,339.0,-186.0
2024-10-10 02:38:00,335.0,-184.0
2024-10-10 02:39:00,343.0,-197.0
2024-10-10 02:40:00,360.0,-215.0
2024-10-10 02:41:00,353.0,-206.0
2024-10-10 02:42:00,394.0,-216.0
2024-10-10 02:43:00,406.0,-214.0
2024-10-10 02:44:00,411.0,-233.0
2024-10-10 02:45:00,433.0,-254.0
2024-10-10 02:46:00,455.0,-266.0
2024-10-10 02:47:00,460.0,-266.0
2024-10-10 02:48:00,456.0,-265.0
2024-10-10 02:49:00,447.0,-251.0
2024-10-10 02:50:00,455.0,-256.0
2024-10-10 02:51:00,461.0,-266.0
2024-10-10 02:52:00,474.0,-270.0
2024-10-10 02:53:00,461.0,-269.0
2024-10-10 02:54:00,453.0,-273.0
2024-10-10 02:55:00,442.0,-268.0
2024-10-10 02:56:00,443.0,-272.0
2024-10-10 02:57:00,455.0,-278.0
2024-10-10 02:58:00,460.0,-271.0
2024-10-10 02:59:00,454.0,-268.0
2024-10-10 03:00:00,437.0,-261.0
2024-10-10 03:01:00,444.0,-263.0
2024-10-10 03:02:00,454.0,-275.0
2024-10-10 03:03:00,457.0,-281.0
2024-10-10 03:04:00,469.0,-288.0
2024-10-10 03:05:00,484.0,-290.0
2024-10-10 03:06:00,493.0,-289.0
2024-10-10 03:07:00,501.0,-293.0
2024-10-10 03:08:00,523.0,-303.0
2024-10-10 03:09:00,534.0,-309.0
2024-10-10 03:10:00,532.0,-310.0
2024-10-10 03:11:00,519.0,-307.0
2024-10-10 03:12:00,506.0,-299.0
2024-10-10 03:13:00,492.0,-293.0
2024-10-10 03:14:00,481.0,-292.0
2024-10-10 03:15:00,469.0,-289.0
2024-10-10 03:16:00,468.0,-283.0
2024-10-10 03:17:00,469.0,-276.0
2024-10-10 03:18:00,463.0,-263.0
2024-10-10 03:19:00,450.0,-247.0
2024-10-10 03:20:00,452.0,-254.0
2024-10-10 03:21:00,455.0,-262.0
2024-10-10 03:22:00,446.0,-258.0
2024-10-10 03:23:00,439.0,-256.0
2024-10-10 03:24:00,443.0,-258.0
2024-10-10 03:25:00,450.0,-263.0
2024-10-10 03:26:00,470.0,-263.0
2024-10-10 03:27:00,489.0,-259.0
2024-10-10 03:28:00,492.0,-247.0
2024-10-10 03:29:00,487.0,-240.0
2024-10-10 03:30:00,457.0,-236.0
2024-10-10 03:31:00,435.0,-232.0
2024-10-10 03:32:00,421.0,-235.0
2024-10-10 03:33:00,411.0,-235.0
2024-10-10 03:34:00,433.0,-236.0
2024-10-10 03:35:00,451.0,-233.0
2024-10-10 03:36:00,442.0,-225.0
2024-10-10 03:37:00,438.0,-219.0
2024-10-10 03:38:00,417.0,-210.0
2024-10-10 03:39:00,395.0,-197.0
2024-10-10 03:40:00,378.0,-192.0
2024-10-10 03:41:00,366.0,-188.0
2024-10-10 03:42:00,370.0,-185.0
2024-10-10 03:43:00,371.0,-179.0
2024-10-10 03:44:00,377.0,-173.0
2024-10-10 03:45:00,395.0,-177.0
2024-10-10 03:46:00,414.0,-181.0
2024-10-10 03:47:00,410.0,-173.0
2024-10-10 03:48:00,403.0,-177.0
2024-10-10 03:49:00,389.0,-178.0
2024-10-10 03:50:00,387.0,-180.0
2024-10-10 03:51:00,400.0,-189.0
2024-10-10 03:52:00,437.0,-207.0
2024-10-10 03:53:00,476.0,-220.0
2024-10-10 03:54:00,511.0,-225.0
2024-10-10 03:55:00,541.0,-229.0
2024-10-10 03:56:00,545.0,-219.0
2024-10-10 03:57:00,517.0,-206.0
2024-10-10 03:58:00,481.0,-191.0
2024-10-10 03:59:00,457.0,-177.0
2024-10-10 04:00:00,435.0,-172.0
2024-10-10 04:01:00,408.0,-162.0
2024-10-10 04:02:00,389.0,-157.0
2024-10-10 04:03:00,386.0,-156.0
2024-10-10 04:04:00,386.0,-154.0
2024-10-10 04:05:00,371.0,-149.0
2024-10-10 04:06:00,364.0,-157.0
2024-10-10 04:07:00,372.0,-173.0
2024-10-10 04:08:00,399.0,-196.0
2024-10-10 04:09:00,406.0,-200.0
2024-10-10 04:10:00,418.0,-197.0
2024-10-10 04:11:00,429.0,-188.0
2024-10-10 04:12:00,425.0,-176.0
2024-10-10 04:13:00,416.0,-174.0
2024-10-10 04:14:00,398.0,-173.0
2024-10-10 04:15:00,373.0,-162.0
2024-10-10 04:16:00,357.0,-154.0
2024-10-10 04:17:00,344.0,-142.0
2024-10-10 04:18:00,330.0,-132.0
2024-10-10 04:19:00,319.0,-126.0
2024-10-10 04:20:00,315.0,-120.0
2024-10-10 04:21:00,305.0,-115.0
2024-10-10 04:22:00,287.0,-111.0
2024-10-10 04:23:00,270.0,-109.0
2024-10-10 04:24:00,268.0,-111.0
2024-10-10 04:25:00,274.0,-112.0
2024-10-10 04:26:00,267.0,-105.0
2024-10-10 04:27:00,245.0,-96.0
2024-10-10 04:28:00,243.0,-86.0
2024-10-10 04:29:00,240.0,-72.0
2024-10-10 04:30:00,233.0,-61.0
2024-10-10 04:31:00,226.0,-56.0
2024-10-10 04:32:00,222.0,-51.0
2024-10-10 04:33:00,224.0,-52.0
2024-10-10 04:34:00,227.0,-56.0
2024-10-10 04:35:00,227.0,-59.0
2024-10-10 04:36:00,232.0,-66.0
2024-10-10 04:37:00,235.0,-76.0
2024-10-10 04:38:00,232.0,-77.0
2024-10-10 04:39:00,232.0,-76.0
2024-10-10 04:40:00,230.0,-73.0
2024-10-10 04:41:00,226.0,-66.0
2024-10-10 04:42:00,220.0,-57.0
2024-10-10 04:43:00,228.0,-57.0
2024-10-10 04:44:00,240.0,-64.0
2024-10-10 04:45:00,250.0,-74.0
2024-10-10 04:46:00,251.0,-75.0
2024-10-10 04:47:00,247.0,-74.0
2024-10-10 04:48:00,246.0,-75.0
2024-10-10 04:49:00,242.0,-76.0
2024-10-10 04:50:00,238.0,-78.0
2024-10-10 04:51:00,235.0,-75.0
2024-10-10 04:52:00,228.0,-70.0
2024-10-10 04:53:00,221.0,-61.0
2024-10-10 04:54:00,224.0,-54.0
2024-10-10 04:55:00,218.0,-49.0
2024-10-10 04:56:00,214.0,-50.0
2024-10-10 04:57:00,203.0,-52.0
2024-10-10 04:58:00,203.0,-51.0
2024-10-10 04:59:00,200.0,-44.0
2024-10-10 05:00:00,202.0,-41.0
2024-10-10 05:01:00,197.0,-36.0
2024-10-10 05:02:00,197.0,-39.0
2024-10-10 05:03:00,192.0,-42.0
2024-10-10 05:04:00,187.0,-43.0
2024-10-10 05:05:00,186.0,-42.0
2024-10-10 05:06:00,188.0,-44.0
2024-10-10 05:07:00,192.0,-42.0
2024-10-10 05:08:00,200.0,-42.0
2024-10-10 05:09:00,195.0,-39.0
2024-10-10 05:10:00,194.0,-38.0
2024-10-10 05:11:00,197.0,-39.0
2024-10-10 05:12:00,201.0,-40.0
2024-10-10 05:13:00,203.0,-37.0
2024-10-10 05:14:00,198.0,-34.0
2024-10-10 05:15:00,201.0,-34.0
2024-10-10 05:16:00,207.0,-33.0
2024-10-10 05:17:00,212.0,-34.0
2024-10-10 05:18:00,212.0,-35.0
2024-10-10 05:19:00,208.0,-33.0
2024-10-10 05:20:00,180.0,-26.0
2024-10-10 05:21:00,168.0,-23.0
2024-10-10 05:22:00,168.0,-28.0
2024-10-10 05:23:00,165.0,-31.0
2024-10-10 05:24:00,162.0,-32.0
2024-10-10 05:25:00,155.0,-28.0
2024-10-10 05:26:00,148.0,-26.0
2024-10-10 05:27:00,140.0,-23.0
2024-10-10 05:28:00,139.0,-21.0
2024-10-10 05:29:00,139.0,-21.0
2024-10-10 05:30:00,135.0,-23.0
2024-10-10 05:31:00,133.0,-23.0
2024-10-10 05:32:00,132.0,-23.0
2024-10-10 05:33:00,136.0,-23.0
2024-10-10 05:34:00,147.0,-24.0
2024-10-10 05:35:00,151.0,-23.0
2024-10-10 05:36:00,150.0,-22.0
2024-10-10 05:37:00,146.0,-22.0
2024-10-10 05:38:00,147.0,-25.0
2024-10-10 05:39:00,153.0,-27.0
2024-10-10 05:40:00,156.0,-27.0
2024-10-10 05:41:00,158.0,-25.0
2024-10-10 05:42:00,159.0,-26.0
2024-10-10 05:43:00,155.0,-28.0
2024-10-10 05:44:00,154.0,-33.0
2024-10-10 05:45:00,165.0,-40.0
2024-10-10 05:46:00,175.0,-44.0
2024-10-10 05:47:00,184.0,-42.0
2024-10-10 05:48:00,197.0,-40.0
2024-10-10 05:49:00,204.0,-37.0
2024-10-10 05:50:00,214.0,-37.0
2024-10-10 05:51:00,222.0,-41.0
2024-10-10 05:52:00,224.0,-42.0
2024-10-10 05:53:00,223.0,-42.0
2024-10-10 05:54:00,213.0,-44.0
2024-10-10 05:55:00,198.0,-43.0
2024-10-10 05:56:00,183.0,-40.0
2024-10-10 05:57:00,177.0,-39.0
2024-10-10 05:58:00,166.0,-35.0
2024-10-10 05:59:00,162.0,-31.0
2024-10-10 06:00:00,161.0,-31.0
2024-10-10 06:01:00,165.0,-33.0
2024-10-10 06:02:00,166.0,-32.0
2024-10-10 06:03:00,173.0,-34.0
2024-10-10 06:04:00,186.0,-43.0
2024-10-10 06:05:00,209.0,-62.0
2024-10-10 06:06:00,201.0,-52.0
2024-10-10 06:07:00,199.0,-54.0
2024-10-10 06:08:00,183.0,-47.0
2024-10-10 06:09:00,200.0,-67.0
2024-10-10 06:10:00,226.0,-86.0
2024-10-10 06:11:00,260.0,-108.0
2024-10-10 06:12:00,250.0,-93.0
2024-10-10 06:13:00,230.0,-79.0
2024-10-10 06:14:00,227.0,-80.0
2024-10-10 06:15:00,203.0,-60.0
2024-10-10 06:16:00,177.0,-41.0
2024-10-10 06:17:00,184.0,-51.0
2024-10-10 06:18:00,198.0,-64.0
2024-10-10 06:19:00,192.0,-61.0
2024-10-10 06:20:00,182.0,-58.0
2024-10-10 06:21:00,184.0,-62.0
2024-10-10 06:22:00,186.0,-68.0
2024-10-10 06:23:00,179.0,-66.0
2024-10-10 06:24:00,171.0,-63.0
2024-10-10 06:25:00,168.0,-65.0
2024-10-10 06:26:00,173.0,-69.0
2024-10-10 06:27:00,175.0,-68.0
2024-10-10 06:28:00,172.0,-66.0
2024-10-10 06:29:00,171.0,-65.0
2024-10-10 06:30:00,175.0,-69.0
2024-10-10 06:31:00,177.0,-71.0
2024-10-10 06:32:00,170.0,-66.0
2024-10-10 06:33:00,162.0,-57.0
2024-10-10 06:34:00,153.0,-45.0
2024-10-10 06:35:00,151.0,-43.0
2024-10-10 06:36:00,148.0,-42.0
2024-10-10 06:37:00,151.0,-46.0
2024-10-10 06:38:00,154.0,-50.0
2024-10-10 06:39:00,161.0,-52.0
2024-10-10 06:40:00,164.0,-51.0
2024-10-10 06:41:00,160.0,-51.0
2024-10-10 06:42:00,158.0,-52.0
2024-10-10 06:43:00,161.0,-55.0
2024-10-10 06:44:00,166.0,-57.0
2024-10-10 06:45:00,171.0,-58.0
2024-10-10 06:46:00,169.0,-58.0
2024-10-10 06:47:00,168.0,-56.0
2024-10-10 06:48:00,167.0,-54.0
2024-10-10 06:49:00,162.0,-49.0
2024-10-10 06:50:00,151.0,-48.0
2024-10-10 06:51:00,141.0,-52.0
2024-10-10 06:52:00,131.0,-55.0
2024-10-10 06:53:00,118.0,-54.0
2024-10-10 06:54:00,106.0,-48.0
2024-10-10 06:55:00,108.0,-41.0
2024-10-10 06:56:00,104.0,-35.0
2024-10-10 06:57:00,97.0,-30.0
2024-10-10 06:58:00,93.0,-29.0
2024-10-10 06:59:00,91.0,-30.0
2024-10-10 07:00:00,87.0,-32.0
2024-10-10 07:01:00,89.0,-35.0
2024-10-10 07:02:00,89.0,-34.0
2024-10-10 07:03:00,95.0,-35.0
2024-10-10 07:04:00,103.0,-40.0
2024-10-10 07:05:00,106.0,-42.0
2024-10-10 07:06:00,110.0,-41.0
2024-10-10 07:07:00,102.0,-34.0
2024-10-10 07:08:00,93.0,-28.0
2024-10-10 07:09:00,100.0,-37.0
2024-10-10 07:10:00,100.0,-38.0
2024-10-10 07:11:00,91.0,-25.0
2024-10-10 07:12:00,97.0,-29.0
2024-10-10 07:13:00,98.0,-27.0
2024-10-10 07:14:00,96.0,-25.0
2024-10-10 07:15:00,106.0,-34.0
2024-10-10 07:16:00,103.0,-36.0
2024-10-10 07:17:00,97.0,-33.0
2024-10-10 07:18:00,99.0,-37.0
2024-10-10 07:19:00,101.0,-44.0
2024-10-10 07:20:00,101.0,-48.0
2024-10-10 07:21:00,111.0,-58.0
2024-10-10 07:22:00,127.0,-67.0
2024-10-10 07:23:00,135.0,-69.0
2024-10-10 07:24:00,130.0,-64.0
2024-10-10 07:25:00,120.0,-64.0
2024-10-10 07:26:00,116.0,-66.0
2024-10-10 07:27:00,113.0,-63.0
2024-10-10 07:28:00,110.0,-60.0
2024-10-10 07:29:00,104.0,-58.0
2024-10-10 07:30:00,97.0,-56.0
2024-10-10 07:31:00,91.0,-48.0
2024-10-10 07:32:00,95.0,-46.0
2024-10-10 07:33:00,108.0,-48.0
2024-10-10 07:34:00,117.0,-45.0
2024-10-10 07:35:00,110.0,-41.0
2024-10-10 07:36:00,91.0,-28.0
2024-10-10 07:37:00,88.0,-28.0
2024-10-10 07:38:00,84.0,-28.0
2024-10-10 07:39:00,73.0,-26.0
2024-10-10 07:40:00,64.0,-24.0
2024-10-10 07:41:00,66.0,-24.0
2024-10-10 07:42:00,79.0,-35.0
2024-10-10 07:43:00,74.0,-27.0
2024-10-10 07:44:00,76.0,-23.0
2024-10-10 07:45:00,81.0,-24.0
2024-10-10 07:46:00,78.0,-22.0
2024-10-10 07:47:00,78.0,-23.0
2024-10-10 07:48:00,84.0,-27.0
2024-10-10 07:49:00,88.0,-31.0
2024-10-10 07:50:00,91.0,-32.0
2024-10-10 07:51:00,90.0,-30.0
2024-10-10 07:52:00,93.0,-31.0
2024-10-10 07:53:00,96.0,-36.0
2024-10-10 07:54:00,96.0,-37.0
2024-10-10 07:55:00,95.0,-35.0
2024-10-10 07:56:00,95.0,-34.0
2024-10-10 07:57:00,90.0,-31.0
2024-10-10 07:58:00,85.0,-29.0
2024-10-10 07:59:00,72.0,-22.0
2024-10-10 08:00:00,58.0,-15.0
2024-10-10 08:01:00,65.0,-20.0
2024-10-10 08:02:00,78.0,-29.0
2024-10-10 08:03:00,87.0,-32.0
2024-10-10 08:04:00,90.0,-32.0
2024-10-10 08:05:00,89.0,-31.0
2024-10-10 08:06:00,83.0,-33.0
2024-10-10 08:07:00,77.0,-35.0
2024-10-10 08:08:00,70.0,-31.0
2024-10-10 08:09:00,66.0,-31.0
2024-10-10 08:10:00,67.0,-32.0
2024-10-10 08:11:00,69.0,-34.0
2024-10-10 08:12:00,66.0,-27.0
2024-10-10 08:13:00,71.0,-24.0
2024-10-10 08:14:00,84.0,-30.0
2024-10-10 08:15:00,80.0,-31.0
2024-10-10 08:16:00,75.0,-32.0
2024-10-10 08:17:00,80.0,-38.0
2024-10-10 08:18:00,85.0,-38.0
2024-10-10 08:19:00,85.0,-31.0
2024-10-10 08:20:00,72.0,-17.0
2024-10-10 08:21:00,63.0,-12.0
2024-10-10 08:22:00,75.0,-17.0
2024-10-10 08:23:00,81.0,-17.0
2024-10-10 08:24:00,85.0,-14.0
2024-10-10 08:25:00,88.0,-10.0
2024-10-10 08:26:00,88.0,-10.0
2024-10-10 08:27:00,93.0,-18.0
2024-10-10 08:28:00,106.0,-30.0
2024-10-10 08:29:00,112.0,-32.0
2024-10-10 08:30:00,118.0,-29.0
2024-10-10 08:31:00,117.0,-20.0
2024-10-10 08:32:00,118.0,-14.0
2024-10-10 08:33:00,124.0,-21.0
2024-10-10 08:34:00,127.0,-28.0
2024-10-10 08:35:00,127.0,-29.0
2024-10-10 08:36:00,130.0,-25.0
2024-10-10 08:37:00,131.0,-20.0
2024-10-10 08:38:00,124.0,-16.0
2024-10-10 08:39:00,107.0,-15.0
2024-10-10 08:40:00,95.0,-17.0
2024-10-10 08:41:00,90.0,-22.0
2024-10-10 08:42:00,85.0,-25.0
2024-10-10 08:43:00,86.0,-28.0
2024-10-10 08:44:00,94.0,-31.0
2024-10-10 08:45:00,104.0,-34.0
2024-10-10 08:46:00,113.0,-36.0
2024-10-10 08:47:00,121.0,-36.0
2024-10-10 08:48:00,134.0,-38.0
2024-10-10 08:49:00,143.0,-39.0
2024-10-10 08:50:00,147.0,-38.0
2024-10-10 08:51:00,146.0,-35.0
2024-10-10 08:52:00,146.0,-36.0
2024-10-10 08:53:00,140.0,-35.0
2024-10-10 08:54:00,133.0,-33.0
2024-10-10 08:55:00,131.0,-32.0
2024-10-10 08:56:00,129.0,-31.0
2024-10-10 08:57:00,127.0,-30.0
2024-10-10 08:58:00,128.0,-34.0
2024-10-10 08:59:00,129.0,-36.0
2024-10-10 09:00:00,127.0,-34.0
2024-10-10 09:01:00,125.0,-32.0
2024-10-10 09:02:00,123.0,-30.0
2024-10-10 09:03:00,119.0,-29.0
2024-10-10 09:04:00,116.0,-30.0
2024-10-10 09:05:00,111.0,-30.0
2024-10-10 09:06:00,104.0,-30.0
2024-10-10 09:07:00,97.0,-30.0
2024-10-10 09:08:00,91.0,-29.0
2024-10-10 09:09:00,88.0,-30.0
2024-10-10 09:10:00,89.0,-31.0
2024-10-10 09:11:00,89.0,-31.0
2024-10-10 09:12:00,89.0,-33.0
2024-10-10 09:13:00,86.0,-33.0
2024-10-10 09:14:00,83.0,-31.0
2024-10-10 09:15:00,83.0,-31.0
2024-10-10 09:16:00,83.0,-30.0
2024-10-10 09:17:00,79.0,-28.0
2024-10-10 09:18:00,79.0,-30.0
2024-10-10 09:19:00,80.0,-34.0
2024-10-10 09:20:00,80.0,-37.0
2024-10-10 09:21:00,75.0,-36.0
2024-10-10 09:22:00,71.0,-35.0
2024-10-10 09:23:00,72.0,-38.0
2024-10-10 09:24:00,69.0,-38.0
2024-10-10 09:25:00,62.0,-35.0
2024-10-10 09:26:00,59.0,-36.0
2024-10-10 09:27:00,54.0,-36.0
2024-10-10 09:28:00,47.0,-34.0
2024-10-10 09:29:00,42.0,-32.0
2024-10-10 09:30:00,50.0,-32.0
2024-10-10 09:31:00,56.0,-34.0
2024-10-10 09:32:00,56.0,-37.0
2024-10-10 09:33:00,54.0,-40.0
2024-10-10 09:34:00,48.0,-35.0
2024-10-10 09:35:00,45.0,-35.0
2024-10-10 09:36:00,47.0,-35.0
2024-10-10 09:37:00,47.0,-32.0
2024-10-10 09:38:00,48.0,-26.0
2024-10-10 09:39:00,57.0,-28.0
2024-10-10 09:40:00,62.0,-30.0
2024-10-10 09:41:00,62.0,-31.0
2024-10-10 09:42:00,59.0,-31.0
2024-10-10 09:43:00,62.0,-29.0
2024-10-10 09:44:00,63.0,-25.0
2024-10-10 09:45:00,66.0,-21.0
2024-10-10 09:46:00,62.0,-14.0
2024-10-10 09:47:00,74.0,-13.0
2024-10-10 09:48:00,93.0,-19.0
2024-10-10 09:49:00,97.0,-20.0
2024-10-10 09:50:00,88.0,-14.0
2024-10-10 09:51:00,89.0,-12.0
2024-10-10 09:52:00,97.0,-12.0
2024-10-10 09:53:00,99.0,-11.0
2024-10-10 09:54:00,102.0,-12.0
2024-10-10 09:55:00,98.0,-12.0
2024-10-10 09:56:00,99.0,-11.0
2024-10-10 09:57:00,101.0,-10.0
2024-10-10 09:58:00,100.0,-8.0
2024-10-10 09:59:00,109.0,-13.0
2024-10-10 10:00:00,110.0,-17.0
2024-10-10 10:01:00,110.0,-21.0
2024-10-10 10:02:00,112.0,-25.0
2024-10-10 10:03:00,110.0,-27.0
2024-10-10 10:04:00,108.0,-28.0
2024-10-10 10:05:00,101.0,-28.0
2024-10-10 10:06:00,106.0,-30.0
2024-10-10 10:07:00,109.0,-31.0
2024-10-10 10:08:00,104.0,-30.0
2024-10-10 10:09:00,103.0,-28.0
2024-10-10 10:10:00,97.0,-25.0
2024-10-10 10:11:00,95.0,-23.0
2024-10-10 10:12:00,91.0,-20.0
2024-10-10 10:13:00,82.0,-18.0
2024-10-10 10:14:00,78.0,-21.0
2024-10-10 10:15:00,70.0,-22.0
2024-10-10 10:16:00,60.0,-20.0
2024-10-10 10:17:00,59.0,-22.0
2024-10-10 10:18:00,64.0,-27.0
2024-10-10 10:19:00,68.0,-33.0
2024-10-10 10:20:00,72.0,-37.0
2024-10-10 10:21:00,81.0,-41.0
2024-10-10 10:22:00,88.0,-48.0
2024-10-10 10:23:00,93.0,-57.0
2024-10-10 10:24:00,97.0,-68.0
2024-10-10 10:25:00,113.0,-80.0
2024-10-10 10:26:00,123.0,-88.0
2024-10-10 10:27:00,127.0,-93.0
2024-10-10 10:28:00,131.0,-96.0
2024-10-10 10:29:00,123.0,-97.0
2024-10-10 10:30:00,118.0,-96.0
2024-10-10 10:31:00,114.0,-92.0
2024-10-10 10:32:00,111.0,-87.0
2024-10-10 10:33:00,116.0,-82.0
2024-10-10 10:34:00,118.0,-80.0
2024-10-10 10:35:00,122.0,-77.0
2024-10-10 10:36:00,118.0,-71.0
2024-10-10 10:37:00,102.0,-65.0
2024-10-10 10:38:00,89.0,-63.0
2024-10-10 10:39:00,86.0,-63.0
2024-10-10 10:40:00,87.0,-66.0
2024-10-10 10:41:00,99.0,-70.0
2024-10-10 10:42:00,122.0,-74.0
2024-10-10 10:43:00,143.0,-77.0
2024-10-10 10:44:00,142.0,-78.0
2024-10-10 10:45:00,129.0,-77.0
2024-10-10 10:46:00,116.0,-77.0
2024-10-10 10:47:00,114.0,-78.0
2024-10-10 10:48:00,117.0,-80.0
2024-10-10 10:49:00,121.0,-82.0
2024-10-10 10:50:00,128.0,-81.0
2024-10-10 10:51:00,143.0,-81.0
2024-10-10 10:52:00,158.0,-79.0
2024-10-10 10:53:00,175.0,-76.0
2024-10-10 10:54:00,188.0,-76.0
2024-10-10 10:55:00,189.0,-72.0
2024-10-10 10:56:00,196.0,-70.0
2024-10-10 10:57:00,207.0,-81.0
2024-10-10 10:58:00,202.0,-83.0
2024-10-10 10:59:00,186.0,-80.0
2024-10-10 11:00:00,184.0,-84.0
2024-10-10 11:01:00,194.0,-67.0
2024-10-10 11:02:00,209.0,-66.0
2024-10-10 11:03:00,217.0,-75.0
2024-10-10 11:04:00,216.0,-80.0
2024-10-10 11:05:00,226.0,-82.0
2024-10-10 11:06:00,233.0,-84.0
2024-10-10 11:07:00,280.0,-103.0
2024-10-10 11:08:00,316.0,-107.0
2024-10-10 11:09:00,341.0,-111.0
2024-10-10 11:10:00,335.0,-106.0
2024-10-10 11:11:00,314.0,-94.0
2024-10-10 11:12:00,295.0,-85.0
2024-10-10 11:13:00,278.0,-84.0
2024-10-10 11:14:00,267.0,-88.0
2024-10-10 11:15:00,269.0,-94.0
2024-10-10 11:16:00,264.0,-88.0
2024-10-10 11:17:00,254.0,-72.0
2024-10-10 11:18:00,238.0,-52.0
2024-10-10 11:19:00,213.0,-46.0
2024-10-10 11:20:00,177.0,-42.0
2024-10-10 11:21:00,158.0,-48.0
2024-10-10 11:22:00,157.0,-49.0
2024-10-10 11:23:00,189.0,-58.0
2024-10-10 11:24:00,228.0,-69.0
2024-10-10 11:25:00,253.0,-80.0
2024-10-10 11:26:00,261.0,-89.0
2024-10-10 11:27:00,247.0,-97.0
2024-10-10 11:28:00,212.0,-106.0
2024-10-10 11:29:00,221.0,-131.0
2024-10-10 11:30:00,232.0,-126.0
2024-10-10 11:31:00,307.0,-157.0
2024-10-10 11:32:00,390.0,-194.0
2024-10-10 11:33:00,434.0,-212.0
2024-10-10 11:34:00,441.0,-218.0
2024-10-10 11:35:00,416.0,-213.0
2024-10-10 11:36:00,364.0,-189.0
2024-10-10 11:37:00,321.0,-173.0
2024-10-10 11:38:00,313.0,-184.0
2024-10-10 11:39:00,342.0,-207.0
2024-10-10 11:40:00,330.0,-187.0
2024-10-10 11:41:00,358.0,-196.0
2024-10-10 11:42:00,393.0,-219.0
2024-10-10 11:43:00,379.0,-201.0
2024-10-10 11:44:00,353.0,-179.0
2024-10-10 11:45:00,347.0,-172.0
2024-10-10 11:46:00,329.0,-165.0
2024-10-10 11:47:00,320.0,-148.0
2024-10-10 11:48:00,295.0,-136.0
2024-10-10 11:49:00,273.0,-127.0
2024-10-10 11:50:00,252.0,-124.0
2024-10-10 11:51:00,237.0,-115.0
2024-10-10 11:52:00,228.0,-107.0
2024-10-10 11:53:00,234.0,-111.0
2024-10-10 11:54:00,235.0,-109.0
2024-10-10 11:55:00,245.0,-111.0
2024-10-10 11:56:00,241.0,-112.0
2024-10-10 11:57:00,241.0,-117.0
2024-10-10 11:58:00,252.0,-119.0
2024-10-10 11:59:00,262.0,-114.0
2024-10-10 12:00:00,275.0,-108.0
2024-10-10 12:01:00,285.0,-104.0
2024-10-10 12:02:00,289.0,-106.0
2024-10-10 12:03:00,294.0,-110.0
2024-10-10 12:04:00,298.0,-113.0
2024-10-10 12:05:00,298.0,-114.0
2024-10-10 12:06:00,302.0,-111.0
2024-10-10 12:07:00,319.0,-121.0
2024-10-10 12:08:00,350.0,-150.0
2024-10-10 12:09:00,355.0,-164.0
2024-10-10 12:10:00,385.0,-196.0
2024-10-10 12:11:00,424.0,-242.0
2024-10-10 12:12:00,458.0,-269.0
2024-10-10 12:13:00,508.0,-312.0
2024-10-10 12:14:00,547.0,-349.0
2024-10-10 12:15:00,554.0,-356.0
2024-10-10 12:16:00,556.0,-356.0
2024-10-10 12:17:00,617.0,-418.0
2024-10-10 12:18:00,679.0,-475.0
2024-10-10 12:19:00,724.0,-513.0
2024-10-10 12:20:00,726.0,-521.0
2024-10-10 12:21:00,735.0,-536.0
2024-10-10 12:22:00,715.0,-545.0
2024-10-10 12:23:00,734.0,-538.0
2024-10-10 12:24:00,736.0,-534.0
2024-10-10 12:25:00,709.0,-526.0
2024-10-10 12:26:00,669.0,-479.0
2024-10-10 12:27:00,669.0,-479.0
2024-10-10 12:28:00,662.0,-474.0
2024-10-10 12:29:00,665.0,-472.0
2024-10-10 12:30:00,717.0,-510.0
2024-10-10 12:31:00,714.0,-508.0
2024-10-10 12:32:00,682.0,-479.0
2024-10-10 12:33:00,678.0,-471.0
2024-10-10 12:34:00,702.0,-479.0
2024-10-10 12:35:00,703.0,-478.0
2024-10-10 12:36:00,677.0,-452.0
2024-10-10 12:37:00,668.0,-439.0
2024-10-10 12:38:00,673.0,-447.0
2024-10-10 12:39:00,690.0,-464.0
2024-10-10 12:40:00,707.0,-488.0
2024-10-10 12:41:00,741.0,-525.0
2024-10-10 12:42:00,755.0,-544.0
2024-10-10 12:43:00,755.0,-539.0
2024-10-10 12:44:00,740.0,-521.0
2024-10-10 12:45:00,714.0,-503.0
2024-10-10 12:46:00,721.0,-506.0
2024-10-10 12:47:00,755.0,-523.0
2024-10-10 12:48:00,842.0,-580.0
2024-10-10 12:49:00,852.0,-569.0
2024-10-10 12:50:00,870.0,-584.0
2024-10-10 12:51:00,874.0,-601.0
2024-10-10 12:52:00,869.0,-601.0
2024-10-10 12:53:00,938.0,-632.0
2024-10-10 12:54:00,1034.0,-691.0
2024-10-10 12:55:00,1017.0,-672.0
2024-10-10 12:56:00,1029.0,-690.0
2024-10-10 12:57:00,980.0,-654.0
2024-10-10 12:58:00,967.0,-647.0
2024-10-10 12:59:00,995.0,-667.0
2024-10-10 13:00:00,978.0,-660.0
2024-10-10 13:01:00,952.0,-641.0
2024-10-10 13:02:00,939.0,-628.0
2024-10-10 13:03:00,925.0,-612.0
2024-10-10 13:04:00,900.0,-588.0
2024-10-10 13:05:00,969.0,-651.0
2024-10-10 13:06:00,1056.0,-735.0
2024-10-10 13:07:00,1005.0,-685.0
2024-10-10 13:08:00,903.0,-589.0
2024-10-10 13:09:00,926.0,-614.0
2024-10-10 13:10:00,896.0,-595.0
2024-10-10 13:11:00,892.0,-594.0
2024-10-10 13:12:00,888.0,-593.0
2024-10-10 13:13:00,892.0,-610.0
2024-10-10 13:14:00,919.0,-629.0
2024-10-10 13:15:00,923.0,-632.0
2024-10-10 13:16:00,914.0,-625.0
2024-10-10 13:17:00,927.0,-639.0
2024-10-10 13:18:00,971.0,-680.0
2024-10-10 13:19:00,935.0,-638.0
2024-10-10 13:20:00,929.0,-624.0
2024-10-10 13:21:00,948.0,-639.0
2024-10-10 13:22:00,939.0,-647.0
2024-10-10 13:23:00,953.0,-669.0
2024-10-10 13:24:00,962.0,-688.0
2024-10-10 13:25:00,921.0,-656.0
2024-10-10 13:26:00,925.0,-659.0
2024-10-10 13:27:00,932.0,-673.0
2024-10-10 13:28:00,920.0,-666.0
2024-10-10 13:29:00,901.0,-650.0
2024-10-10 13:30:00,895.0,-654.0
2024-10-10 13:31:00,892.0,-654.0
2024-10-10 13:32:00,906.0,-666.0
2024-10-10 13:33:00,918.0,-675.0
2024-10-10 13:34:00,854.0,-615.0
2024-10-10 13:35:00,847.0,-610.0
2024-10-10 13:36:00,854.0,-611.0
2024-10-10 13:37:00,854.0,-611.0
2024-10-10 13:38:00,838.0,-598.0
2024-10-10 13:39:00,812.0,-577.0
2024-10-10 13:40:00,789.0,-562.0
2024-10-10 13:41:00,792.0,-567.0
2024-10-10 13:42:00,792.0,-571.0
2024-10-10 13:43:00,807.0,-586.0
2024-10-10 13:44:00,774.0,-548.0
2024-10-10 13:45:00,759.0,-522.0
2024-10-10 13:46:00,758.0,-505.0
2024-10-10 13:47:00,748.0,-496.0
2024-10-10 13:48:00,743.0,-494.0
2024-10-10 13:49:00,720.0,-486.0
2024-10-10 13:50:00,717.0,-483.0
2024-10-10 13:51:00,739.0,-494.0
2024-10-10 13:52:00,741.0,-496.0
2024-10-10 13:53:00,721.0,-480.0
2024-10-10 13:54:00,692.0,-470.0
2024-10-10 13:55:00,684.0,-460.0
2024-10-10 13:56:00,657.0,-434.0
2024-10-10 13:57:00,632.0,-414.0
2024-10-10 13:58:00,634.0,-416.0
2024-10-10 13:59:00,635.0,-409.0
2024-10-10 14:00:00,637.0,-409.0
2024-10-10 14:01:00,626.0,-398.0
2024-10-10 14:02:00,607.0,-382.0
2024-10-10 14:03:00,580.0,-358.0
2024-10-10 14:04:00,560.0,-340.0
2024-10-10 14:05:00,538.0,-327.0
2024-10-10 14:06:00,515.0,-314.0
2024-10-10 14:07:00,485.0,-293.0
2024-10-10 14:08:00,449.0,-277.0
2024-10-10 14:09:00,402.0,-252.0
2024-10-10 14:10:00,377.0,-246.0
2024-10-10 14:11:00,405.0,-273.0
2024-10-10 14:12:00,431.0,-292.0
2024-10-10 14:13:00,443.0,-298.0
2024-10-10 14:14:00,451.0,-295.0
2024-10-10 14:15:00,461.0,-278.0
2024-10-10 14:16:00,501.0,-304.0
2024-10-10 14:17:00,528.0,-329.0
2024-10-10 14:18:00,548.0,-341.0
2024-10-10 14:19:00,552.0,-334.0
2024-10-10 14:20:00,511.0,-291.0
2024-10-10 14:21:00,476.0,-264.0
2024-10-10 14:22:00,458.0,-264.0
2024-10-10 14:23:00,482.0,-282.0
2024-10-10 14:24:00,497.0,-295.0
2024-10-10 14:25:00,461.0,-284.0
2024-10-10 14:26:00,477.0,-280.0
2024-10-10 14:27:00,497.0,-280.0
2024-10-10 14:28:00,469.0,-249.0
2024-10-10 14:29:00,431.0,-229.0
2024-10-10 14:30:00,387.0,-195.0
2024-10-10 14:31:00,351.0,-165.0
2024-10-10 14:32:00,310.0,-129.0
2024-10-10 14:33:00,267.0,-99.0
2024-10-10 14:34:00,262.0,-99.0
2024-10-10 14:35:00,286.0,-102.0
2024-10-10 14:36:00,321.0,-117.0
2024-10-10 14:37:00,322.0,-131.0
2024-10-10 14:38:00,295.0,-136.0
2024-10-10 14:39:00,303.0,-150.0
2024-10-10 14:40:00,325.0,-150.0
2024-10-10 14:41:00,301.0,-114.0
2024-10-10 14:42:00,285.0,-121.0
2024-10-10 14:43:00,262.0,-112.0
2024-10-10 14:44:00,232.0,-78.0
2024-10-10 14:45:00,213.0,-54.0
2024-10-10 14:46:00,248.0,-89.0
2024-10-10 14:47:00,247.0,-85.0
2024-10-10 14:48:00,271.0,-85.0
2024-10-10 14:49:00,295.0,-109.0
2024-10-10 14:50:00,287.0,-126.0
2024-10-10 14:51:00,281.0,-126.0
2024-10-10 14:52:00,312.0,-157.0
2024-10-10 14:53:00,335.0,-172.0
2024-10-10 14:54:00,376.0,-178.0
2024-10-10 14:55:00,370.0,-166.0
2024-10-10 14:56:00,335.0,-161.0
2024-10-10 14:57:00,380.0,-206.0
2024-10-10 14:58:00,409.0,-213.0
2024-10-10 14:59:00,384.0,-196.0
2024-10-10 15:00:00,375.0,-195.0
2024-10-10 15:01:00,382.0,-199.0
2024-10-10 15:02:00,378.0,-193.0
2024-10-10 15:03:00,295.0,-111.0
2024-10-10 15:04:00,259.0,-87.0
2024-10-10 15:05:00,241.0,-72.0
2024-10-10 15:06:00,308.0,-122.0
2024-10-10 15:07:00,359.0,-129.0
2024-10-10 15:08:00,374.0,-129.0
2024-10-10 15:09:00,361.0,-133.0
2024-10-10 15:10:00,300.0,-127.0
2024-10-10 15:11:00,257.0,-115.0
2024-10-10 15:12:00,280.0,-129.0
2024-10-10 15:13:00,308.0,-137.0
2024-10-10 15:14:00,297.0,-140.0
2024-10-10 15:15:00,378.0,-181.0
2024-10-10 15:16:00,832.0,-77.0
2024-10-10 15:17:00,1392.0,-616.0
2024-10-10 15:18:00,1399.0,-523.0
2024-10-10 15:19:00,1263.0,-656.0
2024-10-10 15:20:00,1116.0,-379.0
2024-10-10 15:21:00,1167.0,-314.0
2024-10-10 15:22:00,1281.0,-317.0
2024-10-10 15:23:00,1127.0,-374.0
2024-10-10 15:24:00,764.0,-427.0
2024-10-10 15:25:00,751.0,-427.0
2024-10-10 15:26:00,579.0,-493.0
2024-10-10 15:27:00,735.0,-506.0
2024-10-10 15:28:00,855.0,-687.0
2024-10-10 15:29:00,990.0,-747.0
2024-10-10 15:30:00,1034.0,-672.0
2024-10-10 15:31:00,1169.0,-700.0
2024-10-10 15:32:00,1105.0,-702.0
2024-10-10 15:33:00,981.0,-582.0
2024-10-10 15:34:00,1205.0,-850.0
2024-10-10 15:35:00,1495.0,-1139.0
2024-10-10 15:36:00,1640.0,-1266.0
2024-10-10 15:37:00,1764.0,-1387.0
2024-10-10 15:38:00,1849.0,-1481.0
2024-10-10 15:39:00,1887.0,-1572.0
2024-10-10 15:40:00,1971.0,-1617.0
2024-10-10 15:41:00,2213.0,-1819.0
2024-10-10 15:42:00,2293.0,-1836.0
2024-10-10 15:43:00,2430.0,-1908.0
2024-10-10 15:44:00,2448.0,-1911.0
2024-10-10 15:45:00,2612.0,-2053.0
2024-10-10 15:46:00,2981.0,-2294.0
2024-10-10 15:47:00,2910.0,-2230.0
2024-10-10 15:48:00,3270.0,-2576.0
2024-10-10 15:49:00,3369.0,-2571.0
2024-10-10 15:50:00,3666.0,-2891.0
2024-10-10 15:51:00,3886.0,-3147.0
2024-10-10 15:52:00,4096.0,-3328.0
2024-10-10 15:53:00,4274.0,-3479.0
2024-10-10 15:54:00,4064.0,-3286.0
2024-10-10 15:55:00,3711.0,-2883.0
2024-10-10 15:56:00,3550.0,-2688.0
2024-10-10 15:57:00,3537.0,-2658.0
2024-10-10 15:58:00,3627.0,-2757.0
2024-10-10 15:59:00,3629.0,-2790.0
2024-10-10 16:00:00,3354.0,-2510.0
2024-10-10 16:01:00,3102.0,-2211.0
2024-10-10 16:02:00,2666.0,-1807.0
2024-10-10 16:03:00,2666.0,-1819.0
2024-10-10 16:04:00,2719.0,-1916.0
2024-10-10 16:05:00,2679.0,-1900.0
2024-10-10 16:06:00,2537.0,-1773.0
2024-10-10 16:07:00,2176.0,-1458.0
2024-10-10 16:08:00,2221.0,-1526.0
2024-10-10 16:09:00,2823.0,-2118.0
2024-10-10 16:10:00,3014.0,-2306.0
2024-10-10 16:11:00,2785.0,-2054.0
2024-10-10 16:12:00,2542.0,-1804.0
2024-10-10 16:13:00,2666.0,-1882.0
2024-10-10 16:14:00,2607.0,-1784.0
2024-10-10 16:15:00,2388.0,-1571.0
2024-10-10 16:16:00,2632.0,-1774.0
2024-10-10 16:17:00,2896.0,-2089.0
2024-10-10 16:18:00,3127.0,-2322.0
2024-10-10 16:19:00,2781.0,-1939.0
2024-10-10 16:20:00,2580.0,-1664.0
2024-10-10 16:21:00,2554.0,-1575.0
2024-10-10 16:22:00,2660.0,-1662.0
2024-10-10 16:23:00,2911.0,-1805.0
2024-10-10 16:24:00,3055.0,-2034.0
2024-10-10 16:25:00,3216.0,-2257.0
2024-10-10 16:26:00,3042.0,-2199.0
2024-10-10 16:27:00,2791.0,-2134.0
2024-10-10 16:28:00,2919.0,-2238.0
2024-10-10 16:29:00,2937.0,-2049.0
2024-10-10 16:30:00,2883.0,-1982.0
2024-10-10 16:31:00,2808.0,-1721.0
2024-10-10 16:32:00,2757.0,-1485.0
2024-10-10 16:33:00,2468.0,-1337.0
2024-10-10 16:34:00,2409.0,-1231.0
2024-10-10 16:35:00,2459.0,-1072.0
2024-10-10 16:36:00,2239.0,-905.0
2024-10-10 16:37:00,1818.0,-698.0
2024-10-10 16:38:00,1572.0,-681.0
2024-10-10 16:39:00,1423.0,-624.0
2024-10-10 16:40:00,1580.0,-544.0
2024-10-10 16:41:00,1272.0,-319.0
2024-10-10 16:42:00,1032.0,-368.0
2024-10-10 16:43:00,1201.0,-450.0
2024-10-10 16:44:00,1480.0,-670.0
2024-10-10 16:45:00,1553.0,-872.0
2024-10-10 16:46:00,1553.0,-919.0
2024-10-10 16:47:00,1754.0,-1278.0
2024-10-10 16:48:00,1816.0,-1512.0
2024-10-10 16:49:00,1866.0,-1571.0
2024-10-10 16:50:00,1820.0,-1574.0
2024-10-10 16:51:00,1853.0,-1586.0
2024-10-10 16:52:00,1848.0,-1586.0
2024-10-10 16:53:00,1759.0,-1575.0
2024-10-10 16:54:00,1645.0,-1585.0
2024-10-10 16:55:00,1812.0,-1781.0
2024-10-10 16:56:00,2142.0,-2112.0
2024-10-10 16:57:00,2240.0,-2181.0
2024-10-10 16:58:00,2057.0,-1975.0
2024-10-10 16:59:00,2115.0,-2025.0
2024-10-10 17:00:00,2249.0,-2127.0
2024-10-10 17:01:00,2327.0,-2193.0
2024-10-10 17:02:00,2297.0,-2095.0
2024-10-10 17:03:00,2143.0,-1872.0
2024-10-10 17:04:00,2085.0,-1719.0
2024-10-10 17:05:00,1974.0,-1622.0
2024-10-10 17:06:00,1798.0,-1468.0
2024-10-10 17:07:00,1814.0,-1508.0
2024-10-10 17:08:00,1973.0,-1701.0
2024-10-10 17:09:00,1964.0,-1582.0
2024-10-10 17:10:00,2024.0,-1615.0
2024-10-10 17:11:00,2062.0,-1628.0
2024-10-10 17:12:00,1944.0,-1501.0
2024-10-10 17:13:00,1690.0,-1250.0
2024-10-10 17:14:00,1573.0,-1167.0
2024-10-10 17:15:00,1645.0,-1206.0
2024-10-10 17:16:00,1942.0,-1475.0
2024-10-10 17:17:00,2203.0,-1701.0
2024-10-10 17:18:00,2262.0,-1764.0
2024-10-10 17:19:00,2257.0,-1745.0
2024-10-10 17:20:00,2080.0,-1550.0
2024-10-10 17:21:00,2048.0,-1548.0
2024-10-10 17:22:00,1877.0,-1438.0
2024-10-10 17:23:00,1797.0,-1344.0
2024-10-10 17:24:00,1809.0,-1326.0
2024-10-10 17:25:00,1581.0,-1073.0
2024-10-10 17:26:00,1594.0,-1029.0
2024-10-10 17:27:00,1529.0,-981.0
2024-10-10 17:28:00,1623.0,-1055.0
2024-10-10 17:29:00,1618.0,-1057.0
2024-10-10 17:30:00,1644.0,-1103.0
2024-10-10 17:31:00,1644.0,-1113.0
2024-10-10 17:32:00,1627.0,-1039.0
2024-10-10 17:33:00,1529.0,-921.0
2024-10-10 17:34:00,1601.0,-1007.0
2024-10-10 17:35:00,1690.0,-1080.0
2024-10-10 17:36:00,1782.0,-1209.0
2024-10-10 17:37:00,1657.0,-1080.0
2024-10-10 17:38:00,1697.0,-1092.0
2024-10-10 17:39:00,1749.0,-1159.0
2024-10-10 17:40:00,1788.0,-1257.0
2024-10-10 17:41:00,1740.0,-1167.0
2024-10-10 17:42:00,1847.0,-1285.0
2024-10-10 17:43:00,1845.0,-1276.0
2024-10-10 17:44:00,1762.0,-1177.0
2024-10-10 17:45:00,1751.0,-1222.0
2024-10-10 17:46:00,1621.0,-1184.0
2024-10-10 17:47:00,1473.0,-1120.0
2024-10-10 17:48:00,1489.0,-1220.0
2024-10-10 17:49:00,1646.0,-1411.0
2024-10-10 17:50:00,1636.0,-1432.0
2024-10-10 17:51:00,1608.0,-1370.0
2024-10-10 17:52:00,1796.0,-1540.0
2024-10-10 17:53:00,2138.0,-1879.0
2024-10-10 17:54:00,2075.0,-1830.0
2024-10-10 17:55:00,2005.0,-1703.0
2024-10-10 17:56:00,2141.0,-1826.0
2024-10-10 17:57:00,2240.0,-1970.0
2024-10-10 17:58:00,2012.0,-1816.0
2024-10-10 17:59:00,1686.0,-1502.0
2024-10-10 18:00:00,1524.0,-1333.0
2024-10-10 18:01:00,1255.0,-1078.0
2024-10-10 18:02:00,1098.0,-1003.0
2024-10-10 18:03:00,1032.0,-963.0
2024-10-10 18:04:00,884.0,-800.0
2024-10-10 18:05:00,759.0,-657.0
2024-10-10 18:06:00,592.0,-481.0
2024-10-10 18:07:00,478.0,-370.0
2024-10-10 18:08:00,470.0,-357.0
2024-10-10 18:09:00,486.0,-363.0
2024-10-10 18:10:00,483.0,-355.0
2024-10-10 18:11:00,421.0,-349.0
2024-10-10 18:12:00,448.0,-368.0
2024-10-10 18:13:00,529.0,-401.0
2024-10-10 18:14:00,570.0,-412.0
2024-10-10 18:15:00,523.0,-398.0
2024-10-10 18:16:00,481.0,-368.0
2024-10-10 18:17:00,501.0,-356.0
2024-10-10 18:18:00,512.0,-336.0
2024-10-10 18:19:00,489.0,-326.0
2024-10-10 18:20:00,457.0,-306.0
2024-10-10 18:21:00,409.0,-283.0
2024-10-10 18:22:00,449.0,-263.0
2024-10-10 18:23:00,491.0,-214.0
2024-10-10 18:24:00,536.0,-193.0
2024-10-10 18:25:00,639.0,-181.0
2024-10-10 18:26:00,726.0,-157.0
2024-10-10 18:27:00,821.0,-165.0
2024-10-10 18:28:00,1145.0,-181.0
2024-10-10 18:29:00,1389.0,-183.0
2024-10-10 18:30:00,1527.0,-176.0
2024-10-10 18:31:00,1565.0,-169.0
2024-10-10 18:32:00,1430.0,-126.0
2024-10-10 18:33:00,1317.0,-86.0
2024-10-10 18:34:00,1339.0,-54.0
2024-10-10 18:35:00,1457.0,-70.0
2024-10-10 18:36:00,1526.0,-82.0
2024-10-10 18:37:00,1376.0,-92.0
2024-10-10 18:38:00,1250.0,-120.0
2024-10-10 18:39:00,1261.0,-150.0
2024-10-10 18:40:00,1342.0,-228.0
2024-10-10 18:41:00,1292.0,-299.0
2024-10-10 18:42:00,1232.0,-338.0
2024-10-10 18:43:00,1141.0,-328.0
2024-10-10 18:44:00,1109.0,-277.0
2024-10-10 18:45:00,1007.0,-264.0
2024-10-10 18:46:00,1010.0,-355.0
2024-10-10 18:47:00,968.0,-389.0
2024-10-10 18:48:00,877.0,-373.0
2024-10-10 18:49:00,865.0,-426.0
2024-10-10 18:50:00,848.0,-471.0
2024-10-10 18:51:00,881.0,-524.0
2024-10-10 18:52:00,860.0,-532.0
2024-10-10 18:53:00,809.0,-514.0
2024-10-10 18:54:00,889.0,-645.0
2024-10-10 18:55:00,980.0,-827.0
2024-10-10 18:56:00,979.0,-820.0
2024-10-10 18:57:00,1137.0,-974.0
2024-10-10 18:58:00,1393.0,-1156.0
2024-10-10 18:59:00,1509.0,-1237.0
2024-10-10 19:00:00,1402.0,-1148.0
2024-10-10 19:01:00,1545.0,-1262.0
2024-10-10 19:02:00,1666.0,-1368.0
2024-10-10 19:03:00,1760.0,-1486.0
2024-10-10 19:04:00,1668.0,-1459.0
2024-10-10 19:05:00,1356.0,-1217.0
2024-10-10 19:06:00,1154.0,-1077.0
2024-10-10 19:07:00,1058.0,-936.0
2024-10-10 19:08:00,990.0,-846.0
2024-10-10 19:09:00,922.0,-767.0
2024-10-10 19:10:00,1108.0,-705.0
2024-10-10 19:11:00,1423.0,-631.0
2024-10-10 19:12:00,1548.0,-608.0
2024-10-10 19:13:00,1629.0,-606.0
2024-10-10 19:14:00,1703.0,-584.0
2024-10-10 19:15:00,1823.0,-590.0
2024-10-10 19:16:00,1824.0,-585.0
2024-10-10 19:17:00,1858.0,-509.0
2024-10-10 19:18:00,1968.0,-592.0
2024-10-10 19:19:00,2032.0,-679.0
2024-10-10 19:20:00,1963.0,-663.0
2024-10-10 19:21:00,1907.0,-662.0
2024-10-10 19:22:00,1847.0,-625.0
2024-10-10 19:23:00,1794.0,-546.0
2024-10-10 19:24:00,1776.0,-554.0
2024-10-10 19:25:00,1752.0,-579.0
2024-10-10 19:26:00,1867.0,-749.0
2024-10-10 19:27:00,1984.0,-917.0
2024-10-10 19:28:00,2070.0,-986.0
2024-10-10 19:29:00,1993.0,-938.0
2024-10-10 19:30:00,1753.0,-782.0
2024-10-10 19:31:00,1845.0,-869.0
2024-10-10 19:32:00,2021.0,-1007.0
2024-10-10 19:33:00,1995.0,-975.0
2024-10-10 19:34:00,1845.0,-844.0
2024-10-10 19:35:00,1661.0,-732.0
2024-10-10 19:36:00,1469.0,-623.0
2024-10-10 19:37:00,1457.0,-597.0
2024-10-10 19:38:00,1336.0,-460.0
2024-10-10 19:39:00,1308.0,-423.0
2024-10-10 19:40:00,1346.0,-415.0
2024-10-10 19:41:00,1306.0,-421.0
2024-10-10 19:42:00,1234.0,-422.0
2024-10-10 19:43:00,1241.0,-435.0
2024-10-10 19:44:00,1179.0,-443.0
2024-10-10 19:45:00,1142.0,-447.0
2024-10-10 19:46:00,1093.0,-439.0
2024-10-10 19:47:00,1046.0,-414.0
2024-10-10 19:48:00,1081.0,-405.0
2024-10-10 19:49:00,1133.0,-420.0
2024-10-10 19:50:00,1195.0,-441.0
2024-10-10 19:51:00,1140.0,-428.0
2024-10-10 19:52:00,1062.0,-424.0
2024-10-10 19:53:00,1028.0,-415.0
2024-10-10 19:54:00,949.0,-379.0
2024-10-10 19:55:00,859.0,-321.0
2024-10-10 19:56:00,798.0,-281.0
2024-10-10 19:57:00,753.0,-273.0
2024-10-10 19:58:00,760.0,-294.0
2024-10-10 19:59:00,738.0,-346.0
2024-10-10 20:00:00,730.0,-383.0
2024-10-10 20:01:00,687.0,-358.0
2024-10-10 20:02:00,695.0,-308.0
2024-10-10 20:03:00,732.0,-315.0
2024-10-10 20:04:00,671.0,-295.0
2024-10-10 20:05:00,647.0,-241.0
2024-10-10 20:06:00,677.0,-211.0
2024-10-10 20:07:00,684.0,-212.0
2024-10-10 20:08:00,693.0,-251.0
2024-10-10 20:09:00,682.0,-279.0
2024-10-10 20:10:00,636.0,-274.0
2024-10-10 20:11:00,557.0,-257.0
2024-10-10 20:12:00,517.0,-239.0
2024-10-10 20:13:00,422.0,-227.0
2024-10-10 20:14:00,426.0,-273.0
2024-10-10 20:15:00,411.0,-287.0
2024-10-10 20:16:00,346.0,-264.0
2024-10-10 20:17:00,559.0,-404.0
2024-10-10 20:18:00,754.0,-574.0
2024-10-10 20:19:00,1030.0,-823.0
2024-10-10 20:20:00,1484.0,-1228.0
2024-10-10 20:21:00,1687.0,-1424.0
2024-10-10 20:22:00,1576.0,-1371.0
2024-10-10 20:23:00,1359.0,-1155.0
2024-10-10 20:24:00,992.0,-743.0
2024-10-10 20:25:00,688.0,-432.0
2024-10-10 20:26:00,478.0,-268.0
2024-10-10 20:27:00,777.0,-277.0
2024-10-10 20:28:00,924.0,-303.0
2024-10-10 20:29:00,906.0,-318.0
2024-10-10 20:30:00,855.0,-329.0
2024-10-10 20:31:00,616.0,-294.0
2024-10-10 20:32:00,587.0,-353.0
2024-10-10 20:33:00,580.0,-443.0
2024-10-10 20:34:00,752.0,-600.0
2024-10-10 20:35:00,797.0,-682.0
2024-10-10 20:36:00,879.0,-769.0
2024-10-10 20:37:00,926.0,-768.0
2024-10-10 20:38:00,945.0,-754.0
2024-10-10 20:39:00,960.0,-743.0
2024-10-10 20:40:00,987.0,-755.0
2024-10-10 20:41:00,952.0,-722.0
2024-10-10 20:42:00,868.0,-639.0
2024-10-10 20:43:00,750.0,-536.0
2024-10-10 20:44:00,633.0,-435.0
2024-10-10 20:45:00,620.0,-368.0
2024-10-10 20:46:00,669.0,-320.0
2024-10-10 20:47:00,719.0,-298.0
2024-10-10 20:48:00,863.0,-303.0
2024-10-10 20:49:00,961.0,-365.0
2024-10-10 20:50:00,1136.0,-390.0
2024-10-10 20:51:00,1096.0,-431.0
2024-10-10 20:52:00,912.0,-496.0
2024-10-10 20:53:00,677.0,-555.0
2024-10-10 20:54:00,664.0,-535.0
2024-10-10 20:55:00,728.0,-576.0
2024-10-10 20:56:00,835.0,-686.0
2024-10-10 20:57:00,892.0,-729.0
2024-10-10 20:58:00,921.0,-792.0
2024-10-10 20:59:00,923.0,-768.0
2024-10-10 21:00:00,954.0,-750.0
2024-10-10 21:01:00,911.0,-802.0
2024-10-10 21:02:00,1055.0,-1009.0
2024-10-10 21:03:00,1228.0,-1216.0
2024-10-10 21:04:00,1401.0,-1465.0
2024-10-10 21:05:00,1599.0,-1721.0
2024-10-10 21:06:00,1422.0,-1498.0
2024-10-10 21:07:00,1257.0,-1331.0
2024-10-10 21:08:00,1192.0,-1263.0
2024-10-10 21:09:00,1334.0,-1309.0
2024-10-10 21:10:00,1320.0,-1257.0
2024-10-10 21:11:00,1337.0,-1187.0
2024-10-10 21:12:00,1454.0,-1101.0
2024-10-10 21:13:00,1544.0,-1003.0
2024-10-10 21:14:00,1661.0,-1046.0
2024-10-10 21:15:00,1582.0,-1006.0
2024-10-10 21:16:00,1544.0,-1018.0
2024-10-10 21:17:00,1359.0,-869.0
2024-10-10 21:18:00,1280.0,-837.0
2024-10-10 21:19:00,1479.0,-1070.0
2024-10-10 21:20:00,1797.0,-1323.0
2024-10-10 21:21:00,1874.0,-1358.0
2024-10-10 21:22:00,2009.0,-1467.0
2024-10-10 21:23:00,1797.0,-1225.0
2024-10-10 21:24:00,1513.0,-967.0
2024-10-10 21:25:00,1696.0,-1109.0
2024-10-10 21:26:00,1690.0,-1066.0
2024-10-10 21:27:00,1633.0,-1038.0
2024-10-10 21:28:00,1525.0,-934.0
2024-10-10 21:29:00,1443.0,-883.0
2024-10-10 21:30:00,1425.0,-879.0
2024-10-10 21:31:00,1253.0,-746.0
2024-10-10 21:32:00,1136.0,-676.0
2024-10-10 21:33:00,1098.0,-696.0
2024-10-10 21:34:00,1165.0,-719.0
2024-10-10 21:35:00,1133.0,-721.0
2024-10-10 21:36:00,1093.0,-703.0
2024-10-10 21:37:00,1058.0,-685.0
2024-10-10 21:38:00,1135.0,-746.0
2024-10-10 21:39:00,1057.0,-727.0
2024-10-10 21:40:00,1151.0,-820.0
2024-10-10 21:41:00,1242.0,-941.0
2024-10-10 21:42:00,1298.0,-1040.0
2024-10-10 21:43:00,1349.0,-1090.0
2024-10-10 21:44:00,1178.0,-936.0
2024-10-10 21:45:00,1106.0,-904.0
2024-10-10 21:46:00,1030.0,-858.0
2024-10-10 21:47:00,965.0,-794.0
2024-10-10 21:48:00,994.0,-827.0
2024-10-10 21:49:00,964.0,-811.0
2024-10-10 21:50:00,968.0,-814.0
2024-10-10 21:51:00,870.0,-786.0
2024-10-10 21:52:00,839.0,-773.0
2024-10-10 21:53:00,920.0,-878.0
2024-10-10 21:54:00,953.0,-924.0
2024-10-10 21:55:00,987.0,-954.0
2024-10-10 21:56:00,1061.0,-1026.0
2024-10-10 21:57:00,1099.0,-1071.0
2024-10-10 21:58:00,1182.0,-1101.0
2024-10-10 21:59:00,1172.0,-1084.0
2024-10-10 22:00:00,1125.0,-1062.0
2024-10-10 22:01:00,1234.0,-1126.0
2024-10-10 22:02:00,1256.0,-1084.0
2024-10-10 22:03:00,1324.0,-1060.0
2024-10-10 22:04:00,1390.0,-1036.0
2024-10-10 22:05:00,1413.0,-1038.0
2024-10-10 22:06:00,1444.0,-1071.0
2024-10-10 22:07:00,1440.0,-1076.0
2024-10-10 22:08:00,1395.0,-1060.0
2024-10-10 22:09:00,1435.0,-1097.0
2024-10-10 22:10:00,1454.0,-1068.0
2024-10-10 22:11:00,1424.0,-1026.0
2024-10-10 22:12:00,1415.0,-996.0
2024-10-10 22:13:00,1422.0,-1028.0
2024-10-10 22:14:00,1269.0,-941.0
2024-10-10 22:15:00,1080.0,-803.0
2024-10-10 22:16:00,995.0,-767.0
2024-10-10 22:17:00,1011.0,-820.0
2024-10-10 22:18:00,1010.0,-855.0
2024-10-10 22:19:00,948.0,-819.0
2024-10-10 22:20:00,959.0,-797.0
2024-10-10 22:21:00,1073.0,-886.0
2024-10-10 22:22:00,1224.0,-924.0
2024-10-10 22:23:00,1297.0,-936.0
2024-10-10 22:24:00,1326.0,-899.0
2024-10-10 22:25:00,1221.0,-792.0
2024-10-10 22:26:00,1109.0,-699.0
2024-10-10 22:27:00,1070.0,-648.0
2024-10-10 22:28:00,1103.0,-641.0
2024-10-10 22:29:00,1119.0,-650.0
2024-10-10 22:30:00,1122.0,-635.0
2024-10-10 22:31:00,1100.0,-675.0
2024-10-10 22:32:00,983.0,-663.0
2024-10-10 22:33:00,935.0,-631.0
2024-10-10 22:34:00,1026.0,-621.0
2024-10-10 22:35:00,1497.0,-713.0
2024-10-10 22:36:00,1438.0,-713.0
2024-10-10 22:37:00,1417.0,-812.0
2024-10-10 22:38:00,1434.0,-847.0
2024-10-10 22:39:00,1397.0,-833.0
2024-10-10 22:40:00,1187.0,-765.0
2024-10-10 22:41:00,843.0,-605.0
2024-10-10 22:42:00,896.0,-524.0
2024-10-10 22:43:00,1028.0,-559.0
2024-10-10 22:44:00,1034.0,-530.0
2024-10-10 22:45:00,940.0,-464.0
2024-10-10 22:46:00,916.0,-578.0
2024-10-10 22:47:00,893.0,-597.0
2024-10-10 22:48:00,880.0,-605.0
2024-10-10 22:49:00,843.0,-620.0
2024-10-10 22:50:00,785.0,-657.0
2024-10-10 22:51:00,761.0,-640.0
2024-10-10 22:52:00,687.0,-548.0
2024-10-10 22:53:00,704.0,-490.0
2024-10-10 22:54:00,575.0,-495.0
2024-10-10 22:55:00,563.0,-518.0
2024-10-10 22:56:00,547.0,-502.0
2024-10-10 22:57:00,528.0,-455.0
2024-10-10 22:58:00,461.0,-415.0
2024-10-10 22:59:00,451.0,-398.0
2024-10-10 23:00:00,488.0,-414.0
2024-10-10 23:01:00,478.0,-419.0
2024-10-10 23:02:00,498.0,-450.0
2024-10-10 23:03:00,559.0,-445.0
2024-10-10 23:04:00,509.0,-454.0
2024-10-10 23:05:00,447.0,-412.0
2024-10-10 23:06:00,418.0,-406.0
2024-10-10 23:07:00,534.0,-462.0
2024-10-10 23:08:00,585.0,-539.0
2024-10-10 23:09:00,497.0,-526.0
2024-10-10 23:10:00,522.0,-492.0
2024-10-10 23:11:00,430.0,-461.0
2024-10-10 23:12:00,345.0,-400.0
2024-10-10 23:13:00,492.0,-330.0
2024-10-10 23:14:00,681.0,-312.0
2024-10-10 23:15:00,735.0,-303.0
2024-10-10 23:16:00,570.0,-366.0
2024-10-10 23:17:00,496.0,-399.0
2024-10-10 23:18:00,402.0,-387.0
2024-10-10 23:19:00,506.0,-413.0
2024-10-10 23:20:00,517.0,-419.0
2024-10-10 23:21:00,510.0,-418.0
2024-10-10 23:22:00,477.0,-425.0
2024-10-10 23:23:00,494.0,-437.0
2024-10-10 23:24:00,528.0,-461.0
2024-10-10 23:25:00,479.0,-441.0
2024-10-10 23:26:00,610.0,-512.0
2024-10-10 23:27:00,849.0,-718.0
2024-10-10 23:28:00,812.0,-715.0
2024-10-10 23:29:00,732.0,-610.0
2024-10-10 23:30:00,765.0,-578.0
2024-10-10 23:31:00,1016.0,-819.0
2024-10-10 23:32:00,788.0,-577.0
2024-10-10 23:33:00,954.0,-732.0
2024-10-10 23:34:00,1015.0,-811.0
2024-10-10 23:35:00,832.0,-638.0
2024-10-10 23:36:00,745.0,-557.0
2024-10-10 23:37:00,745.0,-559.0
2024-10-10 23:38:00,746.0,-583.0
2024-10-10 23:39:00,731.0,-592.0
2024-10-10 23:40:00,716.0,-574.0
2024-10-10 23:41:00,696.0,-560.0
2024-10-10 23:42:00,677.0,-533.0
2024-10-10 23:43:00,629.0,-505.0
2024-10-10 23:44:00,588.0,-483.0
2024-10-10 23:45:00,536.0,-454.0
2024-10-10 23:46:00,530.0,-435.0
2024-10-10 23:47:00,494.0,-432.0
2024-10-10 23:48:00,490.0,-433.0
2024-10-10 23:49:00,434.0,-419.0
2024-10-10 23:50:00,416.0,-387.0
2024-10-10 23:51:00,420.0,-369.0
2024-10-10 23:52:00,470.0,-372.0
2024-10-10 23:53:00,482.0,-379.0
2024-10-10 23:54:00,468.0,-376.0
2024-10-10 23:55:00,455.0,-371.0
2024-10-10 23:56:00,412.0,-357.0
2024-10-10 23:57:00,446.0,-357.0
2024-10-10 23:58:00,470.0,-354.0
2024-10-10 23:59:00,500.0,-353.0
2024-10-11 00:00:00,507.0,-365.0
2024-10-11 00:01:00,510.0,-353.0
2024-10-11 00:02:00,507.0,-344.0
2024-10-11 00:03:00,496.0,-338.0
2024-10-11 00:04:00,499.0,-344.0
2024-10-11 00:05:00,511.0,-350.0
2024-10-11 00:06:00,502.0,-342.0
2024-10-11 00:07:00,520.0,-344.0
2024-10-11 00:08:00,545.0,-345.0
2024-10-11 00:09:00,581.0,-335.0
2024-10-11 00:10:00,595.0,-329.0
2024-10-11 00:11:00,598.0,-325.0
2024-10-11 00:12:00,607.0,-321.0
2024-10-11 00:13:00,597.0,-325.0
2024-10-11 00:14:00,577.0,-325.0
2024-10-11 00:15:00,562.0,-320.0
2024-10-11 00:16:00,621.0,-379.0
2024-10-11 00:17:00,710.0,-468.0
2024-10-11 00:18:00,784.0,-563.0
2024-10-11 00:19:00,926.0,-728.0
2024-10-11 00:20:00,867.0,-716.0
2024-10-11 00:21:00,698.0,-591.0
2024-10-11 00:22:00,584.0,-491.0
2024-10-11 00:23:00,644.0,-534.0
2024-10-11 00:24:00,699.0,-617.0
2024-10-11 00:25:00,667.0,-671.0
2024-10-11 00:26:00,680.0,-708.0
2024-10-11 00:27:00,698.0,-727.0
2024-10-11 00:28:00,690.0,-719.0
2024-10-11 00:29:00,730.0,-713.0
2024-10-11 00:30:00,752.0,-711.0
2024-10-11 00:31:00,784.0,-726.0
2024-10-11 00:32:00,754.0,-671.0
2024-10-11 00:33:00,880.0,-741.0
2024-10-11 00:34:00,931.0,-731.0
2024-10-11 00:35:00,922.0,-711.0
2024-10-11 00:36:00,1152.0,-951.0
2024-10-11 00:37:00,1375.0,-1128.0
2024-10-11 00:38:00,1397.0,-1188.0
2024-10-11 00:39:00,1317.0,-1232.0
2024-10-11 00:40:00,1326.0,-1414.0
2024-10-11 00:41:00,1472.0,-1578.0
2024-10-11 00:42:00,1325.0,-1529.0
2024-10-11 00:43:00,1403.0,-1589.0
2024-10-11 00:44:00,1260.0,-1507.0
2024-10-11 00:45:00,1191.0,-1414.0
2024-10-11 00:46:00,1032.0,-1218.0
2024-10-11 00:47:00,954.0,-1157.0
2024-10-11 00:48:00,1082.0,-1287.0
2024-10-11 00:49:00,1079.0,-1336.0
2024-10-11 00:50:00,955.0,-1228.0
2024-10-11 00:51:00,1014.0,-1294.0
2024-10-11 00:52:00,1085.0,-1380.0
2024-10-11 00:53:00,1195.0,-1482.0
2024-10-11 00:54:00,1226.0,-1485.0
2024-10-11 00:55:00,1172.0,-1407.0
2024-10-11 00:56:00,1162.0,-1291.0
2024-10-11 00:57:00,1095.0,-1208.0
2024-10-11 00:58:00,1144.0,-1247.0
2024-10-11 00:59:00,1200.0,-1243.0
2024-10-11 01:00:00,1216.0,-1231.0
2024-10-11 01:01:00,1256.0,-1238.0
2024-10-11 01:02:00,1185.0,-1273.0
2024-10-11 01:03:00,1012.0,-1149.0
2024-10-11 01:04:00,1001.0,-1092.0
2024-10-11 01:05:00,975.0,-1051.0
2024-10-11 01:06:00,1000.0,-1095.0
2024-10-11 01:07:00,957.0,-1033.0
2024-10-11 01:08:00,828.0,-916.0
2024-10-11 01:09:00,859.0,-896.0
2024-10-11 01:10:00,930.0,-925.0
2024-10-11 01:11:00,928.0,-928.0
2024-10-11 01:12:00,794.0,-870.0
2024-10-11 01:13:00,623.0,-744.0
2024-10-11 01:14:00,675.0,-761.0
2024-10-11 01:15:00,804.0,-832.0
2024-10-11 01:16:00,840.0,-839.0
2024-10-11 01:17:00,795.0,-850.0
2024-10-11 01:18:00,701.0,-820.0
2024-10-11 01:19:00,679.0,-833.0
2024-10-11 01:20:00,641.0,-801.0
2024-10-11 01:21:00,616.0,-778.0
2024-10-11 01:22:00,680.0,-838.0
2024-10-11 01:23:00,825.0,-976.0
2024-10-11 01:24:00,896.0,-1053.0
2024-10-11 01:25:00,1078.0,-1229.0
2024-10-11 01:26:00,1181.0,-1344.0
2024-10-11 01:27:00,1208.0,-1349.0
2024-10-11 01:28:00,1237.0,-1356.0
2024-10-11 01:29:00,1308.0,-1410.0
2024-10-11 01:30:00,1179.0,-1232.0
2024-10-11 01:31:00,855.0,-916.0
2024-10-11 01:32:00,916.0,-886.0
2024-10-11 01:33:00,857.0,-822.0
2024-10-11 01:34:00,815.0,-815.0
2024-10-11 01:35:00,804.0,-830.0
2024-10-11 01:36:00,636.0,-704.0
2024-10-11 01:37:00,418.0,-490.0
2024-10-11 01:38:00,351.0,-482.0
2024-10-11 01:39:00,315.0,-471.0
2024-10-11 01:40:00,350.0,-512.0
2024-10-11 01:41:00,368.0,-528.0
2024-10-11 01:42:00,321.0,-470.0
2024-10-11 01:43:00,377.0,-423.0
2024-10-11 01:44:00,463.0,-451.0
2024-10-11 01:45:00,580.0,-498.0
2024-10-11 01:46:00,647.0,-516.0
2024-10-11 01:47:00,671.0,-504.0
2024-10-11 01:48:00,665.0,-481.0
2024-10-11 01:49:00,580.0,-413.0
2024-10-11 01:50:00,533.0,-396.0
2024-10-11 01:51:00,511.0,-389.0
2024-10-11 01:52:00,478.0,-356.0
2024-10-11 01:53:00,451.0,-354.0
2024-10-11 01:54:00,415.0,-343.0
2024-10-11 01:55:00,394.0,-347.0
2024-10-11 01:56:00,416.0,-367.0
2024-10-11 01:57:00,466.0,-370.0
2024-10-11 01:58:00,479.0,-370.0
2024-10-11 01:59:00,495.0,-372.0
2024-10-11 02:00:00,532.0,-391.0
2024-10-11 02:01:00,561.0,-399.0
2024-10-11 02:02:00,558.0,-394.0
2024-10-11 02:03:00,545.0,-389.0
2024-10-11 02:04:00,528.0,-377.0
2024-10-11 02:05:00,505.0,-360.0
2024-10-11 02:06:00,448.0,-344.0
2024-10-11 02:07:00,429.0,-336.0
2024-10-11 02:08:00,405.0,-323.0
2024-10-11 02:09:00,408.0,-331.0
2024-10-11 02:10:00,422.0,-341.0
2024-10-11 02:11:00,430.0,-344.0
2024-10-11 02:12:00,432.0,-350.0
2024-10-11 02:13:00,411.0,-341.0
2024-10-11 02:14:00,394.0,-327.0
2024-10-11 02:15:00,417.0,-339.0
2024-10-11 02:16:00,410.0,-345.0
2024-10-11 02:17:00,394.0,-332.0
2024-10-11 02:18:00,355.0,-321.0
2024-10-11 02:19:00,344.0,-325.0
2024-10-11 02:20:00,333.0,-313.0
2024-10-11 02:21:00,318.0,-316.0
2024-10-11 02:22:00,314.0,-312.0
2024-10-11 02:23:00,362.0,-315.0
2024-10-11 02:24:00,353.0,-314.0
2024-10-11 02:25:00,435.0,-378.0
2024-10-11 02:26:00,560.0,-489.0
2024-10-11 02:27:00,584.0,-500.0
2024-10-11 02:28:00,646.0,-554.0
2024-10-11 02:29:00,619.0,-538.0
2024-10-11 02:30:00,682.0,-609.0
2024-10-11 02:31:00,627.0,-563.0
2024-10-11 02:32:00,699.0,-661.0
2024-10-11 02:33:00,665.0,-630.0
2024-10-11 02:34:00,665.0,-629.0
2024-10-11 02:35:00,621.0,-584.0
2024-10-11 02:36:00,592.0,-562.0
2024-10-11 02:37:00,576.0,-572.0
2024-10-11 02:38:00,610.0,-617.0
2024-10-11 02:39:00,515.0,-569.0
2024-10-11 02:40:00,479.0,-569.0
2024-10-11 02:41:00,617.0,-699.0
2024-10-11 02:42:00,678.0,-757.0
2024-10-11 02:43:00,778.0,-806.0
2024-10-11 02:44:00,869.0,-828.0
2024-10-11 02:45:00,1072.0,-992.0
2024-10-11 02:46:00,1229.0,-1097.0
2024-10-11 02:47:00,1269.0,-1161.0
2024-10-11 02:48:00,1201.0,-1123.0
2024-10-11 02:49:00,1070.0,-1063.0
2024-10-11 02:50:00,1132.0,-1144.0
2024-10-11 02:51:00,1176.0,-1192.0
2024-10-11 02:52:00,1127.0,-1157.0
2024-10-11 02:53:00,1053.0,-1094.0
2024-10-11 02:54:00,953.0,-1001.0
2024-10-11 02:55:00,1004.0,-1044.0
2024-10-11 02:56:00,1003.0,-1011.0
2024-10-11 02:57:00,1080.0,-1062.0
2024-10-11 02:58:00,1189.0,-1156.0
2024-10-11 02:59:00,1235.0,-1196.0
2024-10-11 03:00:00,1189.0,-1194.0
2024-10-11 03:01:00,1164.0,-1200.0
2024-10-11 03:02:00,1159.0,-1201.0
2024-10-11 03:03:00,1202.0,-1263.0
2024-10-11 03:04:00,1145.0,-1216.0
2024-10-11 03:05:00,1033.0,-1091.0
2024-10-11 03:06:00,964.0,-1019.0
2024-10-11 03:07:00,941.0,-1000.0
2024-10-11 03:08:00,925.0,-997.0
2024-10-11 03:09:00,939.0,-990.0
2024-10-11 03:10:00,922.0,-988.0
2024-10-11 03:11:00,883.0,-980.0
2024-10-11 03:12:00,951.0,-1052.0
2024-10-11 03:13:00,824.0,-954.0
2024-10-11 03:14:00,811.0,-959.0
2024-10-11 03:15:00,860.0,-1012.0
2024-10-11 03:16:00,864.0,-1017.0
2024-10-11 03:17:00,813.0,-973.0
2024-10-11 03:18:00,728.0,-889.0
2024-10-11 03:19:00,669.0,-830.0
2024-10-11 03:20:00,651.0,-802.0
2024-10-11 03:21:00,673.0,-812.0
2024-10-11 03:22:00,676.0,-799.0
2024-10-11 03:23:00,707.0,-804.0
2024-10-11 03:24:00,710.0,-798.0
2024-10-11 03:25:00,804.0,-851.0
2024-10-11 03:26:00,830.0,-849.0
2024-10-11 03:27:00,838.0,-829.0
2024-10-11 03:28:00,876.0,-844.0
2024-10-11 03:29:00,890.0,-854.0
2024-10-11 03:30:00,946.0,-923.0
2024-10-11 03:31:00,1020.0,-1000.0
2024-10-11 03:32:00,1108.0,-1084.0
2024-10-11 03:33:00,1139.0,-1116.0
2024-10-11 03:34:00,1143.0,-1118.0
2024-10-11 03:35:00,1122.0,-1087.0
2024-10-11 03:36:00,1063.0,-1037.0
2024-10-11 03:37:00,999.0,-976.0
2024-10-11 03:38:00,908.0,-886.0
2024-10-11 03:39:00,916.0,-905.0
2024-10-11 03:40:00,930.0,-918.0
2024-10-11 03:41:00,955.0,-938.0
2024-10-11 03:42:00,913.0,-888.0
2024-10-11 03:43:00,858.0,-828.0
2024-10-11 03:44:00,870.0,-837.0
2024-10-11 03:45:00,927.0,-882.0
2024-10-11 03:46:00,989.0,-919.0
2024-10-11 03:47:00,941.0,-853.0
2024-10-11 03:48:00,915.0,-818.0
2024-10-11 03:49:00,957.0,-861.0
2024-10-11 03:50:00,1047.0,-947.0
2024-10-11 03:51:00,1075.0,-977.0
2024-10-11 03:52:00,1011.0,-920.0
2024-10-11 03:53:00,971.0,-878.0
2024-10-11 03:54:00,999.0,-907.0
2024-10-11 03:55:00,968.0,-872.0
2024-10-11 03:56:00,1008.0,-909.0
2024-10-11 03:57:00,1061.0,-971.0
2024-10-11 03:58:00,1047.0,-967.0
2024-10-11 03:59:00,1019.0,-940.0
2024-10-11 04:00:00,1031.0,-955.0
2024-10-11 04:01:00,1026.0,-969.0
2024-10-11 04:02:00,976.0,-916.0
2024-10-11 04:03:00,936.0,-872.0
2024-10-11 04:04:00,781.0,-713.0
2024-10-11 04:05:00,535.0,-484.0
2024-10-11 04:06:00,534.0,-494.0
2024-10-11 04:07:00,552.0,-509.0
2024-10-11 04:08:00,553.0,-505.0
2024-10-11 04:09:00,570.0,-532.0
2024-10-11 04:10:00,792.0,-746.0
2024-10-11 04:11:00,859.0,-815.0
2024-10-11 04:12:00,831.0,-787.0
2024-10-11 04:13:00,880.0,-833.0
2024-10-11 04:14:00,908.0,-859.0
2024-10-11 04:15:00,871.0,-833.0
2024-10-11 04:16:00,756.0,-704.0
2024-10-11 04:17:00,652.0,-583.0
2024-10-11 04:18:00,542.0,-454.0
2024-10-11 04:19:00,541.0,-457.0
2024-10-11 04:20:00,571.0,-478.0
2024-10-11 04:21:00,589.0,-481.0
2024-10-11 04:22:00,544.0,-444.0
2024-10-11 04:23:00,499.0,-401.0
2024-10-11 04:24:00,476.0,-391.0
2024-10-11 04:25:00,515.0,-415.0
2024-10-11 04:26:00,503.0,-414.0
2024-10-11 04:27:00,458.0,-372.0
2024-10-11 04:28:00,415.0,-328.0
2024-10-11 04:29:00,372.0,-291.0
2024-10-11 04:30:00,321.0,-236.0
2024-10-11 04:31:00,330.0,-216.0
2024-10-11 04:32:00,328.0,-198.0
2024-10-11 04:33:00,313.0,-193.0
2024-10-11 04:34:00,309.0,-198.0
2024-10-11 04:35:00,311.0,-206.0
2024-10-11 04:36:00,307.0,-207.0
2024-10-11 04:37:00,324.0,-220.0
2024-10-11 04:38:00,485.0,-368.0
2024-10-11 04:39:00,647.0,-525.0
2024-10-11 04:40:00,970.0,-848.0
2024-10-11 04:41:00,1142.0,-1018.0
2024-10-11 04:42:00,1342.0,-1219.0
2024-10-11 04:43:00,1393.0,-1265.0
2024-10-11 04:44:00,1458.0,-1344.0
2024-10-11 04:45:00,1362.0,-1258.0
2024-10-11 04:46:00,1229.0,-1116.0
2024-10-11 04:47:00,1246.0,-1125.0
2024-10-11 04:48:00,1334.0,-1234.0
2024-10-11 04:49:00,1276.0,-1187.0
2024-10-11 04:50:00,1276.0,-1178.0
2024-10-11 04:51:00,1311.0,-1215.0
2024-10-11 04:52:00,1342.0,-1243.0
2024-10-11 04:53:00,1288.0,-1207.0
2024-10-11 04:54:00,1200.0,-1126.0
2024-10-11 04:55:00,1125.0,-1063.0
2024-10-11 04:56:00,1003.0,-958.0
2024-10-11 04:57:00,814.0,-755.0
2024-10-11 04:58:00,671.0,-616.0
2024-10-11 04:59:00,574.0,-533.0
2024-10-11 05:00:00,587.0,-544.0
2024-10-11 05:01:00,543.0,-515.0
2024-10-11 05:02:00,498.0,-461.0
2024-10-11 05:03:00,507.0,-465.0
2024-10-11 05:04:00,534.0,-480.0
2024-10-11 05:05:00,537.0,-492.0
2024-10-11 05:06:00,573.0,-526.0
2024-10-11 05:07:00,570.0,-516.0
2024-10-11 05:08:00,520.0,-455.0
2024-10-11 05:09:00,493.0,-436.0
2024-10-11 05:10:00,602.0,-532.0
2024-10-11 05:11:00,678.0,-609.0
2024-10-11 05:12:00,691.0,-612.0
2024-10-11 05:13:00,542.0,-489.0
2024-10-11 05:14:00,464.0,-411.0
2024-10-11 05:15:00,378.0,-336.0
2024-10-11 05:16:00,337.0,-296.0
2024-10-11 05:17:00,440.0,-406.0
2024-10-11 05:18:00,490.0,-463.0
2024-10-11 05:19:00,393.0,-366.0
2024-10-11 05:20:00,381.0,-365.0
2024-10-11 05:21:00,379.0,-369.0
2024-10-11 05:22:00,405.0,-388.0
2024-10-11 05:23:00,421.0,-407.0
2024-10-11 05:24:00,463.0,-451.0
2024-10-11 05:25:00,459.0,-451.0
2024-10-11 05:26:00,409.0,-404.0
2024-10-11 05:27:00,409.0,-403.0
2024-10-11 05:28:00,572.0,-566.0
2024-10-11 05:29:00,760.0,-760.0
2024-10-11 05:30:00,932.0,-938.0
2024-10-11 05:31:00,987.0,-981.0
2024-10-11 05:32:00,906.0,-898.0
2024-10-11 05:33:00,845.0,-830.0
2024-10-11 05:34:00,947.0,-923.0
2024-10-11 05:35:00,945.0,-921.0
2024-10-11 05:36:00,823.0,-822.0
2024-10-11 05:37:00,868.0,-865.0
2024-10-11 05:38:00,935.0,-930.0
2024-10-11 05:39:00,840.0,-833.0
2024-10-11 05:40:00,832.0,-822.0
2024-10-11 05:41:00,778.0,-769.0
2024-10-11 05:42:00,795.0,-785.0
2024-10-11 05:43:00,829.0,-819.0
2024-10-11 05:44:00,711.0,-702.0
2024-10-11 05:45:00,686.0,-682.0
2024-10-11 05:46:00,701.0,-701.0
2024-10-11 05:47:00,812.0,-823.0
2024-10-11 05:48:00,726.0,-727.0
2024-10-11 05:49:00,605.0,-602.0
2024-10-11 05:50:00,532.0,-538.0
2024-10-11 05:51:00,512.0,-525.0
2024-10-11 05:52:00,461.0,-478.0
2024-10-11 05:53:00,514.0,-531.0
2024-10-11 05:54:00,547.0,-564.0
2024-10-11 05:55:00,657.0,-663.0
2024-10-11 05:56:00,820.0,-817.0
2024-10-11 05:57:00,866.0,-865.0
2024-10-11 05:58:00,894.0,-886.0
2024-10-11 05:59:00,953.0,-960.0
2024-10-11 06:00:00,1010.0,-1012.0
2024-10-11 06:01:00,942.0,-917.0
2024-10-11 06:02:00,856.0,-833.0
2024-10-11 06:03:00,884.0,-870.0
2024-10-11 06:04:00,901.0,-921.0
2024-10-11 06:05:00,950.0,-988.0
2024-10-11 06:06:00,950.0,-1001.0
2024-10-11 06:07:00,1009.0,-1087.0
2024-10-11 06:08:00,1022.0,-1129.0
2024-10-11 06:09:00,1067.0,-1186.0
2024-10-11 06:10:00,1186.0,-1304.0
2024-10-11 06:11:00,1249.0,-1355.0
2024-10-11 06:12:00,1200.0,-1295.0
2024-10-11 06:13:00,1119.0,-1219.0
2024-10-11 06:14:00,1124.0,-1226.0
2024-10-11 06:15:00,984.0,-1090.0
2024-10-11 06:16:00,918.0,-1022.0
2024-10-11 06:17:00,912.0,-1015.0
2024-10-11 06:18:00,962.0,-1057.0
2024-10-11 06:19:00,998.0,-1071.0
2024-10-11 06:20:00,990.0,-1075.0
2024-10-11 06:21:00,979.0,-1072.0
2024-10-11 06:22:00,1046.0,-1139.0
2024-10-11 06:23:00,1101.0,-1189.0
2024-10-11 06:24:00,1130.0,-1206.0
2024-10-11 06:25:00,1214.0,-1284.0
2024-10-11 06:26:00,1048.0,-1144.0
2024-10-11 06:27:00,959.0,-1035.0
2024-10-11 06:28:00,987.0,-1045.0
2024-10-11 06:29:00,908.0,-994.0
2024-10-11 06:30:00,854.0,-932.0
2024-10-11 06:31:00,890.0,-961.0
2024-10-11 06:32:00,968.0,-1037.0
2024-10-11 06:33:00,966.0,-1054.0
2024-10-11 06:34:00,1000.0,-1097.0
2024-10-11 06:35:00,1060.0,-1140.0
2024-10-11 06:36:00,892.0,-979.0
2024-10-11 06:37:00,866.0,-949.0
2024-10-11 06:38:00,840.0,-902.0
2024-10-11 06:39:00,866.0,-923.0
2024-10-11 06:40:00,797.0,-873.0
2024-10-11 06:41:00,866.0,-970.0
2024-10-11 06:42:00,948.0,-1064.0
2024-10-11 06:43:00,930.0,-1059.0
2024-10-11 06:44:00,803.0,-941.0
2024-10-11 06:45:00,821.0,-924.0
2024-10-11 06:46:00,957.0,-1055.0
2024-10-11 06:47:00,986.0,-1066.0
2024-10-11 06:48:00,957.0,-1036.0
2024-10-11 06:49:00,978.0,-1054.0
2024-10-11 06:50:00,976.0,-1039.0
2024-10-11 06:51:00,1038.0,-1072.0
2024-10-11 06:52:00,1030.0,-1052.0
2024-10-11 06:53:00,1046.0,-1072.0
2024-10-11 06:54:00,1005.0,-1055.0
2024-10-11 06:55:00,941.0,-1000.0
2024-10-11 06:56:00,908.0,-967.0
2024-10-11 06:57:00,939.0,-992.0
2024-10-11 06:58:00,916.0,-944.0
2024-10-11 06:59:00,977.0,-996.0
2024-10-11 07:00:00,967.0,-980.0
2024-10-11 07:01:00,1016.0,-1020.0
2024-10-11 07:02:00,963.0,-964.0
2024-10-11 07:03:00,982.0,-986.0
2024-10-11 07:04:00,1014.0,-1030.0
2024-10-11 07:05:00,1064.0,-1098.0
2024-10-11 07:06:00,1124.0,-1175.0
2024-10-11 07:07:00,1155.0,-1214.0
2024-10-11 07:08:00,1226.0,-1287.0
2024-10-11 07:09:00,1182.0,-1247.0
2024-10-11 07:10:00,1006.0,-1076.0
2024-10-11 07:11:00,948.0,-1027.0
2024-10-11 07:12:00,1013.0,-1104.0
2024-10-11 07:13:00,973.0,-1064.0
2024-10-11 07:14:00,1115.0,-1203.0
2024-10-11 07:15:00,1002.0,-1088.0
2024-10-11 07:16:00,895.0,-976.0
2024-10-11 07:17:00,883.0,-959.0
2024-10-11 07:18:00,762.0,-843.0
2024-10-11 07:19:00,753.0,-835.0
2024-10-11 07:20:00,713.0,-790.0
2024-10-11 07:21:00,608.0,-700.0
2024-10-11 07:22:00,530.0,-610.0
2024-10-11 07:23:00,542.0,-599.0
2024-10-11 07:24:00,566.0,-632.0
2024-10-11 07:25:00,563.0,-615.0
2024-10-11 07:26:00,582.0,-613.0
2024-10-11 07:27:00,587.0,-602.0
2024-10-11 07:28:00,590.0,-581.0
2024-10-11 07:29:00,574.0,-568.0
2024-10-11 07:30:00,512.0,-539.0
2024-10-11 07:31:00,518.0,-564.0
2024-10-11 07:32:00,576.0,-622.0
2024-10-11 07:33:00,607.0,-658.0
2024-10-11 07:34:00,533.0,-610.0
2024-10-11 07:35:00,436.0,-478.0
2024-10-11 07:36:00,459.0,-469.0
2024-10-11 07:37:00,448.0,-521.0
2024-10-11 07:38:00,474.0,-580.0
2024-10-11 07:39:00,516.0,-609.0
2024-10-11 07:40:00,446.0,-567.0
2024-10-11 07:41:00,424.0,-553.0
2024-10-11 07:42:00,541.0,-639.0
2024-10-11 07:43:00,591.0,-654.0
2024-10-11 07:44:00,543.0,-590.0
2024-10-11 07:45:00,555.0,-605.0
2024-10-11 07:46:00,488.0,-546.0
2024-10-11 07:47:00,462.0,-508.0
2024-10-11 07:48:00,550.0,-561.0
2024-10-11 07:49:00,668.0,-667.0
2024-10-11 07:50:00,907.0,-904.0
2024-10-11 07:51:00,1019.0,-999.0
2024-10-11 07:52:00,983.0,-975.0
2024-10-11 07:53:00,908.0,-933.0
2024-10-11 07:54:00,911.0,-934.0
2024-10-11 07:55:00,954.0,-956.0
2024-10-11 07:56:00,905.0,-876.0
2024-10-11 07:57:00,958.0,-901.0
2024-10-11 07:58:00,1137.0,-1086.0
2024-10-11 07:59:00,1279.0,-1206.0
2024-10-11 08:00:00,1421.0,-1373.0
2024-10-11 08:01:00,1648.0,-1622.0
2024-10-11 08:02:00,1743.0,-1722.0
2024-10-11 08:03:00,1796.0,-1779.0
2024-10-11 08:04:00,1972.0,-1926.0
2024-10-11 08:05:00,2083.0,-2022.0
2024-10-11 08:06:00,2134.0,-2065.0
2024-10-11 08:07:00,2075.0,-2001.0
2024-10-11 08:08:00,2015.0,-1949.0
2024-10-11 08:09:00,2010.0,-1958.0
2024-10-11 08:10:00,2156.0,-2095.0
2024-10-11 08:11:00,2386.0,-2326.0
2024-10-11 08:12:00,2578.0,-2517.0
2024-10-11 08:13:00,2646.0,-2599.0
2024-10-11 08:14:00,2715.0,-2684.0
2024-10-11 08:15:00,2854.0,-2833.0
2024-10-11 08:16:00,2853.0,-2850.0
2024-10-11 08:17:00,2763.0,-2755.0
2024-10-11 08:18:00,2554.0,-2527.0
2024-10-11 08:19:00,2344.0,-2324.0
2024-10-11 08:20:00,2092.0,-2086.0
2024-10-11 08:21:00,2024.0,-2008.0
2024-10-11 08:22:00,1920.0,-1929.0
2024-10-11 08:23:00,1898.0,-1896.0
2024-10-11 08:24:00,1766.0,-1766.0
2024-10-11 08:25:00,1605.0,-1602.0
2024-10-11 08:26:00,1321.0,-1326.0
2024-10-11 08:27:00,1251.0,-1241.0
2024-10-11 08:28:00,1173.0,-1189.0
2024-10-11 08:29:00,1311.0,-1340.0
2024-10-11 08:30:00,1360.0,-1398.0
2024-10-11 08:31:00,1320.0,-1365.0
2024-10-11 08:32:00,1270.0,-1308.0
2024-10-11 08:33:00,1194.0,-1240.0
2024-10-11 08:34:00,1143.0,-1192.0
2024-10-11 08:35:00,1140.0,-1188.0
2024-10-11 08:36:00,1166.0,-1223.0
2024-10-11 08:37:00,1143.0,-1193.0
2024-10-11 08:38:00,1065.0,-1132.0
2024-10-11 08:39:00,1125.0,-1160.0
2024-10-11 08:40:00,1228.0,-1249.0
2024-10-11 08:41:00,1222.0,-1266.0
2024-10-11 08:42:00,1178.0,-1254.0
2024-10-11 08:43:00,1128.0,-1216.0
2024-10-11 08:44:00,1073.0,-1154.0
2024-10-11 08:45:00,1075.0,-1141.0
2024-10-11 08:46:00,1006.0,-1077.0
2024-10-11 08:47:00,938.0,-1015.0
2024-10-11 08:48:00,981.0,-1069.0
2024-10-11 08:49:00,1045.0,-1139.0
2024-10-11 08:50:00,989.0,-1082.0
2024-10-11 08:51:00,1015.0,-1107.0
2024-10-11 08:52:00,1063.0,-1165.0
2024-10-11 08:53:00,1050.0,-1152.0
2024-10-11 08:54:00,987.0,-1098.0
2024-10-11 08:55:00,927.0,-1041.0
2024-10-11 08:56:00,869.0,-989.0
2024-10-11 08:57:00,823.0,-942.0
2024-10-11 08:58:00,780.0,-914.0
2024-10-11 08:59:00,854.0,-997.0
2024-10-11 09:00:00,933.0,-1068.0
2024-10-11 09:01:00,983.0,-1110.0
2024-10-11 09:02:00,1025.0,-1142.0
2024-10-11 09:03:00,1084.0,-1175.0
2024-10-11 09:04:00,1095.0,-1165.0
2024-10-11 09:05:00,1180.0,-1139.0
2024-10-11 09:06:00,1257.0,-1139.0
2024-10-11 09:07:00,1282.0,-1169.0
2024-10-11 09:08:00,1304.0,-1174.0
2024-10-11 09:09:00,1235.0,-1099.0
2024-10-11 09:10:00,1218.0,-1073.0
2024-10-11 09:11:00,1256.0,-1108.0
2024-10-11 09:12:00,1234.0,-1069.0
2024-10-11 09:13:00,1254.0,-1079.0
2024-10-11 09:14:00,1250.0,-1072.0
2024-10-11 09:15:00,1416.0,-1239.0
2024-10-11 09:16:00,1518.0,-1356.0
2024-10-11 09:17:00,1565.0,-1411.0
2024-10-11 09:18:00,1593.0,-1444.0
2024-10-11 09:19:00,1483.0,-1346.0
2024-10-11 09:20:00,1508.0,-1385.0
2024-10-11 09:21:00,1317.0,-1214.0
2024-10-11 09:22:00,1095.0,-1024.0
2024-10-11 09:23:00,1264.0,-1199.0
2024-10-11 09:24:00,1164.0,-1108.0
2024-10-11 09:25:00,1198.0,-1153.0
2024-10-11 09:26:00,1282.0,-1245.0
2024-10-11 09:27:00,1439.0,-1410.0
2024-10-11 09:28:00,1522.0,-1479.0
2024-10-11 09:29:00,1403.0,-1341.0
2024-10-11 09:30:00,1396.0,-1320.0
2024-10-11 09:31:00,1375.0,-1295.0
2024-10-11 09:32:00,1216.0,-1130.0
2024-10-11 09:33:00,987.0,-896.0
2024-10-11 09:34:00,848.0,-758.0
2024-10-11 09:35:00,1124.0,-1052.0
2024-10-11 09:36:00,1074.0,-1017.0
2024-10-11 09:37:00,978.0,-946.0
2024-10-11 09:38:00,939.0,-939.0
2024-10-11 09:39:00,739.0,-770.0
2024-10-11 09:40:00,636.0,-668.0
2024-10-11 09:41:00,658.0,-674.0
2024-10-11 09:42:00,746.0,-765.0
2024-10-11 09:43:00,830.0,-862.0
2024-10-11 09:44:00,767.0,-799.0
2024-10-11 09:45:00,726.0,-755.0
2024-10-11 09:46:00,763.0,-772.0
2024-10-11 09:47:00,818.0,-816.0
2024-10-11 09:48:00,864.0,-851.0
2024-10-11 09:49:00,928.0,-894.0
2024-10-11 09:50:00,977.0,-962.0
2024-10-11 09:51:00,1122.0,-1116.0
2024-10-11 09:52:00,1238.0,-1222.0
2024-10-11 09:53:00,1251.0,-1217.0
2024-10-11 09:54:00,1240.0,-1194.0
2024-10-11 09:55:00,1148.0,-1101.0
2024-10-11 09:56:00,1044.0,-987.0
2024-10-11 09:57:00,817.0,-763.0
2024-10-11 09:58:00,930.0,-885.0
2024-10-11 09:59:00,1002.0,-937.0
2024-10-11 10:00:00,1024.0,-938.0
2024-10-11 10:01:00,1127.0,-1007.0
2024-10-11 10:02:00,1058.0,-921.0
2024-10-11 10:03:00,1125.0,-966.0
2024-10-11 10:04:00,1007.0,-832.0
2024-10-11 10:05:00,996.0,-819.0
2024-10-11 10:06:00,1153.0,-984.0
2024-10-11 10:07:00,1137.0,-989.0
2024-10-11 10:08:00,1088.0,-944.0
2024-10-11 10:09:00,1028.0,-868.0
2024-10-11 10:10:00,861.0,-669.0
2024-10-11 10:11:00,788.0,-588.0
2024-10-11 10:12:00,800.0,-589.0
2024-10-11 10:13:00,760.0,-532.0
2024-10-11 10:14:00,724.0,-450.0
2024-10-11 10:15:00,779.0,-411.0
2024-10-11 10:16:00,785.0,-376.0
2024-10-11 10:17:00,775.0,-352.0
2024-10-11 10:18:00,737.0,-336.0
2024-10-11 10:19:00,675.0,-312.0
2024-10-11 10:20:00,635.0,-282.0
2024-10-11 10:21:00,637.0,-298.0
2024-10-11 10:22:00,593.0,-332.0
2024-10-11 10:23:00,548.0,-377.0
2024-10-11 10:24:00,787.0,-620.0
2024-10-11 10:25:00,873.0,-710.0
2024-10-11 10:26:00,856.0,-715.0
2024-10-11 10:27:00,765.0,-646.0
2024-10-11 10:28:00,615.0,-483.0
2024-10-11 10:29:00,669.0,-477.0
2024-10-11 10:30:00,743.0,-499.0
2024-10-11 10:31:00,720.0,-491.0
2024-10-11 10:32:00,588.0,-428.0
2024-10-11 10:33:00,630.0,-498.0
2024-10-11 10:34:00,914.0,-744.0
2024-10-11 10:35:00,925.0,-716.0
2024-10-11 10:36:00,921.0,-713.0
2024-10-11 10:37:00,954.0,-726.0
2024-10-11 10:38:00,880.0,-614.0
2024-10-11 10:39:00,831.0,-534.0
2024-10-11 10:40:00,716.0,-439.0
2024-10-11 10:41:00,623.0,-416.0
2024-10-11 10:42:00,473.0,-293.0
2024-10-11 10:43:00,511.0,-328.0
2024-10-11 10:44:00,512.0,-294.0
2024-10-11 10:45:00,548.0,-308.0
2024-10-11 10:46:00,541.0,-294.0
2024-10-11 10:47:00,572.0,-326.0
2024-10-11 10:48:00,548.0,-341.0
2024-10-11 10:49:00,532.0,-359.0
2024-10-11 10:50:00,539.0,-405.0
2024-10-11 10:51:00,534.0,-387.0
2024-10-11 10:52:00,515.0,-360.0
2024-10-11 10:53:00,516.0,-329.0
2024-10-11 10:54:00,602.0,-335.0
2024-10-11 10:55:00,594.0,-345.0
2024-10-11 10:56:00,551.0,-343.0
2024-10-11 10:57:00,528.0,-343.0
2024-10-11 10:58:00,543.0,-350.0
2024-10-11 10:59:00,575.0,-372.0
2024-10-11 11:00:00,575.0,-377.0
2024-10-11 11:01:00,531.0,-342.0
2024-10-11 11:02:00,487.0,-309.0
2024-10-11 11:03:00,483.0,-311.0
2024-10-11 11:04:00,484.0,-296.0
2024-10-11 11:05:00,395.0,-250.0
2024-10-11 11:06:00,388.0,-207.0
2024-10-11 11:07:00,371.0,-195.0
2024-10-11 11:08:00,403.0,-183.0
2024-10-11 11:09:00,386.0,-179.0
2024-10-11 11:10:00,385.0,-203.0
2024-10-11 11:11:00,438.0,-247.0
2024-10-11 11:12:00,499.0,-258.0
2024-10-11 11:13:00,467.0,-185.0
2024-10-11 11:14:00,420.0,-139.0
2024-10-11 11:15:00,453.0,-149.0
2024-10-11 11:16:00,410.0,-136.0
2024-10-11 11:17:00,412.0,-141.0
2024-10-11 11:18:00,416.0,-135.0
2024-10-11 11:19:00,401.0,-129.0
2024-10-11 11:20:00,312.0,-116.0
2024-10-11 11:21:00,332.0,-125.0
2024-10-11 11:22:00,348.0,-126.0
2024-10-11 11:23:00,342.0,-122.0
2024-10-11 11:24:00,303.0,-117.0
2024-10-11 11:25:00,252.0,-129.0
2024-10-11 11:26:00,297.0,-132.0
2024-10-11 11:27:00,283.0,-106.0
2024-10-11 11:28:00,198.0,-89.0
2024-10-11 11:29:00,197.0,-88.0
2024-10-11 11:30:00,177.0,-83.0
2024-10-11 11:31:00,199.0,-97.0
2024-10-11 11:32:00,233.0,-102.0
2024-10-11 11:33:00,239.0,-84.0
2024-10-11 11:34:00,175.0,-64.0
2024-10-11 11:35:00,245.0,-96.0
2024-10-11 11:36:00,314.0,-90.0
2024-10-11 11:37:00,307.0,-102.0
2024-10-11 11:38:00,245.0,-107.0
2024-10-11 11:39:00,202.0,-69.0
2024-10-11 11:40:00,171.0,-44.0
2024-10-11 11:41:00,180.0,-60.0
2024-10-11 11:42:00,228.0,-98.0
2024-10-11 11:43:00,232.0,-124.0
2024-10-11 11:44:00,248.0,-144.0
2024-10-11 11:45:00,273.0,-148.0
2024-10-11 11:46:00,271.0,-139.0
2024-10-11 11:47:00,275.0,-117.0
2024-10-11 11:48:00,254.0,-127.0
2024-10-11 11:49:00,260.0,-126.0
2024-10-11 11:50:00,222.0,-117.0
2024-10-11 11:51:00,287.0,-124.0
2024-10-11 11:52:00,374.0,-181.0
2024-10-11 11:53:00,362.0,-181.0
2024-10-11 11:54:00,348.0,-86.0
2024-10-11 11:55:00,340.0,-84.0
2024-10-11 11:56:00,344.0,-107.0
2024-10-11 11:57:00,396.0,-88.0
2024-10-11 11:58:00,453.0,-78.0
2024-10-11 11:59:00,329.0,-60.0
2024-10-11 12:00:00,195.0,-56.0
2024-10-11 12:01:00,92.0,-44.0
2024-10-11 12:02:00,152.0,-62.0
2024-10-11 12:03:00,154.0,-65.0
2024-10-11 12:04:00,157.0,-93.0
2024-10-11 12:05:00,281.0,-127.0
2024-10-11 12:06:00,277.0,-113.0
2024-10-11 12:07:00,185.0,-73.0
2024-10-11 12:08:00,212.0,-97.0
2024-10-11 12:09:00,186.0,-115.0
2024-10-11 12:10:00,209.0,-119.0
2024-10-11 12:11:00,332.0,-130.0
2024-10-11 12:12:00,357.0,-127.0
2024-10-11 12:13:00,244.0,-104.0
2024-10-11 12:14:00,135.0,-124.0
2024-10-11 12:15:00,166.0,-160.0
2024-10-11 12:16:00,267.0,-240.0
2024-10-11 12:17:00,370.0,-327.0
2024-10-11 12:18:00,445.0,-395.0
2024-10-11 12:19:00,405.0,-296.0
2024-10-11 12:20:00,404.0,-250.0
2024-10-11 12:21:00,379.0,-239.0
2024-10-11 12:22:00,302.0,-223.0
2024-10-11 12:23:00,287.0,-247.0
2024-10-11 12:24:00,314.0,-259.0
2024-10-11 12:25:00,299.0,-263.0
2024-10-11 12:26:00,283.0,-252.0
2024-10-11 12:27:00,351.0,-269.0
2024-10-11 12:28:00,416.0,-292.0
2024-10-11 12:29:00,447.0,-322.0
2024-10-11 12:30:00,482.0,-365.0
2024-10-11 12:31:00,498.0,-395.0
2024-10-11 12:32:00,537.0,-455.0
2024-10-11 12:33:00,538.0,-423.0
2024-10-11 12:34:00,677.0,-462.0
2024-10-11 12:35:00,733.0,-485.0
2024-10-11 12:36:00,664.0,-446.0
2024-10-11 12:37:00,664.0,-436.0
2024-10-11 12:38:00,695.0,-438.0
2024-10-11 12:39:00,716.0,-477.0
2024-10-11 12:40:00,692.0,-489.0
2024-10-11 12:41:00,677.0,-470.0
2024-10-11 12:42:00,633.0,-435.0
2024-10-11 12:43:00,586.0,-412.0
2024-10-11 12:44:00,569.0,-355.0
2024-10-11 12:45:00,581.0,-339.0
2024-10-11 12:46:00,605.0,-345.0
2024-10-11 12:47:00,553.0,-321.0
2024-10-11 12:48:00,557.0,-343.0
2024-10-11 12:49:00,607.0,-394.0
2024-10-11 12:50:00,645.0,-449.0
2024-10-11 12:51:00,679.0,-487.0
2024-10-11 12:52:00,686.0,-487.0
2024-10-11 12:53:00,695.0,-471.0
2024-10-11 12:54:00,639.0,-396.0
2024-10-11 12:55:00,526.0,-308.0
2024-10-11 12:56:00,500.0,-273.0
2024-10-11 12:57:00,527.0,-285.0
2024-10-11 12:58:00,540.0,-292.0
2024-10-11 12:59:00,524.0,-319.0
2024-10-11 13:00:00,478.0,-295.0
2024-10-11 13:01:00,424.0,-261.0
2024-10-11 13:02:00,439.0,-267.0
2024-10-11 13:03:00,470.0,-271.0
2024-10-11 13:04:00,477.0,-272.0
2024-10-11 13:05:00,474.0,-282.0
2024-10-11 13:06:00,474.0,-288.0
2024-10-11 13:07:00,478.0,-281.0
2024-10-11 13:08:00,516.0,-296.0
2024-10-11 13:09:00,434.0,-238.0
2024-10-11 13:10:00,350.0,-191.0
2024-10-11 13:11:00,347.0,-181.0
2024-10-11 13:12:00,381.0,-186.0
2024-10-11 13:13:00,519.0,-315.0
2024-10-11 13:14:00,528.0,-340.0
2024-10-11 13:15:00,454.0,-299.0
2024-10-11 13:16:00,345.0,-219.0
2024-10-11 13:17:00,363.0,-252.0
2024-10-11 13:18:00,423.0,-327.0
2024-10-11 13:19:00,364.0,-227.0
2024-10-11 13:20:00,529.0,-339.0
2024-10-11 13:21:00,732.0,-517.0
2024-10-11 13:22:00,672.0,-484.0
2024-10-11 13:23:00,750.0,-640.0
2024-10-11 13:24:00,1052.0,-960.0
2024-10-11 13:25:00,1261.0,-1141.0
2024-10-11 13:26:00,1444.0,-1341.0
2024-10-11 13:27:00,1563.0,-1445.0
2024-10-11 13:28:00,1366.0,-1280.0
2024-10-11 13:29:00,1382.0,-1304.0
2024-10-11 13:30:00,1453.0,-1368.0
2024-10-11 13:31:00,1544.0,-1440.0
2024-10-11 13:32:00,1709.0,-1603.0
2024-10-11 13:33:00,1327.0,-1222.0
2024-10-11 13:34:00,1643.0,-1527.0
2024-10-11 13:35:00,1475.0,-1333.0
2024-10-11 13:36:00,1664.0,-1534.0
2024-10-11 13:37:00,1577.0,-1477.0
2024-10-11 13:38:00,1640.0,-1566.0
2024-10-11 13:39:00,1781.0,-1681.0
2024-10-11 13:40:00,1991.0,-1856.0
2024-10-11 13:41:00,1903.0,-1771.0
2024-10-11 13:42:00,1967.0,-1831.0
2024-10-11 13:43:00,2055.0,-1914.0
2024-10-11 13:44:00,2035.0,-1881.0
2024-10-11 13:45:00,2092.0,-1918.0
2024-10-11 13:46:00,2187.0,-2032.0
2024-10-11 13:47:00,2217.0,-2052.0
2024-10-11 13:48:00,2034.0,-1840.0
2024-10-11 13:49:00,1813.0,-1663.0
2024-10-11 13:50:00,1876.0,-1732.0
2024-10-11 13:51:00,1976.0,-1873.0
2024-10-11 13:52:00,1906.0,-1796.0
2024-10-11 13:53:00,1598.0,-1456.0
2024-10-11 13:54:00,1497.0,-1370.0
2024-10-11 13:55:00,1574.0,-1403.0
2024-10-11 13:56:00,1464.0,-1310.0
2024-10-11 13:57:00,1231.0,-1112.0
2024-10-11 13:58:00,1331.0,-1205.0
2024-10-11 13:59:00,1184.0,-1067.0
2024-10-11 14:00:00,1078.0,-989.0
2024-10-11 14:01:00,831.0,-732.0
2024-10-11 14:02:00,921.0,-817.0
2024-10-11 14:03:00,939.0,-835.0
2024-10-11 14:04:00,882.0,-820.0
2024-10-11 14:05:00,911.0,-806.0
2024-10-11 14:06:00,881.0,-773.0
2024-10-11 14:07:00,907.0,-760.0
2024-10-11 14:08:00,932.0,-765.0
2024-10-11 14:09:00,872.0,-743.0
2024-10-11 14:10:00,878.0,-770.0
2024-10-11 14:11:00,972.0,-843.0
2024-10-11 14:12:00,968.0,-845.0
2024-10-11 14:13:00,904.0,-796.0
2024-10-11 14:14:00,925.0,-761.0
2024-10-11 14:15:00,883.0,-738.0
2024-10-11 14:16:00,954.0,-817.0
2024-10-11 14:17:00,896.0,-743.0
2024-10-11 14:18:00,784.0,-672.0
2024-10-11 14:19:00,749.0,-677.0
2024-10-11 14:20:00,764.0,-654.0
2024-10-11 14:21:00,772.0,-643.0
2024-10-11 14:22:00,751.0,-642.0
2024-10-11 14:23:00,783.0,-643.0
2024-10-11 14:24:00,822.0,-661.0
2024-10-11 14:25:00,870.0,-693.0
2024-10-11 14:26:00,900.0,-771.0
2024-10-11 14:27:00,857.0,-763.0
2024-10-11 14:28:00,895.0,-771.0
2024-10-11 14:29:00,951.0,-831.0
2024-10-11 14:30:00,1019.0,-916.0
2024-10-11 14:31:00,1002.0,-901.0
2024-10-11 14:32:00,816.0,-702.0
2024-10-11 14:33:00,757.0,-627.0
2024-10-11 14:34:00,738.0,-630.0
2024-10-11 14:35:00,663.0,-606.0
2024-10-11 14:36:00,686.0,-643.0
2024-10-11 14:37:00,676.0,-639.0
2024-10-11 14:38:00,672.0,-614.0
2024-10-11 14:39:00,673.0,-556.0
2024-10-11 14:40:00,608.0,-489.0
2024-10-11 14:41:00,579.0,-503.0
2024-10-11 14:42:00,587.0,-558.0
2024-10-11 14:43:00,589.0,-566.0
2024-10-11 14:44:00,601.0,-542.0
2024-10-11 14:45:00,608.0,-529.0
2024-10-11 14:46:00,613.0,-550.0
2024-10-11 14:47:00,631.0,-585.0
2024-10-11 14:48:00,694.0,-657.0
2024-10-11 14:49:00,650.0,-630.0
2024-10-11 14:50:00,626.0,-605.0
2024-10-11 14:51:00,716.0,-678.0
2024-10-11 14:52:00,679.0,-645.0
2024-10-11 14:53:00,592.0,-571.0
2024-10-11 14:54:00,562.0,-538.0
2024-10-11 14:55:00,586.0,-550.0
2024-10-11 14:56:00,580.0,-529.0
2024-10-11 14:57:00,528.0,-487.0
2024-10-11 14:58:00,483.0,-468.0
2024-10-11 14:59:00,364.0,-347.0
2024-10-11 15:00:00,325.0,-302.0
2024-10-11 15:01:00,321.0,-297.0
2024-10-11 15:02:00,318.0,-292.0
2024-10-11 15:03:00,310.0,-262.0
2024-10-11 15:04:00,304.0,-248.0
2024-10-11 15:05:00,309.0,-259.0
2024-10-11 15:06:00,308.0,-262.0
2024-10-11 15:07:00,343.0,-270.0
2024-10-11 15:08:00,340.0,-265.0
2024-10-11 15:09:00,283.0,-244.0
2024-10-11 15:10:00,253.0,-247.0
2024-10-11 15:11:00,254.0,-254.0
2024-10-11 15:12:00,270.0,-251.0
2024-10-11 15:13:00,296.0,-259.0
2024-10-11 15:14:00,338.0,-259.0
2024-10-11 15:15:00,353.0,-254.0
2024-10-11 15:16:00,268.0,-232.0
2024-10-11 15:17:00,255.0,-242.0
2024-10-11 15:18:00,262.0,-246.0
2024-10-11 15:19:00,266.0,-249.0
2024-10-11 15:20:00,245.0,-220.0
2024-10-11 15:21:00,259.0,-214.0
2024-10-11 15:22:00,261.0,-196.0
2024-10-11 15:23:00,209.0,-174.0
2024-10-11 15:24:00,206.0,-156.0
2024-10-11 15:25:00,173.0,-144.0
2024-10-11 15:26:00,171.0,-150.0
2024-10-11 15:27:00,205.0,-156.0
2024-10-11 15:28:00,234.0,-172.0
2024-10-11 15:29:00,245.0,-174.0
2024-10-11 15:30:00,238.0,-196.0
2024-10-11 15:31:00,278.0,-162.0
2024-10-11 15:32:00,235.0,-168.0
2024-10-11 15:33:00,184.0,-184.0
2024-10-11 15:34:00,274.0,-233.0
2024-10-11 15:35:00,227.0,-206.0
2024-10-11 15:36:00,259.0,-189.0
2024-10-11 15:37:00,281.0,-178.0
2024-10-11 15:38:00,207.0,-151.0
2024-10-11 15:39:00,231.0,-207.0
2024-10-11 15:40:00,216.0,-208.0
2024-10-11 15:41:00,207.0,-201.0
2024-10-11 15:42:00,262.0,-195.0
2024-10-11 15:43:00,265.0,-188.0
2024-10-11 15:44:00,247.0,-217.0
2024-10-11 15:45:00,279.0,-238.0
2024-10-11 15:46:00,275.0,-248.0
2024-10-11 15:47:00,271.0,-237.0
2024-10-11 15:48:00,281.0,-218.0
2024-10-11 15:49:00,235.0,-195.0
2024-10-11 15:50:00,190.0,-186.0
2024-10-11 15:51:00,198.0,-200.0
2024-10-11 15:52:00,221.0,-200.0
2024-10-11 15:53:00,215.0,-188.0
2024-10-11 15:54:00,211.0,-189.0
2024-10-11 15:55:00,210.0,-185.0
2024-10-11 15:56:00,233.0,-179.0
2024-10-11 15:57:00,227.0,-198.0
2024-10-11 15:58:00,194.0,-203.0
2024-10-11 15:59:00,188.0,-198.0
2024-10-11 16:00:00,231.0,-215.0
2024-10-11 16:01:00,238.0,-201.0
2024-10-11 16:02:00,214.0,-171.0
2024-10-11 16:03:00,179.0,-144.0
2024-10-11 16:04:00,175.0,-121.0
2024-10-11 16:05:00,159.0,-118.0
2024-10-11 16:06:00,171.0,-142.0
2024-10-11 16:07:00,186.0,-152.0
2024-10-11 16:08:00,204.0,-162.0
2024-10-11 16:09:00,200.0,-132.0
2024-10-11 16:10:00,183.0,-118.0
2024-10-11 16:11:00,171.0,-120.0
2024-10-11 16:12:00,187.0,-141.0
2024-10-11 16:13:00,216.0,-158.0
2024-10-11 16:14:00,219.0,-156.0
2024-10-11 16:15:00,187.0,-139.0
2024-10-11 16:16:00,138.0,-120.0
2024-10-11 16:17:00,177.0,-117.0
2024-10-11 16:18:00,211.0,-122.0
2024-10-11 16:19:00,225.0,-147.0
2024-10-11 16:20:00,187.0,-154.0
2024-10-11 16:21:00,215.0,-145.0
2024-10-11 16:22:00,165.0,-125.0
2024-10-11 16:23:00,152.0,-119.0
2024-10-11 16:24:00,207.0,-130.0
2024-10-11 16:25:00,229.0,-186.0
2024-10-11 16:26:00,211.0,-152.0
2024-10-11 16:27:00,198.0,-120.0
2024-10-11 16:28:00,144.0,-102.0
2024-10-11 16:29:00,155.0,-107.0
2024-10-11 16:30:00,165.0,-116.0
2024-10-11 16:31:00,170.0,-123.0
2024-10-11 16:32:00,168.0,-126.0
2024-10-11 16:33:00,178.0,-137.0
2024-10-11 16:34:00,200.0,-166.0
2024-10-11 16:35:00,191.0,-144.0
2024-10-11 16:36:00,170.0,-123.0
2024-10-11 16:37:00,162.0,-98.0
2024-10-11 16:38:00,148.0,-98.0
2024-10-11 16:39:00,160.0,-120.0
2024-10-11 16:40:00,112.0,-84.0
2024-10-11 16:41:00,119.0,-79.0
2024-10-11 16:42:00,107.0,-72.0
2024-10-11 16:43:00,96.0,-68.0
2024-10-11 16:44:00,99.0,-73.0
2024-10-11 16:45:00,165.0,-124.0
2024-10-11 16:46:00,223.0,-171.0
2024-10-11 16:47:00,234.0,-189.0
2024-10-11 16:48:00,382.0,-347.0
2024-10-11 16:49:00,454.0,-420.0
2024-10-11 16:50:00,423.0,-368.0
2024-10-11 16:51:00,280.0,-210.0
2024-10-11 16:52:00,235.0,-170.0
2024-10-11 16:53:00,291.0,-213.0
2024-10-11 16:54:00,256.0,-197.0
2024-10-11 16:55:00,264.0,-204.0
2024-10-11 16:56:00,324.0,-232.0
2024-10-11 16:57:00,357.0,-272.0
2024-10-11 16:58:00,344.0,-293.0
2024-10-11 16:59:00,352.0,-299.0
2024-10-11 17:00:00,330.0,-247.0
2024-10-11 17:01:00,357.0,-262.0
2024-10-11 17:02:00,378.0,-314.0
2024-10-11 17:03:00,426.0,-353.0
2024-10-11 17:04:00,435.0,-359.0
2024-10-11 17:05:00,425.0,-337.0
2024-10-11 17:06:00,387.0,-304.0
2024-10-11 17:07:00,385.0,-292.0
2024-10-11 17:08:00,372.0,-284.0
2024-10-11 17:09:00,325.0,-266.0
2024-10-11 17:10:00,284.0,-226.0
2024-10-11 17:11:00,237.0,-199.0
2024-10-11 17:12:00,229.0,-189.0
2024-10-11 17:13:00,245.0,-180.0
2024-10-11 17:14:00,244.0,-151.0
2024-10-11 17:15:00,198.0,-134.0
2024-10-11 17:16:00,143.0,-91.0
2024-10-11 17:17:00,122.0,-62.0
2024-10-11 17:18:00,118.0,-71.0
2024-10-11 17:19:00,120.0,-64.0
2024-10-11 17:20:00,117.0,-68.0
2024-10-11 17:21:00,114.0,-70.0
2024-10-11 17:22:00,118.0,-60.0
2024-10-11 17:23:00,66.0,-31.0
2024-10-11 17:24:00,70.0,-27.0
2024-10-11 17:25:00,54.0,-27.0
2024-10-11 17:26:00,86.0,-43.0
2024-10-11 17:27:00,106.0,-59.0
2024-10-11 17:28:00,117.0,-66.0
2024-10-11 17:29:00,119.0,-54.0
2024-10-11 17:30:00,103.0,-31.0
2024-10-11 17:31:00,90.0,-30.0
2024-10-11 17:32:00,107.0,-40.0
2024-10-11 17:33:00,102.0,-46.0
2024-10-11 17:34:00,99.0,-59.0
2024-10-11 17:35:00,91.0,-50.0
2024-10-11 17:36:00,59.0,-33.0
2024-10-11 17:37:00,54.0,-30.0
2024-10-11 17:38:00,78.0,-47.0
2024-10-11 17:39:00,182.0,-140.0
2024-10-11 17:40:00,317.0,-265.0
2024-10-11 17:41:00,433.0,-391.0
2024-10-11 17:42:00,351.0,-324.0
2024-10-11 17:43:00,294.0,-256.0
2024-10-11 17:44:00,269.0,-236.0
2024-10-11 17:45:00,264.0,-226.0
2024-10-11 17:46:00,241.0,-183.0
2024-10-11 17:47:00,217.0,-160.0
2024-10-11 17:48:00,197.0,-174.0
2024-10-11 17:49:00,162.0,-137.0
2024-10-11 17:50:00,149.0,-124.0
2024-10-11 17:51:00,202.0,-151.0
2024-10-11 17:52:00,207.0,-157.0
2024-10-11 17:53:00,149.0,-124.0
2024-10-11 17:54:00,129.0,-116.0
2024-10-11 17:55:00,164.0,-145.0
2024-10-11 17:56:00,142.0,-113.0
2024-10-11 17:57:00,141.0,-108.0
2024-10-11 17:58:00,202.0,-168.0
2024-10-11 17:59:00,282.0,-250.0
2024-10-11 18:00:00,257.0,-219.0
2024-10-11 18:01:00,257.0,-222.0
2024-10-11 18:02:00,269.0,-238.0
2024-10-11 18:03:00,243.0,-217.0
2024-10-11 18:04:00,234.0,-199.0
2024-10-11 18:05:00,234.0,-189.0
2024-10-11 18:06:00,334.0,-291.0
2024-10-11 18:07:00,288.0,-263.0
2024-10-11 18:08:00,275.0,-254.0
2024-10-11 18:09:00,323.0,-296.0
2024-10-11 18:10:00,302.0,-271.0
2024-10-11 18:11:00,261.0,-235.0
2024-10-11 18:12:00,239.0,-191.0
2024-10-11 18:13:00,199.0,-162.0
2024-10-11 18:14:00,186.0,-155.0
2024-10-11 18:15:00,187.0,-151.0
2024-10-11 18:16:00,195.0,-150.0
2024-10-11 18:17:00,193.0,-140.0
2024-10-11 18:18:00,191.0,-153.0
2024-10-11 18:19:00,179.0,-141.0
2024-10-11 18:20:00,193.0,-153.0
2024-10-11 18:21:00,201.0,-161.0
2024-10-11 18:22:00,179.0,-130.0
2024-10-11 18:23:00,214.0,-176.0
2024-10-11 18:24:00,199.0,-161.0
2024-10-11 18:25:00,179.0,-142.0
2024-10-11 18:26:00,182.0,-140.0
2024-10-11 18:27:00,176.0,-135.0
2024-10-11 18:28:00,164.0,-125.0
2024-10-11 18:29:00,178.0,-132.0
2024-10-11 18:30:00,174.0,-127.0
2024-10-11 18:31:00,185.0,-143.0
2024-10-11 18:32:00,207.0,-167.0
2024-10-11 18:33:00,208.0,-165.0
2024-10-11 18:34:00,221.0,-177.0
2024-10-11 18:35:00,208.0,-168.0
2024-10-11 18:36:00,208.0,-170.0
2024-10-11 18:37:00,213.0,-172.0
2024-10-11 18:38:00,213.0,-171.0
2024-10-11 18:39:00,198.0,-156.0
2024-10-11 18:40:00,186.0,-148.0
2024-10-11 18:41:00,176.0,-139.0
2024-10-11 18:42:00,147.0,-113.0
2024-10-11 18:43:00,138.0,-118.0
2024-10-11 18:44:00,119.0,-100.0
2024-10-11 18:45:00,134.0,-110.0
2024-10-11 18:46:00,172.0,-146.0
2024-10-11 18:47:00,229.0,-203.0
2024-10-11 18:48:00,314.0,-293.0
2024-10-11 18:49:00,297.0,-280.0
2024-10-11 18:50:00,237.0,-230.0
2024-10-11 18:51:00,274.0,-258.0
2024-10-11 18:52:00,284.0,-260.0
2024-10-11 18:53:00,275.0,-244.0
2024-10-11 18:54:00,271.0,-239.0
2024-10-11 18:55:00,293.0,-252.0
2024-10-11 18:56:00,324.0,-271.0
2024-10-11 18:57:00,323.0,-274.0
2024-10-11 18:58:00,312.0,-262.0
2024-10-11 18:59:00,300.0,-257.0
2024-10-11 19:00:00,291.0,-252.0
2024-10-11 19:01:00,263.0,-230.0
2024-10-11 19:02:00,258.0,-228.0
2024-10-11 19:03:00,250.0,-223.0
2024-10-11 19:04:00,266.0,-238.0
2024-10-11 19:05:00,287.0,-258.0
2024-10-11 19:06:00,263.0,-248.0
2024-10-11 19:07:00,247.0,-235.0
2024-10-11 19:08:00,263.0,-238.0
2024-10-11 19:09:00,266.0,-212.0
2024-10-11 19:10:00,217.0,-203.0
2024-10-11 19:11:00,212.0,-202.0
2024-10-11 19:12:00,196.0,-182.0
2024-10-11 19:13:00,231.0,-186.0
2024-10-11 19:14:00,220.0,-196.0
2024-10-11 19:15:00,236.0,-206.0
2024-10-11 19:16:00,242.0,-216.0
2024-10-11 19:17:00,243.0,-211.0
2024-10-11 19:18:00,227.0,-200.0
2024-10-11 19:19:00,222.0,-193.0
2024-10-11 19:20:00,226.0,-197.0
2024-10-11 19:21:00,229.0,-200.0
2024-10-11 19:22:00,224.0,-192.0
2024-10-11 19:23:00,225.0,-187.0
2024-10-11 19:24:00,229.0,-185.0
2024-10-11 19:25:00,216.0,-172.0
2024-10-11 19:26:00,199.0,-160.0
2024-10-11 19:27:00,198.0,-160.0
2024-10-11 19:28:00,188.0,-150.0
2024-10-11 19:29:00,183.0,-146.0
2024-10-11 19:30:00,188.0,-152.0
2024-10-11 19:31:00,178.0,-145.0
2024-10-11 19:32:00,162.0,-129.0
2024-10-11 19:33:00,126.0,-104.0
2024-10-11 19:34:00,120.0,-93.0
2024-10-11 19:35:00,133.0,-101.0
2024-10-11 19:36:00,201.0,-130.0
2024-10-11 19:37:00,189.0,-135.0
2024-10-11 19:38:00,173.0,-115.0
2024-10-11 19:39:00,152.0,-104.0
2024-10-11 19:40:00,145.0,-104.0
2024-10-11 19:41:00,149.0,-98.0
2024-10-11 19:42:00,137.0,-101.0
2024-10-11 19:43:00,177.0,-135.0
2024-10-11 19:44:00,192.0,-145.0
2024-10-11 19:45:00,158.0,-118.0
2024-10-11 19:46:00,153.0,-112.0
2024-10-11 19:47:00,143.0,-96.0
2024-10-11 19:48:00,142.0,-91.0
2024-10-11 19:49:00,144.0,-94.0
2024-10-11 19:50:00,140.0,-88.0
2024-10-11 19:51:00,144.0,-90.0
2024-10-11 19:52:00,143.0,-88.0
2024-10-11 19:53:00,140.0,-86.0
2024-10-11 19:54:00,137.0,-84.0
2024-10-11 19:55:00,138.0,-87.0
2024-10-11 19:56:00,138.0,-92.0
2024-10-11 19:57:00,137.0,-98.0
2024-10-11 19:58:00,149.0,-107.0
2024-10-11 19:59:00,152.0,-111.0
2024-10-11 20:00:00,151.0,-114.0
2024-10-11 20:01:00,151.0,-112.0
2024-10-11 20:02:00,146.0,-106.0
2024-10-11 20:03:00,130.0,-90.0
2024-10-11 20:04:00,120.0,-81.0
2024-10-11 20:05:00,116.0,-79.0
2024-10-11 20:06:00,100.0,-64.0
2024-10-11 20:07:00,96.0,-51.0
2024-10-11 20:08:00,95.0,-51.0
2024-10-11 20:09:00,97.0,-51.0
2024-10-11 20:10:00,114.0,-56.0
2024-10-11 20:11:00,99.0,-57.0
2024-10-11 20:12:00,88.0,-56.0
2024-10-11 20:13:00,89.0,-55.0
2024-10-11 20:14:00,82.0,-53.0
2024-10-11 20:15:00,80.0,-52.0
2024-10-11 20:16:00,100.0,-62.0
2024-10-11 20:17:00,117.0,-66.0
2024-10-11 20:18:00,125.0,-65.0
2024-10-11 20:19:00,130.0,-83.0
2024-10-11 20:20:00,134.0,-101.0
2024-10-11 20:21:00,152.0,-115.0
2024-10-11 20:22:00,176.0,-131.0
2024-10-11 20:23:00,166.0,-97.0
2024-10-11 20:24:00,137.0,-82.0
2024-10-11 20:25:00,120.0,-86.0
2024-10-11 20:26:00,120.0,-96.0
2024-10-11 20:27:00,143.0,-116.0
2024-10-11 20:28:00,166.0,-128.0
2024-10-11 20:29:00,160.0,-123.0
2024-10-11 20:30:00,135.0,-104.0
2024-10-11 20:31:00,134.0,-108.0
2024-10-11 20:32:00,140.0,-102.0
2024-10-11 20:33:00,184.0,-147.0
2024-10-11 20:34:00,196.0,-145.0
2024-10-11 20:35:00,218.0,-153.0
2024-10-11 20:36:00,191.0,-131.0
2024-10-11 20:37:00,170.0,-125.0
2024-10-11 20:38:00,183.0,-124.0
2024-10-11 20:39:00,184.0,-125.0
2024-10-11 20:40:00,169.0,-128.0
2024-10-11 20:41:00,160.0,-128.0
2024-10-11 20:42:00,151.0,-119.0
2024-10-11 20:43:00,128.0,-104.0
2024-10-11 20:44:00,140.0,-110.0
2024-10-11 20:45:00,137.0,-112.0
2024-10-11 20:46:00,131.0,-109.0
2024-10-11 20:47:00,141.0,-114.0
2024-10-11 20:48:00,150.0,-118.0
2024-10-11 20:49:00,146.0,-130.0
2024-10-11 20:50:00,151.0,-128.0
2024-10-11 20:51:00,168.0,-128.0
2024-10-11 20:52:00,189.0,-131.0
2024-10-11 20:53:00,208.0,-118.0
2024-10-11 20:54:00,185.0,-128.0
2024-10-11 20:55:00,174.0,-132.0
2024-10-11 20:56:00,185.0,-149.0
2024-10-11 20:57:00,217.0,-163.0
2024-10-11 20:58:00,216.0,-165.0
2024-10-11 20:59:00,199.0,-149.0
2024-10-11 21:00:00,189.0,-129.0
2024-10-11 21:01:00,206.0,-131.0
2024-10-11 21:02:00,216.0,-132.0
2024-10-11 21:03:00,215.0,-139.0
2024-10-11 21:04:00,213.0,-157.0
2024-10-11 21:05:00,212.0,-161.0
2024-10-11 21:06:00,226.0,-168.0
2024-10-11 21:07:00,235.0,-185.0
2024-10-11 21:08:00,208.0,-180.0
2024-10-11 21:09:00,187.0,-161.0
2024-10-11 21:10:00,176.0,-150.0
2024-10-11 21:11:00,186.0,-152.0
2024-10-11 21:12:00,182.0,-163.0
2024-10-11 21:13:00,186.0,-170.0
2024-10-11 21:14:00,191.0,-178.0
2024-10-11 21:15:00,193.0,-184.0
2024-10-11 21:16:00,201.0,-193.0
2024-10-11 21:17:00,215.0,-195.0
2024-10-11 21:18:00,217.0,-186.0
2024-10-11 21:19:00,192.0,-170.0
2024-10-11 21:20:00,163.0,-157.0
2024-10-11 21:21:00,147.0,-149.0
2024-10-11 21:22:00,148.0,-146.0
2024-10-11 21:23:00,162.0,-144.0
2024-10-11 21:24:00,164.0,-148.0
2024-10-11 21:25:00,168.0,-150.0
2024-10-11 21:26:00,153.0,-152.0
2024-10-11 21:27:00,159.0,-157.0
2024-10-11 21:28:00,163.0,-155.0
2024-10-11 21:29:00,164.0,-148.0
2024-10-11 21:30:00,164.0,-138.0
2024-10-11 21:31:00,169.0,-136.0
2024-10-11 21:32:00,188.0,-143.0
2024-10-11 21:33:00,186.0,-143.0
2024-10-11 21:34:00,194.0,-145.0
2024-10-11 21:35:00,190.0,-149.0
2024-10-11 21:36:00,209.0,-146.0
2024-10-11 21:37:00,182.0,-134.0
2024-10-11 21:38:00,189.0,-126.0
2024-10-11 21:39:00,196.0,-119.0
2024-10-11 21:40:00,185.0,-128.0
2024-10-11 21:41:00,186.0,-128.0
2024-10-11 21:42:00,171.0,-117.0
2024-10-11 21:43:00,154.0,-103.0
2024-10-11 21:44:00,135.0,-95.0
2024-10-11 21:45:00,126.0,-96.0
2024-10-11 21:46:00,136.0,-101.0
2024-10-11 21:47:00,153.0,-100.0
2024-10-11 21:48:00,146.0,-93.0
2024-10-11 21:49:00,114.0,-81.0
2024-10-11 21:50:00,95.0,-81.0
2024-10-11 21:51:00,127.0,-90.0
2024-10-11 21:52:00,151.0,-99.0
2024-10-11 21:53:00,148.0,-108.0
2024-10-11 21:54:00,125.0,-110.0
2024-10-11 21:55:00,115.0,-105.0
2024-10-11 21:56:00,112.0,-101.0
2024-10-11 21:57:00,120.0,-101.0
2024-10-11 21:58:00,152.0,-100.0
2024-10-11 21:59:00,165.0,-95.0
2024-10-11 22:00:00,171.0,-94.0
2024-10-11 22:01:00,145.0,-90.0
2024-10-11 22:02:00,121.0,-88.0
2024-10-11 22:03:00,113.0,-84.0
2024-10-11 22:04:00,113.0,-84.0
2024-10-11 22:05:00,121.0,-88.0
2024-10-11 22:06:00,127.0,-92.0
2024-10-11 22:07:00,127.0,-91.0
2024-10-11 22:08:00,128.0,-85.0
2024-10-11 22:09:00,141.0,-95.0
2024-10-11 22:10:00,161.0,-104.0
2024-10-11 22:11:00,204.0,-143.0
2024-10-11 22:12:00,244.0,-183.0
2024-10-11 22:13:00,271.0,-214.0
2024-10-11 22:14:00,283.0,-229.0
2024-10-11 22:15:00,309.0,-240.0
2024-10-11 22:16:00,311.0,-222.0
2024-10-11 22:17:00,299.0,-218.0
2024-10-11 22:18:00,306.0,-234.0
2024-10-11 22:19:00,322.0,-241.0
2024-10-11 22:20:00,323.0,-240.0
2024-10-11 22:21:00,299.0,-227.0
2024-10-11 22:22:00,311.0,-249.0
2024-10-11 22:23:00,309.0,-250.0
2024-10-11 22:24:00,333.0,-270.0
2024-10-11 22:25:00,315.0,-258.0
2024-10-11 22:26:00,286.0,-246.0
2024-10-11 22:27:00,300.0,-259.0
2024-10-11 22:28:00,315.0,-263.0
2024-10-11 22:29:00,325.0,-256.0
2024-10-11 22:30:00,327.0,-246.0
2024-10-11 22:31:00,332.0,-250.0
2024-10-11 22:32:00,316.0,-250.0
2024-10-11 22:33:00,300.0,-258.0
2024-10-11 22:34:00,300.0,-273.0
2024-10-11 22:35:00,306.0,-283.0
2024-10-11 22:36:00,307.0,-281.0
2024-10-11 22:37:00,308.0,-270.0
2024-10-11 22:38:00,318.0,-265.0
2024-10-11 22:39:00,325.0,-266.0
2024-10-11 22:40:00,335.0,-281.0
2024-10-11 22:41:00,331.0,-287.0
2024-10-11 22:42:00,317.0,-280.0
2024-10-11 22:43:00,297.0,-269.0
2024-10-11 22:44:00,291.0,-261.0
2024-10-11 22:45:00,287.0,-259.0
2024-10-11 22:46:00,284.0,-256.0
2024-10-11 22:47:00,270.0,-239.0
2024-10-11 22:48:00,276.0,-240.0
2024-10-11 22:49:00,283.0,-247.0
2024-10-11 22:50:00,293.0,-254.0
2024-10-11 22:51:00,298.0,-262.0
2024-10-11 22:52:00,300.0,-264.0
2024-10-11 22:53:00,300.0,-263.0
2024-10-11 22:54:00,296.0,-258.0
2024-10-11 22:55:00,298.0,-256.0
2024-10-11 22:56:00,293.0,-249.0
2024-10-11 22:57:00,287.0,-241.0
2024-10-11 22:58:00,266.0,-228.0
2024-10-11 22:59:00,254.0,-216.0
2024-10-11 23:00:00,287.0,-227.0
2024-10-11 23:01:00,326.0,-243.0
2024-10-11 23:02:00,338.0,-251.0
2024-10-11 23:03:00,343.0,-272.0
2024-10-11 23:04:00,366.0,-285.0
2024-10-11 23:05:00,362.0,-276.0
2024-10-11 23:06:00,344.0,-266.0
2024-10-11 23:07:00,336.0,-273.0
2024-10-11 23:08:00,332.0,-279.0
2024-10-11 23:09:00,343.0,-299.0
2024-10-11 23:10:00,349.0,-302.0
2024-10-11 23:11:00,361.0,-315.0
2024-10-11 23:12:00,377.0,-325.0
2024-10-11 23:13:00,357.0,-300.0
2024-10-11 23:14:00,304.0,-252.0
2024-10-11 23:15:00,244.0,-212.0
2024-10-11 23:16:00,231.0,-204.0
2024-10-11 23:17:00,302.0,-250.0
2024-10-11 23:18:00,302.0,-277.0
2024-10-11 23:19:00,283.0,-252.0
2024-10-11 23:20:00,248.0,-219.0
2024-10-11 23:21:00,240.0,-214.0
2024-10-11 23:22:00,254.0,-234.0
2024-10-11 23:23:00,271.0,-242.0
2024-10-11 23:24:00,253.0,-221.0
2024-10-11 23:25:00,208.0,-184.0
2024-10-11 23:26:00,198.0,-172.0
2024-10-11 23:27:00,210.0,-186.0
2024-10-11 23:28:00,231.0,-207.0
2024-10-11 23:29:00,223.0,-187.0
2024-10-11 23:30:00,174.0,-145.0
2024-10-11 23:31:00,111.0,-97.0
2024-10-11 23:32:00,126.0,-83.0
2024-10-11 23:33:00,155.0,-113.0
2024-10-11 23:34:00,185.0,-146.0
2024-10-11 23:35:00,181.0,-161.0
2024-10-11 23:36:00,160.0,-137.0
2024-10-11 23:37:00,107.0,-91.0
2024-10-11 23:38:00,104.0,-84.0
2024-10-11 23:39:00,110.0,-88.0
2024-10-11 23:40:00,114.0,-102.0
2024-10-11 23:41:00,118.0,-97.0
2024-10-11 23:42:00,95.0,-72.0
2024-10-11 23:43:00,88.0,-64.0
2024-10-11 23:44:00,105.0,-75.0
2024-10-11 23:45:00,85.0,-74.0
2024-10-11 23:46:00,71.0,-64.0
2024-10-11 23:47:00,79.0,-73.0
2024-10-11 23:48:00,88.0,-58.0
2024-10-11 23:49:00,92.0,-58.0
2024-10-11 23:50:00,95.0,-62.0
2024-10-11 23:51:00,90.0,-58.0
2024-10-11 23:52:00,102.0,-60.0
2024-10-11 23:53:00,131.0,-61.0
2024-10-11 23:54:00,124.0,-65.0
2024-10-11 23:55:00,98.0,-74.0
2024-10-11 23:56:00,102.0,-55.0
2024-10-11 23:57:00,93.0,-62.0
2024-10-11 23:58:00,117.0,-82.0
2024-10-11 23:59:00,121.0,-99.0
2024-10-12 00:00:00,102.0,-76.0
2024-10-12 00:01:00,60.0,-44.0
2024-10-12 00:02:00,55.0,-45.0
2024-10-12 00:03:00,57.0,-46.0
2024-10-12 00:04:00,62.0,-62.0
2024-10-12 00:05:00,72.0,-67.0
2024-10-12 00:06:00,63.0,-53.0
2024-10-12 00:07:00,72.0,-54.0
2024-10-12 00:08:00,85.0,-55.0
2024-10-12 00:09:00,104.0,-66.0
2024-10-12 00:10:00,110.0,-70.0
2024-10-12 00:11:00,103.0,-65.0
2024-10-12 00:12:00,113.0,-77.0
2024-10-12 00:13:00,89.0,-61.0
2024-10-12 00:14:00,80.0,-60.0
2024-10-12 00:15:00,88.0,-71.0
2024-10-12 00:16:00,96.0,-72.0
2024-10-12 00:17:00,107.0,-70.0
2024-10-12 00:18:00,76.0,-53.0
2024-10-12 00:19:00,74.0,-50.0
2024-10-12 00:20:00,94.0,-71.0
2024-10-12 00:21:00,119.0,-74.0
2024-10-12 00:22:00,75.0,-58.0
2024-10-12 00:23:00,40.0,-30.0
2024-10-12 00:24:00,82.0,-32.0
2024-10-12 00:25:00,110.0,-56.0
2024-10-12 00:26:00,105.0,-79.0
2024-10-12 00:27:00,148.0,-106.0
2024-10-12 00:28:00,190.0,-109.0
2024-10-12 00:29:00,147.0,-109.0
2024-10-12 00:30:00,141.0,-119.0
2024-10-12 00:31:00,98.0,-75.0
2024-10-12 00:32:00,49.0,-34.0
2024-10-12 00:33:00,91.0,-51.0
2024-10-12 00:34:00,103.0,-57.0
2024-10-12 00:35:00,67.0,-48.0
2024-10-12 00:36:00,47.0,-44.0
2024-10-12 00:37:00,66.0,-52.0
2024-10-12 00:38:00,71.0,-58.0
2024-10-12 00:39:00,73.0,-56.0
2024-10-12 00:40:00,68.0,-53.0
2024-10-12 00:41:00,53.0,-49.0
2024-10-12 00:42:00,34.0,-44.0
2024-10-12 00:43:00,43.0,-45.0
2024-10-12 00:44:00,49.0,-51.0
2024-10-12 00:45:00,43.0,-45.0
2024-10-12 00:46:00,35.0,-42.0
2024-10-12 00:47:00,50.0,-34.0
2024-10-12 00:48:00,60.0,-38.0
2024-10-12 00:49:00,59.0,-50.0
2024-10-12 00:50:00,60.0,-53.0
2024-10-12 00:51:00,55.0,-47.0
2024-10-12 00:52:00,52.0,-40.0
2024-10-12 00:53:00,62.0,-44.0
2024-10-12 00:54:00,60.0,-46.0
2024-10-12 00:55:00,59.0,-54.0
2024-10-12 00:56:00,62.0,-57.0
2024-10-12 00:57:00,93.0,-72.0
2024-10-12 00:58:00,106.0,-86.0
2024-10-12 00:59:00,149.0,-130.0
2024-10-12 01:00:00,174.0,-138.0
2024-10-12 01:01:00,231.0,-141.0
2024-10-12 01:02:00,280.0,-96.0
2024-10-12 01:03:00,335.0,-89.0
2024-10-12 01:04:00,229.0,-70.0
2024-10-12 01:05:00,125.0,-53.0
2024-10-12 01:06:00,122.0,-54.0
2024-10-12 01:07:00,128.0,-51.0
2024-10-12 01:08:00,110.0,-52.0
2024-10-12 01:09:00,102.0,-48.0
2024-10-12 01:10:00,77.0,-35.0
2024-10-12 01:11:00,48.0,-35.0
2024-10-12 01:12:00,33.0,-28.0
2024-10-12 01:13:00,40.0,-42.0
2024-10-12 01:14:00,39.0,-44.0
2024-10-12 01:15:00,35.0,-34.0
2024-10-12 01:16:00,76.0,-40.0
2024-10-12 01:17:00,80.0,-56.0
2024-10-12 01:18:00,66.0,-58.0
2024-10-12 01:19:00,80.0,-76.0
2024-10-12 01:20:00,72.0,-47.0
2024-10-12 01:21:00,89.0,-26.0
2024-10-12 01:22:00,107.0,-29.0
2024-10-12 01:23:00,87.0,-32.0
2024-10-12 01:24:00,56.0,-35.0
2024-10-12 01:25:00,59.0,-31.0
2024-10-12 01:26:00,55.0,-29.0
2024-10-12 01:27:00,54.0,-28.0
2024-10-12 01:28:00,34.0,-34.0
2024-10-12 01:29:00,32.0,-29.0
2024-10-12 01:30:00,58.0,-34.0
2024-10-12 01:31:00,68.0,-43.0
2024-10-12 01:32:00,70.0,-53.0
2024-10-12 01:33:00,62.0,-51.0
2024-10-12 01:34:00,50.0,-46.0
2024-10-12 01:35:00,37.0,-36.0
2024-10-12 01:36:00,37.0,-35.0
2024-10-12 01:37:00,47.0,-44.0
2024-10-12 01:38:00,63.0,-51.0
2024-10-12 01:39:00,75.0,-65.0
2024-10-12 01:40:00,68.0,-63.0
2024-10-12 01:41:00,46.0,-44.0
2024-10-12 01:42:00,28.0,-31.0
2024-10-12 01:43:00,24.0,-29.0
2024-10-12 01:44:00,24.0,-27.0
2024-10-12 01:45:00,37.0,-31.0
2024-10-12 01:46:00,47.0,-31.0
2024-10-12 01:47:00,40.0,-27.0
2024-10-12 01:48:00,36.0,-25.0
2024-10-12 01:49:00,32.0,-22.0
2024-10-12 01:50:00,38.0,-24.0
2024-10-12 01:51:00,44.0,-28.0
2024-10-12 01:52:00,50.0,-34.0
2024-10-12 01:53:00,58.0,-37.0
2024-10-12 01:54:00,57.0,-41.0
2024-10-12 01:55:00,41.0,-29.0
2024-10-12 01:56:00,32.0,-21.0
2024-10-12 01:57:00,30.0,-23.0
2024-10-12 01:58:00,25.0,-20.0
2024-10-12 01:59:00,36.0,-26.0
2024-10-12 02:00:00,35.0,-19.0
2024-10-12 02:01:00,40.0,-23.0
2024-10-12 02:02:00,39.0,-26.0
2024-10-12 02:03:00,39.0,-29.0
2024-10-12 02:04:00,35.0,-21.0
2024-10-12 02:05:00,38.0,-19.0
2024-10-12 02:06:00,39.0,-20.0
2024-10-12 02:07:00,37.0,-19.0
2024-10-12 02:08:00,36.0,-18.0
2024-10-12 02:09:00,38.0,-19.0
2024-10-12 02:10:00,45.0,-21.0
2024-10-12 02:11:00,39.0,-20.0
2024-10-12 02:12:00,39.0,-22.0
2024-10-12 02:13:00,39.0,-24.0
2024-10-12 02:14:00,37.0,-25.0
2024-10-12 02:15:00,39.0,-28.0
2024-10-12 02:16:00,37.0,-26.0
2024-10-12 02:17:00,30.0,-23.0
2024-10-12 02:18:00,28.0,-27.0
2024-10-12 02:19:00,42.0,-27.0
2024-10-12 02:20:00,44.0,-28.0
2024-10-12 02:21:00,49.0,-36.0
2024-10-12 02:22:00,42.0,-35.0
2024-10-12 02:23:00,39.0,-29.0
2024-10-12 02:24:00,39.0,-25.0
2024-10-12 02:25:00,39.0,-23.0
2024-10-12 02:26:00,43.0,-25.0
2024-10-12 02:27:00,41.0,-27.0
2024-10-12 02:28:00,35.0,-27.0
2024-10-12 02:29:00,34.0,-25.0
2024-10-12 02:30:00,43.0,-33.0
2024-10-12 02:31:00,49.0,-35.0
2024-10-12 02:32:00,49.0,-28.0
2024-10-12 02:33:00,47.0,-32.0
2024-10-12 02:34:00,46.0,-32.0
2024-10-12 02:35:00,34.0,-37.0
2024-10-12 02:36:00,36.0,-43.0
2024-10-12 02:37:00,40.0,-43.0
2024-10-12 02:38:00,48.0,-45.0
2024-10-12 02:39:00,50.0,-46.0
2024-10-12 02:40:00,45.0,-51.0
2024-10-12 02:41:00,48.0,-53.0
2024-10-12 02:42:00,50.0,-53.0
2024-10-12 02:43:00,49.0,-50.0
2024-10-12 02:44:00,51.0,-48.0
2024-10-12 02:45:00,57.0,-45.0
2024-10-12 02:46:00,62.0,-44.0
2024-10-12 02:47:00,58.0,-39.0
2024-10-12 02:48:00,56.0,-35.0
2024-10-12 02:49:00,54.0,-33.0
2024-10-12 02:50:00,53.0,-31.0
2024-10-12 02:51:00,55.0,-28.0
2024-10-12 02:52:00,54.0,-28.0
2024-10-12 02:53:00,50.0,-25.0
2024-10-12 02:54:00,47.0,-23.0
2024-10-12 02:55:00,48.0,-24.0
2024-10-12 02:56:00,42.0,-23.0
2024-10-12 02:57:00,33.0,-21.0
2024-10-12 02:58:00,37.0,-30.0
2024-10-12 02:59:00,48.0,-36.0
2024-10-12 03:00:00,50.0,-33.0
2024-10-12 03:01:00,52.0,-37.0
2024-10-12 03:02:00,45.0,-34.0
2024-10-12 03:03:00,46.0,-32.0
2024-10-12 03:04:00,47.0,-35.0
2024-10-12 03:05:00,38.0,-33.0
2024-10-12 03:06:00,38.0,-36.0
2024-10-12 03:07:00,43.0,-37.0
2024-10-12 03:08:00,47.0,-35.0
2024-10-12 03:09:00,49.0,-35.0
2024-10-12 03:10:00,45.0,-37.0
2024-10-12 03:11:00,42.0,-39.0
2024-10-12 03:12:00,44.0,-41.0
2024-10-12 03:13:00,41.0,-41.0
2024-10-12 03:14:00,41.0,-41.0
2024-10-12 03:15:00,40.0,-42.0
2024-10-12 03:16:00,45.0,-46.0
2024-10-12 03:17:00,44.0,-43.0
2024-10-12 03:18:00,49.0,-42.0
2024-10-12 03:19:00,42.0,-39.0
2024-10-12 03:20:00,30.0,-37.0
2024-10-12 03:21:00,24.0,-34.0
2024-10-12 03:22:00,31.0,-32.0
2024-10-12 03:23:00,43.0,-31.0
2024-10-12 03:24:00,49.0,-30.0
2024-10-12 03:25:00,50.0,-26.0
2024-10-12 03:26:00,49.0,-26.0
2024-10-12 03:27:00,46.0,-26.0
2024-10-12 03:28:00,45.0,-29.0
2024-10-12 03:29:00,43.0,-28.0
2024-10-12 03:30:00,40.0,-26.0
2024-10-12 03:31:00,38.0,-25.0
2024-10-12 03:32:00,36.0,-26.0
2024-10-12 03:33:00,40.0,-30.0
2024-10-12 03:34:00,44.0,-32.0
2024-10-12 03:35:00,43.0,-31.0
2024-10-12 03:36:00,42.0,-31.0
2024-10-12 03:37:00,41.0,-31.0
2024-10-12 03:38:00,40.0,-34.0
2024-10-12 03:39:00,40.0,-36.0
2024-10-12 03:40:00,42.0,-35.0
2024-10-12 03:41:00,41.0,-34.0
2024-10-12 03:42:00,42.0,-33.0
2024-10-12 03:43:00,46.0,-33.0
2024-10-12 03:44:00,42.0,-32.0
2024-10-12 03:45:00,40.0,-32.0
2024-10-12 03:46:00,41.0,-32.0
2024-10-12 03:47:00,40.0,-33.0
2024-10-12 03:48:00,38.0,-36.0
2024-10-12 03:49:00,41.0,-38.0
2024-10-12 03:50:00,42.0,-36.0
2024-10-12 03:51:00,45.0,-35.0
2024-10-12 03:52:00,45.0,-34.0
2024-10-12 03:53:00,44.0,-35.0
2024-10-12 03:54:00,45.0,-36.0
2024-10-12 03:55:00,41.0,-37.0
2024-10-12 03:56:00,42.0,-37.0
2024-10-12 03:57:00,47.0,-35.0
2024-10-12 03:58:00,42.0,-33.0
2024-10-12 03:59:00,38.0,-35.0
2024-10-12 04:00:00,37.0,-36.0
2024-10-12 04:01:00,34.0,-33.0
2024-10-12 04:02:00,33.0,-30.0
2024-10-12 04:03:00,34.0,-28.0
2024-10-12 04:04:00,37.0,-28.0
2024-10-12 04:05:00,41.0,-29.0
2024-10-12 04:06:00,41.0,-31.0
2024-10-12 04:07:00,44.0,-34.0
2024-10-12 04:08:00,42.0,-33.0
2024-10-12 04:09:00,40.0,-29.0
2024-10-12 04:10:00,37.0,-27.0
2024-10-12 04:11:00,37.0,-29.0
2024-10-12 04:12:00,39.0,-34.0
2024-10-12 04:13:00,42.0,-39.0
2024-10-12 04:14:00,42.0,-40.0
2024-10-12 04:15:00,41.0,-37.0
2024-10-12 04:16:00,37.0,-35.0
2024-10-12 04:17:00,34.0,-34.0
2024-10-12 04:18:00,34.0,-37.0
2024-10-12 04:19:00,37.0,-39.0
2024-10-12 04:20:00,38.0,-38.0
2024-10-12 04:21:00,37.0,-35.0
2024-10-12 04:22:00,36.0,-32.0
2024-10-12 04:23:00,38.0,-32.0
2024-10-12 04:24:00,40.0,-33.0
2024-10-12 04:25:00,44.0,-36.0
2024-10-12 04:26:00,44.0,-36.0
2024-10-12 04:27:00,46.0,-35.0
2024-10-12 04:28:00,43.0,-32.0
2024-10-12 04:29:00,39.0,-29.0
2024-10-12 04:30:00,39.0,-29.0
2024-10-12 04:31:00,39.0,-28.0
2024-10-12 04:32:00,39.0,-27.0
2024-10-12 04:33:00,36.0,-24.0
2024-10-12 04:34:00,46.0,-24.0
2024-10-12 04:35:00,54.0,-24.0
2024-10-12 04:36:00,67.0,-34.0
2024-10-12 04:37:00,43.0,-28.0
2024-10-12 04:38:00,43.0,-27.0
2024-10-12 04:39:00,54.0,-37.0
2024-10-12 04:40:00,57.0,-37.0
2024-10-12 04:41:00,52.0,-31.0
2024-10-12 04:42:00,50.0,-30.0
2024-10-12 04:43:00,58.0,-39.0
2024-10-12 04:44:00,66.0,-47.0
2024-10-12 04:45:00,64.0,-44.0
2024-10-12 04:46:00,47.0,-29.0
2024-10-12 04:47:00,53.0,-39.0
2024-10-12 04:48:00,56.0,-44.0
2024-10-12 04:49:00,68.0,-42.0
2024-10-12 04:50:00,64.0,-35.0
2024-10-12 04:51:00,43.0,-25.0
2024-10-12 04:52:00,40.0,-27.0
2024-10-12 04:53:00,51.0,-34.0
2024-10-12 04:54:00,59.0,-35.0
2024-10-12 04:55:00,65.0,-38.0
2024-10-12 04:56:00,58.0,-35.0
2024-10-12 04:57:00,50.0,-37.0
2024-10-12 04:58:00,42.0,-41.0
2024-10-12 04:59:00,45.0,-43.0
2024-10-12 05:00:00,48.0,-45.0
2024-10-12 05:01:00,48.0,-44.0
2024-10-12 05:02:00,48.0,-43.0
2024-10-12 05:03:00,47.0,-43.0
2024-10-12 05:04:00,48.0,-44.0
2024-10-12 05:05:00,47.0,-44.0
2024-10-12 05:06:00,48.0,-46.0
2024-10-12 05:07:00,49.0,-47.0
2024-10-12 05:08:00,45.0,-43.0
2024-10-12 05:09:00,47.0,-44.0
2024-10-12 05:10:00,47.0,-42.0
2024-10-12 05:11:00,47.0,-42.0
2024-10-12 05:12:00,47.0,-42.0
2024-10-12 05:13:00,46.0,-41.0
2024-10-12 05:14:00,50.0,-44.0
2024-10-12 05:15:00,49.0,-43.0
2024-10-12 05:16:00,55.0,-41.0
2024-10-12 05:17:00,55.0,-42.0
2024-10-12 05:18:00,46.0,-44.0
2024-10-12 05:19:00,42.0,-39.0
2024-10-12 05:20:00,41.0,-36.0
2024-10-12 05:21:00,37.0,-30.0
2024-10-12 05:22:00,27.0,-22.0
2024-10-12 05:23:00,30.0,-25.0
2024-10-12 05:24:00,42.0,-21.0
2024-10-12 05:25:00,55.0,-30.0
2024-10-12 05:26:00,58.0,-37.0
2024-10-12 05:27:00,55.0,-38.0
2024-10-12 05:28:00,45.0,-38.0
2024-10-12 05:29:00,40.0,-33.0
2024-10-12 05:30:00,35.0,-30.0
2024-10-12 05:31:00,29.0,-26.0
2024-10-12 05:32:00,37.0,-29.0
2024-10-12 05:33:00,41.0,-21.0
2024-10-12 05:34:00,45.0,-16.0
2024-10-12 05:35:00,63.0,-27.0
2024-10-12 05:36:00,63.0,-39.0
2024-10-12 05:37:00,57.0,-42.0
2024-10-12 05:38:00,44.0,-32.0
2024-10-12 05:39:00,33.0,-29.0
2024-10-12 05:40:00,32.0,-31.0
2024-10-12 05:41:00,34.0,-31.0
2024-10-12 05:42:00,41.0,-37.0
2024-10-12 05:43:00,40.0,-36.0
2024-10-12 05:44:00,43.0,-30.0
2024-10-12 05:45:00,51.0,-25.0
2024-10-12 05:46:00,54.0,-25.0
2024-10-12 05:47:00,47.0,-27.0
2024-10-12 05:48:00,46.0,-26.0
2024-10-12 05:49:00,44.0,-25.0
2024-10-12 05:50:00,37.0,-24.0
2024-10-12 05:51:00,50.0,-27.0
2024-10-12 05:52:00,50.0,-24.0
2024-10-12 05:53:00,53.0,-38.0
2024-10-12 05:54:00,42.0,-32.0
2024-10-12 05:55:00,34.0,-26.0
2024-10-12 05:56:00,24.0,-22.0
2024-10-12 05:57:00,38.0,-31.0
2024-10-12 05:58:00,40.0,-36.0
2024-10-12 05:59:00,30.0,-30.0
2024-10-12 06:00:00,34.0,-32.0
2024-10-12 06:01:00,30.0,-29.0
2024-10-12 06:02:00,31.0,-30.0
2024-10-12 06:03:00,28.0,-25.0
2024-10-12 06:04:00,30.0,-25.0
2024-10-12 06:05:00,39.0,-28.0
2024-10-12 06:06:00,50.0,-31.0
2024-10-12 06:07:00,44.0,-26.0
2024-10-12 06:08:00,34.0,-20.0
2024-10-12 06:09:00,31.0,-22.0
2024-10-12 06:10:00,37.0,-26.0
2024-10-12 06:11:00,37.0,-30.0
2024-10-12 06:12:00,30.0,-26.0
2024-10-12 06:13:00,34.0,-29.0
2024-10-12 06:14:00,31.0,-27.0
2024-10-12 06:15:00,31.0,-26.0
2024-10-12 06:16:00,27.0,-23.0
2024-10-12 06:17:00,30.0,-26.0
2024-10-12 06:18:00,42.0,-30.0
2024-10-12 06:19:00,44.0,-29.0
2024-10-12 06:20:00,37.0,-26.0
2024-10-12 06:21:00,28.0,-24.0
2024-10-12 06:22:00,27.0,-23.0
2024-10-12 06:23:00,34.0,-25.0
2024-10-12 06:24:00,37.0,-23.0
2024-10-12 06:25:00,38.0,-19.0
2024-10-12 06:26:00,52.0,-20.0
2024-10-12 06:27:00,52.0,-21.0
2024-10-12 06:28:00,54.0,-25.0
2024-10-12 06:29:00,52.0,-24.0
2024-10-12 06:30:00,38.0,-24.0
2024-10-12 06:31:00,39.0,-24.0
2024-10-12 06:32:00,49.0,-25.0
2024-10-12 06:33:00,53.0,-22.0
2024-10-12 06:34:00,52.0,-23.0
2024-10-12 06:35:00,59.0,-27.0
2024-10-12 06:36:00,69.0,-28.0
2024-10-12 06:37:00,64.0,-30.0
2024-10-12 06:38:00,44.0,-28.0
2024-10-12 06:39:00,32.0,-26.0
2024-10-12 06:40:00,29.0,-29.0
2024-10-12 06:41:00,33.0,-27.0
2024-10-12 06:42:00,41.0,-28.0
2024-10-12 06:43:00,58.0,-24.0
2024-10-12 06:44:00,70.0,-37.0
2024-10-12 06:45:00,63.0,-44.0
2024-10-12 06:46:00,54.0,-41.0
2024-10-12 06:47:00,54.0,-42.0
2024-10-12 06:48:00,54.0,-43.0
2024-10-12 06:49:00,48.0,-40.0
2024-10-12 06:50:00,32.0,-30.0
2024-10-12 06:51:00,56.0,-33.0
2024-10-12 06:52:00,59.0,-37.0
2024-10-12 06:53:00,54.0,-33.0
2024-10-12 06:54:00,57.0,-37.0
2024-10-12 06:55:00,51.0,-40.0
2024-10-12 06:56:00,50.0,-46.0
2024-10-12 06:57:00,51.0,-48.0
2024-10-12 06:58:00,36.0,-35.0
2024-10-12 06:59:00,46.0,-31.0
2024-10-12 07:00:00,75.0,-50.0
2024-10-12 07:01:00,85.0,-83.0
2024-10-12 07:02:00,99.0,-101.0
2024-10-12 07:03:00,133.0,-130.0
2024-10-12 07:04:00,191.0,-184.0
2024-10-12 07:05:00,201.0,-194.0
2024-10-12 07:06:00,151.0,-144.0
2024-10-12 07:07:00,89.0,-81.0
2024-10-12 07:08:00,65.0,-58.0
2024-10-12 07:09:00,108.0,-73.0
2024-10-12 07:10:00,129.0,-82.0
2024-10-12 07:11:00,127.0,-90.0
2024-10-12 07:12:00,97.0,-88.0
2024-10-12 07:13:00,58.0,-72.0
2024-10-12 07:14:00,31.0,-47.0
2024-10-12 07:15:00,27.0,-43.0
2024-10-12 07:16:00,38.0,-42.0
2024-10-12 07:17:00,41.0,-35.0
2024-10-12 07:18:00,61.0,-37.0
2024-10-12 07:19:00,78.0,-38.0
2024-10-12 07:20:00,84.0,-40.0
2024-10-12 07:21:00,70.0,-39.0
2024-10-12 07:22:00,53.0,-39.0
2024-10-12 07:23:00,38.0,-41.0
2024-10-12 07:24:00,33.0,-42.0
2024-10-12 07:25:00,29.0,-39.0
2024-10-12 07:26:00,28.0,-38.0
2024-10-12 07:27:00,29.0,-36.0
2024-10-12 07:28:00,48.0,-35.0
2024-10-12 07:29:00,69.0,-37.0
2024-10-12 07:30:00,84.0,-40.0
2024-10-12 07:31:00,87.0,-44.0
2024-10-12 07:32:00,74.0,-49.0
2024-10-12 07:33:00,50.0,-50.0
2024-10-12 07:34:00,52.0,-51.0
2024-10-12 07:35:00,55.0,-53.0
2024-10-12 07:36:00,54.0,-50.0
2024-10-12 07:37:00,54.0,-49.0
2024-10-12 07:38:00,49.0,-45.0
2024-10-12 07:39:00,42.0,-39.0
2024-10-12 07:40:00,60.0,-35.0
2024-10-12 07:41:00,85.0,-41.0
2024-10-12 07:42:00,92.0,-50.0
2024-10-12 07:43:00,88.0,-59.0
2024-10-12 07:44:00,65.0,-62.0
2024-10-12 07:45:00,48.0,-61.0
2024-10-12 07:46:00,48.0,-60.0
2024-10-12 07:47:00,59.0,-72.0
2024-10-12 07:48:00,51.0,-65.0
2024-10-12 07:49:00,48.0,-62.0
2024-10-12 07:50:00,52.0,-65.0
2024-10-12 07:51:00,53.0,-65.0
2024-10-12 07:52:00,49.0,-58.0
2024-10-12 07:53:00,40.0,-51.0
2024-10-12 07:54:00,38.0,-45.0
2024-10-12 07:55:00,37.0,-46.0
2024-10-12 07:56:00,47.0,-50.0
2024-10-12 07:57:00,50.0,-54.0
2024-10-12 07:58:00,42.0,-52.0
2024-10-12 07:59:00,37.0,-46.0
2024-10-12 08:00:00,36.0,-40.0
2024-10-12 08:01:00,42.0,-38.0
2024-10-12 08:02:00,43.0,-36.0
2024-10-12 08:03:00,46.0,-36.0
2024-10-12 08:04:00,51.0,-41.0
2024-10-12 08:05:00,58.0,-48.0
2024-10-12 08:06:00,57.0,-49.0
2024-10-12 08:07:00,60.0,-53.0
2024-10-12 08:08:00,60.0,-56.0
2024-10-12 08:09:00,54.0,-54.0
2024-10-12 08:10:00,54.0,-58.0
2024-10-12 08:11:00,56.0,-64.0
2024-10-12 08:12:00,53.0,-62.0
2024-10-12 08:13:00,43.0,-51.0
2024-10-12 08:14:00,40.0,-43.0
2024-10-12 08:15:00,49.0,-45.0
2024-10-12 08:16:00,55.0,-53.0
2024-10-12 08:17:00,49.0,-55.0
2024-10-12 08:18:00,52.0,-57.0
2024-10-12 08:19:00,55.0,-56.0
2024-10-12 08:20:00,59.0,-56.0
2024-10-12 08:21:00,57.0,-53.0
2024-10-12 08:22:00,51.0,-49.0
2024-10-12 08:23:00,50.0,-49.0
2024-10-12 08:24:00,55.0,-47.0
2024-10-12 08:25:00,58.0,-45.0
2024-10-12 08:26:00,62.0,-45.0
2024-10-12 08:27:00,56.0,-48.0
2024-10-12 08:28:00,43.0,-44.0
2024-10-12 08:29:00,39.0,-43.0
2024-10-12 08:30:00,45.0,-49.0
2024-10-12 08:31:00,59.0,-61.0
2024-10-12 08:32:00,67.0,-71.0
2024-10-12 08:33:00,69.0,-75.0
2024-10-12 08:34:00,64.0,-70.0
2024-10-12 08:35:00,57.0,-63.0
2024-10-12 08:36:00,54.0,-60.0
2024-10-12 08:37:00,52.0,-59.0
2024-10-12 08:38:00,48.0,-57.0
2024-10-12 08:39:00,52.0,-55.0
2024-10-12 08:40:00,53.0,-51.0
2024-10-12 08:41:00,56.0,-50.0
2024-10-12 08:42:00,59.0,-52.0
2024-10-12 08:43:00,60.0,-57.0
2024-10-12 08:44:00,56.0,-61.0
2024-10-12 08:45:00,56.0,-67.0
2024-10-12 08:46:00,58.0,-66.0
2024-10-12 08:47:00,55.0,-63.0
2024-10-12 08:48:00,50.0,-61.0
2024-10-12 08:49:00,48.0,-57.0
2024-10-12 08:50:00,44.0,-53.0
2024-10-12 08:51:00,41.0,-49.0
2024-10-12 08:52:00,51.0,-47.0
2024-10-12 08:53:00,62.0,-48.0
2024-10-12 08:54:00,67.0,-48.0
2024-10-12 08:55:00,69.0,-50.0
2024-10-12 08:56:00,63.0,-52.0
2024-10-12 08:57:00,57.0,-55.0
2024-10-12 08:58:00,53.0,-57.0
2024-10-12 08:59:00,51.0,-60.0
2024-10-12 09:00:00,51.0,-63.0
2024-10-12 09:01:00,49.0,-61.0
2024-10-12 09:02:00,50.0,-62.0
2024-10-12 09:03:00,55.0,-67.0
2024-10-12 09:04:00,59.0,-68.0
2024-10-12 09:05:00,54.0,-65.0
2024-10-12 09:06:00,49.0,-62.0
2024-10-12 09:07:00,45.0,-57.0
2024-10-12 09:08:00,63.0,-65.0
2024-10-12 09:09:00,69.0,-73.0
2024-10-12 09:10:00,58.0,-72.0
2024-10-12 09:11:00,49.0,-63.0
2024-10-12 09:12:00,44.0,-55.0
2024-10-12 09:13:00,39.0,-46.0
2024-10-12 09:14:00,43.0,-40.0
2024-10-12 09:15:00,60.0,-37.0
2024-10-12 09:16:00,90.0,-38.0
2024-10-12 09:17:00,110.0,-38.0
2024-10-12 09:18:00,119.0,-37.0
2024-10-12 09:19:00,132.0,-38.0
2024-10-12 09:20:00,135.0,-38.0
2024-10-12 09:21:00,134.0,-38.0
2024-10-12 09:22:00,129.0,-39.0
2024-10-12 09:23:00,133.0,-41.0
2024-10-12 09:24:00,149.0,-44.0
2024-10-12 09:25:00,180.0,-49.0
2024-10-12 09:26:00,209.0,-53.0
2024-10-12 09:27:00,240.0,-57.0
2024-10-12 09:28:00,262.0,-59.0
2024-10-12 09:29:00,287.0,-64.0
2024-10-12 09:30:00,327.0,-71.0
2024-10-12 09:31:00,355.0,-80.0
2024-10-12 09:32:00,372.0,-91.0
2024-10-12 09:33:00,397.0,-100.0
2024-10-12 09:34:00,422.0,-106.0
2024-10-12 09:35:00,434.0,-109.0
2024-10-12 09:36:00,432.0,-109.0
2024-10-12 09:37:00,425.0,-105.0
2024-10-12 09:38:00,399.0,-95.0
2024-10-12 09:39:00,350.0,-87.0
2024-10-12 09:40:00,312.0,-82.0
2024-10-12 09:41:00,304.0,-85.0
2024-10-12 09:42:00,300.0,-88.0
2024-10-12 09:43:00,295.0,-91.0
2024-10-12 09:44:00,297.0,-93.0
2024-10-12 09:45:00,308.0,-96.0
2024-10-12 09:46:00,310.0,-98.0
2024-10-12 09:47:00,320.0,-98.0
2024-10-12 09:48:00,324.0,-96.0
2024-10-12 09:49:00,314.0,-94.0
2024-10-12 09:50:00,314.0,-97.0
2024-10-12 09:51:00,315.0,-102.0
2024-10-12 09:52:00,375.0,-155.0
2024-10-12 09:53:00,315.0,-105.0
2024-10-12 09:54:00,325.0,-134.0
2024-10-12 09:55:00,354.0,-201.0
2024-10-12 09:56:00,311.0,-163.0
2024-10-12 09:57:00,316.0,-173.0
2024-10-12 09:58:00,349.0,-227.0
2024-10-12 09:59:00,398.0,-270.0
2024-10-12 10:00:00,448.0,-320.0
2024-10-12 10:01:00,435.0,-311.0
2024-10-12 10:02:00,498.0,-362.0
2024-10-12 10:03:00,478.0,-353.0
2024-10-12 10:04:00,515.0,-407.0
2024-10-12 10:05:00,686.0,-597.0
2024-10-12 10:06:00,884.0,-812.0
2024-10-12 10:07:00,975.0,-907.0
2024-10-12 10:08:00,874.0,-810.0
2024-10-12 10:09:00,687.0,-623.0
2024-10-12 10:10:00,606.0,-541.0
2024-10-12 10:11:00,603.0,-534.0
2024-10-12 10:12:00,786.0,-714.0
2024-10-12 10:13:00,794.0,-723.0
2024-10-12 10:14:00,928.0,-853.0
2024-10-12 10:15:00,673.0,-580.0
2024-10-12 10:16:00,677.0,-573.0
2024-10-12 10:17:00,675.0,-578.0
2024-10-12 10:18:00,808.0,-733.0
2024-10-12 10:19:00,871.0,-821.0
2024-10-12 10:20:00,822.0,-769.0
2024-10-12 10:21:00,745.0,-672.0
2024-10-12 10:22:00,1300.0,-1219.0
2024-10-12 10:23:00,1490.0,-1404.0
2024-10-12 10:24:00,1837.0,-1749.0
2024-10-12 10:25:00,1432.0,-1348.0
2024-10-12 10:26:00,1223.0,-1155.0
2024-10-12 10:27:00,1001.0,-947.0
2024-10-12 10:28:00,1589.0,-1532.0
2024-10-12 10:29:00,1474.0,-1393.0
2024-10-12 10:30:00,1685.0,-1572.0
2024-10-12 10:31:00,1278.0,-1129.0
2024-10-12 10:32:00,1562.0,-1390.0
2024-10-12 10:33:00,1584.0,-1430.0
2024-10-12 10:34:00,1470.0,-1360.0
2024-10-12 10:35:00,1556.0,-1465.0
2024-10-12 10:36:00,1385.0,-1293.0
2024-10-12 10:37:00,1059.0,-954.0
2024-10-12 10:38:00,1065.0,-934.0
2024-10-12 10:39:00,871.0,-734.0
2024-10-12 10:40:00,852.0,-697.0
2024-10-12 10:41:00,776.0,-633.0
2024-10-12 10:42:00,783.0,-644.0
2024-10-12 10:43:00,885.0,-736.0
2024-10-12 10:44:00,1001.0,-849.0
2024-10-12 10:45:00,1081.0,-933.0
2024-10-12 10:46:00,1204.0,-1031.0
2024-10-12 10:47:00,1186.0,-1010.0
2024-10-12 10:48:00,1162.0,-989.0
2024-10-12 10:49:00,1144.0,-977.0
2024-10-12 10:50:00,1160.0,-995.0
2024-10-12 10:51:00,1117.0,-967.0
2024-10-12 10:52:00,1024.0,-897.0
2024-10-12 10:53:00,909.0,-786.0
2024-10-12 10:54:00,901.0,-776.0
2024-10-12 10:55:00,886.0,-759.0
2024-10-12 10:56:00,874.0,-735.0
2024-10-12 10:57:00,851.0,-714.0
2024-10-12 10:58:00,790.0,-638.0
2024-10-12 10:59:00,739.0,-588.0
2024-10-12 11:00:00,699.0,-555.0
2024-10-12 11:01:00,669.0,-539.0
2024-10-12 11:02:00,649.0,-532.0
2024-10-12 11:03:00,619.0,-511.0
2024-10-12 11:04:00,617.0,-499.0
2024-10-12 11:05:00,594.0,-472.0
2024-10-12 11:06:00,551.0,-433.0
2024-10-12 11:07:00,517.0,-404.0
2024-10-12 11:08:00,493.0,-372.0
2024-10-12 11:09:00,473.0,-359.0
2024-10-12 11:10:00,452.0,-352.0
2024-10-12 11:11:00,429.0,-335.0
2024-10-12 11:12:00,417.0,-324.0
2024-10-12 11:13:00,439.0,-321.0
2024-10-12 11:14:00,427.0,-312.0
2024-10-12 11:15:00,420.0,-305.0
2024-10-12 11:16:00,418.0,-296.0
2024-10-12 11:17:00,418.0,-287.0
2024-10-12 11:18:00,408.0,-280.0
2024-10-12 11:19:00,390.0,-268.0
2024-10-12 11:20:00,375.0,-261.0
2024-10-12 11:21:00,362.0,-252.0
2024-10-12 11:22:00,345.0,-246.0
2024-10-12 11:23:00,328.0,-239.0
2024-10-12 11:24:00,319.0,-237.0
2024-10-12 11:25:00,307.0,-232.0
2024-10-12 11:26:00,296.0,-221.0
2024-10-12 11:27:00,305.0,-213.0
2024-10-12 11:28:00,291.0,-201.0
2024-10-12 11:29:00,272.0,-187.0
2024-10-12 11:30:00,272.0,-174.0
2024-10-12 11:31:00,267.0,-157.0
2024-10-12 11:32:00,255.0,-147.0
2024-10-12 11:33:00,240.0,-138.0
2024-10-12 11:34:00,233.0,-131.0
2024-10-12 11:35:00,229.0,-126.0
2024-10-12 11:36:00,229.0,-120.0
2024-10-12 11:37:00,220.0,-109.0
2024-10-12 11:38:00,205.0,-92.0
2024-10-12 11:39:00,194.0,-79.0
2024-10-12 11:40:00,185.0,-69.0
2024-10-12 11:41:00,176.0,-64.0
2024-10-12 11:42:00,170.0,-62.0
2024-10-12 11:43:00,166.0,-62.0
2024-10-12 11:44:00,169.0,-63.0
2024-10-12 11:45:00,169.0,-60.0
2024-10-12 11:46:00,160.0,-51.0
2024-10-12 11:47:00,162.0,-54.0
2024-10-12 11:48:00,159.0,-51.0
2024-10-12 11:49:00,154.0,-47.0
2024-10-12 11:50:00,144.0,-43.0
2024-10-12 11:51:00,138.0,-45.0
2024-10-12 11:52:00,142.0,-54.0
2024-10-12 11:53:00,162.0,-63.0
2024-10-12 11:54:00,138.0,-52.0
2024-10-12 11:55:00,116.0,-30.0
2024-10-12 11:56:00,108.0,-23.0
2024-10-12 11:57:00,127.0,-72.0
2024-10-12 11:58:00,128.0,-46.0
2024-10-12 11:59:00,159.0,-54.0
2024-10-12 12:00:00,245.0,-82.0
2024-10-12 12:01:00,252.0,-74.0
2024-10-12 12:02:00,225.0,-86.0
2024-10-12 12:03:00,245.0,-97.0
2024-10-12 12:04:00,208.0,-71.0
2024-10-12 12:05:00,277.0,-76.0
2024-10-12 12:06:00,207.0,-45.0
2024-10-12 12:07:00,145.0,-11.0
2024-10-12 12:08:00,138.0,16.0
2024-10-12 12:09:00,152.0,9.0
2024-10-12 12:10:00,152.0,12.0
2024-10-12 12:11:00,173.0,9.0
2024-10-12 12:12:00,184.0,1.0
2024-10-12 12:13:00,223.0,-43.0
2024-10-12 12:14:00,243.0,-66.0
2024-10-12 12:15:00,259.0,-81.0
2024-10-12 12:16:00,287.0,-88.0
2024-10-12 12:17:00,226.0,-40.0
2024-10-12 12:18:00,203.0,-15.0
2024-10-12 12:19:00,209.0,-24.0
2024-10-12 12:20:00,265.0,-88.0
2024-10-12 12:21:00,262.0,-98.0
2024-10-12 12:22:00,253.0,-107.0
2024-10-12 12:23:00,329.0,-169.0
2024-10-12 12:24:00,363.0,-218.0
2024-10-12 12:25:00,346.0,-223.0
2024-10-12 12:26:00,328.0,-210.0
2024-10-12 12:27:00,277.0,-164.0
2024-10-12 12:28:00,286.0,-141.0
2024-10-12 12:29:00,308.0,-160.0
2024-10-12 12:30:00,316.0,-188.0
2024-10-12 12:31:00,363.0,-244.0
2024-10-12 12:32:00,394.0,-274.0
2024-10-12 12:33:00,432.0,-310.0
2024-10-12 12:34:00,423.0,-308.0
2024-10-12 12:35:00,403.0,-297.0
2024-10-12 12:36:00,388.0,-282.0
2024-10-12 12:37:00,373.0,-265.0
2024-10-12 12:38:00,384.0,-264.0
2024-10-12 12:39:00,384.0,-274.0
2024-10-12 12:40:00,380.0,-283.0
2024-10-12 12:41:00,390.0,-302.0
2024-10-12 12:42:00,407.0,-324.0
2024-10-12 12:43:00,400.0,-323.0
2024-10-12 12:44:00,400.0,-312.0
2024-10-12 12:45:00,399.0,-313.0
2024-10-12 12:46:00,392.0,-311.0
2024-10-12 12:47:00,402.0,-320.0
2024-10-12 12:48:00,408.0,-327.0
2024-10-12 12:49:00,426.0,-348.0
2024-10-12 12:50:00,423.0,-348.0
2024-10-12 12:51:00,414.0,-342.0
2024-10-12 12:52:00,383.0,-313.0
2024-10-12 12:53:00,348.0,-282.0
2024-10-12 12:54:00,353.0,-291.0
2024-10-12 12:55:00,378.0,-316.0
2024-10-12 12:56:00,374.0,-299.0
2024-10-12 12:57:00,361.0,-292.0
2024-10-12 12:58:00,361.0,-309.0
2024-10-12 12:59:00,362.0,-316.0
2024-10-12 13:00:00,352.0,-294.0
2024-10-12 13:01:00,352.0,-277.0
2024-10-12 13:02:00,346.0,-270.0
2024-10-12 13:03:00,325.0,-257.0
2024-10-12 13:04:00,314.0,-251.0
2024-10-12 13:05:00,342.0,-255.0
2024-10-12 13:06:00,344.0,-249.0
2024-10-12 13:07:00,294.0,-240.0
2024-10-12 13:08:00,279.0,-225.0
2024-10-12 13:09:00,297.0,-206.0
2024-10-12 13:10:00,312.0,-194.0
2024-10-12 13:11:00,312.0,-189.0
2024-10-12 13:12:00,258.0,-181.0
2024-10-12 13:13:00,211.0,-172.0
2024-10-12 13:14:00,200.0,-162.0
2024-10-12 13:15:00,210.0,-149.0
2024-10-12 13:16:00,266.0,-149.0
2024-10-12 13:17:00,281.0,-129.0
2024-10-12 13:18:00,194.0,-114.0
2024-10-12 13:19:00,155.0,-114.0
2024-10-12 13:20:00,211.0,-131.0
2024-10-12 13:21:00,335.0,-179.0
2024-10-12 13:22:00,319.0,-159.0
2024-10-12 13:23:00,280.0,-180.0
2024-10-12 13:24:00,253.0,-205.0
2024-10-12 13:25:00,317.0,-222.0
2024-10-12 13:26:00,372.0,-215.0
2024-10-12 13:27:00,338.0,-174.0
2024-10-12 13:28:00,301.0,-168.0
2024-10-12 13:29:00,246.0,-172.0
2024-10-12 13:30:00,232.0,-140.0
2024-10-12 13:31:00,229.0,-120.0
2024-10-12 13:32:00,228.0,-131.0
2024-10-12 13:33:00,275.0,-175.0
2024-10-12 13:34:00,290.0,-206.0
2024-10-12 13:35:00,313.0,-203.0
2024-10-12 13:36:00,385.0,-197.0
2024-10-12 13:37:00,401.0,-209.0
2024-10-12 13:38:00,334.0,-215.0
2024-10-12 13:39:00,248.0,-198.0
2024-10-12 13:40:00,230.0,-184.0
2024-10-12 13:41:00,277.0,-172.0
2024-10-12 13:42:00,320.0,-169.0
2024-10-12 13:43:00,327.0,-155.0
2024-10-12 13:44:00,289.0,-170.0
2024-10-12 13:45:00,335.0,-215.0
2024-10-12 13:46:00,398.0,-243.0
2024-10-12 13:47:00,327.0,-229.0
2024-10-12 13:48:00,424.0,-230.0
2024-10-12 13:49:00,375.0,-194.0
2024-10-12 13:50:00,308.0,-250.0
2024-10-12 13:51:00,424.0,-311.0
2024-10-12 13:52:00,456.0,-314.0
2024-10-12 13:53:00,430.0,-291.0
2024-10-12 13:54:00,413.0,-230.0
2024-10-12 13:55:00,390.0,-207.0
2024-10-12 13:56:00,404.0,-277.0
2024-10-12 13:57:00,406.0,-305.0
2024-10-12 13:58:00,430.0,-327.0
2024-10-12 13:59:00,473.0,-353.0
2024-10-12 14:00:00,453.0,-337.0
2024-10-12 14:01:00,447.0,-338.0
2024-10-12 14:02:00,467.0,-369.0
2024-10-12 14:03:00,466.0,-393.0
2024-10-12 14:04:00,461.0,-398.0
2024-10-12 14:05:00,452.0,-359.0
2024-10-12 14:06:00,479.0,-364.0
2024-10-12 14:07:00,410.0,-298.0
2024-10-12 14:08:00,353.0,-257.0
2024-10-12 14:09:00,334.0,-250.0
2024-10-12 14:10:00,303.0,-227.0
2024-10-12 14:11:00,259.0,-195.0
2024-10-12 14:12:00,279.0,-206.0
2024-10-12 14:13:00,355.0,-260.0
2024-10-12 14:14:00,411.0,-305.0
2024-10-12 14:15:00,398.0,-307.0
2024-10-12 14:16:00,370.0,-306.0
2024-10-12 14:17:00,364.0,-302.0
2024-10-12 14:18:00,372.0,-307.0
2024-10-12 14:19:00,396.0,-322.0
2024-10-12 14:20:00,426.0,-351.0
2024-10-12 14:21:00,410.0,-351.0
2024-10-12 14:22:00,371.0,-327.0
2024-10-12 14:23:00,319.0,-276.0
2024-10-12 14:24:00,285.0,-239.0
2024-10-12 14:25:00,257.0,-213.0
2024-10-12 14:26:00,265.0,-223.0
2024-10-12 14:27:00,332.0,-281.0
2024-10-12 14:28:00,379.0,-319.0
2024-10-12 14:29:00,424.0,-368.0
2024-10-12 14:30:00,478.0,-406.0
2024-10-12 14:31:00,500.0,-409.0
2024-10-12 14:32:00,481.0,-367.0
2024-10-12 14:33:00,413.0,-286.0
2024-10-12 14:34:00,411.0,-277.0
2024-10-12 14:35:00,351.0,-218.0
2024-10-12 14:36:00,314.0,-205.0
2024-10-12 14:37:00,293.0,-224.0
2024-10-12 14:38:00,284.0,-236.0
2024-10-12 14:39:00,262.0,-213.0
2024-10-12 14:40:00,262.0,-204.0
2024-10-12 14:41:00,261.0,-196.0
2024-10-12 14:42:00,254.0,-182.0
2024-10-12 14:43:00,245.0,-168.0
2024-10-12 14:44:00,237.0,-162.0
2024-10-12 14:45:00,234.0,-162.0
2024-10-12 14:46:00,251.0,-180.0
2024-10-12 14:47:00,274.0,-206.0
2024-10-12 14:48:00,280.0,-216.0
2024-10-12 14:49:00,274.0,-207.0
2024-10-12 14:50:00,283.0,-212.0
2024-10-12 14:51:00,310.0,-237.0
2024-10-12 14:52:00,335.0,-262.0
2024-10-12 14:53:00,357.0,-286.0
2024-10-12 14:54:00,372.0,-303.0
2024-10-12 14:55:00,364.0,-291.0
2024-10-12 14:56:00,349.0,-270.0
2024-10-12 14:57:00,331.0,-251.0
2024-10-12 14:58:00,309.0,-231.0
2024-10-12 14:59:00,296.0,-219.0
2024-10-12 15:00:00,281.0,-207.0
2024-10-12 15:01:00,279.0,-213.0
2024-10-12 15:02:00,298.0,-237.0
2024-10-12 15:03:00,331.0,-269.0
2024-10-12 15:04:00,349.0,-284.0
2024-10-12 15:05:00,339.0,-278.0
2024-10-12 15:06:00,313.0,-251.0
2024-10-12 15:07:00,265.0,-209.0
2024-10-12 15:08:00,215.0,-170.0
2024-10-12 15:09:00,256.0,-151.0
2024-10-12 15:10:00,254.0,-159.0
2024-10-12 15:11:00,206.0,-180.0
2024-10-12 15:12:00,254.0,-207.0
2024-10-12 15:13:00,233.0,-220.0
2024-10-12 15:14:00,213.0,-198.0
2024-10-12 15:15:00,168.0,-153.0
2024-10-12 15:16:00,144.0,-128.0
2024-10-12 15:17:00,174.0,-138.0
2024-10-12 15:18:00,184.0,-161.0
2024-10-12 15:19:00,218.0,-193.0
2024-10-12 15:20:00,243.0,-216.0
2024-10-12 15:21:00,242.0,-215.0
2024-10-12 15:22:00,220.0,-189.0
2024-10-12 15:23:00,190.0,-155.0
2024-10-12 15:24:00,178.0,-140.0
2024-10-12 15:25:00,197.0,-151.0
2024-10-12 15:26:00,221.0,-170.0
2024-10-12 15:27:00,242.0,-186.0
2024-10-12 15:28:00,239.0,-188.0
2024-10-12 15:29:00,223.0,-179.0
2024-10-12 15:30:00,194.0,-152.0
2024-10-12 15:31:00,151.0,-108.0
2024-10-12 15:32:00,113.0,-67.0
2024-10-12 15:33:00,103.0,-57.0
2024-10-12 15:34:00,102.0,-56.0
2024-10-12 15:35:00,100.0,-56.0
2024-10-12 15:36:00,102.0,-61.0
2024-10-12 15:37:00,94.0,-60.0
2024-10-12 15:38:00,79.0,-54.0
2024-10-12 15:39:00,68.0,-55.0
2024-10-12 15:40:00,56.0,-54.0
2024-10-12 15:41:00,47.0,-52.0
2024-10-12 15:42:00,42.0,-57.0
2024-10-12 15:43:00,43.0,-57.0
2024-10-12 15:44:00,43.0,-57.0
2024-10-12 15:45:00,39.0,-55.0
2024-10-12 15:46:00,41.0,-53.0
2024-10-12 15:47:00,47.0,-56.0
2024-10-12 15:48:00,54.0,-56.0
2024-10-12 15:49:00,68.0,-58.0
2024-10-12 15:50:00,76.0,-59.0
2024-10-12 15:51:00,80.0,-61.0
2024-10-12 15:52:00,83.0,-62.0
2024-10-12 15:53:00,79.0,-59.0
2024-10-12 15:54:00,74.0,-57.0
2024-10-12 15:55:00,66.0,-52.0
2024-10-12 15:56:00,59.0,-47.0
2024-10-12 15:57:00,79.0,-46.0
2024-10-12 15:58:00,105.0,-46.0
2024-10-12 15:59:00,128.0,-46.0
2024-10-12 16:00:00,145.0,-48.0
2024-10-12 16:01:00,150.0,-48.0
2024-10-12 16:02:00,144.0,-48.0
2024-10-12 16:03:00,124.0,-45.0
2024-10-12 16:04:00,105.0,-45.0
2024-10-12 16:05:00,83.0,-44.0
2024-10-12 16:06:00,64.0,-45.0
2024-10-12 16:07:00,54.0,-45.0
2024-10-12 16:08:00,53.0,-44.0
2024-10-12 16:09:00,54.0,-45.0
2024-10-12 16:10:00,55.0,-46.0
2024-10-12 16:11:00,56.0,-47.0
2024-10-12 16:12:00,58.0,-46.0
2024-10-12 16:13:00,54.0,-45.0
2024-10-12 16:14:00,51.0,-43.0
2024-10-12 16:15:00,50.0,-41.0
2024-10-12 16:16:00,51.0,-41.0
2024-10-12 16:17:00,55.0,-45.0
2024-10-12 16:18:00,58.0,-50.0
2024-10-12 16:19:00,53.0,-49.0
2024-10-12 16:20:00,51.0,-45.0
2024-10-12 16:21:00,50.0,-43.0
2024-10-12 16:22:00,51.0,-43.0
2024-10-12 16:23:00,57.0,-50.0
2024-10-12 16:24:00,60.0,-53.0
2024-10-12 16:25:00,57.0,-51.0
2024-10-12 16:26:00,49.0,-46.0
2024-10-12 16:27:00,43.0,-42.0
2024-10-12 16:28:00,42.0,-43.0
2024-10-12 16:29:00,38.0,-45.0
2024-10-12 16:30:00,39.0,-49.0
2024-10-12 16:31:00,38.0,-50.0
2024-10-12 16:32:00,35.0,-47.0
2024-10-12 16:33:00,38.0,-46.0
2024-10-12 16:34:00,38.0,-46.0
2024-10-12 16:35:00,34.0,-46.0
2024-10-12 16:36:00,34.0,-45.0
2024-10-12 16:37:00,34.0,-44.0
2024-10-12 16:38:00,35.0,-44.0
2024-10-12 16:39:00,39.0,-45.0
2024-10-12 16:40:00,40.0,-45.0
2024-10-12 16:41:00,40.0,-46.0
2024-10-12 16:42:00,43.0,-48.0
2024-10-12 16:43:00,43.0,-47.0
2024-10-12 16:44:00,44.0,-48.0
2024-10-12 16:45:00,40.0,-44.0
2024-10-12 16:46:00,40.0,-45.0
2024-10-12 16:47:00,44.0,-48.0
2024-10-12 16:48:00,46.0,-50.0
2024-10-12 16:49:00,48.0,-51.0
2024-10-12 16:50:00,48.0,-52.0
2024-10-12 16:51:00,48.0,-50.0
2024-10-12 16:52:00,44.0,-44.0
2024-10-12 16:53:00,43.0,-44.0
2024-10-12 16:54:00,46.0,-46.0
2024-10-12 16:55:00,52.0,-51.0
2024-10-12 16:56:00,56.0,-54.0
2024-10-12 16:57:00,63.0,-55.0
2024-10-12 16:58:00,70.0,-52.0
2024-10-12 16:59:00,72.0,-50.0
2024-10-12 17:00:00,77.0,-54.0
2024-10-12 17:01:00,73.0,-52.0
2024-10-12 17:02:00,75.0,-51.0
2024-10-12 17:03:00,87.0,-57.0
2024-10-12 17:04:00,94.0,-55.0
2024-10-12 17:05:00,96.0,-49.0
2024-10-12 17:06:00,90.0,-47.0
2024-10-12 17:07:00,89.0,-48.0
2024-10-12 17:08:00,77.0,-45.0
2024-10-12 17:09:00,68.0,-45.0
2024-10-12 17:10:00,67.0,-53.0
2024-10-12 17:11:00,59.0,-54.0
2024-10-12 17:12:00,45.0,-45.0
2024-10-12 17:13:00,43.0,-43.0
2024-10-12 17:14:00,44.0,-45.0
2024-10-12 17:15:00,44.0,-44.0
2024-10-12 17:16:00,89.0,-53.0
2024-10-12 17:17:00,105.0,-57.0
2024-10-12 17:18:00,221.0,-89.0
2024-10-12 17:19:00,316.0,-111.0
2024-10-12 17:20:00,366.0,-151.0
2024-10-12 17:21:00,269.0,-119.0
2024-10-12 17:22:00,98.0,-76.0
2024-10-12 17:23:00,136.0,-110.0
2024-10-12 17:24:00,254.0,-200.0
2024-10-12 17:25:00,280.0,-212.0
2024-10-12 17:26:00,122.0,-116.0
2024-10-12 17:27:00,117.0,-72.0
2024-10-12 17:28:00,225.0,-82.0
2024-10-12 17:29:00,241.0,-99.0
2024-10-12 17:30:00,130.0,-73.0
2024-10-12 17:31:00,63.0,-53.0
2024-10-12 17:32:00,147.0,-136.0
2024-10-12 17:33:00,215.0,-175.0
2024-10-12 17:34:00,180.0,-142.0
2024-10-12 17:35:00,102.0,-98.0
2024-10-12 17:36:00,114.0,-84.0
2024-10-12 17:37:00,119.0,-69.0
2024-10-12 17:38:00,71.0,-50.0
2024-10-12 17:39:00,49.0,-44.0
2024-10-12 17:40:00,65.0,-65.0
2024-10-12 17:41:00,84.0,-81.0
2024-10-12 17:42:00,84.0,-85.0
2024-10-12 17:43:00,117.0,-113.0
2024-10-12 17:44:00,132.0,-127.0
2024-10-12 17:45:00,120.0,-121.0
2024-10-12 17:46:00,103.0,-98.0
2024-10-12 17:47:00,109.0,-101.0
2024-10-12 17:48:00,123.0,-117.0
2024-10-12 17:49:00,130.0,-122.0
2024-10-12 17:50:00,148.0,-141.0
2024-10-12 17:51:00,139.0,-137.0
2024-10-12 17:52:00,124.0,-115.0
2024-10-12 17:53:00,106.0,-95.0
2024-10-12 17:54:00,87.0,-75.0
2024-10-12 17:55:00,72.0,-64.0
2024-10-12 17:56:00,73.0,-64.0
2024-10-12 17:57:00,80.0,-69.0
2024-10-12 17:58:00,145.0,-138.0
2024-10-12 17:59:00,233.0,-232.0
2024-10-12 18:00:00,285.0,-273.0
2024-10-12 18:01:00,215.0,-207.0
2024-10-12 18:02:00,148.0,-131.0
2024-10-12 18:03:00,177.0,-118.0
2024-10-12 18:04:00,194.0,-91.0
2024-10-12 18:05:00,118.0,-73.0
2024-10-12 18:06:00,102.0,-92.0
2024-10-12 18:07:00,265.0,-254.0
2024-10-12 18:08:00,383.0,-363.0
2024-10-12 18:09:00,401.0,-384.0
2024-10-12 18:10:00,258.0,-249.0
2024-10-12 18:11:00,110.0,-102.0
2024-10-12 18:12:00,115.0,-93.0
2024-10-12 18:13:00,91.0,-63.0
2024-10-12 18:14:00,69.0,-39.0
2024-10-12 18:15:00,104.0,-77.0
2024-10-12 18:16:00,164.0,-138.0
2024-10-12 18:17:00,140.0,-116.0
2024-10-12 18:18:00,108.0,-81.0
2024-10-12 18:19:00,111.0,-85.0
2024-10-12 18:20:00,101.0,-78.0
2024-10-12 18:21:00,89.0,-70.0
2024-10-12 18:22:00,80.0,-67.0
2024-10-12 18:23:00,75.0,-65.0
2024-10-12 18:24:00,73.0,-65.0
2024-10-12 18:25:00,74.0,-65.0
2024-10-12 18:26:00,74.0,-63.0
2024-10-12 18:27:00,72.0,-61.0
2024-10-12 18:28:00,68.0,-55.0
2024-10-12 18:29:00,72.0,-57.0
2024-10-12 18:30:00,78.0,-63.0
2024-10-12 18:31:00,85.0,-68.0
2024-10-12 18:32:00,90.0,-71.0
2024-10-12 18:33:00,88.0,-67.0
2024-10-12 18:34:00,86.0,-63.0
2024-10-12 18:35:00,85.0,-60.0
2024-10-12 18:36:00,83.0,-57.0
2024-10-12 18:37:00,82.0,-54.0
2024-10-12 18:38:00,79.0,-55.0
2024-10-12 18:39:00,89.0,-68.0
2024-10-12 18:40:00,90.0,-68.0
2024-10-12 18:41:00,91.0,-70.0
2024-10-12 18:42:00,90.0,-70.0
2024-10-12 18:43:00,101.0,-75.0
2024-10-12 18:44:00,100.0,-73.0
2024-10-12 18:45:00,97.0,-69.0
2024-10-12 18:46:00,96.0,-66.0
2024-10-12 18:47:00,99.0,-71.0
2024-10-12 18:48:00,120.0,-94.0
2024-10-12 18:49:00,127.0,-107.0
2024-10-12 18:50:00,88.0,-70.0
2024-10-12 18:51:00,79.0,-63.0
2024-10-12 18:52:00,75.0,-62.0
2024-10-12 18:53:00,84.0,-71.0
2024-10-12 18:54:00,77.0,-65.0
2024-10-12 18:55:00,76.0,-66.0
2024-10-12 18:56:00,80.0,-72.0
2024-10-12 18:57:00,87.0,-80.0
2024-10-12 18:58:00,94.0,-87.0
2024-10-12 18:59:00,85.0,-80.0
2024-10-12 19:00:00,62.0,-58.0
2024-10-12 19:01:00,71.0,-59.0
2024-10-12 19:02:00,74.0,-51.0
2024-10-12 19:03:00,49.0,-47.0
2024-10-12 19:04:00,95.0,-93.0
2024-10-12 19:05:00,102.0,-98.0
2024-10-12 19:06:00,73.0,-66.0
2024-10-12 19:07:00,90.0,-81.0
2024-10-12 19:08:00,73.0,-66.0
2024-10-12 19:09:00,62.0,-59.0
2024-10-12 19:10:00,123.0,-119.0
2024-10-12 19:11:00,134.0,-130.0
2024-10-12 19:12:00,92.0,-87.0
2024-10-12 19:13:00,64.0,-62.0
2024-10-12 19:14:00,62.0,-63.0
2024-10-12 19:15:00,64.0,-68.0
2024-10-12 19:16:00,66.0,-67.0
2024-10-12 19:17:00,67.0,-64.0
2024-10-12 19:18:00,69.0,-67.0
2024-10-12 19:19:00,77.0,-68.0
2024-10-12 19:20:00,85.0,-70.0
2024-10-12 19:21:00,129.0,-79.0
2024-10-12 19:22:00,160.0,-123.0
2024-10-12 19:23:00,247.0,-177.0
2024-10-12 19:24:00,338.0,-174.0
2024-10-12 19:25:00,276.0,-127.0
2024-10-12 19:26:00,172.0,-110.0
2024-10-12 19:27:00,343.0,-265.0
2024-10-12 19:28:00,166.0,-108.0
2024-10-12 19:29:00,92.0,-49.0
2024-10-12 19:30:00,97.0,-52.0
2024-10-12 19:31:00,86.0,-64.0
2024-10-12 19:32:00,158.0,-135.0
2024-10-12 19:33:00,202.0,-155.0
2024-10-12 19:34:00,166.0,-117.0
2024-10-12 19:35:00,118.0,-70.0
2024-10-12 19:36:00,113.0,-68.0
2024-10-12 19:37:00,167.0,-120.0
2024-10-12 19:38:00,211.0,-159.0
2024-10-12 19:39:00,215.0,-158.0
2024-10-12 19:40:00,188.0,-131.0
2024-10-12 19:41:00,171.0,-118.0
2024-10-12 19:42:00,172.0,-127.0
2024-10-12 19:43:00,169.0,-129.0
2024-10-12 19:44:00,159.0,-118.0
2024-10-12 19:45:00,139.0,-96.0
2024-10-12 19:46:00,132.0,-84.0
2024-10-12 19:47:00,151.0,-102.0
2024-10-12 19:48:00,164.0,-117.0
2024-10-12 19:49:00,160.0,-117.0
2024-10-12 19:50:00,133.0,-87.0
2024-10-12 19:51:00,112.0,-68.0
2024-10-12 19:52:00,127.0,-84.0
2024-10-12 19:53:00,142.0,-100.0
2024-10-12 19:54:00,124.0,-87.0
2024-10-12 19:55:00,114.0,-82.0
2024-10-12 19:56:00,103.0,-74.0
2024-10-12 19:57:00,97.0,-69.0
2024-10-12 19:58:00,102.0,-70.0
2024-10-12 19:59:00,110.0,-81.0
2024-10-12 20:00:00,112.0,-81.0
2024-10-12 20:01:00,114.0,-81.0
2024-10-12 20:02:00,101.0,-76.0
2024-10-12 20:03:00,107.0,-62.0
2024-10-12 20:04:00,96.0,-65.0
2024-10-12 20:05:00,112.0,-73.0
2024-10-12 20:06:00,97.0,-61.0
2024-10-12 20:07:00,81.0,-49.0
2024-10-12 20:08:00,71.0,-36.0
2024-10-12 20:09:00,67.0,-29.0
2024-10-12 20:10:00,70.0,-36.0
2024-10-12 20:11:00,77.0,-45.0
2024-10-12 20:12:00,67.0,-37.0
2024-10-12 20:13:00,57.0,-25.0
2024-10-12 20:14:00,58.0,-29.0
2024-10-12 20:15:00,66.0,-39.0
2024-10-12 20:16:00,60.0,-34.0
2024-10-12 20:17:00,74.0,-46.0
2024-10-12 20:18:00,152.0,-124.0
2024-10-12 20:19:00,193.0,-162.0
2024-10-12 20:20:00,179.0,-145.0
2024-10-12 20:21:00,133.0,-97.0
2024-10-12 20:22:00,188.0,-144.0
2024-10-12 20:23:00,212.0,-162.0
2024-10-12 20:24:00,200.0,-151.0
2024-10-12 20:25:00,212.0,-170.0
2024-10-12 20:26:00,221.0,-178.0
2024-10-12 20:27:00,256.0,-213.0
2024-10-12 20:28:00,195.0,-156.0
2024-10-12 20:29:00,174.0,-134.0
2024-10-12 20:30:00,223.0,-188.0
2024-10-12 20:31:00,190.0,-143.0
2024-10-12 20:32:00,269.0,-207.0
2024-10-12 20:33:00,292.0,-232.0
2024-10-12 20:34:00,334.0,-272.0
2024-10-12 20:35:00,359.0,-295.0
2024-10-12 20:36:00,376.0,-318.0
2024-10-12 20:37:00,322.0,-281.0
2024-10-12 20:38:00,346.0,-300.0
2024-10-12 20:39:00,315.0,-260.0
2024-10-12 20:40:00,365.0,-286.0
2024-10-12 20:41:00,419.0,-353.0
2024-10-12 20:42:00,440.0,-381.0
2024-10-12 20:43:00,442.0,-377.0
2024-10-12 20:44:00,461.0,-395.0
2024-10-12 20:45:00,462.0,-399.0
2024-10-12 20:46:00,453.0,-392.0
2024-10-12 20:47:00,452.0,-385.0
2024-10-12 20:48:00,372.0,-310.0
2024-10-12 20:49:00,367.0,-306.0
2024-10-12 20:50:00,422.0,-370.0
2024-10-12 20:51:00,439.0,-393.0
2024-10-12 20:52:00,481.0,-431.0
2024-10-12 20:53:00,509.0,-467.0
2024-10-12 20:54:00,477.0,-440.0
2024-10-12 20:55:00,457.0,-416.0
2024-10-12 20:56:00,439.0,-396.0
2024-10-12 20:57:00,431.0,-376.0
2024-10-12 20:58:00,414.0,-360.0
2024-10-12 20:59:00,388.0,-339.0
2024-10-12 21:00:00,360.0,-318.0
2024-10-12 21:01:00,340.0,-301.0
2024-10-12 21:02:00,362.0,-327.0
2024-10-12 21:03:00,379.0,-347.0
2024-10-12 21:04:00,355.0,-321.0
2024-10-12 21:05:00,349.0,-314.0
2024-10-12 21:06:00,383.0,-346.0
2024-10-12 21:07:00,348.0,-315.0
2024-10-12 21:08:00,368.0,-333.0
2024-10-12 21:09:00,397.0,-363.0
2024-10-12 21:10:00,386.0,-348.0
2024-10-12 21:11:00,389.0,-345.0
2024-10-12 21:12:00,389.0,-341.0
2024-10-12 21:13:00,409.0,-363.0
2024-10-12 21:14:00,391.0,-326.0
2024-10-12 21:15:00,392.0,-358.0
2024-10-12 21:16:00,416.0,-382.0
2024-10-12 21:17:00,430.0,-401.0
2024-10-12 21:18:00,414.0,-379.0
2024-10-12 21:19:00,433.0,-374.0
2024-10-12 21:20:00,420.0,-356.0
2024-10-12 21:21:00,405.0,-358.0
2024-10-12 21:22:00,361.0,-341.0
2024-10-12 21:23:00,352.0,-331.0
2024-10-12 21:24:00,367.0,-333.0
2024-10-12 21:25:00,373.0,-323.0
2024-10-12 21:26:00,367.0,-322.0
2024-10-12 21:27:00,336.0,-316.0
2024-10-12 21:28:00,311.0,-290.0
2024-10-12 21:29:00,272.0,-254.0
2024-10-12 21:30:00,287.0,-275.0
2024-10-12 21:31:00,323.0,-274.0
2024-10-12 21:32:00,334.0,-317.0
2024-10-12 21:33:00,374.0,-350.0
2024-10-12 21:34:00,407.0,-379.0
2024-10-12 21:35:00,425.0,-389.0
2024-10-12 21:36:00,404.0,-361.0
2024-10-12 21:37:00,419.0,-324.0
2024-10-12 21:38:00,421.0,-309.0
2024-10-12 21:39:00,356.0,-292.0
2024-10-12 21:40:00,314.0,-288.0
2024-10-12 21:41:00,291.0,-281.0
2024-10-12 21:42:00,292.0,-283.0
2024-10-12 21:43:00,304.0,-281.0
2024-10-12 21:44:00,307.0,-293.0
2024-10-12 21:45:00,308.0,-304.0
2024-10-12 21:46:00,304.0,-298.0
2024-10-12 21:47:00,300.0,-295.0
2024-10-12 21:48:00,303.0,-290.0
2024-10-12 21:49:00,298.0,-279.0
2024-10-12 21:50:00,286.0,-276.0
2024-10-12 21:51:00,275.0,-271.0
2024-10-12 21:52:00,276.0,-273.0
2024-10-12 21:53:00,273.0,-262.0
2024-10-12 21:54:00,254.0,-246.0
2024-10-12 21:55:00,237.0,-236.0
2024-10-12 21:56:00,229.0,-230.0
2024-10-12 21:57:00,230.0,-230.0
2024-10-12 21:58:00,231.0,-229.0
2024-10-12 21:59:00,227.0,-223.0
2024-10-12 22:00:00,227.0,-221.0
2024-10-12 22:01:00,218.0,-213.0
2024-10-12 22:02:00,221.0,-205.0
2024-10-12 22:03:00,214.0,-196.0
2024-10-12 22:04:00,193.0,-191.0
2024-10-12 22:05:00,188.0,-187.0
2024-10-12 22:06:00,187.0,-184.0
2024-10-12 22:07:00,185.0,-181.0
2024-10-12 22:08:00,177.0,-172.0
2024-10-12 22:09:00,172.0,-168.0
2024-10-12 22:10:00,165.0,-162.0
2024-10-12 22:11:00,160.0,-157.0
2024-10-12 22:12:00,153.0,-152.0
2024-10-12 22:13:00,146.0,-145.0
2024-10-12 22:14:00,140.0,-139.0
2024-10-12 22:15:00,135.0,-129.0
2024-10-12 22:16:00,137.0,-120.0
2024-10-12 22:17:00,138.0,-114.0
2024-10-12 22:18:00,134.0,-112.0
2024-10-12 22:19:00,149.0,-108.0
2024-10-12 22:20:00,153.0,-103.0
2024-10-12 22:21:00,137.0,-95.0
2024-10-12 22:22:00,120.0,-89.0
2024-10-12 22:23:00,98.0,-82.0
2024-10-12 22:24:00,91.0,-76.0
2024-10-12 22:25:00,94.0,-71.0
2024-10-12 22:26:00,90.0,-64.0
2024-10-12 22:27:00,87.0,-54.0
2024-10-12 22:28:00,86.0,-48.0
2024-10-12 22:29:00,86.0,-44.0
2024-10-12 22:30:00,87.0,-46.0
2024-10-12 22:31:00,75.0,-45.0
2024-10-12 22:32:00,60.0,-44.0
2024-10-12 22:33:00,59.0,-42.0
2024-10-12 22:34:00,56.0,-40.0
2024-10-12 22:35:00,58.0,-40.0
2024-10-12 22:36:00,62.0,-41.0
2024-10-12 22:37:00,74.0,-46.0
2024-10-12 22:38:00,81.0,-46.0
2024-10-12 22:39:00,66.0,-45.0
2024-10-12 22:40:00,58.0,-41.0
2024-10-12 22:41:00,53.0,-35.0
2024-10-12 22:42:00,50.0,-30.0
2024-10-12 22:43:00,53.0,-28.0
2024-10-12 22:44:00,66.0,-26.0
2024-10-12 22:45:00,65.0,-28.0
2024-10-12 22:46:00,49.0,-28.0
2024-10-12 22:47:00,40.0,-24.0
2024-10-12 22:48:00,39.0,-21.0
2024-10-12 22:49:00,41.0,-19.0
2024-10-12 22:50:00,43.0,-18.0
2024-10-12 22:51:00,41.0,-17.0
2024-10-12 22:52:00,45.0,-17.0
2024-10-12 22:53:00,53.0,-18.0
2024-10-12 22:54:00,50.0,-16.0
2024-10-12 22:55:00,51.0,-17.0
2024-10-12 22:56:00,39.0,-15.0
2024-10-12 22:57:00,46.0,-13.0
2024-10-12 22:58:00,63.0,-24.0
2024-10-12 22:59:00,69.0,-29.0
2024-10-12 23:00:00,57.0,-20.0
2024-10-12 23:01:00,43.0,-14.0
2024-10-12 23:02:00,41.0,-15.0
2024-10-12 23:03:00,44.0,-15.0
2024-10-12 23:04:00,48.0,-14.0
2024-10-12 23:05:00,58.0,-15.0
2024-10-12 23:06:00,59.0,-14.0
2024-10-12 23:07:00,61.0,-15.0
2024-10-12 23:08:00,52.0,-18.0
2024-10-12 23:09:00,62.0,-19.0
2024-10-12 23:10:00,51.0,-17.0
2024-10-12 23:11:00,36.0,-14.0
2024-10-12 23:12:00,47.0,-19.0
2024-10-12 23:13:00,67.0,-27.0
2024-10-12 23:14:00,70.0,-27.0
2024-10-12 23:15:00,64.0,-24.0
2024-10-12 23:16:00,49.0,-17.0
2024-10-12 23:17:00,40.0,-10.0
2024-10-12 23:18:00,44.0,-11.0
2024-10-12 23:19:00,47.0,-12.0
2024-10-12 23:20:00,48.0,-11.0
2024-10-12 23:21:00,48.0,-10.0
2024-10-12 23:22:00,47.0,-12.0
2024-10-12 23:23:00,43.0,-13.0
2024-10-12 23:24:00,34.0,-12.0
2024-10-12 23:25:00,33.0,-11.0
2024-10-12 23:26:00,40.0,-11.0
2024-10-12 23:27:00,43.0,-14.0
2024-10-12 23:28:00,42.0,-14.0
2024-10-12 23:29:00,48.0,-12.0
2024-10-12 23:30:00,51.0,-12.0
2024-10-12 23:31:00,44.0,-13.0
2024-10-12 23:32:00,49.0,-15.0
2024-10-12 23:33:00,42.0,-16.0
2024-10-12 23:34:00,37.0,-17.0
2024-10-12 23:35:00,36.0,-24.0
2024-10-12 23:36:00,40.0,-23.0
2024-10-12 23:37:00,39.0,-11.0
2024-10-12 23:38:00,49.0,-11.0
2024-10-12 23:39:00,48.0,-14.0
2024-10-12 23:40:00,49.0,-16.0
2024-10-12 23:41:00,56.0,-25.0
2024-10-12 23:42:00,33.0,-22.0
2024-10-12 23:43:00,32.0,-23.0
2024-10-12 23:44:00,41.0,-21.0
2024-10-12 23:45:00,40.0,-8.0
2024-10-12 23:46:00,48.0,-11.0
2024-10-12 23:47:00,85.0,-45.0
2024-10-12 23:48:00,96.0,-63.0
2024-10-12 23:49:00,83.0,-49.0
2024-10-12 23:50:00,91.0,-48.0
2024-10-12 23:51:00,89.0,-46.0
2024-10-12 23:52:00,128.0,-49.0
2024-10-12 23:53:00,142.0,-47.0
2024-10-12 23:54:00,131.0,-42.0
2024-10-12 23:55:00,113.0,-35.0
2024-10-12 23:56:00,77.0,-25.0
2024-10-12 23:57:00,35.0,-16.0
2024-10-12 23:58:00,38.0,-16.0
2024-10-12 23:59:00,40.0,-26.0
2024-10-13 00:00:00,29.0,-24.0
2024-10-13 00:01:00,39.0,-32.0
2024-10-13 00:02:00,35.0,-30.0
2024-10-13 00:03:00,29.0,-27.0
2024-10-13 00:04:00,30.0,-25.0
2024-10-13 00:05:00,26.0,-24.0
2024-10-13 00:06:00,20.0,-19.0
2024-10-13 00:07:00,18.0,-18.0
2024-10-13 00:08:00,18.0,-21.0
2024-10-13 00:09:00,21.0,-25.0
2024-10-13 00:10:00,20.0,-25.0
2024-10-13 00:11:00,22.0,-24.0
2024-10-13 00:12:00,19.0,-20.0
2024-10-13 00:13:00,23.0,-23.0
2024-10-13 00:14:00,25.0,-23.0
2024-10-13 00:15:00,31.0,-25.0
2024-10-13 00:16:00,29.0,-23.0
2024-10-13 00:17:00,21.0,-19.0
2024-10-13 00:18:00,20.0,-21.0
2024-10-13 00:19:00,18.0,-20.0
2024-10-13 00:20:00,21.0,-21.0
2024-10-13 00:21:00,35.0,-25.0
2024-10-13 00:22:00,40.0,-26.0
2024-10-13 00:23:00,39.0,-27.0
2024-10-13 00:24:00,31.0,-28.0
2024-10-13 00:25:00,29.0,-29.0
2024-10-13 00:26:00,33.0,-25.0
2024-10-13 00:27:00,26.0,-17.0
2024-10-13 00:28:00,15.0,-15.0
2024-10-13 00:29:00,13.0,-17.0
2024-10-13 00:30:00,11.0,-13.0
2024-10-13 00:31:00,17.0,-14.0
2024-10-13 00:32:00,20.0,-15.0
2024-10-13 00:33:00,22.0,-18.0
2024-10-13 00:34:00,18.0,-18.0
2024-10-13 00:35:00,16.0,-15.0
2024-10-13 00:36:00,18.0,-17.0
2024-10-13 00:37:00,18.0,-16.0
2024-10-13 00:38:00,23.0,-16.0
2024-10-13 00:39:00,21.0,-17.0
2024-10-13 00:40:00,24.0,-18.0
2024-10-13 00:41:00,25.0,-18.0
2024-10-13 00:42:00,26.0,-17.0
2024-10-13 00:43:00,20.0,-20.0
2024-10-13 00:44:00,22.0,-24.0
2024-10-13 00:45:00,24.0,-25.0
2024-10-13 00:46:00,30.0,-28.0
2024-10-13 00:47:00,26.0,-24.0
2024-10-13 00:48:00,20.0,-20.0
2024-10-13 00:49:00,18.0,-18.0
2024-10-13 00:50:00,16.0,-18.0
2024-10-13 00:51:00,21.0,-22.0
2024-10-13 00:52:00,32.0,-30.0
2024-10-13 00:53:00,41.0,-31.0
2024-10-13 00:54:00,47.0,-30.0
2024-10-13 00:55:00,38.0,-27.0
2024-10-13 00:56:00,35.0,-32.0
2024-10-13 00:57:00,31.0,-30.0
2024-10-13 00:58:00,31.0,-31.0
2024-10-13 00:59:00,40.0,-31.0
2024-10-13 01:00:00,48.0,-24.0
2024-10-13 01:01:00,36.0,-27.0
2024-10-13 01:02:00,31.0,-32.0
2024-10-13 01:03:00,31.0,-35.0
2024-10-13 01:04:00,37.0,-40.0
2024-10-13 01:05:00,56.0,-46.0
2024-10-13 01:06:00,59.0,-40.0
2024-10-13 01:07:00,51.0,-36.0
2024-10-13 01:08:00,29.0,-27.0
2024-10-13 01:09:00,18.0,-23.0
2024-10-13 01:10:00,22.0,-27.0
2024-10-13 01:11:00,34.0,-32.0
2024-10-13 01:12:00,47.0,-37.0
2024-10-13 01:13:00,50.0,-40.0
2024-10-13 01:14:00,52.0,-42.0
2024-10-13 01:15:00,30.0,-31.0
2024-10-13 01:16:00,19.0,-23.0
2024-10-13 01:17:00,17.0,-21.0
2024-10-13 01:18:00,24.0,-20.0
2024-10-13 01:19:00,30.0,-21.0
2024-10-13 01:20:00,28.0,-24.0
2024-10-13 01:21:00,28.0,-30.0
2024-10-13 01:22:00,24.0,-29.0
2024-10-13 01:23:00,18.0,-25.0
2024-10-13 01:24:00,19.0,-24.0
2024-10-13 01:25:00,22.0,-22.0
2024-10-13 01:26:00,22.0,-24.0
2024-10-13 01:27:00,15.0,-21.0
2024-10-13 01:28:00,15.0,-20.0
2024-10-13 01:29:00,18.0,-21.0
2024-10-13 01:30:00,14.0,-18.0
2024-10-13 01:31:00,16.0,-20.0
2024-10-13 01:32:00,17.0,-20.0
2024-10-13 01:33:00,16.0,-19.0
2024-10-13 01:34:00,16.0,-19.0
2024-10-13 01:35:00,19.0,-20.0
2024-10-13 01:36:00,18.0,-20.0
2024-10-13 01:37:00,19.0,-21.0
2024-10-13 01:38:00,24.0,-23.0
2024-10-13 01:39:00,29.0,-28.0
2024-10-13 01:40:00,26.0,-25.0
2024-10-13 01:41:00,27.0,-30.0
2024-10-13 01:42:00,24.0,-27.0
2024-10-13 01:43:00,21.0,-22.0
2024-10-13 01:44:00,28.0,-26.0
2024-10-13 01:45:00,32.0,-28.0
2024-10-13 01:46:00,35.0,-31.0
2024-10-13 01:47:00,28.0,-26.0
2024-10-13 01:48:00,24.0,-22.0
2024-10-13 01:49:00,23.0,-17.0
2024-10-13 01:50:00,24.0,-18.0
2024-10-13 01:51:00,18.0,-15.0
2024-10-13 01:52:00,18.0,-19.0
2024-10-13 01:53:00,16.0,-17.0
2024-10-13 01:54:00,20.0,-18.0
2024-10-13 01:55:00,19.0,-16.0
2024-10-13 01:56:00,18.0,-15.0
2024-10-13 01:57:00,26.0,-18.0
2024-10-13 01:58:00,19.0,-18.0
2024-10-13 01:59:00,22.0,-16.0
2024-10-13 02:00:00,23.0,-17.0
2024-10-13 02:01:00,20.0,-14.0
2024-10-13 02:02:00,15.0,-14.0
2024-10-13 02:03:00,12.0,-15.0
2024-10-13 02:04:00,11.0,-14.0
2024-10-13 02:05:00,18.0,-17.0
2024-10-13 02:06:00,19.0,-15.0
2024-10-13 02:07:00,23.0,-15.0
2024-10-13 02:08:00,22.0,-15.0
2024-10-13 02:09:00,25.0,-18.0
2024-10-13 02:10:00,21.0,-21.0
2024-10-13 02:11:00,23.0,-20.0
2024-10-13 02:12:00,25.0,-19.0
2024-10-13 02:13:00,20.0,-17.0
2024-10-13 02:14:00,20.0,-17.0
2024-10-13 02:15:00,20.0,-19.0
2024-10-13 02:16:00,19.0,-15.0
2024-10-13 02:17:00,27.0,-16.0
2024-10-13 02:18:00,29.0,-16.0
2024-10-13 02:19:00,21.0,-17.0
2024-10-13 02:20:00,21.0,-18.0
2024-10-13 02:21:00,22.0,-16.0
2024-10-13 02:22:00,18.0,-15.0
2024-10-13 02:23:00,24.0,-17.0
2024-10-13 02:24:00,23.0,-16.0
2024-10-13 02:25:00,23.0,-16.0
2024-10-13 02:26:00,22.0,-17.0
2024-10-13 02:27:00,18.0,-17.0
2024-10-13 02:28:00,19.0,-19.0
2024-10-13 02:29:00,27.0,-19.0
2024-10-13 02:30:00,22.0,-17.0
2024-10-13 02:31:00,20.0,-19.0
2024-10-13 02:32:00,19.0,-19.0
2024-10-13 02:33:00,23.0,-21.0
2024-10-13 02:34:00,25.0,-22.0
2024-10-13 02:35:00,39.0,-26.0
2024-10-13 02:36:00,40.0,-26.0
2024-10-13 02:37:00,28.0,-21.0
2024-10-13 02:38:00,23.0,-21.0
2024-10-13 02:39:00,20.0,-21.0
2024-10-13 02:40:00,21.0,-21.0
2024-10-13 02:41:00,24.0,-19.0
2024-10-13 02:42:00,21.0,-17.0
2024-10-13 02:43:00,21.0,-19.0
2024-10-13 02:44:00,21.0,-18.0
2024-10-13 02:45:00,24.0,-21.0
2024-10-13 02:46:00,33.0,-21.0
2024-10-13 02:47:00,33.0,-21.0
2024-10-13 02:48:00,23.0,-19.0
2024-10-13 02:49:00,17.0,-19.0
2024-10-13 02:50:00,21.0,-18.0
2024-10-13 02:51:00,27.0,-19.0
2024-10-13 02:52:00,35.0,-22.0
2024-10-13 02:53:00,33.0,-22.0
2024-10-13 02:54:00,27.0,-20.0
2024-10-13 02:55:00,28.0,-21.0
2024-10-13 02:56:00,27.0,-20.0
2024-10-13 02:57:00,29.0,-19.0
2024-10-13 02:58:00,29.0,-18.0
2024-10-13 02:59:00,28.0,-19.0
2024-10-13 03:00:00,27.0,-19.0
2024-10-13 03:01:00,28.0,-21.0
2024-10-13 03:02:00,32.0,-23.0
2024-10-13 03:03:00,31.0,-23.0
2024-10-13 03:04:00,27.0,-25.0
2024-10-13 03:05:00,24.0,-24.0
2024-10-13 03:06:00,24.0,-23.0
2024-10-13 03:07:00,25.0,-23.0
2024-10-13 03:08:00,34.0,-23.0
2024-10-13 03:09:00,30.0,-23.0
2024-10-13 03:10:00,22.0,-21.0
2024-10-13 03:11:00,18.0,-19.0
2024-10-13 03:12:00,18.0,-17.0
2024-10-13 03:13:00,23.0,-17.0
2024-10-13 03:14:00,31.0,-17.0
2024-10-13 03:15:00,32.0,-17.0
2024-10-13 03:16:00,34.0,-19.0
2024-10-13 03:17:00,28.0,-17.0
2024-10-13 03:18:00,23.0,-18.0
2024-10-13 03:19:00,18.0,-18.0
2024-10-13 03:20:00,23.0,-19.0
2024-10-13 03:21:00,32.0,-19.0
2024-10-13 03:22:00,38.0,-20.0
2024-10-13 03:23:00,32.0,-21.0
2024-10-13 03:24:00,26.0,-21.0
2024-10-13 03:25:00,25.0,-22.0
2024-10-13 03:26:00,28.0,-24.0
2024-10-13 03:27:00,32.0,-26.0
2024-10-13 03:28:00,26.0,-24.0
2024-10-13 03:29:00,24.0,-24.0
2024-10-13 03:30:00,22.0,-23.0
2024-10-13 03:31:00,25.0,-24.0
2024-10-13 03:32:00,32.0,-24.0
2024-10-13 03:33:00,35.0,-24.0
2024-10-13 03:34:00,27.0,-25.0
2024-10-13 03:35:00,28.0,-27.0
2024-10-13 03:36:00,25.0,-25.0
2024-10-13 03:37:00,25.0,-24.0
2024-10-13 03:38:00,25.0,-25.0
2024-10-13 03:39:00,29.0,-26.0
2024-10-13 03:40:00,27.0,-23.0
2024-10-13 03:41:00,30.0,-25.0
2024-10-13 03:42:00,29.0,-25.0
2024-10-13 03:43:00,28.0,-25.0
2024-10-13 03:44:00,26.0,-25.0
2024-10-13 03:45:00,29.0,-27.0
2024-10-13 03:46:00,32.0,-28.0
2024-10-13 03:47:00,28.0,-26.0
2024-10-13 03:48:00,26.0,-26.0
2024-10-13 03:49:00,28.0,-28.0
2024-10-13 03:50:00,29.0,-29.0
2024-10-13 03:51:00,29.0,-29.0
2024-10-13 03:52:00,26.0,-27.0
2024-10-13 03:53:00,28.0,-28.0
2024-10-13 03:54:00,28.0,-28.0
2024-10-13 03:55:00,25.0,-26.0
2024-10-13 03:56:00,25.0,-26.0
2024-10-13 03:57:00,27.0,-27.0
2024-10-13 03:58:00,27.0,-27.0
2024-10-13 03:59:00,27.0,-27.0
2024-10-13 04:00:00,24.0,-25.0
2024-10-13 04:01:00,23.0,-25.0
2024-10-13 04:02:00,27.0,-27.0
2024-10-13 04:03:00,28.0,-26.0
2024-10-13 04:04:00,31.0,-25.0
2024-10-13 04:05:00,31.0,-25.0
2024-10-13 04:06:00,25.0,-25.0
2024-10-13 04:07:00,26.0,-27.0
2024-10-13 04:08:00,26.0,-26.0
2024-10-13 04:09:00,28.0,-28.0
2024-10-13 04:10:00,27.0,-28.0
2024-10-13 04:11:00,27.0,-27.0
2024-10-13 04:12:00,27.0,-27.0
2024-10-13 04:13:00,30.0,-29.0
2024-10-13 04:14:00,29.0,-29.0
2024-10-13 04:15:00,28.0,-28.0
2024-10-13 04:16:00,28.0,-27.0
2024-10-13 04:17:00,28.0,-28.0
2024-10-13 04:18:00,28.0,-29.0
2024-10-13 04:19:00,28.0,-28.0
2024-10-13 04:20:00,28.0,-28.0
2024-10-13 04:21:00,27.0,-27.0
2024-10-13 04:22:00,24.0,-26.0
2024-10-13 04:23:00,26.0,-27.0
2024-10-13 04:24:00,27.0,-28.0
2024-10-13 04:25:00,27.0,-27.0
2024-10-13 04:26:00,28.0,-27.0
2024-10-13 04:27:00,27.0,-28.0
2024-10-13 04:28:00,26.0,-27.0
2024-10-13 04:29:00,28.0,-28.0
2024-10-13 04:30:00,27.0,-27.0
2024-10-13 04:31:00,27.0,-27.0
2024-10-13 04:32:00,29.0,-27.0
2024-10-13 04:33:00,28.0,-29.0
2024-10-13 04:34:00,27.0,-29.0
2024-10-13 04:35:00,26.0,-27.0
2024-10-13 04:36:00,28.0,-27.0
2024-10-13 04:37:00,28.0,-28.0
2024-10-13 04:38:00,28.0,-28.0
2024-10-13 04:39:00,28.0,-28.0
2024-10-13 04:40:00,27.0,-27.0
2024-10-13 04:41:00,29.0,-29.0
2024-10-13 04:42:00,32.0,-30.0
2024-10-13 04:43:00,27.0,-28.0
2024-10-13 04:44:00,26.0,-28.0
2024-10-13 04:45:00,28.0,-29.0
2024-10-13 04:46:00,33.0,-32.0
2024-10-13 04:47:00,31.0,-31.0
2024-10-13 04:48:00,28.0,-28.0
2024-10-13 04:49:00,28.0,-27.0
2024-10-13 04:50:00,27.0,-28.0
2024-10-13 04:51:00,26.0,-26.0
2024-10-13 04:52:00,27.0,-26.0
2024-10-13 04:53:00,28.0,-26.0
2024-10-13 04:54:00,27.0,-27.0
2024-10-13 04:55:00,27.0,-28.0
2024-10-13 04:56:00,27.0,-27.0
2024-10-13 04:57:00,27.0,-26.0
2024-10-13 04:58:00,28.0,-27.0
2024-10-13 04:59:00,28.0,-28.0
2024-10-13 05:00:00,27.0,-27.0
2024-10-13 05:01:00,26.0,-26.0
2024-10-13 05:02:00,28.0,-27.0
2024-10-13 05:03:00,27.0,-27.0
2024-10-13 05:04:00,25.0,-25.0
2024-10-13 05:05:00,24.0,-24.0
2024-10-13 05:06:00,26.0,-26.0
2024-10-13 05:07:00,30.0,-27.0
2024-10-13 05:08:00,31.0,-28.0
2024-10-13 05:09:00,27.0,-27.0
2024-10-13 05:10:00,29.0,-28.0
2024-10-13 05:11:00,29.0,-28.0
2024-10-13 05:12:00,24.0,-25.0
2024-10-13 05:13:00,23.0,-23.0
2024-10-13 05:14:00,24.0,-24.0
2024-10-13 05:15:00,26.0,-26.0
2024-10-13 05:16:00,30.0,-27.0
2024-10-13 05:17:00,27.0,-27.0
2024-10-13 05:18:00,25.0,-25.0
2024-10-13 05:19:00,31.0,-28.0
2024-10-13 05:20:00,29.0,-28.0
2024-10-13 05:21:00,25.0,-25.0
2024-10-13 05:22:00,23.0,-23.0
2024-10-13 05:23:00,22.0,-22.0
2024-10-13 05:24:00,25.0,-24.0
2024-10-13 05:25:00,28.0,-27.0
2024-10-13 05:26:00,32.0,-28.0
2024-10-13 05:27:00,29.0,-27.0
2024-10-13 05:28:00,23.0,-23.0
2024-10-13 05:29:00,25.0,-21.0
2024-10-13 05:30:00,27.0,-23.0
2024-10-13 05:31:00,24.0,-23.0
2024-10-13 05:32:00,22.0,-22.0
2024-10-13 05:33:00,23.0,-23.0
2024-10-13 05:34:00,21.0,-21.0
2024-10-13 05:35:00,20.0,-20.0
2024-10-13 05:36:00,25.0,-21.0
2024-10-13 05:37:00,28.0,-23.0
2024-10-13 05:38:00,25.0,-23.0
2024-10-13 05:39:00,27.0,-25.0
2024-10-13 05:40:00,22.0,-23.0
2024-10-13 05:41:00,24.0,-24.0
2024-10-13 05:42:00,27.0,-26.0
2024-10-13 05:43:00,23.0,-22.0
2024-10-13 05:44:00,19.0,-19.0
2024-10-13 05:45:00,24.0,-20.0
2024-10-13 05:46:00,21.0,-21.0
2024-10-13 05:47:00,21.0,-21.0
2024-10-13 05:48:00,21.0,-21.0
2024-10-13 05:49:00,28.0,-25.0
2024-10-13 05:50:00,25.0,-23.0
2024-10-13 05:51:00,20.0,-18.0
2024-10-13 05:52:00,18.0,-18.0
2024-10-13 05:53:00,20.0,-20.0
2024-10-13 05:54:00,27.0,-25.0
2024-10-13 05:55:00,28.0,-25.0
2024-10-13 05:56:00,23.0,-23.0
2024-10-13 05:57:00,21.0,-21.0
2024-10-13 05:58:00,20.0,-20.0
2024-10-13 05:59:00,19.0,-19.0
2024-10-13 06:00:00,21.0,-21.0
2024-10-13 06:01:00,24.0,-23.0
2024-10-13 06:02:00,23.0,-21.0
2024-10-13 06:03:00,22.0,-21.0
2024-10-13 06:04:00,25.0,-22.0
2024-10-13 06:05:00,22.0,-22.0
2024-10-13 06:06:00,22.0,-22.0
2024-10-13 06:07:00,21.0,-21.0
2024-10-13 06:08:00,22.0,-21.0
2024-10-13 06:09:00,25.0,-21.0
2024-10-13 06:10:00,22.0,-22.0
2024-10-13 06:11:00,19.0,-19.0
2024-10-13 06:12:00,22.0,-20.0
2024-10-13 06:13:00,19.0,-19.0
2024-10-13 06:14:00,22.0,-22.0
2024-10-13 06:15:00,22.0,-22.0
2024-10-13 06:16:00,25.0,-23.0
2024-10-13 06:17:00,25.0,-24.0
2024-10-13 06:18:00,24.0,-24.0
2024-10-13 06:19:00,21.0,-21.0
2024-10-13 06:20:00,22.0,-22.0
2024-10-13 06:21:00,20.0,-20.0
2024-10-13 06:22:00,20.0,-20.0
2024-10-13 06:23:00,20.0,-20.0
2024-10-13 06:24:00,21.0,-20.0
2024-10-13 06:25:00,21.0,-21.0
2024-10-13 06:26:00,22.0,-21.0
2024-10-13 06:27:00,20.0,-20.0
2024-10-13 06:28:00,19.0,-19.0
2024-10-13 06:29:00,22.0,-21.0
2024-10-13 06:30:00,22.0,-22.0
2024-10-13 06:31:00,19.0,-19.0
2024-10-13 06:32:00,19.0,-19.0
2024-10-13 06:33:00,22.0,-20.0
2024-10-13 06:34:00,22.0,-20.0
2024-10-13 06:35:00,24.0,-23.0
2024-10-13 06:36:00,21.0,-21.0
2024-10-13 06:37:00,19.0,-19.0
2024-10-13 06:38:00,19.0,-20.0
2024-10-13 06:39:00,20.0,-20.0
2024-10-13 06:40:00,19.0,-20.0
2024-10-13 06:41:00,20.0,-20.0
2024-10-13 06:42:00,21.0,-21.0
2024-10-13 06:43:00,20.0,-21.0
2024-10-13 06:44:00,21.0,-21.0
2024-10-13 06:45:00,22.0,-22.0
2024-10-13 06:46:00,21.0,-23.0
2024-10-13 06:47:00,24.0,-24.0
2024-10-13 06:48:00,21.0,-22.0
2024-10-13 06:49:00,19.0,-22.0
2024-10-13 06:50:00,19.0,-22.0
2024-10-13 06:51:00,19.0,-20.0
2024-10-13 06:52:00,21.0,-22.0
2024-10-13 06:53:00,24.0,-26.0
2024-10-13 06:54:00,23.0,-25.0
2024-10-13 06:55:00,21.0,-23.0
2024-10-13 06:56:00,23.0,-24.0
2024-10-13 06:57:00,21.0,-22.0
2024-10-13 06:58:00,21.0,-22.0
2024-10-13 06:59:00,21.0,-22.0
2024-10-13 07:00:00,24.0,-24.0
2024-10-13 07:01:00,26.0,-25.0
2024-10-13 07:02:00,25.0,-24.0
2024-10-13 07:03:00,21.0,-22.0
2024-10-13 07:04:00,20.0,-21.0
2024-10-13 07:05:00,21.0,-24.0
2024-10-13 07:06:00,23.0,-25.0
2024-10-13 07:07:00,24.0,-26.0
2024-10-13 07:08:00,26.0,-28.0
2024-10-13 07:09:00,25.0,-25.0
2024-10-13 07:10:00,25.0,-25.0
2024-10-13 07:11:00,22.0,-25.0
2024-10-13 07:12:00,19.0,-23.0
2024-10-13 07:13:00,20.0,-23.0
2024-10-13 07:14:00,22.0,-24.0
2024-10-13 07:15:00,23.0,-26.0
2024-10-13 07:16:00,21.0,-23.0
2024-10-13 07:17:00,22.0,-24.0
2024-10-13 07:18:00,24.0,-25.0
2024-10-13 07:19:00,23.0,-24.0
2024-10-13 07:20:00,22.0,-23.0
2024-10-13 07:21:00,21.0,-24.0
2024-10-13 07:22:00,24.0,-26.0
2024-10-13 07:23:00,25.0,-26.0
2024-10-13 07:24:00,25.0,-26.0
2024-10-13 07:25:00,23.0,-26.0
2024-10-13 07:26:00,20.0,-23.0
2024-10-13 07:27:00,18.0,-21.0
2024-10-13 07:28:00,22.0,-25.0
2024-10-13 07:29:00,21.0,-24.0
2024-10-13 07:30:00,24.0,-25.0
2024-10-13 07:31:00,25.0,-28.0
2024-10-13 07:32:00,24.0,-26.0
2024-10-13 07:33:00,23.0,-26.0
2024-10-13 07:34:00,25.0,-27.0
2024-10-13 07:35:00,25.0,-27.0
2024-10-13 07:36:00,24.0,-26.0
2024-10-13 07:37:00,23.0,-26.0
2024-10-13 07:38:00,22.0,-25.0
2024-10-13 07:39:00,24.0,-25.0
2024-10-13 07:40:00,23.0,-24.0
2024-10-13 07:41:00,24.0,-27.0
2024-10-13 07:42:00,32.0,-34.0
2024-10-13 07:43:00,34.0,-31.0
2024-10-13 07:44:00,30.0,-24.0
2024-10-13 07:45:00,24.0,-22.0
2024-10-13 07:46:00,23.0,-23.0
2024-10-13 07:47:00,31.0,-31.0
2024-10-13 07:48:00,38.0,-35.0
2024-10-13 07:49:00,42.0,-34.0
2024-10-13 07:50:00,50.0,-41.0
2024-10-13 07:51:00,39.0,-33.0
2024-10-13 07:52:00,30.0,-25.0
2024-10-13 07:53:00,32.0,-27.0
2024-10-13 07:54:00,32.0,-28.0
2024-10-13 07:55:00,31.0,-26.0
2024-10-13 07:56:00,30.0,-23.0
2024-10-13 07:57:00,29.0,-24.0
2024-10-13 07:58:00,28.0,-25.0
2024-10-13 07:59:00,23.0,-22.0
2024-10-13 08:00:00,22.0,-22.0
2024-10-13 08:01:00,26.0,-25.0
2024-10-13 08:02:00,25.0,-24.0
2024-10-13 08:03:00,23.0,-23.0
2024-10-13 08:04:00,24.0,-22.0
2024-10-13 08:05:00,32.0,-26.0
2024-10-13 08:06:00,34.0,-25.0
2024-10-13 08:07:00,29.0,-23.0
2024-10-13 08:08:00,28.0,-28.0
2024-10-13 08:09:00,27.0,-29.0
2024-10-13 08:10:00,27.0,-29.0
2024-10-13 08:11:00,29.0,-30.0
2024-10-13 08:12:00,28.0,-29.0
2024-10-13 08:13:00,28.0,-30.0
2024-10-13 08:14:00,29.0,-31.0
2024-10-13 08:15:00,29.0,-30.0
2024-10-13 08:16:00,32.0,-32.0
2024-10-13 08:17:00,30.0,-32.0
2024-10-13 08:18:00,30.0,-32.0
2024-10-13 08:19:00,28.0,-31.0
2024-10-13 08:20:00,26.0,-29.0
2024-10-13 08:21:00,27.0,-29.0
2024-10-13 08:22:00,26.0,-28.0
2024-10-13 08:23:00,33.0,-30.0
2024-10-13 08:24:00,28.0,-30.0
2024-10-13 08:25:00,28.0,-30.0
2024-10-13 08:26:00,29.0,-31.0
2024-10-13 08:27:00,33.0,-33.0
2024-10-13 08:28:00,30.0,-30.0
2024-10-13 08:29:00,29.0,-31.0
2024-10-13 08:30:00,29.0,-32.0
2024-10-13 08:31:00,29.0,-31.0
2024-10-13 08:32:00,27.0,-27.0
2024-10-13 08:33:00,31.0,-32.0
2024-10-13 08:34:00,30.0,-32.0
2024-10-13 08:35:00,30.0,-32.0
2024-10-13 08:36:00,31.0,-32.0
2024-10-13 08:37:00,31.0,-33.0
2024-10-13 08:38:00,31.0,-33.0
2024-10-13 08:39:00,29.0,-31.0
2024-10-13 08:40:00,29.0,-30.0
2024-10-13 08:41:00,28.0,-30.0
2024-10-13 08:42:00,31.0,-31.0
2024-10-13 08:43:00,34.0,-36.0
2024-10-13 08:44:00,31.0,-32.0
2024-10-13 08:45:00,27.0,-29.0
2024-10-13 08:46:00,29.0,-31.0
2024-10-13 08:47:00,27.0,-30.0
2024-10-13 08:48:00,30.0,-30.0
2024-10-13 08:49:00,35.0,-33.0
2024-10-13 08:50:00,31.0,-32.0
2024-10-13 08:51:00,32.0,-32.0
2024-10-13 08:52:00,33.0,-33.0
2024-10-13 08:53:00,29.0,-30.0
2024-10-13 08:54:00,32.0,-32.0
2024-10-13 08:55:00,34.0,-34.0
2024-10-13 08:56:00,34.0,-33.0
2024-10-13 08:57:00,38.0,-38.0
2024-10-13 08:58:00,40.0,-40.0
2024-10-13 08:59:00,40.0,-40.0
2024-10-13 09:00:00,31.0,-31.0
2024-10-13 09:01:00,32.0,-30.0
2024-10-13 09:02:00,44.0,-29.0
2024-10-13 09:03:00,39.0,-29.0
2024-10-13 09:04:00,34.0,-29.0
2024-10-13 09:05:00,35.0,-31.0
2024-10-13 09:06:00,41.0,-36.0
2024-10-13 09:07:00,36.0,-30.0
2024-10-13 09:08:00,34.0,-28.0
2024-10-13 09:09:00,33.0,-32.0
2024-10-13 09:10:00,36.0,-36.0
2024-10-13 09:11:00,32.0,-32.0
2024-10-13 09:12:00,38.0,-36.0
2024-10-13 09:13:00,44.0,-41.0
2024-10-13 09:14:00,44.0,-40.0
2024-10-13 09:15:00,44.0,-39.0
2024-10-13 09:16:00,52.0,-47.0
2024-10-13 09:17:00,49.0,-45.0
2024-10-13 09:18:00,45.0,-42.0
2024-10-13 09:19:00,48.0,-46.0
2024-10-13 09:20:00,47.0,-46.0
2024-10-13 09:21:00,47.0,-46.0
2024-10-13 09:22:00,45.0,-45.0
2024-10-13 09:23:00,48.0,-48.0
2024-10-13 09:24:00,47.0,-47.0
2024-10-13 09:25:00,45.0,-45.0
2024-10-13 09:26:00,43.0,-43.0
2024-10-13 09:27:00,42.0,-44.0
2024-10-13 09:28:00,40.0,-43.0
2024-10-13 09:29:00,42.0,-44.0
2024-10-13 09:30:00,43.0,-44.0
2024-10-13 09:31:00,42.0,-43.0
2024-10-13 09:32:00,37.0,-38.0
2024-10-13 09:33:00,31.0,-34.0
2024-10-13 09:34:00,42.0,-33.0
2024-10-13 09:35:00,49.0,-34.0
2024-10-13 09:36:00,40.0,-37.0
2024-10-13 09:37:00,39.0,-40.0
2024-10-13 09:38:00,36.0,-38.0
2024-10-13 09:39:00,35.0,-38.0
2024-10-13 09:40:00,35.0,-38.0
2024-10-13 09:41:00,38.0,-41.0
2024-10-13 09:42:00,37.0,-39.0
2024-10-13 09:43:00,36.0,-37.0
2024-10-13 09:44:00,33.0,-34.0
2024-10-13 09:45:00,31.0,-32.0
2024-10-13 09:46:00,33.0,-33.0
2024-10-13 09:47:00,29.0,-29.0
2024-10-13 09:48:00,29.0,-24.0
2024-10-13 09:49:00,36.0,-26.0
2024-10-13 09:50:00,45.0,-27.0
2024-10-13 09:51:00,54.0,-31.0
2024-10-13 09:52:00,56.0,-30.0
2024-10-13 09:53:00,44.0,-30.0
2024-10-13 09:54:00,38.0,-31.0
2024-10-13 09:55:00,35.0,-31.0
2024-10-13 09:56:00,34.0,-32.0
2024-10-13 09:57:00,36.0,-34.0
2024-10-13 09:58:00,39.0,-36.0
2024-10-13 09:59:00,41.0,-39.0
2024-10-13 10:00:00,38.0,-36.0
2024-10-13 10:01:00,36.0,-34.0
2024-10-13 10:02:00,39.0,-36.0
2024-10-13 10:03:00,37.0,-33.0
2024-10-13 10:04:00,37.0,-34.0
2024-10-13 10:05:00,39.0,-37.0
2024-10-13 10:06:00,37.0,-35.0
2024-10-13 10:07:00,37.0,-34.0
2024-10-13 10:08:00,40.0,-35.0
2024-10-13 10:09:00,42.0,-37.0
2024-10-13 10:10:00,42.0,-39.0
2024-10-13 10:11:00,40.0,-37.0
2024-10-13 10:12:00,39.0,-37.0
2024-10-13 10:13:00,37.0,-35.0
2024-10-13 10:14:00,40.0,-35.0
2024-10-13 10:15:00,44.0,-38.0
2024-10-13 10:16:00,43.0,-38.0
2024-10-13 10:17:00,40.0,-35.0
2024-10-13 10:18:00,44.0,-37.0
2024-10-13 10:19:00,47.0,-39.0
2024-10-13 10:20:00,37.0,-31.0
2024-10-13 10:21:00,28.0,-24.0
2024-10-13 10:22:00,37.0,-30.0
2024-10-13 10:23:00,45.0,-37.0
2024-10-13 10:24:00,59.0,-41.0
2024-10-13 10:25:00,55.0,-42.0
2024-10-13 10:26:00,51.0,-42.0
2024-10-13 10:27:00,49.0,-41.0
2024-10-13 10:28:00,46.0,-38.0
2024-10-13 10:29:00,51.0,-44.0
2024-10-13 10:30:00,89.0,-45.0
2024-10-13 10:31:00,72.0,-40.0
2024-10-13 10:32:00,123.0,-40.0
2024-10-13 10:33:00,158.0,-45.0
2024-10-13 10:34:00,121.0,-51.0
2024-10-13 10:35:00,57.0,-39.0
2024-10-13 10:36:00,65.0,-55.0
2024-10-13 10:37:00,56.0,-53.0
2024-10-13 10:38:00,53.0,-50.0
2024-10-13 10:39:00,69.0,-55.0
2024-10-13 10:40:00,67.0,-50.0
2024-10-13 10:41:00,38.0,-35.0
2024-10-13 10:42:00,40.0,-36.0
2024-10-13 10:43:00,40.0,-37.0
2024-10-13 10:44:00,42.0,-41.0
2024-10-13 10:45:00,57.0,-38.0
2024-10-13 10:46:00,64.0,-37.0
2024-10-13 10:47:00,78.0,-44.0
2024-10-13 10:48:00,70.0,-42.0
2024-10-13 10:49:00,45.0,-39.0
2024-10-13 10:50:00,46.0,-43.0
2024-10-13 10:51:00,56.0,-54.0
2024-10-13 10:52:00,38.0,-36.0
2024-10-13 10:53:00,83.0,-37.0
2024-10-13 10:54:00,118.0,-38.0
2024-10-13 10:55:00,104.0,-39.0
2024-10-13 10:56:00,79.0,-38.0
2024-10-13 10:57:00,68.0,-36.0
2024-10-13 10:58:00,48.0,-39.0
2024-10-13 10:59:00,49.0,-39.0
2024-10-13 11:00:00,50.0,-40.0
2024-10-13 11:01:00,51.0,-42.0
2024-10-13 11:02:00,47.0,-41.0
2024-10-13 11:03:00,38.0,-36.0
2024-10-13 11:04:00,41.0,-32.0
2024-10-13 11:05:00,48.0,-33.0
2024-10-13 11:06:00,47.0,-33.0
2024-10-13 11:07:00,47.0,-32.0
2024-10-13 11:08:00,47.0,-33.0
2024-10-13 11:09:00,48.0,-34.0
2024-10-13 11:10:00,50.0,-36.0
2024-10-13 11:11:00,44.0,-35.0
2024-10-13 11:12:00,39.0,-35.0
2024-10-13 11:13:00,40.0,-35.0
2024-10-13 11:14:00,42.0,-36.0
2024-10-13 11:15:00,42.0,-35.0
2024-10-13 11:16:00,43.0,-35.0
2024-10-13 11:17:00,44.0,-36.0
2024-10-13 11:18:00,44.0,-36.0
2024-10-13 11:19:00,42.0,-37.0
2024-10-13 11:20:00,40.0,-36.0
2024-10-13 11:21:00,38.0,-34.0
2024-10-13 11:22:00,39.0,-34.0
2024-10-13 11:23:00,39.0,-35.0
2024-10-13 11:24:00,48.0,-45.0
2024-10-13 11:25:00,43.0,-39.0
2024-10-13 11:26:00,44.0,-39.0
2024-10-13 11:27:00,42.0,-37.0
2024-10-13 11:28:00,42.0,-37.0
2024-10-13 11:29:00,44.0,-39.0
2024-10-13 11:30:00,46.0,-40.0
2024-10-13 11:31:00,44.0,-38.0
2024-10-13 11:32:00,51.0,-40.0
2024-10-13 11:33:00,51.0,-37.0
2024-10-13 11:34:00,56.0,-40.0
2024-10-13 11:35:00,54.0,-38.0
2024-10-13 11:36:00,51.0,-36.0
2024-10-13 11:37:00,53.0,-37.0
2024-10-13 11:38:00,55.0,-38.0
2024-10-13 11:39:00,53.0,-38.0
2024-10-13 11:40:00,53.0,-38.0
2024-10-13 11:41:00,57.0,-39.0
2024-10-13 11:42:00,59.0,-37.0
2024-10-13 11:43:00,66.0,-38.0
2024-10-13 11:44:00,68.0,-42.0
2024-10-13 11:45:00,60.0,-40.0
2024-10-13 11:46:00,60.0,-39.0
2024-10-13 11:47:00,61.0,-41.0
2024-10-13 11:48:00,59.0,-41.0
2024-10-13 11:49:00,58.0,-39.0
2024-10-13 11:50:00,62.0,-42.0
2024-10-13 11:51:00,65.0,-43.0
2024-10-13 11:52:00,62.0,-40.0
2024-10-13 11:53:00,64.0,-41.0
2024-10-13 11:54:00,62.0,-40.0
2024-10-13 11:55:00,60.0,-38.0
2024-10-13 11:56:00,61.0,-39.0
2024-10-13 11:57:00,65.0,-41.0
2024-10-13 11:58:00,85.0,-58.0
2024-10-13 11:59:00,94.0,-68.0
2024-10-13 12:00:00,93.0,-67.0
2024-10-13 12:01:00,104.0,-72.0
2024-10-13 12:02:00,109.0,-76.0
2024-10-13 12:03:00,103.0,-76.0
2024-10-13 12:04:00,115.0,-84.0
2024-10-13 12:05:00,109.0,-75.0
2024-10-13 12:06:00,105.0,-69.0
2024-10-13 12:07:00,106.0,-67.0
2024-10-13 12:08:00,102.0,-61.0
2024-10-13 12:09:00,94.0,-52.0
2024-10-13 12:10:00,87.0,-47.0
2024-10-13 12:11:00,85.0,-47.0
2024-10-13 12:12:00,86.0,-49.0
2024-10-13 12:13:00,82.0,-51.0
2024-10-13 12:14:00,78.0,-49.0
2024-10-13 12:15:00,79.0,-49.0
2024-10-13 12:16:00,83.0,-47.0
2024-10-13 12:17:00,81.0,-46.0
2024-10-13 12:18:00,79.0,-45.0
2024-10-13 12:19:00,82.0,-46.0
2024-10-13 12:20:00,81.0,-47.0
2024-10-13 12:21:00,79.0,-47.0
2024-10-13 12:22:00,78.0,-47.0
2024-10-13 12:23:00,76.0,-47.0
2024-10-13 12:24:00,80.0,-50.0
2024-10-13 12:25:00,83.0,-53.0
2024-10-13 12:26:00,84.0,-54.0
2024-10-13 12:27:00,77.0,-50.0
2024-10-13 12:28:00,69.0,-47.0
2024-10-13 12:29:00,79.0,-54.0
2024-10-13 12:30:00,82.0,-57.0
2024-10-13 12:31:00,89.0,-64.0
2024-10-13 12:32:00,98.0,-71.0
2024-10-13 12:33:00,101.0,-66.0
2024-10-13 12:34:00,101.0,-62.0
2024-10-13 12:35:00,108.0,-63.0
2024-10-13 12:36:00,117.0,-68.0
2024-10-13 12:37:00,123.0,-70.0
2024-10-13 12:38:00,128.0,-70.0
2024-10-13 12:39:00,138.0,-77.0
2024-10-13 12:40:00,171.0,-114.0
2024-10-13 12:41:00,202.0,-151.0
2024-10-13 12:42:00,205.0,-160.0
2024-10-13 12:43:00,181.0,-138.0
2024-10-13 12:44:00,183.0,-145.0
2024-10-13 12:45:00,190.0,-160.0
2024-10-13 12:46:00,192.0,-166.0
2024-10-13 12:47:00,217.0,-175.0
2024-10-13 12:48:00,248.0,-179.0
2024-10-13 12:49:00,260.0,-163.0
2024-10-13 12:50:00,265.0,-158.0
2024-10-13 12:51:00,245.0,-140.0
2024-10-13 12:52:00,204.0,-114.0
2024-10-13 12:53:00,173.0,-109.0
2024-10-13 12:54:00,152.0,-113.0
2024-10-13 12:55:00,128.0,-105.0
2024-10-13 12:56:00,123.0,-99.0
2024-10-13 12:57:00,117.0,-91.0
2024-10-13 12:58:00,117.0,-94.0
2024-10-13 12:59:00,122.0,-105.0
2024-10-13 13:00:00,140.0,-118.0
2024-10-13 13:01:00,162.0,-128.0
2024-10-13 13:02:00,160.0,-129.0
2024-10-13 13:03:00,163.0,-125.0
2024-10-13 13:04:00,151.0,-121.0
2024-10-13 13:05:00,181.0,-124.0
2024-10-13 13:06:00,189.0,-119.0
2024-10-13 13:07:00,181.0,-112.0
2024-10-13 13:08:00,185.0,-108.0
2024-10-13 13:09:00,164.0,-106.0
2024-10-13 13:10:00,147.0,-108.0
2024-10-13 13:11:00,137.0,-105.0
2024-10-13 13:12:00,134.0,-104.0
2024-10-13 13:13:00,135.0,-99.0
2024-10-13 13:14:00,134.0,-90.0
2024-10-13 13:15:00,126.0,-82.0
2024-10-13 13:16:00,122.0,-82.0
2024-10-13 13:17:00,157.0,-121.0
2024-10-13 13:18:00,150.0,-109.0
2024-10-13 13:19:00,147.0,-100.0
2024-10-13 13:20:00,152.0,-97.0
2024-10-13 13:21:00,156.0,-93.0
2024-10-13 13:22:00,158.0,-97.0
2024-10-13 13:23:00,164.0,-100.0
2024-10-13 13:24:00,158.0,-98.0
2024-10-13 13:25:00,158.0,-107.0
2024-10-13 13:26:00,165.0,-115.0
2024-10-13 13:27:00,165.0,-116.0
2024-10-13 13:28:00,162.0,-119.0
2024-10-13 13:29:00,157.0,-121.0
2024-10-13 13:30:00,159.0,-123.0
2024-10-13 13:31:00,155.0,-119.0
2024-10-13 13:32:00,171.0,-132.0
2024-10-13 13:33:00,180.0,-136.0
2024-10-13 13:34:00,201.0,-157.0
2024-10-13 13:35:00,203.0,-166.0
2024-10-13 13:36:00,211.0,-177.0
2024-10-13 13:37:00,233.0,-206.0
2024-10-13 13:38:00,270.0,-244.0
2024-10-13 13:39:00,289.0,-265.0
2024-10-13 13:40:00,290.0,-268.0
2024-10-13 13:41:00,285.0,-259.0
2024-10-13 13:42:00,302.0,-274.0
2024-10-13 13:43:00,294.0,-264.0
2024-10-13 13:44:00,285.0,-258.0
2024-10-13 13:45:00,289.0,-262.0
2024-10-13 13:46:00,286.0,-258.0
2024-10-13 13:47:00,270.0,-244.0
2024-10-13 13:48:00,252.0,-226.0
2024-10-13 13:49:00,245.0,-215.0
2024-10-13 13:50:00,250.0,-220.0
2024-10-13 13:51:00,267.0,-233.0
2024-10-13 13:52:00,271.0,-237.0
2024-10-13 13:53:00,264.0,-230.0
2024-10-13 13:54:00,260.0,-224.0
2024-10-13 13:55:00,231.0,-198.0
2024-10-13 13:56:00,194.0,-164.0
2024-10-13 13:57:00,156.0,-132.0
2024-10-13 13:58:00,135.0,-118.0
2024-10-13 13:59:00,171.0,-150.0
2024-10-13 14:00:00,214.0,-186.0
2024-10-13 14:01:00,220.0,-189.0
2024-10-13 14:02:00,201.0,-169.0
2024-10-13 14:03:00,196.0,-158.0
2024-10-13 14:04:00,197.0,-153.0
2024-10-13 14:05:00,205.0,-156.0
2024-10-13 14:06:00,206.0,-156.0
2024-10-13 14:07:00,194.0,-146.0
2024-10-13 14:08:00,179.0,-133.0
2024-10-13 14:09:00,173.0,-126.0
2024-10-13 14:10:00,174.0,-127.0
2024-10-13 14:11:00,180.0,-135.0
2024-10-13 14:12:00,185.0,-138.0
2024-10-13 14:13:00,164.0,-125.0
2024-10-13 14:14:00,168.0,-129.0
2024-10-13 14:15:00,189.0,-146.0
2024-10-13 14:16:00,196.0,-153.0
2024-10-13 14:17:00,203.0,-159.0
2024-10-13 14:18:00,213.0,-165.0
2024-10-13 14:19:00,224.0,-177.0
2024-10-13 14:20:00,223.0,-177.0
2024-10-13 14:21:00,220.0,-177.0
2024-10-13 14:22:00,206.0,-170.0
2024-10-13 14:23:00,176.0,-154.0
2024-10-13 14:24:00,147.0,-132.0
2024-10-13 14:25:00,124.0,-113.0
2024-10-13 14:26:00,114.0,-102.0
2024-10-13 14:27:00,114.0,-101.0
2024-10-13 14:28:00,118.0,-103.0
2024-10-13 14:29:00,109.0,-92.0
2024-10-13 14:30:00,119.0,-97.0
2024-10-13 14:31:00,125.0,-99.0
2024-10-13 14:32:00,122.0,-97.0
2024-10-13 14:33:00,117.0,-96.0
2024-10-13 14:34:00,109.0,-92.0
2024-10-13 14:35:00,100.0,-87.0
2024-10-13 14:36:00,94.0,-84.0
2024-10-13 14:37:00,89.0,-79.0
2024-10-13 14:38:00,89.0,-79.0
2024-10-13 14:39:00,102.0,-90.0
2024-10-13 14:40:00,116.0,-100.0
2024-10-13 14:41:00,117.0,-97.0
2024-10-13 14:42:00,98.0,-81.0
2024-10-13 14:43:00,77.0,-69.0
2024-10-13 14:44:00,63.0,-62.0
2024-10-13 14:45:00,61.0,-58.0
2024-10-13 14:46:00,63.0,-58.0
2024-10-13 14:47:00,65.0,-60.0
2024-10-13 14:48:00,70.0,-64.0
2024-10-13 14:49:00,80.0,-72.0
2024-10-13 14:50:00,89.0,-78.0
2024-10-13 14:51:00,101.0,-90.0
2024-10-13 14:52:00,117.0,-107.0
2024-10-13 14:53:00,133.0,-122.0
2024-10-13 14:54:00,144.0,-131.0
2024-10-13 14:55:00,144.0,-131.0
2024-10-13 14:56:00,147.0,-134.0
2024-10-13 14:57:00,153.0,-139.0
2024-10-13 14:58:00,156.0,-142.0
2024-10-13 14:59:00,161.0,-147.0
2024-10-13 15:00:00,166.0,-153.0
2024-10-13 15:01:00,176.0,-163.0
2024-10-13 15:02:00,183.0,-171.0
2024-10-13 15:03:00,187.0,-175.0
2024-10-13 15:04:00,175.0,-166.0
2024-10-13 15:05:00,163.0,-153.0
2024-10-13 15:06:00,157.0,-146.0
2024-10-13 15:07:00,156.0,-143.0
2024-10-13 15:08:00,158.0,-146.0
2024-10-13 15:09:00,165.0,-147.0
2024-10-13 15:10:00,167.0,-145.0
2024-10-13 15:11:00,179.0,-152.0
2024-10-13 15:12:00,195.0,-166.0
2024-10-13 15:13:00,196.0,-173.0
2024-10-13 15:14:00,198.0,-174.0
2024-10-13 15:15:00,203.0,-178.0
2024-10-13 15:16:00,192.0,-168.0
2024-10-13 15:17:00,187.0,-161.0
2024-10-13 15:18:00,182.0,-154.0
2024-10-13 15:19:00,172.0,-141.0
2024-10-13 15:20:00,151.0,-127.0
2024-10-13 15:21:00,134.0,-113.0
2024-10-13 15:22:00,126.0,-107.0
2024-10-13 15:23:00,124.0,-107.0
2024-10-13 15:24:00,125.0,-107.0
2024-10-13 15:25:00,120.0,-105.0
2024-10-13 15:26:00,115.0,-103.0
2024-10-13 15:27:00,112.0,-101.0
2024-10-13 15:28:00,103.0,-97.0
2024-10-13 15:29:00,106.0,-96.0
2024-10-13 15:30:00,107.0,-92.0
2024-10-13 15:31:00,109.0,-87.0
2024-10-13 15:32:00,158.0,-120.0
2024-10-13 15:33:00,289.0,-234.0
2024-10-13 15:34:00,240.0,-176.0
2024-10-13 15:35:00,269.0,-187.0
2024-10-13 15:36:00,263.0,-175.0
2024-10-13 15:37:00,254.0,-171.0
2024-10-13 15:38:00,188.0,-135.0
2024-10-13 15:39:00,169.0,-132.0
2024-10-13 15:40:00,153.0,-132.0
2024-10-13 15:41:00,152.0,-134.0
2024-10-13 15:42:00,148.0,-129.0
2024-10-13 15:43:00,148.0,-127.0
2024-10-13 15:44:00,143.0,-124.0
2024-10-13 15:45:00,139.0,-120.0
2024-10-13 15:46:00,139.0,-118.0
2024-10-13 15:47:00,134.0,-116.0
2024-10-13 15:48:00,141.0,-126.0
2024-10-13 15:49:00,109.0,-93.0
2024-10-13 15:50:00,111.0,-94.0
2024-10-13 15:51:00,101.0,-87.0
2024-10-13 15:52:00,109.0,-95.0
2024-10-13 15:53:00,115.0,-102.0
2024-10-13 15:54:00,133.0,-120.0
2024-10-13 15:55:00,138.0,-126.0
2024-10-13 15:56:00,134.0,-125.0
2024-10-13 15:57:00,137.0,-126.0
2024-10-13 15:58:00,133.0,-119.0
2024-10-13 15:59:00,122.0,-108.0
2024-10-13 16:00:00,196.0,-182.0
2024-10-13 16:01:00,164.0,-145.0
2024-10-13 16:02:00,134.0,-113.0
2024-10-13 16:03:00,135.0,-116.0
2024-10-13 16:04:00,156.0,-119.0
2024-10-13 16:05:00,182.0,-126.0
2024-10-13 16:06:00,200.0,-130.0
2024-10-13 16:07:00,184.0,-128.0
2024-10-13 16:08:00,146.0,-131.0
2024-10-13 16:09:00,138.0,-127.0
2024-10-13 16:10:00,135.0,-125.0
2024-10-13 16:11:00,138.0,-126.0
2024-10-13 16:12:00,143.0,-128.0
2024-10-13 16:13:00,147.0,-132.0
2024-10-13 16:14:00,152.0,-134.0
2024-10-13 16:15:00,154.0,-138.0
2024-10-13 16:16:00,154.0,-145.0
2024-10-13 16:17:00,174.0,-164.0
2024-10-13 16:18:00,158.0,-144.0
2024-10-13 16:19:00,163.0,-148.0
2024-10-13 16:20:00,165.0,-152.0
2024-10-13 16:21:00,176.0,-160.0
2024-10-13 16:22:00,178.0,-163.0
2024-10-13 16:23:00,184.0,-169.0
2024-10-13 16:24:00,208.0,-196.0
2024-10-13 16:25:00,184.0,-178.0
2024-10-13 16:26:00,148.0,-141.0
2024-10-13 16:27:00,145.0,-135.0
2024-10-13 16:28:00,141.0,-131.0
2024-10-13 16:29:00,135.0,-125.0
2024-10-13 16:30:00,132.0,-122.0
2024-10-13 16:31:00,133.0,-121.0
2024-10-13 16:32:00,133.0,-121.0
2024-10-13 16:33:00,129.0,-117.0
2024-10-13 16:34:00,128.0,-115.0
2024-10-13 16:35:00,127.0,-114.0
2024-10-13 16:36:00,127.0,-113.0
2024-10-13 16:37:00,126.0,-112.0
2024-10-13 16:38:00,127.0,-113.0
2024-10-13 16:39:00,126.0,-112.0
2024-10-13 16:40:00,128.0,-113.0
2024-10-13 16:41:00,127.0,-113.0
2024-10-13 16:42:00,128.0,-116.0
2024-10-13 16:43:00,125.0,-115.0
2024-10-13 16:44:00,122.0,-111.0
2024-10-13 16:45:00,124.0,-111.0
2024-10-13 16:46:00,121.0,-109.0
2024-10-13 16:47:00,117.0,-107.0
2024-10-13 16:48:00,116.0,-107.0
2024-10-13 16:49:00,115.0,-104.0
2024-10-13 16:50:00,111.0,-101.0
2024-10-13 16:51:00,109.0,-101.0
2024-10-13 16:52:00,116.0,-106.0
2024-10-13 16:53:00,128.0,-109.0
2024-10-13 16:54:00,150.0,-114.0
2024-10-13 16:55:00,153.0,-112.0
2024-10-13 16:56:00,162.0,-114.0
2024-10-13 16:57:00,162.0,-113.0
2024-10-13 16:58:00,137.0,-107.0
2024-10-13 16:59:00,130.0,-105.0
2024-10-13 17:00:00,128.0,-104.0
2024-10-13 17:01:00,112.0,-102.0
2024-10-13 17:02:00,113.0,-102.0
2024-10-13 17:03:00,109.0,-98.0
2024-10-13 17:04:00,108.0,-98.0
2024-10-13 17:05:00,104.0,-95.0
2024-10-13 17:06:00,102.0,-92.0
2024-10-13 17:07:00,102.0,-93.0
2024-10-13 17:08:00,103.0,-93.0
2024-10-13 17:09:00,109.0,-89.0
2024-10-13 17:10:00,107.0,-93.0
2024-10-13 17:11:00,99.0,-89.0
2024-10-13 17:12:00,84.0,-77.0
2024-10-13 17:13:00,95.0,-88.0
2024-10-13 17:14:00,107.0,-100.0
2024-10-13 17:15:00,173.0,-166.0
2024-10-13 17:16:00,141.0,-135.0
2024-10-13 17:17:00,158.0,-150.0
2024-10-13 17:18:00,187.0,-180.0
2024-10-13 17:19:00,164.0,-159.0
2024-10-13 17:20:00,97.0,-92.0
2024-10-13 17:21:00,95.0,-91.0
2024-10-13 17:22:00,121.0,-119.0
2024-10-13 17:23:00,132.0,-128.0
2024-10-13 17:24:00,157.0,-152.0
2024-10-13 17:25:00,207.0,-197.0
2024-10-13 17:26:00,137.0,-126.0
2024-10-13 17:27:00,116.0,-113.0
2024-10-13 17:28:00,129.0,-121.0
2024-10-13 17:29:00,136.0,-131.0
2024-10-13 17:30:00,135.0,-130.0
2024-10-13 17:31:00,156.0,-151.0
2024-10-13 17:32:00,149.0,-145.0
2024-10-13 17:33:00,144.0,-141.0
2024-10-13 17:34:00,146.0,-141.0
2024-10-13 17:35:00,161.0,-152.0
2024-10-13 17:36:00,160.0,-155.0
2024-10-13 17:37:00,149.0,-145.0
2024-10-13 17:38:00,144.0,-142.0
2024-10-13 17:39:00,144.0,-141.0
2024-10-13 17:40:00,137.0,-133.0
2024-10-13 17:41:00,126.0,-121.0
2024-10-13 17:42:00,118.0,-112.0
2024-10-13 17:43:00,104.0,-98.0
2024-10-13 17:44:00,102.0,-96.0
2024-10-13 17:45:00,105.0,-98.0
2024-10-13 17:46:00,104.0,-95.0
2024-10-13 17:47:00,108.0,-97.0
2024-10-13 17:48:00,104.0,-94.0
2024-10-13 17:49:00,98.0,-89.0
2024-10-13 17:50:00,96.0,-87.0
2024-10-13 17:51:00,95.0,-86.0
2024-10-13 17:52:00,93.0,-83.0
2024-10-13 17:53:00,94.0,-83.0
2024-10-13 17:54:00,92.0,-81.0
2024-10-13 17:55:00,91.0,-81.0
2024-10-13 17:56:00,85.0,-75.0
2024-10-13 17:57:00,83.0,-73.0
2024-10-13 17:58:00,82.0,-71.0
2024-10-13 17:59:00,75.0,-67.0
2024-10-13 18:00:00,75.0,-67.0
2024-10-13 18:01:00,69.0,-63.0
2024-10-13 18:02:00,70.0,-64.0
2024-10-13 18:03:00,65.0,-61.0
2024-10-13 18:04:00,64.0,-60.0
2024-10-13 18:05:00,61.0,-56.0
2024-10-13 18:06:00,58.0,-54.0
2024-10-13 18:07:00,69.0,-65.0
2024-10-13 18:08:00,67.0,-63.0
2024-10-13 18:09:00,111.0,-107.0
2024-10-13 18:10:00,111.0,-107.0
2024-10-13 18:11:00,125.0,-106.0
2024-10-13 18:12:00,159.0,-125.0
2024-10-13 18:13:00,214.0,-174.0
2024-10-13 18:14:00,183.0,-157.0
2024-10-13 18:15:00,153.0,-145.0
2024-10-13 18:16:00,151.0,-146.0
2024-10-13 18:17:00,114.0,-112.0
2024-10-13 18:18:00,124.0,-121.0
2024-10-13 18:19:00,132.0,-128.0
2024-10-13 18:20:00,114.0,-110.0
2024-10-13 18:21:00,134.0,-128.0
2024-10-13 18:22:00,130.0,-125.0
2024-10-13 18:23:00,130.0,-125.0
2024-10-13 18:24:00,139.0,-134.0
2024-10-13 18:25:00,122.0,-117.0
2024-10-13 18:26:00,110.0,-103.0
2024-10-13 18:27:00,111.0,-103.0
2024-10-13 18:28:00,124.0,-118.0
2024-10-13 18:29:00,141.0,-135.0
2024-10-13 18:30:00,156.0,-151.0
2024-10-13 18:31:00,163.0,-159.0
2024-10-13 18:32:00,160.0,-155.0
2024-10-13 18:33:00,155.0,-150.0
2024-10-13 18:34:00,148.0,-142.0
2024-10-13 18:35:00,154.0,-146.0
2024-10-13 18:36:00,157.0,-149.0
2024-10-13 18:37:00,149.0,-140.0
2024-10-13 18:38:00,148.0,-139.0
2024-10-13 18:39:00,139.0,-129.0
2024-10-13 18:40:00,126.0,-116.0
2024-10-13 18:41:00,116.0,-106.0
2024-10-13 18:42:00,109.0,-100.0
2024-10-13 18:43:00,106.0,-94.0
2024-10-13 18:44:00,101.0,-88.0
2024-10-13 18:45:00,101.0,-87.0
2024-10-13 18:46:00,110.0,-95.0
2024-10-13 18:47:00,119.0,-100.0
2024-10-13 18:48:00,118.0,-98.0
2024-10-13 18:49:00,111.0,-91.0
2024-10-13 18:50:00,111.0,-90.0
2024-10-13 18:51:00,112.0,-89.0
2024-10-13 18:52:00,155.0,-130.0
2024-10-13 18:53:00,123.0,-97.0
2024-10-13 18:54:00,126.0,-101.0
2024-10-13 18:55:00,127.0,-102.0
2024-10-13 18:56:00,172.0,-144.0
2024-10-13 18:57:00,146.0,-117.0
2024-10-13 18:58:00,137.0,-108.0
2024-10-13 18:59:00,141.0,-111.0
2024-10-13 19:00:00,139.0,-111.0
2024-10-13 19:01:00,136.0,-109.0
2024-10-13 19:02:00,135.0,-108.0
2024-10-13 19:03:00,149.0,-122.0
2024-10-13 19:04:00,142.0,-116.0
2024-10-13 19:05:00,151.0,-123.0
2024-10-13 19:06:00,174.0,-144.0
2024-10-13 19:07:00,144.0,-116.0
2024-10-13 19:08:00,143.0,-118.0
2024-10-13 19:09:00,145.0,-117.0
2024-10-13 19:10:00,146.0,-116.0
2024-10-13 19:11:00,142.0,-111.0
2024-10-13 19:12:00,139.0,-110.0
2024-10-13 19:13:00,137.0,-109.0
2024-10-13 19:14:00,141.0,-112.0
2024-10-13 19:15:00,140.0,-110.0
2024-10-13 19:16:00,137.0,-106.0
2024-10-13 19:17:00,138.0,-109.0
2024-10-13 19:18:00,130.0,-102.0
2024-10-13 19:19:00,133.0,-105.0
2024-10-13 19:20:00,130.0,-104.0
2024-10-13 19:21:00,132.0,-105.0
2024-10-13 19:22:00,130.0,-105.0
2024-10-13 19:23:00,126.0,-101.0
2024-10-13 19:24:00,124.0,-99.0
2024-10-13 19:25:00,134.0,-109.0
2024-10-13 19:26:00,146.0,-122.0
2024-10-13 19:27:00,152.0,-130.0
2024-10-13 19:28:00,148.0,-126.0
2024-10-13 19:29:00,135.0,-114.0
2024-10-13 19:30:00,121.0,-101.0
2024-10-13 19:31:00,115.0,-97.0
2024-10-13 19:32:00,108.0,-93.0
2024-10-13 19:33:00,109.0,-97.0
2024-10-13 19:34:00,104.0,-93.0
2024-10-13 19:35:00,99.0,-87.0
2024-10-13 19:36:00,100.0,-89.0
2024-10-13 19:37:00,146.0,-136.0
2024-10-13 19:38:00,143.0,-131.0
2024-10-13 19:39:00,139.0,-125.0
2024-10-13 19:40:00,148.0,-134.0
2024-10-13 19:41:00,185.0,-173.0
2024-10-13 19:42:00,162.0,-151.0
2024-10-13 19:43:00,219.0,-205.0
2024-10-13 19:44:00,204.0,-187.0
2024-10-13 19:45:00,183.0,-165.0
2024-10-13 19:46:00,181.0,-162.0
2024-10-13 19:47:00,207.0,-187.0
2024-10-13 19:48:00,243.0,-225.0
2024-10-13 19:49:00,224.0,-205.0
2024-10-13 19:50:00,221.0,-202.0
2024-10-13 19:51:00,203.0,-183.0
2024-10-13 19:52:00,227.0,-201.0
2024-10-13 19:53:00,252.0,-223.0
2024-10-13 19:54:00,283.0,-254.0
2024-10-13 19:55:00,290.0,-260.0
2024-10-13 19:56:00,280.0,-248.0
2024-10-13 19:57:00,287.0,-259.0
2024-10-13 19:58:00,275.0,-249.0
2024-10-13 19:59:00,269.0,-242.0
2024-10-13 20:00:00,280.0,-253.0
2024-10-13 20:01:00,307.0,-283.0
2024-10-13 20:02:00,305.0,-283.0
2024-10-13 20:03:00,316.0,-295.0
2024-10-13 20:04:00,330.0,-304.0
2024-10-13 20:05:00,313.0,-288.0
2024-10-13 20:06:00,306.0,-287.0
2024-10-13 20:07:00,310.0,-296.0
2024-10-13 20:08:00,297.0,-286.0
2024-10-13 20:09:00,282.0,-275.0
2024-10-13 20:10:00,285.0,-273.0
2024-10-13 20:11:00,286.0,-273.0
2024-10-13 20:12:00,280.0,-267.0
2024-10-13 20:13:00,275.0,-263.0
2024-10-13 20:14:00,268.0,-260.0
2024-10-13 20:15:00,250.0,-248.0
2024-10-13 20:16:00,240.0,-236.0
2024-10-13 20:17:00,235.0,-230.0
2024-10-13 20:18:00,235.0,-230.0
2024-10-13 20:19:00,231.0,-226.0
2024-10-13 20:20:00,223.0,-219.0
2024-10-13 20:21:00,214.0,-211.0
2024-10-13 20:22:00,204.0,-201.0
2024-10-13 20:23:00,187.0,-181.0
2024-10-13 20:24:00,169.0,-163.0
2024-10-13 20:25:00,152.0,-147.0
2024-10-13 20:26:00,129.0,-124.0
2024-10-13 20:27:00,125.0,-119.0
2024-10-13 20:28:00,136.0,-129.0
2024-10-13 20:29:00,111.0,-105.0
2024-10-13 20:30:00,94.0,-87.0
2024-10-13 20:31:00,99.0,-91.0
2024-10-13 20:32:00,103.0,-97.0
2024-10-13 20:33:00,107.0,-102.0
2024-10-13 20:34:00,110.0,-106.0
2024-10-13 20:35:00,105.0,-101.0
2024-10-13 20:36:00,105.0,-103.0
2024-10-13 20:37:00,109.0,-106.0
2024-10-13 20:38:00,109.0,-104.0
2024-10-13 20:39:00,118.0,-112.0
2024-10-13 20:40:00,123.0,-116.0
2024-10-13 20:41:00,125.0,-118.0
2024-10-13 20:42:00,120.0,-114.0
2024-10-13 20:43:00,105.0,-99.0
2024-10-13 20:44:00,95.0,-89.0
2024-10-13 20:45:00,99.0,-93.0
2024-10-13 20:46:00,99.0,-92.0
2024-10-13 20:47:00,96.0,-91.0
2024-10-13 20:48:00,99.0,-96.0
2024-10-13 20:49:00,108.0,-105.0
2024-10-13 20:50:00,110.0,-106.0
2024-10-13 20:51:00,112.0,-108.0
2024-10-13 20:52:00,113.0,-110.0
2024-10-13 20:53:00,102.0,-99.0
2024-10-13 20:54:00,99.0,-96.0
2024-10-13 20:55:00,95.0,-92.0
2024-10-13 20:56:00,93.0,-89.0
2024-10-13 20:57:00,87.0,-83.0
2024-10-13 20:58:00,79.0,-75.0
2024-10-13 20:59:00,75.0,-70.0
2024-10-13 21:00:00,76.0,-71.0
2024-10-13 21:01:00,72.0,-67.0
2024-10-13 21:02:00,64.0,-58.0
2024-10-13 21:03:00,60.0,-54.0
2024-10-13 21:04:00,54.0,-48.0
2024-10-13 21:05:00,54.0,-47.0
2024-10-13 21:06:00,51.0,-43.0
2024-10-13 21:07:00,46.0,-39.0
2024-10-13 21:08:00,45.0,-39.0
2024-10-13 21:09:00,44.0,-38.0
2024-10-13 21:10:00,44.0,-38.0
2024-10-13 21:11:00,42.0,-37.0
2024-10-13 21:12:00,41.0,-36.0
2024-10-13 21:13:00,38.0,-33.0
2024-10-13 21:14:00,40.0,-33.0
2024-10-13 21:15:00,33.0,-29.0
2024-10-13 21:16:00,32.0,-29.0
2024-10-13 21:17:00,32.0,-30.0
2024-10-13 21:18:00,33.0,-29.0
2024-10-13 21:19:00,28.0,-27.0
2024-10-13 21:20:00,29.0,-27.0
2024-10-13 21:21:00,31.0,-29.0
2024-10-13 21:22:00,32.0,-29.0
2024-10-13 21:23:00,34.0,-28.0
2024-10-13 21:24:00,34.0,-27.0
2024-10-13 21:25:00,30.0,-22.0
2024-10-13 21:26:00,32.0,-21.0
2024-10-13 21:27:00,32.0,-20.0
2024-10-13 21:28:00,32.0,-18.0
2024-10-13 21:29:00,41.0,-23.0
2024-10-13 21:30:00,45.0,-26.0
2024-10-13 21:31:00,45.0,-27.0
2024-10-13 21:32:00,45.0,-25.0
2024-10-13 21:33:00,47.0,-26.0
2024-10-13 21:34:00,42.0,-22.0
2024-10-13 21:35:00,44.0,-23.0
2024-10-13 21:36:00,40.0,-22.0
2024-10-13 21:37:00,35.0,-21.0
2024-10-13 21:38:00,31.0,-21.0
2024-10-13 21:39:00,26.0,-18.0
2024-10-13 21:40:00,25.0,-17.0
2024-10-13 21:41:00,25.0,-18.0
2024-10-13 21:42:00,30.0,-22.0
2024-10-13 21:43:00,31.0,-24.0
2024-10-13 21:44:00,34.0,-26.0
2024-10-13 21:45:00,33.0,-25.0
2024-10-13 21:46:00,32.0,-24.0
2024-10-13 21:47:00,31.0,-23.0
2024-10-13 21:48:00,30.0,-17.0
2024-10-13 21:49:00,35.0,-21.0
2024-10-13 21:50:00,37.0,-21.0
2024-10-13 21:51:00,31.0,-15.0
2024-10-13 21:52:00,38.0,-17.0
2024-10-13 21:53:00,39.0,-19.0
2024-10-13 21:54:00,41.0,-22.0
2024-10-13 21:55:00,39.0,-21.0
2024-10-13 21:56:00,36.0,-18.0
2024-10-13 21:57:00,33.0,-15.0
2024-10-13 21:58:00,31.0,-14.0
2024-10-13 21:59:00,31.0,-17.0
2024-10-13 22:00:00,30.0,-19.0
2024-10-13 22:01:00,34.0,-20.0
2024-10-13 22:02:00,36.0,-19.0
2024-10-13 22:03:00,38.0,-20.0
2024-10-13 22:04:00,39.0,-21.0
2024-10-13 22:05:00,35.0,-13.0
2024-10-13 22:06:00,38.0,-12.0
2024-10-13 22:07:00,41.0,-14.0
2024-10-13 22:08:00,40.0,-15.0
2024-10-13 22:09:00,39.0,-16.0
2024-10-13 22:10:00,41.0,-17.0
2024-10-13 22:11:00,46.0,-17.0
2024-10-13 22:12:00,47.0,-15.0
2024-10-13 22:13:00,52.0,-21.0
2024-10-13 22:14:00,56.0,-25.0
2024-10-13 22:15:00,53.0,-23.0
2024-10-13 22:16:00,43.0,-12.0
2024-10-13 22:17:00,44.0,-13.0
2024-10-13 22:18:00,47.0,-16.0
2024-10-13 22:19:00,45.0,-17.0
2024-10-13 22:20:00,44.0,-18.0
2024-10-13 22:21:00,44.0,-19.0
2024-10-13 22:22:00,43.0,-19.0
2024-10-13 22:23:00,46.0,-18.0
2024-10-13 22:24:00,43.0,-15.0
2024-10-13 22:25:00,41.0,-16.0
2024-10-13 22:26:00,41.0,-15.0
2024-10-13 22:27:00,47.0,-17.0
2024-10-13 22:28:00,48.0,-18.0
2024-10-13 22:29:00,51.0,-21.0
2024-10-13 22:30:00,46.0,-19.0
2024-10-13 22:31:00,37.0,-15.0
2024-10-13 22:32:00,40.0,-19.0
2024-10-13 22:33:00,40.0,-18.0
2024-10-13 22:34:00,33.0,-11.0
2024-10-13 22:35:00,37.0,-12.0
2024-10-13 22:36:00,37.0,-10.0
2024-10-13 22:37:00,32.0,-10.0
2024-10-13 22:38:00,32.0,-12.0
2024-10-13 22:39:00,36.0,-13.0
2024-10-13 22:40:00,41.0,-19.0
2024-10-13 22:41:00,38.0,-19.0
2024-10-13 22:42:00,37.0,-20.0
2024-10-13 22:43:00,61.0,-40.0
2024-10-13 22:44:00,92.0,-71.0
2024-10-13 22:45:00,89.0,-63.0
2024-10-13 22:46:00,64.0,-38.0
2024-10-13 22:47:00,52.0,-28.0
2024-10-13 22:48:00,30.0,-10.0
2024-10-13 22:49:00,39.0,-15.0
2024-10-13 22:50:00,61.0,-19.0
2024-10-13 22:51:00,55.0,-14.0
2024-10-13 22:52:00,48.0,-17.0
2024-10-13 22:53:00,57.0,-10.0
2024-10-13 22:54:00,58.0,-11.0
2024-10-13 22:55:00,45.0,-15.0
2024-10-13 22:56:00,41.0,-18.0
2024-10-13 22:57:00,39.0,-19.0
2024-10-13 22:58:00,31.0,-16.0
2024-10-13 22:59:00,31.0,-17.0
2024-10-13 23:00:00,31.0,-13.0
2024-10-13 23:01:00,24.0,-12.0
2024-10-13 23:02:00,21.0,-12.0
2024-10-13 23:03:00,24.0,-13.0
2024-10-13 23:04:00,22.0,-14.0
2024-10-13 23:05:00,24.0,-14.0
2024-10-13 23:06:00,24.0,-14.0
2024-10-13 23:07:00,24.0,-13.0
2024-10-13 23:08:00,22.0,-12.0
2024-10-13 23:09:00,21.0,-12.0
2024-10-13 23:10:00,22.0,-13.0
2024-10-13 23:11:00,23.0,-13.0
2024-10-13 23:12:00,28.0,-16.0
2024-10-13 23:13:00,31.0,-18.0
2024-10-13 23:14:00,41.0,-27.0
2024-10-13 23:15:00,45.0,-29.0
2024-10-13 23:16:00,57.0,-40.0
2024-10-13 23:17:00,96.0,-79.0
2024-10-13 23:18:00,107.0,-87.0
2024-10-13 23:19:00,84.0,-59.0
2024-10-13 23:20:00,52.0,-18.0
2024-10-13 23:21:00,62.0,-22.0
2024-10-13 23:22:00,60.0,-14.0
2024-10-13 23:23:00,56.0,-15.0
2024-10-13 23:24:00,52.0,-14.0
2024-10-13 23:25:00,33.0,-14.0
2024-10-13 23:26:00,69.0,-15.0
2024-10-13 23:27:00,61.0,-15.0
2024-10-13 23:28:00,43.0,-13.0
2024-10-13 23:29:00,41.0,-14.0
2024-10-13 23:30:00,50.0,-14.0
2024-10-13 23:31:00,50.0,-14.0
2024-10-13 23:32:00,43.0,-10.0
2024-10-13 23:33:00,45.0,-10.0
2024-10-13 23:34:00,49.0,-11.0
2024-10-13 23:35:00,52.0,-12.0
2024-10-13 23:36:00,54.0,-13.0
2024-10-13 23:37:00,56.0,-14.0
2024-10-13 23:38:00,58.0,-14.0
2024-10-13 23:39:00,60.0,-15.0
2024-10-13 23:40:00,54.0,-16.0
2024-10-13 23:41:00,56.0,-17.0
2024-10-13 23:42:00,57.0,-17.0
2024-10-13 23:43:00,54.0,-18.0
2024-10-13 23:44:00,47.0,-17.0
2024-10-13 23:45:00,48.0,-16.0
2024-10-13 23:46:00,48.0,-16.0
2024-10-13 23:47:00,43.0,-15.0
2024-10-13 23:48:00,44.0,-16.0
2024-10-13 23:49:00,43.0,-16.0
2024-10-13 23:50:00,44.0,-17.0
2024-10-13 23:51:00,46.0,-18.0
2024-10-13 23:52:00,47.0,-19.0
2024-10-13 23:53:00,44.0,-18.0
2024-10-13 23:54:00,39.0,-16.0
2024-10-13 23:55:00,36.0,-16.0
2024-10-13 23:56:00,41.0,-17.0
2024-10-13 23:57:00,45.0,-19.0
2024-10-13 23:58:00,46.0,-21.0
2024-10-13 23:59:00,45.0,-21.0
2024-10-14 00:00:00,28.0,-22.0
2024-10-14 00:01:00,27.0,-22.0
2024-10-14 00:02:00,25.0,-21.0
2024-10-14 00:03:00,22.0,-20.0
2024-10-14 00:04:00,20.0,-19.0
2024-10-14 00:05:00,20.0,-19.0
2024-10-14 00:06:00,20.0,-19.0
2024-10-14 00:07:00,25.0,-21.0
2024-10-14 00:08:00,26.0,-21.0
2024-10-14 00:09:00,27.0,-21.0
2024-10-14 00:10:00,28.0,-21.0
2024-10-14 00:11:00,28.0,-20.0
2024-10-14 00:12:00,26.0,-18.0
2024-10-14 00:13:00,26.0,-18.0
2024-10-14 00:14:00,21.0,-16.0
2024-10-14 00:15:00,18.0,-15.0
2024-10-14 00:16:00,18.0,-15.0
2024-10-14 00:17:00,19.0,-16.0
2024-10-14 00:18:00,23.0,-17.0
2024-10-14 00:19:00,27.0,-19.0
2024-10-14 00:20:00,25.0,-19.0
2024-10-14 00:21:00,18.0,-18.0
2024-10-14 00:22:00,18.0,-18.0
2024-10-14 00:23:00,16.0,-16.0
2024-10-14 00:24:00,15.0,-15.0
2024-10-14 00:25:00,15.0,-15.0
2024-10-14 00:26:00,16.0,-15.0
2024-10-14 00:27:00,18.0,-17.0
2024-10-14 00:28:00,18.0,-18.0
2024-10-14 00:29:00,18.0,-18.0
2024-10-14 00:30:00,20.0,-18.0
2024-10-14 00:31:00,19.0,-17.0
2024-10-14 00:32:00,13.0,-13.0
2024-10-14 00:33:00,13.0,-13.0
2024-10-14 00:34:00,14.0,-13.0
2024-10-14 00:35:00,13.0,-12.0
2024-10-14 00:36:00,14.0,-12.0
2024-10-14 00:37:00,16.0,-12.0
2024-10-14 00:38:00,16.0,-12.0
2024-10-14 00:39:00,14.0,-13.0
2024-10-14 00:40:00,18.0,-15.0
2024-10-14 00:41:00,19.0,-14.0
2024-10-14 00:42:00,17.0,-13.0
2024-10-14 00:43:00,14.0,-12.0
2024-10-14 00:44:00,12.0,-11.0
2024-10-14 00:45:00,13.0,-11.0
2024-10-14 00:46:00,14.0,-13.0
2024-10-14 00:47:00,15.0,-14.0
2024-10-14 00:48:00,13.0,-12.0
2024-10-14 00:49:00,14.0,-13.0
2024-10-14 00:50:00,16.0,-14.0
2024-10-14 00:51:00,15.0,-13.0
2024-10-14 00:52:00,15.0,-14.0
2024-10-14 00:53:00,19.0,-18.0
2024-10-14 00:54:00,18.0,-17.0
2024-10-14 00:55:00,16.0,-16.0
2024-10-14 00:56:00,19.0,-18.0
2024-10-14 00:57:00,17.0,-16.0
2024-10-14 00:58:00,16.0,-15.0
2024-10-14 00:59:00,16.0,-15.0
2024-10-14 01:00:00,15.0,-14.0
2024-10-14 01:01:00,16.0,-15.0
2024-10-14 01:02:00,15.0,-14.0
2024-10-14 01:03:00,12.0,-11.0
2024-10-14 01:04:00,14.0,-10.0
2024-10-14 01:05:00,14.0,-11.0
2024-10-14 01:06:00,12.0,-12.0
2024-10-14 01:07:00,11.0,-11.0
2024-10-14 01:08:00,14.0,-14.0
2024-10-14 01:09:00,18.0,-17.0
2024-10-14 01:10:00,20.0,-19.0
2024-10-14 01:11:00,24.0,-22.0
2024-10-14 01:12:00,22.0,-21.0
2024-10-14 01:13:00,19.0,-17.0
2024-10-14 01:14:00,17.0,-16.0
2024-10-14 01:15:00,16.0,-15.0
2024-10-14 01:16:00,18.0,-17.0
2024-10-14 01:17:00,21.0,-20.0
2024-10-14 01:18:00,20.0,-19.0
2024-10-14 01:19:00,15.0,-14.0
2024-10-14 01:20:00,11.0,-11.0
2024-10-14 01:21:00,14.0,-14.0
2024-10-14 01:22:00,29.0,-16.0
2024-10-14 01:23:00,33.0,-14.0
2024-10-14 01:24:00,41.0,-10.0
2024-10-14 01:25:00,38.0,-6.0
2024-10-14 01:26:00,25.0,-7.0
2024-10-14 01:27:00,17.0,-8.0
2024-10-14 01:28:00,30.0,-27.0
2024-10-14 01:29:00,14.0,-10.0
2024-10-14 01:30:00,29.0,-19.0
2024-10-14 01:31:00,34.0,-19.0
2024-10-14 01:32:00,23.0,-13.0
2024-10-14 01:33:00,20.0,-12.0
2024-10-14 01:34:00,30.0,-27.0
2024-10-14 01:35:00,23.0,-21.0
2024-10-14 01:36:00,17.0,-17.0
2024-10-14 01:37:00,17.0,-16.0
2024-10-14 01:38:00,15.0,-12.0
2024-10-14 01:39:00,22.0,-20.0
2024-10-14 01:40:00,27.0,-23.0
2024-10-14 01:41:00,22.0,-19.0
2024-10-14 01:42:00,20.0,-20.0
2024-10-14 01:43:00,27.0,-27.0
2024-10-14 01:44:00,32.0,-31.0
2024-10-14 01:45:00,30.0,-27.0
2024-10-14 01:46:00,23.0,-20.0
2024-10-14 01:47:00,19.0,-17.0
2024-10-14 01:48:00,16.0,-16.0
2024-10-14 01:49:00,15.0,-15.0
2024-10-14 01:50:00,13.0,-13.0
2024-10-14 01:51:00,10.0,-9.0
2024-10-14 01:52:00,11.0,-9.0
2024-10-14 01:53:00,9.0,-9.0
2024-10-14 01:54:00,12.0,-11.0
2024-10-14 01:55:00,16.0,-15.0
2024-10-14 01:56:00,16.0,-14.0
2024-10-14 01:57:00,14.0,-12.0
2024-10-14 01:58:00,14.0,-11.0
2024-10-14 01:59:00,15.0,-12.0
2024-10-14 02:00:00,13.0,-13.0
2024-10-14 02:01:00,13.0,-13.0
2024-10-14 02:02:00,13.0,-13.0
2024-10-14 02:03:00,11.0,-11.0
2024-10-14 02:04:00,10.0,-10.0
2024-10-14 02:05:00,9.0,-9.0
2024-10-14 02:06:00,8.0,-8.0
2024-10-14 02:07:00,9.0,-9.0
2024-10-14 02:08:00,8.0,-8.0
2024-10-14 02:09:00,10.0,-10.0
2024-10-14 02:10:00,12.0,-11.0
2024-10-14 02:11:00,12.0,-12.0
2024-10-14 02:12:00,14.0,-13.0
2024-10-14 02:13:00,14.0,-13.0
2024-10-14 02:14:00,12.0,-11.0
2024-10-14 02:15:00,12.0,-11.0
2024-10-14 02:16:00,11.0,-11.0
2024-10-14 02:17:00,12.0,-11.0
2024-10-14 02:18:00,10.0,-10.0
2024-10-14 02:19:00,9.0,-9.0
2024-10-14 02:20:00,8.0,-8.0
2024-10-14 02:21:00,9.0,-9.0
2024-10-14 02:22:00,11.0,-10.0
2024-10-14 02:23:00,12.0,-11.0
2024-10-14 02:24:00,12.0,-11.0
2024-10-14 02:25:00,12.0,-11.0
2024-10-14 02:26:00,12.0,-11.0
2024-10-14 02:27:00,13.0,-12.0
2024-10-14 02:28:00,13.0,-12.0
2024-10-14 02:29:00,11.0,-10.0
2024-10-14 02:30:00,10.0,-9.0
2024-10-14 02:31:00,10.0,-9.0
2024-10-14 02:32:00,9.0,-9.0
2024-10-14 02:33:00,10.0,-9.0
2024-10-14 02:34:00,11.0,-10.0
2024-10-14 02:35:00,13.0,-12.0
2024-10-14 02:36:00,15.0,-13.0
2024-10-14 02:37:00,18.0,-16.0
2024-10-14 02:38:00,19.0,-17.0
2024-10-14 02:39:00,15.0,-13.0
2024-10-14 02:40:00,11.0,-8.0
2024-10-14 02:41:00,11.0,-8.0
2024-10-14 02:42:00,11.0,-9.0
2024-10-14 02:43:00,18.0,-16.0
2024-10-14 02:44:00,22.0,-20.0
2024-10-14 02:45:00,18.0,-16.0
2024-10-14 02:46:00,12.0,-9.0
2024-10-14 02:47:00,11.0,-8.0
2024-10-14 02:48:00,11.0,-8.0
2024-10-14 02:49:00,10.0,-7.0
2024-10-14 02:50:00,13.0,-10.0
2024-10-14 02:51:00,13.0,-9.0
2024-10-14 02:52:00,10.0,-8.0
2024-10-14 02:53:00,10.0,-8.0
2024-10-14 02:54:00,9.0,-7.0
2024-10-14 02:55:00,10.0,-7.0
2024-10-14 02:56:00,11.0,-8.0
2024-10-14 02:57:00,13.0,-9.0
2024-10-14 02:58:00,12.0,-9.0
2024-10-14 02:59:00,13.0,-9.0
2024-10-14 03:00:00,14.0,-10.0
2024-10-14 03:01:00,13.0,-10.0
2024-10-14 03:02:00,13.0,-11.0
2024-10-14 03:03:00,12.0,-10.0
2024-10-14 03:04:00,13.0,-10.0
2024-10-14 03:05:00,12.0,-9.0
2024-10-14 03:06:00,15.0,-10.0
2024-10-14 03:07:00,15.0,-12.0
2024-10-14 03:08:00,24.0,-19.0
2024-10-14 03:09:00,25.0,-19.0
2024-10-14 03:10:00,20.0,-15.0
2024-10-14 03:11:00,17.0,-12.0
2024-10-14 03:12:00,18.0,-13.0
2024-10-14 03:13:00,16.0,-13.0
2024-10-14 03:14:00,16.0,-13.0
2024-10-14 03:15:00,14.0,-13.0
2024-10-14 03:16:00,13.0,-12.0
2024-10-14 03:17:00,13.0,-12.0
2024-10-14 03:18:00,15.0,-13.0
2024-10-14 03:19:00,13.0,-11.0
2024-10-14 03:20:00,15.0,-11.0
2024-10-14 03:21:00,18.0,-15.0
2024-10-14 03:22:00,19.0,-15.0
2024-10-14 03:23:00,17.0,-13.0
2024-10-14 03:24:00,11.0,-8.0
2024-10-14 03:25:00,16.0,-13.0
2024-10-14 03:26:00,22.0,-17.0
2024-10-14 03:27:00,24.0,-18.0
2024-10-14 03:28:00,23.0,-16.0
2024-10-14 03:29:00,20.0,-13.0
2024-10-14 03:30:00,20.0,-13.0
2024-10-14 03:31:00,19.0,-12.0
2024-10-14 03:32:00,19.0,-12.0
2024-10-14 03:33:00,18.0,-11.0
2024-10-14 03:34:00,15.0,-10.0
2024-10-14 03:35:00,15.0,-10.0
2024-10-14 03:36:00,14.0,-9.0
2024-10-14 03:37:00,14.0,-9.0
2024-10-14 03:38:00,13.0,-9.0
2024-10-14 03:39:00,11.0,-7.0
2024-10-14 03:40:00,11.0,-7.0
2024-10-14 03:41:00,11.0,-7.0
2024-10-14 03:42:00,12.0,-7.0
2024-10-14 03:43:00,13.0,-8.0
2024-10-14 03:44:00,13.0,-8.0
2024-10-14 03:45:00,15.0,-9.0
2024-10-14 03:46:00,23.0,-16.0
2024-10-14 03:47:00,27.0,-23.0
2024-10-14 03:48:00,22.0,-13.0
2024-10-14 03:49:00,28.0,-21.0
2024-10-14 03:50:00,27.0,-22.0
2024-10-14 03:51:00,25.0,-19.0
2024-10-14 03:52:00,28.0,-21.0
2024-10-14 03:53:00,31.0,-22.0
2024-10-14 03:54:00,27.0,-19.0
2024-10-14 03:55:00,27.0,-20.0
2024-10-14 03:56:00,31.0,-21.0
2024-10-14 03:57:00,33.0,-21.0
2024-10-14 03:58:00,34.0,-21.0
2024-10-14 03:59:00,44.0,-19.0
2024-10-14 04:00:00,46.0,-19.0
2024-10-14 04:01:00,43.0,-21.0
2024-10-14 04:02:00,36.0,-19.0
2024-10-14 04:03:00,33.0,-19.0
2024-10-14 04:04:00,35.0,-20.0
2024-10-14 04:05:00,40.0,-21.0
2024-10-14 04:06:00,39.0,-19.0
2024-10-14 04:07:00,41.0,-18.0
2024-10-14 04:08:00,41.0,-20.0
2024-10-14 04:09:00,40.0,-20.0
2024-10-14 04:10:00,41.0,-19.0
2024-10-14 04:11:00,40.0,-18.0
2024-10-14 04:12:00,40.0,-19.0
2024-10-14 04:13:00,38.0,-17.0
2024-10-14 04:14:00,37.0,-15.0
2024-10-14 04:15:00,38.0,-15.0
2024-10-14 04:16:00,36.0,-14.0
2024-10-14 04:17:00,32.0,-13.0
2024-10-14 04:18:00,32.0,-13.0
2024-10-14 04:19:00,32.0,-13.0
2024-10-14 04:20:00,35.0,-14.0
2024-10-14 04:21:00,34.0,-13.0
2024-10-14 04:22:00,33.0,-13.0
2024-10-14 04:23:00,34.0,-13.0
2024-10-14 04:24:00,33.0,-13.0
2024-10-14 04:25:00,35.0,-13.0
2024-10-14 04:26:00,35.0,-12.0
2024-10-14 04:27:00,35.0,-12.0
2024-10-14 04:28:00,36.0,-13.0
2024-10-14 04:29:00,32.0,-10.0
2024-10-14 04:30:00,32.0,-12.0
2024-10-14 04:31:00,33.0,-13.0
2024-10-14 04:32:00,31.0,-12.0
2024-10-14 04:33:00,29.0,-11.0
2024-10-14 04:34:00,29.0,-12.0
2024-10-14 04:35:00,29.0,-12.0
2024-10-14 04:36:00,28.0,-11.0
2024-10-14 04:37:00,29.0,-12.0
2024-10-14 04:38:00,31.0,-13.0
2024-10-14 04:39:00,30.0,-13.0
2024-10-14 04:40:00,32.0,-15.0
2024-10-14 04:41:00,29.0,-15.0
2024-10-14 04:42:00,28.0,-14.0
2024-10-14 04:43:00,28.0,-13.0
2024-10-14 04:44:00,35.0,-13.0
2024-10-14 04:45:00,32.0,-13.0
2024-10-14 04:46:00,37.0,-13.0
2024-10-14 04:47:00,46.0,-13.0
2024-10-14 04:48:00,53.0,-13.0
2024-10-14 04:49:00,42.0,-11.0
2024-10-14 04:50:00,42.0,-12.0
2024-10-14 04:51:00,45.0,-14.0
2024-10-14 04:52:00,41.0,-13.0
2024-10-14 04:53:00,40.0,-17.0
2024-10-14 04:54:00,36.0,-16.0
2024-10-14 04:55:00,31.0,-16.0
2024-10-14 04:56:00,24.0,-17.0
2024-10-14 04:57:00,24.0,-17.0
2024-10-14 04:58:00,24.0,-16.0
2024-10-14 04:59:00,30.0,-17.0
2024-10-14 05:00:00,45.0,-18.0
2024-10-14 05:01:00,55.0,-19.0
2024-10-14 05:02:00,47.0,-18.0
2024-10-14 05:03:00,44.0,-17.0
2024-10-14 05:04:00,54.0,-19.0
2024-10-14 05:05:00,61.0,-21.0
2024-10-14 05:06:00,57.0,-22.0
2024-10-14 05:07:00,46.0,-23.0
2024-10-14 05:08:00,51.0,-28.0
2024-10-14 05:09:00,58.0,-34.0
2024-10-14 05:10:00,52.0,-31.0
2024-10-14 05:11:00,52.0,-32.0
2024-10-14 05:12:00,53.0,-33.0
2024-10-14 05:13:00,51.0,-25.0
2024-10-14 05:14:00,55.0,-25.0
2024-10-14 05:15:00,50.0,-25.0
2024-10-14 05:16:00,54.0,-23.0
2024-10-14 05:17:00,67.0,-23.0
2024-10-14 05:18:00,59.0,-23.0
2024-10-14 05:19:00,48.0,-23.0
2024-10-14 05:20:00,47.0,-24.0
2024-10-14 05:21:00,52.0,-26.0
2024-10-14 05:22:00,51.0,-24.0
2024-10-14 05:23:00,46.0,-20.0
2024-10-14 05:24:00,51.0,-21.0
2024-10-14 05:25:00,61.0,-21.0
2024-10-14 05:26:00,55.0,-21.0
2024-10-14 05:27:00,53.0,-19.0
2024-10-14 05:28:00,60.0,-19.0
2024-10-14 05:29:00,58.0,-16.0
2024-10-14 05:30:00,55.0,-16.0
2024-10-14 05:31:00,56.0,-18.0
2024-10-14 05:32:00,51.0,-18.0
2024-10-14 05:33:00,56.0,-18.0
2024-10-14 05:34:00,58.0,-17.0
2024-10-14 05:35:00,61.0,-20.0
2024-10-14 05:36:00,60.0,-20.0
2024-10-14 05:37:00,56.0,-17.0
2024-10-14 05:38:00,57.0,-18.0
2024-10-14 05:39:00,60.0,-22.0
2024-10-14 05:40:00,58.0,-21.0
2024-10-14 05:41:00,51.0,-15.0
2024-10-14 05:42:00,47.0,-15.0
2024-10-14 05:43:00,47.0,-13.0
2024-10-14 05:44:00,55.0,-16.0
2024-10-14 05:45:00,61.0,-20.0
2024-10-14 05:46:00,57.0,-17.0
2024-10-14 05:47:00,54.0,-15.0
2024-10-14 05:48:00,59.0,-20.0
2024-10-14 05:49:00,59.0,-21.0
2024-10-14 05:50:00,59.0,-21.0
2024-10-14 05:51:00,55.0,-16.0
2024-10-14 05:52:00,56.0,-16.0
2024-10-14 05:53:00,54.0,-15.0
2024-10-14 05:54:00,54.0,-16.0
2024-10-14 05:55:00,52.0,-14.0
2024-10-14 05:56:00,52.0,-13.0
2024-10-14 05:57:00,54.0,-15.0
2024-10-14 05:58:00,56.0,-15.0
2024-10-14 05:59:00,57.0,-15.0
2024-10-14 06:00:00,58.0,-15.0
2024-10-14 06:01:00,58.0,-16.0
2024-10-14 06:02:00,57.0,-14.0
2024-10-14 06:03:00,56.0,-12.0
2024-10-14 06:04:00,56.0,-11.0
2024-10-14 06:05:00,60.0,-14.0
2024-10-14 06:06:00,60.0,-14.0
2024-10-14 06:07:00,60.0,-14.0
2024-10-14 06:08:00,59.0,-14.0
2024-10-14 06:09:00,56.0,-13.0
2024-10-14 06:10:00,57.0,-15.0
2024-10-14 06:11:00,60.0,-18.0
2024-10-14 06:12:00,58.0,-17.0
2024-10-14 06:13:00,54.0,-14.0
2024-10-14 06:14:00,55.0,-16.0
2024-10-14 06:15:00,56.0,-16.0
2024-10-14 06:16:00,57.0,-15.0
2024-10-14 06:17:00,58.0,-14.0
2024-10-14 06:18:00,59.0,-13.0
2024-10-14 06:19:00,62.0,-12.0
2024-10-14 06:20:00,64.0,-13.0
2024-10-14 06:21:00,62.0,-11.0
2024-10-14 06:22:00,62.0,-11.0
2024-10-14 06:23:00,64.0,-13.0
2024-10-14 06:24:00,65.0,-16.0
2024-10-14 06:25:00,61.0,-14.0
2024-10-14 06:26:00,60.0,-14.0
2024-10-14 06:27:00,64.0,-18.0
2024-10-14 06:28:00,62.0,-18.0
2024-10-14 06:29:00,60.0,-17.0
2024-10-14 06:30:00,63.0,-19.0
2024-10-14 06:31:00,64.0,-19.0
2024-10-14 06:32:00,58.0,-12.0
2024-10-14 06:33:00,54.0,-8.0
2024-10-14 06:34:00,54.0,-8.0
2024-10-14 06:35:00,58.0,-12.0
2024-10-14 06:36:00,57.0,-13.0
2024-10-14 06:37:00,51.0,-10.0
2024-10-14 06:38:00,47.0,-7.0
2024-10-14 06:39:00,47.0,-8.0
2024-10-14 06:40:00,46.0,-8.0
2024-10-14 06:41:00,47.0,-10.0
2024-10-14 06:42:00,46.0,-11.0
2024-10-14 06:43:00,44.0,-11.0
2024-10-14 06:44:00,44.0,-13.0
2024-10-14 06:45:00,46.0,-17.0
2024-10-14 06:46:00,47.0,-21.0
2024-10-14 06:47:00,51.0,-27.0
2024-10-14 06:48:00,54.0,-32.0
2024-10-14 06:49:00,55.0,-34.0
2024-10-14 06:50:00,53.0,-33.0
2024-10-14 06:51:00,57.0,-35.0
2024-10-14 06:52:00,64.0,-42.0
2024-10-14 06:53:00,69.0,-46.0
2024-10-14 06:54:00,66.0,-43.0
2024-10-14 06:55:00,65.0,-43.0
2024-10-14 06:56:00,75.0,-55.0
2024-10-14 06:57:00,76.0,-57.0
2024-10-14 06:58:00,76.0,-56.0
2024-10-14 06:59:00,79.0,-57.0
2024-10-14 07:00:00,76.0,-51.0
2024-10-14 07:01:00,71.0,-44.0
2024-10-14 07:02:00,68.0,-40.0
2024-10-14 07:03:00,63.0,-35.0
2024-10-14 07:04:00,61.0,-30.0
2024-10-14 07:05:00,63.0,-31.0
2024-10-14 07:06:00,61.0,-34.0
2024-10-14 07:07:00,51.0,-27.0
2024-10-14 07:08:00,46.0,-24.0
2024-10-14 07:09:00,47.0,-23.0
2024-10-14 07:10:00,61.0,-35.0
2024-10-14 07:11:00,68.0,-40.0
2024-10-14 07:12:00,73.0,-45.0
2024-10-14 07:13:00,73.0,-45.0
2024-10-14 07:14:00,66.0,-38.0
2024-10-14 07:15:00,62.0,-34.0
2024-10-14 07:16:00,67.0,-40.0
2024-10-14 07:17:00,66.0,-43.0
2024-10-14 07:18:00,69.0,-46.0
2024-10-14 07:19:00,67.0,-49.0
2024-10-14 07:20:00,69.0,-46.0
2024-10-14 07:21:00,74.0,-43.0
2024-10-14 07:22:00,79.0,-47.0
2024-10-14 07:23:00,85.0,-54.0
2024-10-14 07:24:00,92.0,-61.0
2024-10-14 07:25:00,97.0,-66.0
2024-10-14 07:26:00,97.0,-69.0
2024-10-14 07:27:00,94.0,-68.0
2024-10-14 07:28:00,96.0,-65.0
2024-10-14 07:29:00,93.0,-62.0
2024-10-14 07:30:00,90.0,-58.0
2024-10-14 07:31:00,94.0,-59.0
2024-10-14 07:32:00,98.0,-59.0
2024-10-14 07:33:00,99.0,-58.0
2024-10-14 07:34:00,99.0,-57.0
2024-10-14 07:35:00,104.0,-64.0
2024-10-14 07:36:00,106.0,-67.0
2024-10-14 07:37:00,104.0,-63.0
2024-10-14 07:38:00,108.0,-67.0
2024-10-14 07:39:00,103.0,-66.0
2024-10-14 07:40:00,90.0,-62.0
2024-10-14 07:41:00,87.0,-59.0
2024-10-14 07:42:00,84.0,-55.0
2024-10-14 07:43:00,84.0,-50.0
2024-10-14 07:44:00,78.0,-49.0
2024-10-14 07:45:00,77.0,-50.0
2024-10-14 07:46:00,79.0,-51.0
2024-10-14 07:47:00,73.0,-50.0
2024-10-14 07:48:00,61.0,-48.0
2024-10-14 07:49:00,91.0,-69.0
2024-10-14 07:50:00,122.0,-97.0
2024-10-14 07:51:00,95.0,-74.0
2024-10-14 07:52:00,75.0,-59.0
2024-10-14 07:53:00,69.0,-60.0
2024-10-14 07:54:00,60.0,-49.0
2024-10-14 07:55:00,57.0,-45.0
2024-10-14 07:56:00,54.0,-44.0
2024-10-14 07:57:00,65.0,-52.0
2024-10-14 07:58:00,57.0,-45.0
2024-10-14 07:59:00,55.0,-43.0
2024-10-14 08:00:00,57.0,-38.0
2024-10-14 08:01:00,55.0,-33.0
2024-10-14 08:02:00,51.0,-29.0
2024-10-14 08:03:00,51.0,-28.0
2024-10-14 08:04:00,51.0,-28.0
2024-10-14 08:05:00,50.0,-28.0
2024-10-14 08:06:00,49.0,-26.0
2024-10-14 08:07:00,48.0,-26.0
2024-10-14 08:08:00,50.0,-26.0
2024-10-14 08:09:00,54.0,-30.0
2024-10-14 08:10:00,52.0,-29.0
2024-10-14 08:11:00,52.0,-31.0
2024-10-14 08:12:00,49.0,-34.0
2024-10-14 08:13:00,47.0,-36.0
2024-10-14 08:14:00,49.0,-37.0
2024-10-14 08:15:00,55.0,-38.0
2024-10-14 08:16:00,57.0,-38.0
2024-10-14 08:17:00,60.0,-39.0
2024-10-14 08:18:00,65.0,-42.0
2024-10-14 08:19:00,66.0,-42.0
2024-10-14 08:20:00,68.0,-44.0
2024-10-14 08:21:00,93.0,-70.0
2024-10-14 08:22:00,118.0,-94.0
2024-10-14 08:23:00,123.0,-98.0
2024-10-14 08:24:00,224.0,-199.0
2024-10-14 08:25:00,275.0,-249.0
2024-10-14 08:26:00,342.0,-311.0
2024-10-14 08:27:00,277.0,-252.0
2024-10-14 08:28:00,251.0,-219.0
2024-10-14 08:29:00,251.0,-221.0
2024-10-14 08:30:00,253.0,-237.0
2024-10-14 08:31:00,129.0,-113.0
2024-10-14 08:32:00,104.0,-92.0
2024-10-14 08:33:00,120.0,-89.0
2024-10-14 08:34:00,117.0,-85.0
2024-10-14 08:35:00,93.0,-79.0
2024-10-14 08:36:00,92.0,-77.0
2024-10-14 08:37:00,89.0,-81.0
2024-10-14 08:38:00,135.0,-127.0
2024-10-14 08:39:00,163.0,-153.0
2024-10-14 08:40:00,173.0,-161.0
2024-10-14 08:41:00,164.0,-157.0
2024-10-14 08:42:00,146.0,-138.0
2024-10-14 08:43:00,101.0,-79.0
2024-10-14 08:44:00,99.0,-61.0
2024-10-14 08:45:00,118.0,-94.0
2024-10-14 08:46:00,118.0,-104.0
2024-10-14 08:47:00,125.0,-113.0
2024-10-14 08:48:00,122.0,-110.0
2024-10-14 08:49:00,97.0,-83.0
2024-10-14 08:50:00,68.0,-52.0
2024-10-14 08:51:00,65.0,-49.0
2024-10-14 08:52:00,68.0,-53.0
2024-10-14 08:53:00,72.0,-56.0
2024-10-14 08:54:00,79.0,-64.0
2024-10-14 08:55:00,93.0,-77.0
2024-10-14 08:56:00,93.0,-78.0
2024-10-14 08:57:00,79.0,-63.0
2024-10-14 08:58:00,83.0,-67.0
2024-10-14 08:59:00,104.0,-87.0
2024-10-14 09:00:00,131.0,-104.0
2024-10-14 09:01:00,94.0,-75.0
2024-10-14 09:02:00,88.0,-72.0
2024-10-14 09:03:00,88.0,-72.0
2024-10-14 09:04:00,101.0,-73.0
2024-10-14 09:05:00,171.0,-120.0
2024-10-14 09:06:00,208.0,-152.0
2024-10-14 09:07:00,125.0,-77.0
2024-10-14 09:08:00,88.0,-62.0
2024-10-14 09:09:00,106.0,-85.0
2024-10-14 09:10:00,82.0,-65.0
2024-10-14 09:11:00,60.0,-43.0
2024-10-14 09:12:00,62.0,-42.0
2024-10-14 09:13:00,64.0,-42.0
2024-10-14 09:14:00,82.0,-39.0
2024-10-14 09:15:00,83.0,-37.0
2024-10-14 09:16:00,69.0,-36.0
2024-10-14 09:17:00,64.0,-35.0
2024-10-14 09:18:00,69.0,-35.0
2024-10-14 09:19:00,86.0,-35.0
2024-10-14 09:20:00,107.0,-34.0
2024-10-14 09:21:00,76.0,-31.0
2024-10-14 09:22:00,75.0,-30.0
2024-10-14 09:23:00,85.0,-27.0
2024-10-14 09:24:00,78.0,-26.0
2024-10-14 09:25:00,61.0,-26.0
2024-10-14 09:26:00,59.0,-25.0
2024-10-14 09:27:00,59.0,-25.0
2024-10-14 09:28:00,59.0,-25.0
2024-10-14 09:29:00,63.0,-25.0
2024-10-14 09:30:00,60.0,-25.0
2024-10-14 09:31:00,50.0,-25.0
2024-10-14 09:32:00,47.0,-25.0
2024-10-14 09:33:00,50.0,-25.0
2024-10-14 09:34:00,43.0,-25.0
2024-10-14 09:35:00,42.0,-26.0
2024-10-14 09:36:00,39.0,-25.0
2024-10-14 09:37:00,41.0,-25.0
2024-10-14 09:38:00,39.0,-25.0
2024-10-14 09:39:00,39.0,-25.0
2024-10-14 09:40:00,39.0,-25.0
2024-10-14 09:41:00,40.0,-26.0
2024-10-14 09:42:00,40.0,-26.0
2024-10-14 09:43:00,40.0,-26.0
2024-10-14 09:44:00,40.0,-27.0
2024-10-14 09:45:00,40.0,-27.0
2024-10-14 09:46:00,41.0,-27.0
2024-10-14 09:47:00,38.0,-26.0
2024-10-14 09:48:00,40.0,-27.0
2024-10-14 09:49:00,41.0,-27.0
2024-10-14 09:50:00,43.0,-28.0
2024-10-14 09:51:00,42.0,-28.0
2024-10-14 09:52:00,41.0,-28.0
2024-10-14 09:53:00,42.0,-29.0
2024-10-14 09:54:00,42.0,-28.0
2024-10-14 09:55:00,42.0,-28.0
2024-10-14 09:56:00,43.0,-28.0
2024-10-14 09:57:00,41.0,-28.0
2024-10-14 09:58:00,41.0,-30.0
2024-10-14 09:59:00,41.0,-30.0
2024-10-14 10:00:00,43.0,-31.0
2024-10-14 10:01:00,42.0,-30.0
2024-10-14 10:02:00,45.0,-32.0
2024-10-14 10:03:00,45.0,-32.0
2024-10-14 10:04:00,46.0,-33.0
2024-10-14 10:05:00,44.0,-33.0
2024-10-14 10:06:00,45.0,-34.0
2024-10-14 10:07:00,47.0,-36.0
2024-10-14 10:08:00,50.0,-38.0
2024-10-14 10:09:00,48.0,-37.0
2024-10-14 10:10:00,45.0,-36.0
2024-10-14 10:11:00,43.0,-36.0
2024-10-14 10:12:00,43.0,-37.0
2024-10-14 10:13:00,42.0,-37.0
2024-10-14 10:14:00,39.0,-34.0
2024-10-14 10:15:00,40.0,-35.0
2024-10-14 10:16:00,41.0,-36.0
2024-10-14 10:17:00,41.0,-36.0
2024-10-14 10:18:00,41.0,-37.0
2024-10-14 10:19:00,39.0,-36.0
2024-10-14 10:20:00,39.0,-36.0
2024-10-14 10:21:00,41.0,-38.0
2024-10-14 10:22:00,37.0,-32.0
2024-10-14 10:23:00,38.0,-34.0
2024-10-14 10:24:00,39.0,-35.0
2024-10-14 10:25:00,36.0,-33.0
2024-10-14 10:26:00,37.0,-33.0
2024-10-14 10:27:00,36.0,-31.0
2024-10-14 10:28:00,38.0,-33.0
2024-10-14 10:29:00,36.0,-31.0
2024-10-14 10:30:00,35.0,-31.0
2024-10-14 10:31:00,39.0,-35.0
2024-10-14 10:32:00,37.0,-33.0
2024-10-14 10:33:00,39.0,-35.0
2024-10-14 10:34:00,38.0,-34.0
2024-10-14 10:35:00,38.0,-36.0
2024-10-14 10:36:00,40.0,-38.0
2024-10-14 10:37:00,36.0,-34.0
2024-10-14 10:38:00,36.0,-34.0
2024-10-14 10:39:00,39.0,-37.0
2024-10-14 10:40:00,39.0,-35.0
2024-10-14 10:41:00,39.0,-35.0
2024-10-14 10:42:00,38.0,-35.0
2024-10-14 10:43:00,36.0,-33.0
2024-10-14 10:44:00,37.0,-34.0
2024-10-14 10:45:00,38.0,-34.0
2024-10-14 10:46:00,39.0,-35.0
2024-10-14 10:47:00,42.0,-37.0
2024-10-14 10:48:00,40.0,-35.0
2024-10-14 10:49:00,41.0,-36.0
2024-10-14 10:50:00,45.0,-40.0
2024-10-14 10:51:00,50.0,-45.0
2024-10-14 10:52:00,51.0,-45.0
2024-10-14 10:53:00,47.0,-41.0
2024-10-14 10:54:00,49.0,-41.0
2024-10-14 10:55:00,52.0,-43.0
2024-10-14 10:56:00,50.0,-41.0
2024-10-14 10:57:00,41.0,-34.0
2024-10-14 10:58:00,42.0,-35.0
2024-10-14 10:59:00,42.0,-36.0
2024-10-14 11:00:00,40.0,-34.0
2024-10-14 11:01:00,39.0,-34.0
2024-10-14 11:02:00,39.0,-35.0
2024-10-14 11:03:00,39.0,-34.0
2024-10-14 11:04:00,40.0,-35.0
2024-10-14 11:05:00,40.0,-36.0
2024-10-14 11:06:00,39.0,-37.0
2024-10-14 11:07:00,42.0,-37.0
2024-10-14 11:08:00,42.0,-36.0
2024-10-14 11:09:00,42.0,-36.0
2024-10-14 11:10:00,42.0,-38.0
2024-10-14 11:11:00,39.0,-37.0
2024-10-14 11:12:00,38.0,-37.0
2024-10-14 11:13:00,39.0,-38.0
2024-10-14 11:14:00,38.0,-38.0
2024-10-14 11:15:00,37.0,-38.0
2024-10-14 11:16:00,38.0,-39.0
2024-10-14 11:17:00,39.0,-39.0
2024-10-14 11:18:00,37.0,-37.0
2024-10-14 11:19:00,37.0,-37.0
2024-10-14 11:20:00,38.0,-38.0
2024-10-14 11:21:00,39.0,-39.0
2024-10-14 11:22:00,40.0,-40.0
2024-10-14 11:23:00,38.0,-38.0
2024-10-14 11:24:00,39.0,-40.0
2024-10-14 11:25:00,37.0,-38.0
2024-10-14 11:26:00,38.0,-39.0
2024-10-14 11:27:00,40.0,-40.0
2024-10-14 11:28:00,39.0,-40.0
2024-10-14 11:29:00,39.0,-40.0
2024-10-14 11:30:00,41.0,-41.0
2024-10-14 11:31:00,41.0,-41.0
2024-10-14 11:32:00,40.0,-40.0
2024-10-14 11:33:00,40.0,-40.0
2024-10-14 11:34:00,41.0,-41.0
2024-10-14 11:35:00,40.0,-42.0
2024-10-14 11:36:00,43.0,-43.0
2024-10-14 11:37:00,42.0,-43.0
2024-10-14 11:38:00,43.0,-44.0
2024-10-14 11:39:00,46.0,-46.0
2024-10-14 11:40:00,47.0,-47.0
2024-10-14 11:41:00,45.0,-45.0
2024-10-14 11:42:00,45.0,-43.0
2024-10-14 11:43:00,43.0,-40.0
2024-10-14 11:44:00,45.0,-42.0
2024-10-14 11:45:00,45.0,-42.0
2024-10-14 11:46:00,45.0,-41.0
2024-10-14 11:47:00,46.0,-41.0
2024-10-14 11:48:00,46.0,-41.0
2024-10-14 11:49:00,46.0,-41.0
2024-10-14 11:50:00,49.0,-42.0
2024-10-14 11:51:00,49.0,-42.0
2024-10-14 11:52:00,47.0,-41.0
2024-10-14 11:53:00,48.0,-42.0
2024-10-14 11:54:00,50.0,-44.0
2024-10-14 11:55:00,49.0,-43.0
2024-10-14 11:56:00,47.0,-41.0
2024-10-14 11:57:00,47.0,-40.0
2024-10-14 11:58:00,48.0,-40.0
2024-10-14 11:59:00,48.0,-40.0
2024-10-14 12:00:00,49.0,-41.0
2024-10-14 12:01:00,48.0,-39.0
2024-10-14 12:02:00,47.0,-39.0
2024-10-14 12:03:00,49.0,-41.0
2024-10-14 12:04:00,53.0,-43.0
2024-10-14 12:05:00,53.0,-43.0
2024-10-14 12:06:00,52.0,-44.0
2024-10-14 12:07:00,54.0,-45.0
2024-10-14 12:08:00,55.0,-45.0
2024-10-14 12:09:00,53.0,-45.0
2024-10-14 12:10:00,54.0,-44.0
2024-10-14 12:11:00,52.0,-43.0
2024-10-14 12:12:00,51.0,-43.0
2024-10-14 12:13:00,55.0,-44.0
2024-10-14 12:14:00,58.0,-45.0
2024-10-14 12:15:00,56.0,-43.0
2024-10-14 12:16:00,56.0,-42.0
2024-10-14 12:17:00,57.0,-41.0
2024-10-14 12:18:00,57.0,-41.0
2024-10-14 12:19:00,58.0,-41.0
2024-10-14 12:20:00,59.0,-42.0
2024-10-14 12:21:00,59.0,-41.0
2024-10-14 12:22:00,58.0,-40.0
2024-10-14 12:23:00,59.0,-41.0
2024-10-14 12:24:00,59.0,-43.0
2024-10-14 12:25:00,60.0,-44.0
2024-10-14 12:26:00,60.0,-44.0
2024-10-14 12:27:00,62.0,-43.0
2024-10-14 12:28:00,63.0,-42.0
2024-10-14 12:29:00,61.0,-41.0
2024-10-14 12:30:00,61.0,-42.0
2024-10-14 12:31:00,62.0,-42.0
2024-10-14 12:32:00,64.0,-42.0
2024-10-14 12:33:00,66.0,-44.0
2024-10-14 12:34:00,68.0,-44.0
2024-10-14 12:35:00,71.0,-45.0
2024-10-14 12:36:00,74.0,-45.0
2024-10-14 12:37:00,73.0,-45.0
2024-10-14 12:38:00,80.0,-45.0
2024-10-14 12:39:00,79.0,-45.0
2024-10-14 12:40:00,75.0,-45.0
2024-10-14 12:41:00,77.0,-45.0
2024-10-14 12:42:00,73.0,-44.0
2024-10-14 12:43:00,73.0,-42.0
2024-10-14 12:44:00,76.0,-40.0
2024-10-14 12:45:00,74.0,-40.0
2024-10-14 12:46:00,75.0,-41.0
2024-10-14 12:47:00,77.0,-43.0
2024-10-14 12:48:00,76.0,-43.0
2024-10-14 12:49:00,74.0,-43.0
2024-10-14 12:50:00,78.0,-43.0
2024-10-14 12:51:00,73.0,-42.0
2024-10-14 12:52:00,71.0,-41.0
2024-10-14 12:53:00,77.0,-41.0
2024-10-14 12:54:00,75.0,-41.0
2024-10-14 12:55:00,77.0,-42.0
2024-10-14 12:56:00,75.0,-44.0
2024-10-14 12:57:00,76.0,-43.0
2024-10-14 12:58:00,82.0,-41.0
2024-10-14 12:59:00,85.0,-39.0
2024-10-14 13:00:00,85.0,-38.0
2024-10-14 13:01:00,88.0,-38.0
2024-10-14 13:02:00,90.0,-39.0
2024-10-14 13:03:00,86.0,-40.0
2024-10-14 13:04:00,86.0,-40.0
2024-10-14 13:05:00,83.0,-40.0
2024-10-14 13:06:00,87.0,-40.0
2024-10-14 13:07:00,93.0,-39.0
2024-10-14 13:08:00,101.0,-40.0
2024-10-14 13:09:00,104.0,-41.0
2024-10-14 13:10:00,104.0,-41.0
2024-10-14 13:11:00,102.0,-42.0
2024-10-14 13:12:00,97.0,-39.0
2024-10-14 13:13:00,97.0,-40.0
2024-10-14 13:14:00,101.0,-38.0
2024-10-14 13:15:00,107.0,-38.0
2024-10-14 13:16:00,103.0,-41.0
2024-10-14 13:17:00,104.0,-41.0
2024-10-14 13:18:00,109.0,-43.0
2024-10-14 13:19:00,104.0,-43.0
2024-10-14 13:20:00,102.0,-43.0
2024-10-14 13:21:00,101.0,-45.0
2024-10-14 13:22:00,109.0,-44.0
2024-10-14 13:23:00,108.0,-44.0
2024-10-14 13:24:00,106.0,-44.0
2024-10-14 13:25:00,102.0,-44.0
2024-10-14 13:26:00,99.0,-43.0
2024-10-14 13:27:00,100.0,-43.0
2024-10-14 13:28:00,103.0,-42.0
2024-10-14 13:29:00,112.0,-42.0
2024-10-14 13:30:00,118.0,-45.0
2024-10-14 13:31:00,119.0,-50.0
2024-10-14 13:32:00,119.0,-58.0
2024-10-14 13:33:00,113.0,-57.0
2024-10-14 13:34:00,111.0,-62.0
2024-10-14 13:35:00,106.0,-65.0
2024-10-14 13:36:00,109.0,-64.0
2024-10-14 13:37:00,129.0,-63.0
2024-10-14 13:38:00,112.0,-62.0
2024-10-14 13:39:00,116.0,-66.0
2024-10-14 13:40:00,142.0,-70.0
2024-10-14 13:41:00,149.0,-74.0
2024-10-14 13:42:00,156.0,-73.0
2024-10-14 13:43:00,143.0,-78.0
2024-10-14 13:44:00,147.0,-83.0
2024-10-14 13:45:00,128.0,-83.0
2024-10-14 13:46:00,125.0,-84.0
2024-10-14 13:47:00,131.0,-83.0
2024-10-14 13:48:00,143.0,-87.0
2024-10-14 13:49:00,147.0,-95.0
2024-10-14 13:50:00,143.0,-98.0
2024-10-14 13:51:00,136.0,-104.0
2024-10-14 13:52:00,150.0,-117.0
2024-10-14 13:53:00,155.0,-115.0
2024-10-14 13:54:00,159.0,-113.0
2024-10-14 13:55:00,155.0,-110.0
2024-10-14 13:56:00,150.0,-110.0
2024-10-14 13:57:00,146.0,-114.0
2024-10-14 13:58:00,142.0,-114.0
2024-10-14 13:59:00,144.0,-119.0
2024-10-14 14:00:00,163.0,-132.0
2024-10-14 14:01:00,182.0,-140.0
2024-10-14 14:02:00,200.0,-140.0
2024-10-14 14:03:00,209.0,-137.0
2024-10-14 14:04:00,213.0,-136.0
2024-10-14 14:05:00,204.0,-135.0
2024-10-14 14:06:00,194.0,-133.0
2024-10-14 14:07:00,182.0,-131.0
2024-10-14 14:08:00,174.0,-128.0
2024-10-14 14:09:00,176.0,-125.0
2024-10-14 14:10:00,180.0,-123.0
2024-10-14 14:11:00,180.0,-119.0
2024-10-14 14:12:00,185.0,-116.0
2024-10-14 14:13:00,182.0,-113.0
2024-10-14 14:14:00,187.0,-109.0
2024-10-14 14:15:00,180.0,-103.0
2024-10-14 14:16:00,160.0,-96.0
2024-10-14 14:17:00,141.0,-89.0
2024-10-14 14:18:00,133.0,-84.0
2024-10-14 14:19:00,138.0,-81.0
2024-10-14 14:20:00,144.0,-77.0
2024-10-14 14:21:00,152.0,-72.0
2024-10-14 14:22:00,142.0,-65.0
2024-10-14 14:23:00,130.0,-60.0
2024-10-14 14:24:00,121.0,-56.0
2024-10-14 14:25:00,121.0,-57.0
2024-10-14 14:26:00,121.0,-59.0
2024-10-14 14:27:00,118.0,-59.0
2024-10-14 14:28:00,118.0,-62.0
2024-10-14 14:29:00,119.0,-65.0
2024-10-14 14:30:00,124.0,-70.0
2024-10-14 14:31:00,128.0,-74.0
2024-10-14 14:32:00,122.0,-75.0
2024-10-14 14:33:00,107.0,-71.0
2024-10-14 14:34:00,104.0,-72.0
2024-10-14 14:35:00,102.0,-69.0
2024-10-14 14:36:00,103.0,-69.0
2024-10-14 14:37:00,106.0,-67.0
2024-10-14 14:38:00,112.0,-67.0
2024-10-14 14:39:00,113.0,-63.0
2024-10-14 14:40:00,109.0,-60.0
2024-10-14 14:41:00,102.0,-57.0
2024-10-14 14:42:00,95.0,-56.0
2024-10-14 14:43:00,86.0,-55.0
2024-10-14 14:44:00,78.0,-54.0
2024-10-14 14:45:00,76.0,-54.0
2024-10-14 14:46:00,85.0,-55.0
2024-10-14 14:47:00,95.0,-53.0
2024-10-14 14:48:00,114.0,-59.0
2024-10-14 14:49:00,127.0,-67.0
2024-10-14 14:50:00,132.0,-71.0
2024-10-14 14:51:00,133.0,-73.0
2024-10-14 14:52:00,140.0,-78.0
2024-10-14 14:53:00,146.0,-84.0
2024-10-14 14:54:00,139.0,-79.0
2024-10-14 14:55:00,131.0,-75.0
2024-10-14 14:56:00,128.0,-80.0
2024-10-14 14:57:00,123.0,-81.0
2024-10-14 14:58:00,103.0,-71.0
2024-10-14 14:59:00,93.0,-73.0
2024-10-14 15:00:00,94.0,-76.0
2024-10-14 15:01:00,95.0,-78.0
2024-10-14 15:02:00,94.0,-77.0
2024-10-14 15:03:00,95.0,-74.0
2024-10-14 15:04:00,100.0,-72.0
2024-10-14 15:05:00,115.0,-79.0
2024-10-14 15:06:00,114.0,-73.0
2024-10-14 15:07:00,121.0,-74.0
2024-10-14 15:08:00,129.0,-84.0
2024-10-14 15:09:00,123.0,-85.0
2024-10-14 15:10:00,127.0,-96.0
2024-10-14 15:11:00,129.0,-105.0
2024-10-14 15:12:00,132.0,-110.0
2024-10-14 15:13:00,133.0,-109.0
2024-10-14 15:14:00,135.0,-107.0
2024-10-14 15:15:00,132.0,-103.0
2024-10-14 15:16:00,129.0,-100.0
2024-10-14 15:17:00,130.0,-99.0
2024-10-14 15:18:00,133.0,-106.0
2024-10-14 15:19:00,135.0,-110.0
2024-10-14 15:20:00,141.0,-114.0
2024-10-14 15:21:00,152.0,-122.0
2024-10-14 15:22:00,157.0,-126.0
2024-10-14 15:23:00,159.0,-130.0
2024-10-14 15:24:00,159.0,-133.0
2024-10-14 15:25:00,158.0,-133.0
2024-10-14 15:26:00,162.0,-135.0
2024-10-14 15:27:00,164.0,-136.0
2024-10-14 15:28:00,159.0,-131.0
2024-10-14 15:29:00,156.0,-127.0
2024-10-14 15:30:00,155.0,-126.0
2024-10-14 15:31:00,149.0,-122.0
2024-10-14 15:32:00,142.0,-116.0
2024-10-14 15:33:00,133.0,-107.0
2024-10-14 15:34:00,118.0,-92.0
2024-10-14 15:35:00,98.0,-73.0
2024-10-14 15:36:00,89.0,-64.0
2024-10-14 15:37:00,90.0,-64.0
2024-10-14 15:38:00,95.0,-68.0
2024-10-14 15:39:00,84.0,-74.0
2024-10-14 15:40:00,87.0,-77.0
2024-10-14 15:41:00,92.0,-81.0
2024-10-14 15:42:00,95.0,-85.0
2024-10-14 15:43:00,112.0,-85.0
2024-10-14 15:44:00,142.0,-84.0
2024-10-14 15:45:00,131.0,-79.0
2024-10-14 15:46:00,127.0,-79.0
2024-10-14 15:47:00,130.0,-87.0
2024-10-14 15:48:00,133.0,-93.0
2024-10-14 15:49:00,135.0,-97.0
2024-10-14 15:50:00,140.0,-105.0
2024-10-14 15:51:00,147.0,-114.0
2024-10-14 15:52:00,155.0,-123.0
2024-10-14 15:53:00,167.0,-134.0
2024-10-14 15:54:00,171.0,-138.0
2024-10-14 15:55:00,170.0,-136.0
2024-10-14 15:56:00,167.0,-133.0
2024-10-14 15:57:00,166.0,-130.0
2024-10-14 15:58:00,165.0,-127.0
2024-10-14 15:59:00,163.0,-125.0
2024-10-14 16:00:00,158.0,-121.0
2024-10-14 16:01:00,154.0,-115.0
2024-10-14 16:02:00,155.0,-116.0
2024-10-14 16:03:00,152.0,-117.0
2024-10-14 16:04:00,151.0,-118.0
2024-10-14 16:05:00,152.0,-121.0
2024-10-14 16:06:00,149.0,-120.0
2024-10-14 16:07:00,147.0,-118.0
2024-10-14 16:08:00,147.0,-118.0
2024-10-14 16:09:00,155.0,-122.0
2024-10-14 16:10:00,159.0,-125.0
2024-10-14 16:11:00,159.0,-126.0
2024-10-14 16:12:00,154.0,-123.0
2024-10-14 16:13:00,145.0,-115.0
2024-10-14 16:14:00,134.0,-105.0
2024-10-14 16:15:00,126.0,-98.0
2024-10-14 16:16:00,120.0,-92.0
2024-10-14 16:17:00,120.0,-91.0
2024-10-14 16:18:00,124.0,-94.0
2024-10-14 16:19:00,130.0,-99.0
2024-10-14 16:20:00,129.0,-97.0
2024-10-14 16:21:00,121.0,-88.0
2024-10-14 16:22:00,123.0,-89.0
2024-10-14 16:23:00,121.0,-87.0
2024-10-14 16:24:00,117.0,-85.0
2024-10-14 16:25:00,115.0,-83.0
2024-10-14 16:26:00,110.0,-79.0
2024-10-14 16:27:00,106.0,-75.0
2024-10-14 16:28:00,102.0,-71.0
2024-10-14 16:29:00,110.0,-81.0
2024-10-14 16:30:00,119.0,-92.0
2024-10-14 16:31:00,123.0,-94.0
2024-10-14 16:32:00,114.0,-84.0
2024-10-14 16:33:00,102.0,-72.0
2024-10-14 16:34:00,94.0,-67.0
2024-10-14 16:35:00,92.0,-63.0
2024-10-14 16:36:00,92.0,-62.0
2024-10-14 16:37:00,90.0,-59.0
2024-10-14 16:38:00,79.0,-54.0
2024-10-14 16:39:00,83.0,-53.0
2024-10-14 16:40:00,83.0,-52.0
2024-10-14 16:41:00,84.0,-57.0
2024-10-14 16:42:00,85.0,-59.0
2024-10-14 16:43:00,81.0,-61.0
2024-10-14 16:44:00,118.0,-89.0
2024-10-14 16:45:00,140.0,-116.0
2024-10-14 16:46:00,167.0,-142.0
2024-10-14 16:47:00,182.0,-158.0
2024-10-14 16:48:00,192.0,-166.0
2024-10-14 16:49:00,153.0,-135.0
2024-10-14 16:50:00,140.0,-115.0
2024-10-14 16:51:00,122.0,-110.0
2024-10-14 16:52:00,135.0,-123.0
2024-10-14 16:53:00,111.0,-107.0
2024-10-14 16:54:00,94.0,-89.0
2024-10-14 16:55:00,100.0,-91.0
2024-10-14 16:56:00,103.0,-96.0
2024-10-14 16:57:00,131.0,-112.0
2024-10-14 16:58:00,125.0,-111.0
2024-10-14 16:59:00,121.0,-104.0
2024-10-14 17:00:00,108.0,-94.0
2024-10-14 17:01:00,110.0,-93.0
2024-10-14 17:02:00,119.0,-96.0
2024-10-14 17:03:00,122.0,-95.0
2024-10-14 17:04:00,126.0,-95.0
2024-10-14 17:05:00,121.0,-93.0
2024-10-14 17:06:00,119.0,-93.0
2024-10-14 17:07:00,116.0,-91.0
2024-10-14 17:08:00,111.0,-90.0
2024-10-14 17:09:00,106.0,-87.0
2024-10-14 17:10:00,100.0,-81.0
2024-10-14 17:11:00,97.0,-77.0
2024-10-14 17:12:00,103.0,-77.0
2024-10-14 17:13:00,105.0,-79.0
2024-10-14 17:14:00,111.0,-82.0
2024-10-14 17:15:00,114.0,-85.0
2024-10-14 17:16:00,108.0,-82.0
2024-10-14 17:17:00,100.0,-76.0
2024-10-14 17:18:00,90.0,-72.0
2024-10-14 17:19:00,89.0,-76.0
2024-10-14 17:20:00,84.0,-73.0
2024-10-14 17:21:00,79.0,-67.0
2024-10-14 17:22:00,81.0,-69.0
2024-10-14 17:23:00,82.0,-70.0
2024-10-14 17:24:00,83.0,-71.0
2024-10-14 17:25:00,85.0,-72.0
2024-10-14 17:26:00,108.0,-94.0
2024-10-14 17:27:00,124.0,-110.0
2024-10-14 17:28:00,123.0,-109.0
2024-10-14 17:29:00,109.0,-94.0
2024-10-14 17:30:00,97.0,-82.0
2024-10-14 17:31:00,94.0,-80.0
2024-10-14 17:32:00,88.0,-75.0
2024-10-14 17:33:00,86.0,-74.0
2024-10-14 17:34:00,92.0,-79.0
2024-10-14 17:35:00,91.0,-79.0
2024-10-14 17:36:00,89.0,-78.0
2024-10-14 17:37:00,91.0,-80.0
2024-10-14 17:38:00,90.0,-77.0
2024-10-14 17:39:00,92.0,-78.0
2024-10-14 17:40:00,93.0,-78.0
2024-10-14 17:41:00,96.0,-78.0
2024-10-14 17:42:00,95.0,-75.0
2024-10-14 17:43:00,97.0,-72.0
2024-10-14 17:44:00,104.0,-77.0
2024-10-14 17:45:00,104.0,-76.0
2024-10-14 17:46:00,101.0,-75.0
2024-10-14 17:47:00,104.0,-79.0
2024-10-14 17:48:00,105.0,-78.0
2024-10-14 17:49:00,109.0,-78.0
2024-10-14 17:50:00,113.0,-80.0
2024-10-14 17:51:00,113.0,-78.0
2024-10-14 17:52:00,118.0,-81.0
2024-10-14 17:53:00,117.0,-80.0
2024-10-14 17:54:00,116.0,-79.0
2024-10-14 17:55:00,112.0,-76.0
2024-10-14 17:56:00,109.0,-74.0
2024-10-14 17:57:00,105.0,-73.0
2024-10-14 17:58:00,103.0,-74.0
2024-10-14 17:59:00,102.0,-76.0
2024-10-14 18:00:00,101.0,-82.0
2024-10-14 18:01:00,104.0,-76.0
2024-10-14 18:02:00,134.0,-104.0
2024-10-14 18:03:00,162.0,-124.0
2024-10-14 18:04:00,165.0,-112.0
2024-10-14 18:05:00,242.0,-167.0
2024-10-14 18:06:00,217.0,-144.0
2024-10-14 18:07:00,291.0,-218.0
2024-10-14 18:08:00,293.0,-213.0
2024-10-14 18:09:00,247.0,-170.0
2024-10-14 18:10:00,258.0,-197.0
2024-10-14 18:11:00,289.0,-232.0
2024-10-14 18:12:00,310.0,-252.0
2024-10-14 18:13:00,343.0,-284.0
2024-10-14 18:14:00,331.0,-279.0
2024-10-14 18:15:00,337.0,-290.0
2024-10-14 18:16:00,343.0,-300.0
2024-10-14 18:17:00,331.0,-299.0
2024-10-14 18:18:00,307.0,-281.0
2024-10-14 18:19:00,331.0,-305.0
2024-10-14 18:20:00,349.0,-324.0
2024-10-14 18:21:00,384.0,-353.0
2024-10-14 18:22:00,376.0,-347.0
2024-10-14 18:23:00,404.0,-367.0
2024-10-14 18:24:00,405.0,-368.0
2024-10-14 18:25:00,375.0,-345.0
2024-10-14 18:26:00,358.0,-330.0
2024-10-14 18:27:00,320.0,-296.0
2024-10-14 18:28:00,290.0,-270.0
2024-10-14 18:29:00,269.0,-247.0
2024-10-14 18:30:00,267.0,-244.0
2024-10-14 18:31:00,262.0,-240.0
2024-10-14 18:32:00,254.0,-238.0
2024-10-14 18:33:00,247.0,-234.0
2024-10-14 18:34:00,234.0,-220.0
2024-10-14 18:35:00,228.0,-214.0
2024-10-14 18:36:00,225.0,-209.0
2024-10-14 18:37:00,219.0,-202.0
2024-10-14 18:38:00,209.0,-193.0
2024-10-14 18:39:00,200.0,-186.0
2024-10-14 18:40:00,197.0,-183.0
2024-10-14 18:41:00,198.0,-182.0
2024-10-14 18:42:00,198.0,-184.0
2024-10-14 18:43:00,196.0,-184.0
2024-10-14 18:44:00,197.0,-183.0
2024-10-14 18:45:00,197.0,-183.0
2024-10-14 18:46:00,186.0,-174.0
2024-10-14 18:47:00,178.0,-163.0
2024-10-14 18:48:00,174.0,-159.0
2024-10-14 18:49:00,164.0,-150.0
2024-10-14 18:50:00,154.0,-141.0
2024-10-14 18:51:00,146.0,-134.0
2024-10-14 18:52:00,137.0,-124.0
2024-10-14 18:53:00,131.0,-117.0
2024-10-14 18:54:00,132.0,-121.0
2024-10-14 18:55:00,133.0,-124.0
2024-10-14 18:56:00,133.0,-123.0
2024-10-14 18:57:00,141.0,-130.0
2024-10-14 18:58:00,142.0,-130.0
2024-10-14 18:59:00,143.0,-131.0
2024-10-14 19:00:00,141.0,-130.0
2024-10-14 19:01:00,141.0,-129.0
2024-10-14 19:02:00,159.0,-146.0
2024-10-14 19:03:00,156.0,-143.0
2024-10-14 19:04:00,189.0,-175.0
2024-10-14 19:05:00,177.0,-162.0
2024-10-14 19:06:00,152.0,-138.0
2024-10-14 19:07:00,156.0,-141.0
2024-10-14 19:08:00,172.0,-156.0
2024-10-14 19:09:00,156.0,-136.0
2024-10-14 19:10:00,143.0,-122.0
2024-10-14 19:11:00,154.0,-134.0
2024-10-14 19:12:00,171.0,-155.0
2024-10-14 19:13:00,192.0,-176.0
2024-10-14 19:14:00,154.0,-138.0
2024-10-14 19:15:00,120.0,-105.0
2024-10-14 19:16:00,108.0,-93.0
2024-10-14 19:17:00,115.0,-100.0
2024-10-14 19:18:00,116.0,-102.0
2024-10-14 19:19:00,120.0,-105.0
2024-10-14 19:20:00,122.0,-107.0
2024-10-14 19:21:00,118.0,-103.0
2024-10-14 19:22:00,107.0,-94.0
2024-10-14 19:23:00,101.0,-90.0
2024-10-14 19:24:00,94.0,-82.0
2024-10-14 19:25:00,91.0,-78.0
2024-10-14 19:26:00,93.0,-81.0
2024-10-14 19:27:00,106.0,-92.0
2024-10-14 19:28:00,108.0,-93.0
2024-10-14 19:29:00,103.0,-89.0
2024-10-14 19:30:00,98.0,-85.0
2024-10-14 19:31:00,97.0,-85.0
2024-10-14 19:32:00,102.0,-88.0
2024-10-14 19:33:00,92.0,-83.0
2024-10-14 19:34:00,85.0,-81.0
2024-10-14 19:35:00,86.0,-81.0
2024-10-14 19:36:00,93.0,-85.0
2024-10-14 19:37:00,93.0,-87.0
2024-10-14 19:38:00,94.0,-87.0
2024-10-14 19:39:00,99.0,-92.0
2024-10-14 19:40:00,110.0,-100.0
2024-10-14 19:41:00,117.0,-106.0
2024-10-14 19:42:00,116.0,-104.0
2024-10-14 19:43:00,122.0,-106.0
2024-10-14 19:44:00,124.0,-108.0
2024-10-14 19:45:00,128.0,-109.0
2024-10-14 19:46:00,135.0,-114.0
2024-10-14 19:47:00,137.0,-115.0
2024-10-14 19:48:00,128.0,-105.0
2024-10-14 19:49:00,118.0,-93.0
2024-10-14 19:50:00,128.0,-103.0
2024-10-14 19:51:00,133.0,-107.0
2024-10-14 19:52:00,121.0,-96.0
2024-10-14 19:53:00,114.0,-89.0
2024-10-14 19:54:00,119.0,-90.0
2024-10-14 19:55:00,128.0,-101.0
2024-10-14 19:56:00,142.0,-116.0
2024-10-14 19:57:00,162.0,-135.0
2024-10-14 19:58:00,165.0,-136.0
2024-10-14 19:59:00,160.0,-130.0
2024-10-14 20:00:00,155.0,-123.0
2024-10-14 20:01:00,150.0,-119.0
2024-10-14 20:02:00,143.0,-116.0
2024-10-14 20:03:00,137.0,-111.0
2024-10-14 20:04:00,126.0,-101.0
2024-10-14 20:05:00,124.0,-100.0
2024-10-14 20:06:00,124.0,-102.0
2024-10-14 20:07:00,125.0,-102.0
2024-10-14 20:08:00,125.0,-100.0
2024-10-14 20:09:00,120.0,-96.0
2024-10-14 20:10:00,111.0,-91.0
2024-10-14 20:11:00,111.0,-90.0
2024-10-14 20:12:00,111.0,-90.0
2024-10-14 20:13:00,109.0,-88.0
2024-10-14 20:14:00,111.0,-90.0
2024-10-14 20:15:00,113.0,-91.0
2024-10-14 20:16:00,119.0,-96.0
2024-10-14 20:17:00,136.0,-113.0
2024-10-14 20:18:00,159.0,-134.0
2024-10-14 20:19:00,176.0,-150.0
2024-10-14 20:20:00,193.0,-166.0
2024-10-14 20:21:00,188.0,-162.0
2024-10-14 20:22:00,190.0,-164.0
2024-10-14 20:23:00,197.0,-169.0
2024-10-14 20:24:00,194.0,-165.0
2024-10-14 20:25:00,188.0,-159.0
2024-10-14 20:26:00,176.0,-148.0
2024-10-14 20:27:00,163.0,-134.0
2024-10-14 20:28:00,156.0,-126.0
2024-10-14 20:29:00,141.0,-113.0
2024-10-14 20:30:00,139.0,-112.0
2024-10-14 20:31:00,141.0,-115.0
2024-10-14 20:32:00,139.0,-115.0
2024-10-14 20:33:00,135.0,-112.0
2024-10-14 20:34:00,131.0,-108.0
2024-10-14 20:35:00,122.0,-100.0
2024-10-14 20:36:00,118.0,-98.0
2024-10-14 20:37:00,113.0,-94.0
2024-10-14 20:38:00,111.0,-92.0
2024-10-14 20:39:00,109.0,-89.0
2024-10-14 20:40:00,107.0,-86.0
2024-10-14 20:41:00,112.0,-90.0
2024-10-14 20:42:00,116.0,-93.0
2024-10-14 20:43:00,125.0,-101.0
2024-10-14 20:44:00,126.0,-99.0
2024-10-14 20:45:00,129.0,-96.0
2024-10-14 20:46:00,127.0,-92.0
2024-10-14 20:47:00,118.0,-82.0
2024-10-14 20:48:00,109.0,-75.0
2024-10-14 20:49:00,100.0,-69.0
2024-10-14 20:50:00,99.0,-70.0
2024-10-14 20:51:00,104.0,-74.0
2024-10-14 20:52:00,117.0,-85.0
2024-10-14 20:53:00,136.0,-101.0
2024-10-14 20:54:00,148.0,-112.0
2024-10-14 20:55:00,151.0,-114.0
2024-10-14 20:56:00,156.0,-119.0
2024-10-14 20:57:00,146.0,-108.0
2024-10-14 20:58:00,133.0,-94.0
2024-10-14 20:59:00,133.0,-96.0
2024-10-14 21:00:00,135.0,-98.0
2024-10-14 21:01:00,139.0,-104.0
2024-10-14 21:02:00,144.0,-110.0
2024-10-14 21:03:00,185.0,-147.0
2024-10-14 21:04:00,172.0,-135.0
2024-10-14 21:05:00,187.0,-148.0
2024-10-14 21:06:00,201.0,-157.0
2024-10-14 21:07:00,199.0,-148.0
2024-10-14 21:08:00,210.0,-154.0
2024-10-14 21:09:00,204.0,-143.0
2024-10-14 21:10:00,203.0,-140.0
2024-10-14 21:11:00,199.0,-138.0
2024-10-14 21:12:00,187.0,-129.0
2024-10-14 21:13:00,182.0,-124.0
2024-10-14 21:14:00,180.0,-115.0
2024-10-14 21:15:00,182.0,-116.0
2024-10-14 21:16:00,185.0,-118.0
2024-10-14 21:17:00,193.0,-127.0
2024-10-14 21:18:00,193.0,-130.0
2024-10-14 21:19:00,186.0,-124.0
2024-10-14 21:20:00,188.0,-119.0
2024-10-14 21:21:00,188.0,-118.0
2024-10-14 21:22:00,189.0,-120.0
2024-10-14 21:23:00,202.0,-132.0
2024-10-14 21:24:00,206.0,-130.0
2024-10-14 21:25:00,205.0,-124.0
2024-10-14 21:26:00,198.0,-116.0
2024-10-14 21:27:00,196.0,-114.0
2024-10-14 21:28:00,194.0,-113.0
2024-10-14 21:29:00,206.0,-122.0
2024-10-14 21:30:00,208.0,-123.0
2024-10-14 21:31:00,220.0,-131.0
2024-10-14 21:32:00,240.0,-152.0
2024-10-14 21:33:00,254.0,-166.0
2024-10-14 21:34:00,259.0,-174.0
2024-10-14 21:35:00,257.0,-172.0
2024-10-14 21:36:00,261.0,-176.0
2024-10-14 21:37:00,264.0,-177.0
2024-10-14 21:38:00,267.0,-181.0
2024-10-14 21:39:00,269.0,-182.0
2024-10-14 21:40:00,287.0,-197.0
2024-10-14 21:41:00,313.0,-223.0
2024-10-14 21:42:00,296.0,-206.0
2024-10-14 21:43:00,287.0,-202.0
2024-10-14 21:44:00,312.0,-225.0
2024-10-14 21:45:00,312.0,-230.0
2024-10-14 21:46:00,321.0,-244.0
2024-10-14 21:47:00,314.0,-241.0
2024-10-14 21:48:00,322.0,-244.0
2024-10-14 21:49:00,308.0,-232.0
2024-10-14 21:50:00,302.0,-225.0
2024-10-14 21:51:00,316.0,-240.0
2024-10-14 21:52:00,326.0,-247.0
2024-10-14 21:53:00,343.0,-259.0
2024-10-14 21:54:00,349.0,-264.0
2024-10-14 21:55:00,452.0,-370.0
2024-10-14 21:56:00,429.0,-352.0
2024-10-14 21:57:00,388.0,-310.0
2024-10-14 21:58:00,431.0,-358.0
2024-10-14 21:59:00,523.0,-450.0
2024-10-14 22:00:00,522.0,-445.0
2024-10-14 22:01:00,584.0,-510.0
2024-10-14 22:02:00,522.0,-454.0
2024-10-14 22:03:00,499.0,-433.0
2024-10-14 22:04:00,543.0,-472.0
2024-10-14 22:05:00,566.0,-484.0
2024-10-14 22:06:00,559.0,-480.0
2024-10-14 22:07:00,538.0,-461.0
2024-10-14 22:08:00,547.0,-465.0
2024-10-14 22:09:00,575.0,-494.0
2024-10-14 22:10:00,561.0,-484.0
2024-10-14 22:11:00,562.0,-497.0
2024-10-14 22:12:00,614.0,-555.0
2024-10-14 22:13:00,619.0,-559.0
2024-10-14 22:14:00,613.0,-545.0
2024-10-14 22:15:00,634.0,-560.0
2024-10-14 22:16:00,712.0,-637.0
2024-10-14 22:17:00,726.0,-653.0
2024-10-14 22:18:00,706.0,-635.0
2024-10-14 22:19:00,662.0,-591.0
2024-10-14 22:20:00,623.0,-551.0
2024-10-14 22:21:00,642.0,-559.0
2024-10-14 22:22:00,702.0,-612.0
2024-10-14 22:23:00,653.0,-564.0
2024-10-14 22:24:00,633.0,-540.0
2024-10-14 22:25:00,621.0,-523.0
2024-10-14 22:26:00,630.0,-531.0
2024-10-14 22:27:00,638.0,-533.0
2024-10-14 22:28:00,654.0,-548.0
2024-10-14 22:29:00,650.0,-538.0
2024-10-14 22:30:00,667.0,-545.0
2024-10-14 22:31:00,711.0,-575.0
2024-10-14 22:32:00,722.0,-581.0
2024-10-14 22:33:00,702.0,-561.0
2024-10-14 22:34:00,697.0,-560.0
2024-10-14 22:35:00,694.0,-559.0
2024-10-14 22:36:00,687.0,-553.0
2024-10-14 22:37:00,665.0,-536.0
2024-10-14 22:38:00,661.0,-542.0
2024-10-14 22:39:00,709.0,-592.0
2024-10-14 22:40:00,701.0,-567.0
2024-10-14 22:41:00,681.0,-537.0
2024-10-14 22:42:00,603.0,-471.0
2024-10-14 22:43:00,563.0,-437.0
2024-10-14 22:44:00,515.0,-392.0
2024-10-14 22:45:00,501.0,-375.0
2024-10-14 22:46:00,532.0,-402.0
2024-10-14 22:47:00,532.0,-400.0
2024-10-14 22:48:00,495.0,-369.0
2024-10-14 22:49:00,476.0,-362.0
2024-10-14 22:50:00,467.0,-357.0
2024-10-14 22:51:00,466.0,-360.0
2024-10-14 22:52:00,440.0,-341.0
2024-10-14 22:53:00,442.0,-344.0
2024-10-14 22:54:00,449.0,-350.0
2024-10-14 22:55:00,452.0,-353.0
2024-10-14 22:56:00,473.0,-365.0
2024-10-14 22:57:00,482.0,-368.0
2024-10-14 22:58:00,480.0,-367.0
2024-10-14 22:59:00,486.0,-372.0
2024-10-14 23:00:00,482.0,-371.0
2024-10-14 23:01:00,463.0,-354.0
2024-10-14 23:02:00,454.0,-338.0
2024-10-14 23:03:00,443.0,-323.0
2024-10-14 23:04:00,435.0,-317.0
2024-10-14 23:05:00,450.0,-334.0
2024-10-14 23:06:00,467.0,-352.0
2024-10-14 23:07:00,475.0,-359.0
2024-10-14 23:08:00,477.0,-357.0
2024-10-14 23:09:00,480.0,-354.0
2024-10-14 23:10:00,475.0,-341.0
2024-10-14 23:11:00,476.0,-334.0
2024-10-14 23:12:00,473.0,-328.0
2024-10-14 23:13:00,456.0,-317.0
2024-10-14 23:14:00,460.0,-322.0
2024-10-14 23:15:00,462.0,-329.0
2024-10-14 23:16:00,479.0,-343.0
2024-10-14 23:17:00,481.0,-344.0
2024-10-14 23:18:00,474.0,-333.0
2024-10-14 23:19:00,462.0,-317.0
2024-10-14 23:20:00,463.0,-312.0
2024-10-14 23:21:00,472.0,-318.0
2024-10-14 23:22:00,506.0,-349.0
2024-10-14 23:23:00,512.0,-357.0
2024-10-14 23:24:00,530.0,-378.0
2024-10-14 23:25:00,531.0,-378.0
2024-10-14 23:26:00,507.0,-349.0
2024-10-14 23:27:00,479.0,-316.0
2024-10-14 23:28:00,468.0,-308.0
2024-10-14 23:29:00,477.0,-325.0
2024-10-14 23:30:00,475.0,-328.0
2024-10-14 23:31:00,477.0,-324.0
2024-10-14 23:32:00,479.0,-320.0
2024-10-14 23:33:00,492.0,-329.0
2024-10-14 23:34:00,502.0,-337.0
2024-10-14 23:35:00,515.0,-348.0
2024-10-14 23:36:00,537.0,-369.0
2024-10-14 23:37:00,543.0,-378.0
2024-10-14 23:38:00,556.0,-388.0
2024-10-14 23:39:00,560.0,-388.0
2024-10-14 23:40:00,554.0,-382.0
2024-10-14 23:41:00,544.0,-370.0
2024-10-14 23:42:00,522.0,-345.0
2024-10-14 23:43:00,503.0,-326.0
2024-10-14 23:44:00,495.0,-320.0
2024-10-14 23:45:00,493.0,-323.0
2024-10-14 23:46:00,487.0,-313.0
2024-10-14 23:47:00,476.0,-301.0
2024-10-14 23:48:00,494.0,-315.0
2024-10-14 23:49:00,505.0,-317.0
2024-10-14 23:50:00,515.0,-317.0
2024-10-14 23:51:00,500.0,-299.0
2024-10-14 23:52:00,480.0,-280.0
2024-10-14 23:53:00,470.0,-268.0
2024-10-14 23:54:00,467.0,-268.0
2024-10-14 23:55:00,469.0,-271.0
2024-10-14 23:56:00,486.0,-284.0
2024-10-14 23:57:00,496.0,-293.0
2024-10-14 23:58:00,504.0,-295.0
2024-10-14 23:59:00,506.0,-291.0
2024-10-15 00:00:00,480.0,-271.0
2024-10-15 00:01:00,484.0,-267.0
2024-10-15 00:02:00,478.0,-257.0
2024-10-15 00:03:00,481.0,-253.0
2024-10-15 00:04:00,481.0,-254.0
2024-10-15 00:05:00,485.0,-254.0
2024-10-15 00:06:00,489.0,-258.0
2024-10-15 00:07:00,502.0,-260.0
2024-10-15 00:08:00,512.0,-264.0
2024-10-15 00:09:00,518.0,-272.0
2024-10-15 00:10:00,521.0,-273.0
2024-10-15 00:11:00,524.0,-274.0
2024-10-15 00:12:00,520.0,-273.0
2024-10-15 00:13:00,532.0,-280.0
2024-10-15 00:14:00,534.0,-281.0
2024-10-15 00:15:00,518.0,-266.0
2024-10-15 00:16:00,498.0,-243.0
2024-10-15 00:17:00,489.0,-237.0
2024-10-15 00:18:00,473.0,-233.0
2024-10-15 00:19:00,462.0,-231.0
2024-10-15 00:20:00,444.0,-217.0
2024-10-15 00:21:00,437.0,-210.0
2024-10-15 00:22:00,435.0,-203.0
2024-10-15 00:23:00,442.0,-205.0
2024-10-15 00:24:00,454.0,-210.0
2024-10-15 00:25:00,454.0,-206.0
2024-10-15 00:26:00,451.0,-205.0
2024-10-15 00:27:00,445.0,-210.0
2024-10-15 00:28:00,430.0,-205.0
2024-10-15 00:29:00,409.0,-190.0
2024-10-15 00:30:00,401.0,-186.0
2024-10-15 00:31:00,417.0,-201.0
2024-10-15 00:32:00,418.0,-203.0
2024-10-15 00:33:00,408.0,-197.0
2024-10-15 00:34:00,404.0,-196.0
2024-10-15 00:35:00,414.0,-212.0
2024-10-15 00:36:00,423.0,-220.0
2024-10-15 00:37:00,423.0,-221.0
2024-10-15 00:38:00,405.0,-208.0
2024-10-15 00:39:00,395.0,-201.0
2024-10-15 00:40:00,378.0,-186.0
2024-10-15 00:41:00,368.0,-176.0
2024-10-15 00:42:00,355.0,-166.0
2024-10-15 00:43:00,359.0,-170.0
2024-10-15 00:44:00,357.0,-171.0
2024-10-15 00:45:00,361.0,-176.0
2024-10-15 00:46:00,372.0,-177.0
2024-10-15 00:47:00,384.0,-178.0
2024-10-15 00:48:00,386.0,-179.0
2024-10-15 00:49:00,394.0,-189.0
2024-10-15 00:50:00,402.0,-196.0
2024-10-15 00:51:00,406.0,-192.0
2024-10-15 00:52:00,397.0,-175.0
2024-10-15 00:53:00,391.0,-172.0
2024-10-15 00:54:00,380.0,-171.0
2024-10-15 00:55:00,384.0,-177.0
2024-10-15 00:56:00,390.0,-185.0
2024-10-15 00:57:00,384.0,-174.0
2024-10-15 00:58:00,390.0,-179.0
2024-10-15 00:59:00,403.0,-193.0
2024-10-15 01:00:00,414.0,-204.0
2024-10-15 01:01:00,416.0,-209.0
2024-10-15 01:02:00,416.0,-207.0
2024-10-15 01:03:00,402.0,-198.0
2024-10-15 01:04:00,399.0,-197.0
2024-10-15 01:05:00,406.0,-206.0
2024-10-15 01:06:00,415.0,-219.0
2024-10-15 01:07:00,426.0,-231.0
2024-10-15 01:08:00,430.0,-232.0
2024-10-15 01:09:00,430.0,-227.0
2024-10-15 01:10:00,427.0,-222.0
2024-10-15 01:11:00,423.0,-213.0
2024-10-15 01:12:00,425.0,-211.0
2024-10-15 01:13:00,420.0,-209.0
2024-10-15 01:14:00,408.0,-204.0
2024-10-15 01:15:00,390.0,-193.0
2024-10-15 01:16:00,376.0,-184.0
2024-10-15 01:17:00,367.0,-177.0
2024-10-15 01:18:00,362.0,-173.0
2024-10-15 01:19:00,360.0,-174.0
2024-10-15 01:20:00,357.0,-174.0
2024-10-15 01:21:00,352.0,-173.0
2024-10-15 01:22:00,352.0,-173.0
2024-10-15 01:23:00,354.0,-179.0
2024-10-15 01:24:00,354.0,-186.0
2024-10-15 01:25:00,353.0,-186.0
2024-10-15 01:26:00,337.0,-173.0
2024-10-15 01:27:00,326.0,-165.0
2024-10-15 01:28:00,324.0,-161.0
2024-10-15 01:29:00,325.0,-156.0
2024-10-15 01:30:00,326.0,-153.0
2024-10-15 01:31:00,328.0,-152.0
2024-10-15 01:32:00,324.0,-151.0
2024-10-15 01:33:00,318.0,-150.0
2024-10-15 01:34:00,318.0,-149.0
2024-10-15 01:35:00,319.0,-148.0
2024-10-15 01:36:00,311.0,-143.0
2024-10-15 01:37:00,300.0,-133.0
2024-10-15 01:38:00,292.0,-126.0
2024-10-15 01:39:00,294.0,-128.0
2024-10-15 01:40:00,304.0,-134.0
2024-10-15 01:41:00,314.0,-143.0
2024-10-15 01:42:00,325.0,-150.0
2024-10-15 01:43:00,324.0,-150.0
2024-10-15 01:44:00,319.0,-148.0
2024-10-15 01:45:00,313.0,-145.0
2024-10-15 01:46:00,308.0,-143.0
2024-10-15 01:47:00,302.0,-136.0
2024-10-15 01:48:00,298.0,-131.0
2024-10-15 01:49:00,297.0,-135.0
2024-10-15 01:50:00,289.0,-134.0
2024-10-15 01:51:00,279.0,-130.0
2024-10-15 01:52:00,279.0,-133.0
2024-10-15 01:53:00,276.0,-135.0
2024-10-15 01:54:00,271.0,-138.0
2024-10-15 01:55:00,256.0,-133.0
2024-10-15 01:56:00,244.0,-127.0
2024-10-15 01:57:00,241.0,-128.0
2024-10-15 01:58:00,238.0,-125.0
2024-10-15 01:59:00,243.0,-127.0
2024-10-15 02:00:00,257.0,-135.0
2024-10-15 02:01:00,272.0,-146.0
2024-10-15 02:02:00,282.0,-155.0
2024-10-15 02:03:00,283.0,-153.0
2024-10-15 02:04:00,282.0,-148.0
2024-10-15 02:05:00,276.0,-144.0
2024-10-15 02:06:00,272.0,-142.0
2024-10-15 02:07:00,282.0,-140.0
2024-10-15 02:08:00,287.0,-135.0
2024-10-15 02:09:00,276.0,-133.0
2024-10-15 02:10:00,268.0,-131.0
2024-10-15 02:11:00,260.0,-125.0
2024-10-15 02:12:00,275.0,-133.0
2024-10-15 02:13:00,277.0,-139.0
2024-10-15 02:14:00,287.0,-142.0
2024-10-15 02:15:00,291.0,-145.0
2024-10-15 02:16:00,286.0,-143.0
2024-10-15 02:17:00,288.0,-145.0
2024-10-15 02:18:00,284.0,-141.0
2024-10-15 02:19:00,300.0,-147.0
2024-10-15 02:20:00,309.0,-149.0
2024-10-15 02:21:00,319.0,-157.0
2024-10-15 02:22:00,317.0,-163.0
2024-10-15 02:23:00,307.0,-151.0
2024-10-15 02:24:00,314.0,-156.0
2024-10-15 02:25:00,322.0,-167.0
2024-10-15 02:26:00,323.0,-174.0
2024-10-15 02:27:00,312.0,-169.0
2024-10-15 02:28:00,304.0,-158.0
2024-10-15 02:29:00,304.0,-157.0
2024-10-15 02:30:00,315.0,-154.0
2024-10-15 02:31:00,314.0,-153.0
2024-10-15 02:32:00,306.0,-155.0
2024-10-15 02:33:00,309.0,-153.0
2024-10-15 02:34:00,317.0,-149.0
2024-10-15 02:35:00,301.0,-132.0
2024-10-15 02:36:00,293.0,-121.0
2024-10-15 02:37:00,297.0,-125.0
2024-10-15 02:38:00,298.0,-132.0
2024-10-15 02:39:00,306.0,-138.0
2024-10-15 02:40:00,298.0,-136.0
2024-10-15 02:41:00,308.0,-139.0
2024-10-15 02:42:00,318.0,-142.0
2024-10-15 02:43:00,320.0,-147.0
2024-10-15 02:44:00,306.0,-146.0
2024-10-15 02:45:00,299.0,-141.0
2024-10-15 02:46:00,307.0,-144.0
2024-10-15 02:47:00,318.0,-150.0
2024-10-15 02:48:00,320.0,-149.0
2024-10-15 02:49:00,312.0,-141.0
2024-10-15 02:50:00,325.0,-153.0
2024-10-15 02:51:00,334.0,-163.0
2024-10-15 02:52:00,345.0,-180.0
2024-10-15 02:53:00,373.0,-207.0
2024-10-15 02:54:00,388.0,-228.0
2024-10-15 02:55:00,377.0,-227.0
2024-10-15 02:56:00,368.0,-233.0
2024-10-15 02:57:00,373.0,-240.0
2024-10-15 02:58:00,384.0,-248.0
2024-10-15 02:59:00,376.0,-244.0
2024-10-15 03:00:00,350.0,-230.0
2024-10-15 03:01:00,341.0,-226.0
2024-10-15 03:02:00,343.0,-229.0
2024-10-15 03:03:00,342.0,-226.0
2024-10-15 03:04:00,342.0,-223.0
2024-10-15 03:05:00,352.0,-226.0
2024-10-15 03:06:00,369.0,-231.0
2024-10-15 03:07:00,374.0,-233.0
2024-10-15 03:08:00,381.0,-238.0
2024-10-15 03:09:00,383.0,-238.0
2024-10-15 03:10:00,382.0,-237.0
2024-10-15 03:11:00,369.0,-236.0
2024-10-15 03:12:00,349.0,-232.0
2024-10-15 03:13:00,343.0,-225.0
2024-10-15 03:14:00,338.0,-218.0
2024-10-15 03:15:00,330.0,-214.0
2024-10-15 03:16:00,320.0,-213.0
2024-10-15 03:17:00,305.0,-207.0
2024-10-15 03:18:00,289.0,-202.0
2024-10-15 03:19:00,275.0,-193.0
2024-10-15 03:20:00,263.0,-189.0
2024-10-15 03:21:00,249.0,-184.0
2024-10-15 03:22:00,238.0,-180.0
2024-10-15 03:23:00,230.0,-175.0
2024-10-15 03:24:00,232.0,-175.0
2024-10-15 03:25:00,229.0,-174.0
2024-10-15 03:26:00,221.0,-170.0
2024-10-15 03:27:00,217.0,-168.0
2024-10-15 03:28:00,210.0,-164.0
2024-10-15 03:29:00,211.0,-163.0
2024-10-15 03:30:00,210.0,-161.0
2024-10-15 03:31:00,211.0,-161.0
2024-10-15 03:32:00,210.0,-162.0
2024-10-15 03:33:00,209.0,-161.0
2024-10-15 03:34:00,209.0,-158.0
2024-10-15 03:35:00,204.0,-157.0
2024-10-15 03:36:00,206.0,-159.0
2024-10-15 03:37:00,208.0,-161.0
2024-10-15 03:38:00,209.0,-162.0
2024-10-15 03:39:00,208.0,-165.0
2024-10-15 03:40:00,203.0,-163.0
2024-10-15 03:41:00,203.0,-163.0
2024-10-15 03:42:00,208.0,-163.0
2024-10-15 03:43:00,214.0,-167.0
2024-10-15 03:44:00,227.0,-180.0
2024-10-15 03:45:00,242.0,-196.0
2024-10-15 03:46:00,237.0,-192.0
2024-10-15 03:47:00,225.0,-183.0
2024-10-15 03:48:00,229.0,-188.0
2024-10-15 03:49:00,231.0,-193.0
2024-10-15 03:50:00,218.0,-181.0
2024-10-15 03:51:00,226.0,-189.0
2024-10-15 03:52:00,238.0,-200.0
2024-10-15 03:53:00,219.0,-177.0
2024-10-15 03:54:00,218.0,-170.0
2024-10-15 03:55:00,224.0,-167.0
2024-10-15 03:56:00,231.0,-174.0
2024-10-15 03:57:00,245.0,-188.0
2024-10-15 03:58:00,261.0,-201.0
2024-10-15 03:59:00,266.0,-203.0
2024-10-15 04:00:00,274.0,-207.0
2024-10-15 04:01:00,280.0,-212.0
2024-10-15 04:02:00,285.0,-215.0
2024-10-15 04:03:00,292.0,-215.0
2024-10-15 04:04:00,293.0,-210.0
2024-10-15 04:05:00,284.0,-199.0
2024-10-15 04:06:00,284.0,-196.0
2024-10-15 04:07:00,281.0,-187.0
2024-10-15 04:08:00,267.0,-171.0
2024-10-15 04:09:00,251.0,-158.0
2024-10-15 04:10:00,235.0,-150.0
2024-10-15 04:11:00,226.0,-144.0
2024-10-15 04:12:00,221.0,-144.0
2024-10-15 04:13:00,216.0,-144.0
2024-10-15 04:14:00,211.0,-146.0
2024-10-15 04:15:00,211.0,-153.0
2024-10-15 04:16:00,212.0,-158.0
2024-10-15 04:17:00,206.0,-155.0
2024-10-15 04:18:00,197.0,-149.0
2024-10-15 04:19:00,190.0,-142.0
2024-10-15 04:20:00,175.0,-132.0
2024-10-15 04:21:00,166.0,-129.0
2024-10-15 04:22:00,169.0,-128.0
2024-10-15 04:23:00,167.0,-126.0
2024-10-15 04:24:00,157.0,-121.0
2024-10-15 04:25:00,144.0,-109.0
2024-10-15 04:26:00,149.0,-111.0
2024-10-15 04:27:00,154.0,-115.0
2024-10-15 04:28:00,154.0,-117.0
2024-10-15 04:29:00,150.0,-115.0
2024-10-15 04:30:00,150.0,-115.0
2024-10-15 04:31:00,153.0,-118.0
2024-10-15 04:32:00,153.0,-124.0
2024-10-15 04:33:00,153.0,-125.0
2024-10-15 04:34:00,149.0,-121.0
2024-10-15 04:35:00,149.0,-121.0
2024-10-15 04:36:00,151.0,-121.0
2024-10-15 04:37:00,152.0,-122.0
2024-10-15 04:38:00,157.0,-125.0
2024-10-15 04:39:00,159.0,-126.0
2024-10-15 04:40:00,157.0,-124.0
2024-10-15 04:41:00,152.0,-121.0
2024-10-15 04:42:00,145.0,-116.0
2024-10-15 04:43:00,133.0,-108.0
2024-10-15 04:44:00,119.0,-95.0
2024-10-15 04:45:00,110.0,-86.0
2024-10-15 04:46:00,107.0,-79.0
2024-10-15 04:47:00,103.0,-73.0
2024-10-15 04:48:00,94.0,-65.0
2024-10-15 04:49:00,88.0,-57.0
2024-10-15 04:50:00,87.0,-54.0
2024-10-15 04:51:00,79.0,-47.0
2024-10-15 04:52:00,75.0,-43.0
2024-10-15 04:53:00,75.0,-42.0
2024-10-15 04:54:00,78.0,-43.0
2024-10-15 04:55:00,77.0,-45.0
2024-10-15 04:56:00,76.0,-45.0
2024-10-15 04:57:00,76.0,-47.0
2024-10-15 04:58:00,76.0,-48.0
2024-10-15 04:59:00,80.0,-54.0
2024-10-15 05:00:00,88.0,-62.0
2024-10-15 05:01:00,85.0,-61.0
2024-10-15 05:02:00,100.0,-75.0
2024-10-15 05:03:00,118.0,-91.0
2024-10-15 05:04:00,124.0,-96.0
2024-10-15 05:05:00,129.0,-98.0
2024-10-15 05:06:00,134.0,-104.0
2024-10-15 05:07:00,129.0,-100.0
2024-10-15 05:08:00,120.0,-92.0
2024-10-15 05:09:00,116.0,-87.0
2024-10-15 05:10:00,116.0,-85.0
2024-10-15 05:11:00,114.0,-83.0
2024-10-15 05:12:00,114.0,-82.0
2024-10-15 05:13:00,106.0,-77.0
2024-10-15 05:14:00,97.0,-70.0
2024-10-15 05:15:00,90.0,-62.0
2024-10-15 05:16:00,85.0,-56.0
2024-10-15 05:17:00,86.0,-59.0
2024-10-15 05:18:00,87.0,-62.0
2024-10-15 05:19:00,93.0,-68.0
2024-10-15 05:20:00,107.0,-72.0
2024-10-15 05:21:00,116.0,-72.0
2024-10-15 05:22:00,108.0,-71.0
2024-10-15 05:23:00,103.0,-72.0
2024-10-15 05:24:00,103.0,-71.0
2024-10-15 05:25:00,104.0,-68.0
2024-10-15 05:26:00,99.0,-66.0
2024-10-15 05:27:00,97.0,-67.0
2024-10-15 05:28:00,97.0,-69.0
2024-10-15 05:29:00,97.0,-72.0
2024-10-15 05:30:00,97.0,-72.0
2024-10-15 05:31:00,97.0,-72.0
2024-10-15 05:32:00,93.0,-70.0
2024-10-15 05:33:00,87.0,-67.0
2024-10-15 05:34:00,89.0,-63.0
2024-10-15 05:35:00,89.0,-59.0
2024-10-15 05:36:00,83.0,-53.0
2024-10-15 05:37:00,79.0,-47.0
2024-10-15 05:38:00,77.0,-42.0
2024-10-15 05:39:00,70.0,-37.0
2024-10-15 05:40:00,67.0,-34.0
2024-10-15 05:41:00,64.0,-32.0
2024-10-15 05:42:00,60.0,-30.0
2024-10-15 05:43:00,60.0,-27.0
2024-10-15 05:44:00,64.0,-27.0
2024-10-15 05:45:00,65.0,-29.0
2024-10-15 05:46:00,60.0,-32.0
2024-10-15 05:47:00,57.0,-34.0
2024-10-15 05:48:00,56.0,-35.0
2024-10-15 05:49:00,60.0,-35.0
2024-10-15 05:50:00,62.0,-36.0
2024-10-15 05:51:00,68.0,-39.0
2024-10-15 05:52:00,77.0,-40.0
2024-10-15 05:53:00,75.0,-38.0
2024-10-15 05:54:00,81.0,-38.0
2024-10-15 05:55:00,91.0,-40.0
2024-10-15 05:56:00,103.0,-41.0
2024-10-15 05:57:00,105.0,-41.0
2024-10-15 05:58:00,105.0,-41.0
2024-10-15 05:59:00,106.0,-43.0
2024-10-15 06:00:00,111.0,-44.0
2024-10-15 06:01:00,116.0,-45.0
2024-10-15 06:02:00,121.0,-46.0
2024-10-15 06:03:00,131.0,-52.0
2024-10-15 06:04:00,136.0,-54.0
2024-10-15 06:05:00,132.0,-50.0
2024-10-15 06:06:00,126.0,-45.0
2024-10-15 06:07:00,125.0,-44.0
2024-10-15 06:08:00,122.0,-43.0
2024-10-15 06:09:00,117.0,-43.0
2024-10-15 06:10:00,117.0,-48.0
2024-10-15 06:11:00,117.0,-49.0
2024-10-15 06:12:00,119.0,-53.0
2024-10-15 06:13:00,113.0,-52.0
2024-10-15 06:14:00,112.0,-55.0
2024-10-15 06:15:00,114.0,-60.0
2024-10-15 06:16:00,113.0,-59.0
2024-10-15 06:17:00,130.0,-72.0
2024-10-15 06:18:00,135.0,-74.0
2024-10-15 06:19:00,153.0,-92.0
2024-10-15 06:20:00,187.0,-129.0
2024-10-15 06:21:00,180.0,-121.0
2024-10-15 06:22:00,188.0,-128.0
2024-10-15 06:23:00,191.0,-128.0
2024-10-15 06:24:00,192.0,-129.0
2024-10-15 06:25:00,202.0,-136.0
2024-10-15 06:26:00,205.0,-135.0
2024-10-15 06:27:00,199.0,-129.0
2024-10-15 06:28:00,205.0,-137.0
2024-10-15 06:29:00,217.0,-150.0
2024-10-15 06:30:00,223.0,-155.0
2024-10-15 06:31:00,225.0,-157.0
2024-10-15 06:32:00,230.0,-164.0
2024-10-15 06:33:00,234.0,-174.0
2024-10-15 06:34:00,237.0,-181.0
2024-10-15 06:35:00,245.0,-187.0
2024-10-15 06:36:00,263.0,-200.0
2024-10-15 06:37:00,276.0,-209.0
2024-10-15 06:38:00,275.0,-212.0
2024-10-15 06:39:00,275.0,-210.0
2024-10-15 06:40:00,279.0,-211.0
2024-10-15 06:41:00,292.0,-221.0
2024-10-15 06:42:00,307.0,-231.0
2024-10-15 06:43:00,311.0,-235.0
2024-10-15 06:44:00,319.0,-242.0
2024-10-15 06:45:00,318.0,-248.0
2024-10-15 06:46:00,306.0,-242.0
2024-10-15 06:47:00,290.0,-225.0
2024-10-15 06:48:00,279.0,-208.0
2024-10-15 06:49:00,278.0,-202.0
2024-10-15 06:50:00,278.0,-202.0
2024-10-15 06:51:00,269.0,-194.0
2024-10-15 06:52:00,265.0,-185.0
2024-10-15 06:53:00,252.0,-173.0
2024-10-15 06:54:00,244.0,-168.0
2024-10-15 06:55:00,245.0,-168.0
2024-10-15 06:56:00,245.0,-166.0
2024-10-15 06:57:00,239.0,-159.0
2024-10-15 06:58:00,240.0,-165.0
2024-10-15 06:59:00,247.0,-175.0
2024-10-15 07:00:00,257.0,-184.0
2024-10-15 07:01:00,265.0,-193.0
2024-10-15 07:02:00,264.0,-196.0
2024-10-15 07:03:00,270.0,-206.0
2024-10-15 07:04:00,270.0,-212.0
2024-10-15 07:05:00,277.0,-212.0
2024-10-15 07:06:00,275.0,-211.0
2024-10-15 07:07:00,260.0,-197.0
2024-10-15 07:08:00,248.0,-186.0
2024-10-15 07:09:00,240.0,-179.0
2024-10-15 07:10:00,242.0,-184.0
2024-10-15 07:11:00,253.0,-198.0
2024-10-15 07:12:00,276.0,-223.0
2024-10-15 07:13:00,295.0,-240.0
2024-10-15 07:14:00,321.0,-247.0
2024-10-15 07:15:00,335.0,-249.0
2024-10-15 07:16:00,307.0,-237.0
2024-10-15 07:17:00,296.0,-223.0
2024-10-15 07:18:00,283.0,-208.0
2024-10-15 07:19:00,282.0,-207.0
2024-10-15 07:20:00,272.0,-198.0
2024-10-15 07:21:00,281.0,-200.0
2024-10-15 07:22:00,288.0,-207.0
2024-10-15 07:23:00,295.0,-209.0
2024-10-15 07:24:00,303.0,-214.0
2024-10-15 07:25:00,309.0,-217.0
2024-10-15 07:26:00,304.0,-210.0
2024-10-15 07:27:00,307.0,-211.0
2024-10-15 07:28:00,314.0,-218.0
2024-10-15 07:29:00,326.0,-228.0
2024-10-15 07:30:00,337.0,-235.0
2024-10-15 07:31:00,340.0,-237.0
2024-10-15 07:32:00,336.0,-235.0
2024-10-15 07:33:00,340.0,-240.0
2024-10-15 07:34:00,335.0,-238.0
2024-10-15 07:35:00,335.0,-236.0
2024-10-15 07:36:00,334.0,-237.0
2024-10-15 07:37:00,313.0,-217.0
2024-10-15 07:38:00,324.0,-228.0
2024-10-15 07:39:00,333.0,-237.0
2024-10-15 07:40:00,334.0,-234.0
2024-10-15 07:41:00,345.0,-242.0
2024-10-15 07:42:00,362.0,-256.0
2024-10-15 07:43:00,378.0,-269.0
2024-10-15 07:44:00,387.0,-267.0
2024-10-15 07:45:00,391.0,-269.0
2024-10-15 07:46:00,400.0,-274.0
2024-10-15 07:47:00,405.0,-281.0
2024-10-15 07:48:00,407.0,-286.0
2024-10-15 07:49:00,411.0,-290.0
2024-10-15 07:50:00,408.0,-289.0
2024-10-15 07:51:00,480.0,-364.0
2024-10-15 07:52:00,541.0,-429.0
2024-10-15 07:53:00,571.0,-456.0
2024-10-15 07:54:00,455.0,-330.0
2024-10-15 07:55:00,421.0,-288.0
2024-10-15 07:56:00,439.0,-313.0
2024-10-15 07:57:00,477.0,-358.0
2024-10-15 07:58:00,489.0,-370.0
2024-10-15 07:59:00,546.0,-425.0
2024-10-15 08:00:00,538.0,-408.0
2024-10-15 08:01:00,490.0,-370.0
2024-10-15 08:02:00,516.0,-402.0
2024-10-15 08:03:00,537.0,-425.0
2024-10-15 08:04:00,550.0,-435.0
2024-10-15 08:05:00,497.0,-390.0
2024-10-15 08:06:00,480.0,-373.0
2024-10-15 08:07:00,428.0,-335.0
2024-10-15 08:08:00,391.0,-297.0
2024-10-15 08:09:00,388.0,-279.0
2024-10-15 08:10:00,384.0,-266.0
2024-10-15 08:11:00,390.0,-266.0
2024-10-15 08:12:00,413.0,-272.0
2024-10-15 08:13:00,420.0,-279.0
2024-10-15 08:14:00,421.0,-285.0
2024-10-15 08:15:00,402.0,-273.0
2024-10-15 08:16:00,408.0,-255.0
2024-10-15 08:17:00,413.0,-263.0
2024-10-15 08:18:00,426.0,-273.0
2024-10-15 08:19:00,414.0,-268.0
2024-10-15 08:20:00,402.0,-268.0
2024-10-15 08:21:00,384.0,-261.0
2024-10-15 08:22:00,441.0,-314.0
2024-10-15 08:23:00,492.0,-349.0
2024-10-15 08:24:00,583.0,-452.0
2024-10-15 08:25:00,629.0,-490.0
2024-10-15 08:26:00,663.0,-527.0
2024-10-15 08:27:00,610.0,-461.0
2024-10-15 08:28:00,570.0,-418.0
2024-10-15 08:29:00,508.0,-365.0
2024-10-15 08:30:00,449.0,-314.0
2024-10-15 08:31:00,388.0,-273.0
2024-10-15 08:32:00,374.0,-244.0
2024-10-15 08:33:00,392.0,-264.0
2024-10-15 08:34:00,416.0,-289.0
2024-10-15 08:35:00,563.0,-441.0
2024-10-15 08:36:00,660.0,-544.0
2024-10-15 08:37:00,705.0,-592.0
2024-10-15 08:38:00,717.0,-581.0
2024-10-15 08:39:00,672.0,-513.0
2024-10-15 08:40:00,655.0,-451.0
2024-10-15 08:41:00,668.0,-396.0
2024-10-15 08:42:00,624.0,-357.0
2024-10-15 08:43:00,624.0,-348.0
2024-10-15 08:44:00,609.0,-332.0
2024-10-15 08:45:00,603.0,-325.0
2024-10-15 08:46:00,570.0,-312.0
2024-10-15 08:47:00,552.0,-300.0
2024-10-15 08:48:00,525.0,-279.0
2024-10-15 08:49:00,453.0,-222.0
2024-10-15 08:50:00,414.0,-205.0
2024-10-15 08:51:00,392.0,-184.0
2024-10-15 08:52:00,363.0,-167.0
2024-10-15 08:53:00,366.0,-160.0
2024-10-15 08:54:00,361.0,-156.0
2024-10-15 08:55:00,352.0,-153.0
2024-10-15 08:56:00,358.0,-162.0
2024-10-15 08:57:00,350.0,-163.0
2024-10-15 08:58:00,365.0,-178.0
2024-10-15 08:59:00,389.0,-193.0
2024-10-15 09:00:00,393.0,-192.0
2024-10-15 09:01:00,405.0,-198.0
2024-10-15 09:02:00,427.0,-209.0
2024-10-15 09:03:00,438.0,-212.0
2024-10-15 09:04:00,439.0,-203.0
2024-10-15 09:05:00,440.0,-209.0
2024-10-15 09:06:00,451.0,-225.0
2024-10-15 09:07:00,431.0,-227.0
2024-10-15 09:08:00,421.0,-227.0
2024-10-15 09:09:00,403.0,-222.0
2024-10-15 09:10:00,392.0,-222.0
2024-10-15 09:11:00,389.0,-221.0
2024-10-15 09:12:00,395.0,-226.0
2024-10-15 09:13:00,411.0,-247.0
2024-10-15 09:14:00,429.0,-267.0
2024-10-15 09:15:00,450.0,-285.0
2024-10-15 09:16:00,471.0,-306.0
2024-10-15 09:17:00,482.0,-315.0
2024-10-15 09:18:00,486.0,-313.0
2024-10-15 09:19:00,476.0,-306.0
2024-10-15 09:20:00,473.0,-298.0
2024-10-15 09:21:00,465.0,-288.0
2024-10-15 09:22:00,453.0,-279.0
2024-10-15 09:23:00,440.0,-275.0
2024-10-15 09:24:00,444.0,-279.0
2024-10-15 09:25:00,451.0,-285.0
2024-10-15 09:26:00,455.0,-292.0
2024-10-15 09:27:00,463.0,-297.0
2024-10-15 09:28:00,470.0,-300.0
2024-10-15 09:29:00,470.0,-302.0
2024-10-15 09:30:00,463.0,-293.0
2024-10-15 09:31:00,435.0,-273.0
2024-10-15 09:32:00,413.0,-260.0
2024-10-15 09:33:00,391.0,-250.0
2024-10-15 09:34:00,391.0,-241.0
2024-10-15 09:35:00,413.0,-231.0
2024-10-15 09:36:00,418.0,-219.0
2024-10-15 09:37:00,387.0,-208.0
2024-10-15 09:38:00,350.0,-193.0
2024-10-15 09:39:00,344.0,-182.0
2024-10-15 09:40:00,339.0,-175.0
2024-10-15 09:41:00,340.0,-170.0
2024-10-15 09:42:00,345.0,-177.0
2024-10-15 09:43:00,350.0,-180.0
2024-10-15 09:44:00,328.0,-186.0
2024-10-15 09:45:00,324.0,-188.0
2024-10-15 09:46:00,343.0,-198.0
2024-10-15 09:47:00,343.0,-195.0
2024-10-15 09:48:00,334.0,-183.0
2024-10-15 09:49:00,344.0,-194.0
2024-10-15 09:50:00,341.0,-207.0
2024-10-15 09:51:00,334.0,-219.0
2024-10-15 09:52:00,331.0,-224.0
2024-10-15 09:53:00,331.0,-224.0
2024-10-15 09:54:00,341.0,-227.0
2024-10-15 09:55:00,349.0,-230.0
2024-10-15 09:56:00,351.0,-229.0
2024-10-15 09:57:00,361.0,-233.0
2024-10-15 09:58:00,371.0,-237.0
2024-10-15 09:59:00,378.0,-242.0
2024-10-15 10:00:00,352.0,-230.0
2024-10-15 10:01:00,332.0,-215.0
2024-10-15 10:02:00,324.0,-210.0
2024-10-15 10:03:00,318.0,-211.0
2024-10-15 10:04:00,312.0,-211.0
2024-10-15 10:05:00,310.0,-212.0
2024-10-15 10:06:00,290.0,-204.0
2024-10-15 10:07:00,274.0,-198.0
2024-10-15 10:08:00,258.0,-187.0
2024-10-15 10:09:00,249.0,-184.0
2024-10-15 10:10:00,254.0,-190.0
2024-10-15 10:11:00,250.0,-187.0
2024-10-15 10:12:00,248.0,-184.0
2024-10-15 10:13:00,248.0,-186.0
2024-10-15 10:14:00,236.0,-173.0
2024-10-15 10:15:00,234.0,-171.0
2024-10-15 10:16:00,235.0,-170.0
2024-10-15 10:17:00,214.0,-148.0
2024-10-15 10:18:00,198.0,-135.0
2024-10-15 10:19:00,188.0,-134.0
2024-10-15 10:20:00,193.0,-141.0
2024-10-15 10:21:00,208.0,-153.0
2024-10-15 10:22:00,223.0,-163.0
2024-10-15 10:23:00,270.0,-205.0
2024-10-15 10:24:00,322.0,-256.0
2024-10-15 10:25:00,279.0,-213.0
2024-10-15 10:26:00,260.0,-193.0
2024-10-15 10:27:00,264.0,-191.0
2024-10-15 10:28:00,268.0,-184.0
2024-10-15 10:29:00,274.0,-182.0
2024-10-15 10:30:00,290.0,-181.0
2024-10-15 10:31:00,297.0,-183.0
2024-10-15 10:32:00,285.0,-176.0
2024-10-15 10:33:00,265.0,-162.0
2024-10-15 10:34:00,231.0,-135.0
2024-10-15 10:35:00,222.0,-123.0
2024-10-15 10:36:00,225.0,-118.0
2024-10-15 10:37:00,212.0,-104.0
2024-10-15 10:38:00,195.0,-89.0
2024-10-15 10:39:00,194.0,-87.0
2024-10-15 10:40:00,202.0,-92.0
2024-10-15 10:41:00,208.0,-100.0
2024-10-15 10:42:00,222.0,-105.0
2024-10-15 10:43:00,262.0,-104.0
2024-10-15 10:44:00,260.0,-102.0
2024-10-15 10:45:00,236.0,-97.0
2024-10-15 10:46:00,180.0,-83.0
2024-10-15 10:47:00,182.0,-72.0
2024-10-15 10:48:00,194.0,-63.0
2024-10-15 10:49:00,217.0,-63.0
2024-10-15 10:50:00,205.0,-60.0
2024-10-15 10:51:00,229.0,-59.0
2024-10-15 10:52:00,219.0,-57.0
2024-10-15 10:53:00,222.0,-61.0
2024-10-15 10:54:00,232.0,-66.0
2024-10-15 10:55:00,228.0,-67.0
2024-10-15 10:56:00,222.0,-61.0
2024-10-15 10:57:00,224.0,-58.0
2024-10-15 10:58:00,230.0,-63.0
2024-10-15 10:59:00,229.0,-71.0
2024-10-15 11:00:00,224.0,-71.0
2024-10-15 11:01:00,215.0,-69.0
2024-10-15 11:02:00,216.0,-66.0
2024-10-15 11:03:00,209.0,-67.0
2024-10-15 11:04:00,208.0,-62.0
2024-10-15 11:05:00,201.0,-59.0
2024-10-15 11:06:00,180.0,-56.0
2024-10-15 11:07:00,174.0,-46.0
2024-10-15 11:08:00,190.0,-48.0
2024-10-15 11:09:00,199.0,-49.0
2024-10-15 11:10:00,199.0,-45.0
2024-10-15 11:11:00,195.0,-47.0
2024-10-15 11:12:00,184.0,-43.0
2024-10-15 11:13:00,176.0,-42.0
2024-10-15 11:14:00,171.0,-40.0
2024-10-15 11:15:00,189.0,-52.0
2024-10-15 11:16:00,203.0,-58.0
2024-10-15 11:17:00,218.0,-63.0
2024-10-15 11:18:00,215.0,-59.0
2024-10-15 11:19:00,200.0,-56.0
2024-10-15 11:20:00,198.0,-57.0
2024-10-15 11:21:00,193.0,-55.0
2024-10-15 11:22:00,191.0,-54.0
2024-10-15 11:23:00,190.0,-58.0
2024-10-15 11:24:00,193.0,-65.0
2024-10-15 11:25:00,195.0,-73.0
2024-10-15 11:26:00,199.0,-78.0
2024-10-15 11:27:00,205.0,-86.0
2024-10-15 11:28:00,207.0,-88.0
2024-10-15 11:29:00,206.0,-85.0
2024-10-15 11:30:00,200.0,-85.0
2024-10-15 11:31:00,195.0,-88.0
2024-10-15 11:32:00,186.0,-88.0
2024-10-15 11:33:00,175.0,-86.0
2024-10-15 11:34:00,169.0,-87.0
2024-10-15 11:35:00,168.0,-90.0
2024-10-15 11:36:00,173.0,-93.0
2024-10-15 11:37:00,171.0,-90.0
2024-10-15 11:38:00,163.0,-84.0
2024-10-15 11:39:00,157.0,-80.0
2024-10-15 11:40:00,157.0,-78.0
2024-10-15 11:41:00,171.0,-87.0
2024-10-15 11:42:00,185.0,-95.0
2024-10-15 11:43:00,175.0,-84.0
2024-10-15 11:44:00,180.0,-92.0
2024-10-15 11:45:00,150.0,-68.0
2024-10-15 11:46:00,179.0,-99.0
2024-10-15 11:47:00,150.0,-76.0
2024-10-15 11:48:00,168.0,-99.0
2024-10-15 11:49:00,168.0,-104.0
2024-10-15 11:50:00,166.0,-104.0
2024-10-15 11:51:00,169.0,-108.0
2024-10-15 11:52:00,163.0,-103.0
2024-10-15 11:53:00,153.0,-97.0
2024-10-15 11:54:00,146.0,-99.0
2024-10-15 11:55:00,140.0,-101.0
2024-10-15 11:56:00,155.0,-119.0
2024-10-15 11:57:00,167.0,-134.0
2024-10-15 11:58:00,162.0,-130.0
2024-10-15 11:59:00,155.0,-117.0
2024-10-15 12:00:00,137.0,-93.0
2024-10-15 12:01:00,124.0,-81.0
2024-10-15 12:02:00,117.0,-77.0
2024-10-15 12:03:00,116.0,-76.0
2024-10-15 12:04:00,113.0,-74.0
2024-10-15 12:05:00,99.0,-61.0
2024-10-15 12:06:00,93.0,-57.0
2024-10-15 12:07:00,88.0,-53.0
2024-10-15 12:08:00,86.0,-51.0
2024-10-15 12:09:00,96.0,-59.0
2024-10-15 12:10:00,118.0,-81.0
2024-10-15 12:11:00,110.0,-72.0
2024-10-15 12:12:00,114.0,-76.0
2024-10-15 12:13:00,112.0,-73.0
2024-10-15 12:14:00,103.0,-58.0
2024-10-15 12:15:00,107.0,-55.0
2024-10-15 12:16:00,100.0,-64.0
2024-10-15 12:17:00,104.0,-71.0
2024-10-15 12:18:00,111.0,-82.0
2024-10-15 12:19:00,114.0,-86.0
2024-10-15 12:20:00,103.0,-76.0
2024-10-15 12:21:00,87.0,-61.0
2024-10-15 12:22:00,73.0,-48.0
2024-10-15 12:23:00,64.0,-40.0
2024-10-15 12:24:00,64.0,-39.0
2024-10-15 12:25:00,67.0,-40.0
2024-10-15 12:26:00,75.0,-46.0
2024-10-15 12:27:00,80.0,-48.0
2024-10-15 12:28:00,90.0,-56.0
2024-10-15 12:29:00,100.0,-64.0
2024-10-15 12:30:00,107.0,-69.0
2024-10-15 12:31:00,110.0,-72.0
2024-10-15 12:32:00,107.0,-70.0
2024-10-15 12:33:00,100.0,-65.0
2024-10-15 12:34:00,98.0,-64.0
2024-10-15 12:35:00,102.0,-70.0
2024-10-15 12:36:00,114.0,-82.0
2024-10-15 12:37:00,139.0,-100.0
2024-10-15 12:38:00,167.0,-119.0
2024-10-15 12:39:00,191.0,-132.0
2024-10-15 12:40:00,214.0,-142.0
2024-10-15 12:41:00,227.0,-145.0
2024-10-15 12:42:00,226.0,-146.0
2024-10-15 12:43:00,217.0,-143.0
2024-10-15 12:44:00,212.0,-133.0
2024-10-15 12:45:00,208.0,-125.0
2024-10-15 12:46:00,212.0,-123.0
2024-10-15 12:47:00,220.0,-129.0
2024-10-15 12:48:00,223.0,-139.0
2024-10-15 12:49:00,208.0,-137.0
2024-10-15 12:50:00,192.0,-125.0
2024-10-15 12:51:00,179.0,-114.0
2024-10-15 12:52:00,167.0,-106.0
2024-10-15 12:53:00,162.0,-104.0
2024-10-15 12:54:00,157.0,-102.0
2024-10-15 12:55:00,156.0,-100.0
2024-10-15 12:56:00,153.0,-99.0
2024-10-15 12:57:00,150.0,-102.0
2024-10-15 12:58:00,151.0,-107.0
2024-10-15 12:59:00,145.0,-103.0
2024-10-15 13:00:00,138.0,-94.0
2024-10-15 13:01:00,133.0,-88.0
2024-10-15 13:02:00,136.0,-85.0
2024-10-15 13:03:00,142.0,-86.0
2024-10-15 13:04:00,151.0,-96.0
2024-10-15 13:05:00,166.0,-113.0
2024-10-15 13:06:00,188.0,-134.0
2024-10-15 13:07:00,202.0,-145.0
2024-10-15 13:08:00,208.0,-147.0
2024-10-15 13:09:00,212.0,-146.0
2024-10-15 13:10:00,217.0,-147.0
2024-10-15 13:11:00,218.0,-147.0
2024-10-15 13:12:00,219.0,-147.0
2024-10-15 13:13:00,214.0,-144.0
2024-10-15 13:14:00,218.0,-148.0
2024-10-15 13:15:00,226.0,-159.0
2024-10-15 13:16:00,235.0,-171.0
2024-10-15 13:17:00,237.0,-179.0
2024-10-15 13:18:00,228.0,-172.0
2024-10-15 13:19:00,209.0,-153.0
2024-10-15 13:20:00,198.0,-142.0
2024-10-15 13:21:00,195.0,-137.0
2024-10-15 13:22:00,201.0,-141.0
2024-10-15 13:23:00,214.0,-153.0
2024-10-15 13:24:00,219.0,-168.0
2024-10-15 13:25:00,227.0,-176.0
2024-10-15 13:26:00,217.0,-165.0
2024-10-15 13:27:00,187.0,-134.0
2024-10-15 13:28:00,170.0,-117.0
2024-10-15 13:29:00,169.0,-117.0
2024-10-15 13:30:00,173.0,-122.0
2024-10-15 13:31:00,179.0,-126.0
2024-10-15 13:32:00,181.0,-127.0
2024-10-15 13:33:00,190.0,-135.0
2024-10-15 13:34:00,223.0,-167.0
2024-10-15 13:35:00,188.0,-131.0
2024-10-15 13:36:00,201.0,-145.0
2024-10-15 13:37:00,279.0,-227.0
2024-10-15 13:38:00,293.0,-248.0
2024-10-15 13:39:00,274.0,-230.0
2024-10-15 13:40:00,260.0,-211.0
2024-10-15 13:41:00,205.0,-151.0
2024-10-15 13:42:00,207.0,-153.0
2024-10-15 13:43:00,225.0,-166.0
2024-10-15 13:44:00,232.0,-170.0
2024-10-15 13:45:00,208.0,-145.0
2024-10-15 13:46:00,231.0,-164.0
2024-10-15 13:47:00,256.0,-185.0
2024-10-15 13:48:00,218.0,-141.0
2024-10-15 13:49:00,244.0,-161.0
2024-10-15 13:50:00,289.0,-205.0
2024-10-15 13:51:00,288.0,-199.0
2024-10-15 13:52:00,289.0,-190.0
2024-10-15 13:53:00,359.0,-254.0
2024-10-15 13:54:00,351.0,-250.0
2024-10-15 13:55:00,310.0,-221.0
2024-10-15 13:56:00,322.0,-240.0
2024-10-15 13:57:00,349.0,-266.0
2024-10-15 13:58:00,323.0,-241.0
2024-10-15 13:59:00,324.0,-243.0
2024-10-15 14:00:00,346.0,-269.0
2024-10-15 14:01:00,364.0,-283.0
2024-10-15 14:02:00,383.0,-295.0
2024-10-15 14:03:00,395.0,-299.0
2024-10-15 14:04:00,415.0,-318.0
2024-10-15 14:05:00,425.0,-332.0
2024-10-15 14:06:00,447.0,-357.0
2024-10-15 14:07:00,466.0,-379.0
2024-10-15 14:08:00,465.0,-379.0
2024-10-15 14:09:00,454.0,-366.0
2024-10-15 14:10:00,467.0,-375.0
2024-10-15 14:11:00,464.0,-372.0
2024-10-15 14:12:00,471.0,-380.0
2024-10-15 14:13:00,464.0,-376.0
2024-10-15 14:14:00,501.0,-413.0
2024-10-15 14:15:00,521.0,-429.0
2024-10-15 14:16:00,537.0,-435.0
2024-10-15 14:17:00,540.0,-433.0
2024-10-15 14:18:00,507.0,-410.0
2024-10-15 14:19:00,457.0,-368.0
2024-10-15 14:20:00,443.0,-351.0
2024-10-15 14:21:00,416.0,-313.0
2024-10-15 14:22:00,397.0,-296.0
2024-10-15 14:23:00,372.0,-285.0
2024-10-15 14:24:00,369.0,-286.0
2024-10-15 14:25:00,348.0,-259.0
2024-10-15 14:26:00,340.0,-250.0
2024-10-15 14:27:00,323.0,-236.0
2024-10-15 14:28:00,315.0,-226.0
2024-10-15 14:29:00,309.0,-218.0
2024-10-15 14:30:00,330.0,-240.0
2024-10-15 14:31:00,345.0,-262.0
2024-10-15 14:32:00,369.0,-290.0
2024-10-15 14:33:00,361.0,-284.0
2024-10-15 14:34:00,390.0,-308.0
2024-10-15 14:35:00,403.0,-318.0
2024-10-15 14:36:00,395.0,-314.0
2024-10-15 14:37:00,393.0,-313.0
2024-10-15 14:38:00,400.0,-320.0
2024-10-15 14:39:00,381.0,-306.0
2024-10-15 14:40:00,355.0,-291.0
2024-10-15 14:41:00,350.0,-283.0
2024-10-15 14:42:00,316.0,-253.0
2024-10-15 14:43:00,272.0,-219.0
2024-10-15 14:44:00,270.0,-221.0
2024-10-15 14:45:00,254.0,-205.0
2024-10-15 14:46:00,242.0,-197.0
2024-10-15 14:47:00,216.0,-173.0
2024-10-15 14:48:00,210.0,-169.0
2024-10-15 14:49:00,188.0,-152.0
2024-10-15 14:50:00,178.0,-146.0
2024-10-15 14:51:00,178.0,-150.0
2024-10-15 14:52:00,175.0,-151.0
2024-10-15 14:53:00,169.0,-141.0
2024-10-15 14:54:00,189.0,-157.0
2024-10-15 14:55:00,176.0,-146.0
2024-10-15 14:56:00,166.0,-139.0
2024-10-15 14:57:00,170.0,-141.0
2024-10-15 14:58:00,184.0,-151.0
2024-10-15 14:59:00,186.0,-151.0
2024-10-15 15:00:00,180.0,-145.0
2024-10-15 15:01:00,190.0,-157.0
2024-10-15 15:02:00,184.0,-153.0
2024-10-15 15:03:00,178.0,-147.0
2024-10-15 15:04:00,178.0,-146.0
2024-10-15 15:05:00,169.0,-137.0
2024-10-15 15:06:00,157.0,-127.0
2024-10-15 15:07:00,146.0,-119.0
2024-10-15 15:08:00,141.0,-115.0
2024-10-15 15:09:00,139.0,-114.0
2024-10-15 15:10:00,142.0,-117.0
2024-10-15 15:11:00,161.0,-132.0
2024-10-15 15:12:00,148.0,-123.0
2024-10-15 15:13:00,134.0,-114.0
2024-10-15 15:14:00,119.0,-94.0
2024-10-15 15:15:00,118.0,-93.0
2024-10-15 15:16:00,111.0,-87.0
2024-10-15 15:17:00,127.0,-95.0
2024-10-15 15:18:00,149.0,-118.0
2024-10-15 15:19:00,146.0,-122.0
2024-10-15 15:20:00,152.0,-131.0
2024-10-15 15:21:00,178.0,-158.0
2024-10-15 15:22:00,208.0,-185.0
2024-10-15 15:23:00,162.0,-137.0
2024-10-15 15:24:00,171.0,-149.0
2024-10-15 15:25:00,166.0,-144.0
2024-10-15 15:26:00,166.0,-143.0
2024-10-15 15:27:00,167.0,-144.0
2024-10-15 15:28:00,175.0,-151.0
2024-10-15 15:29:00,169.0,-138.0
2024-10-15 15:30:00,161.0,-125.0
2024-10-15 15:31:00,178.0,-139.0
2024-10-15 15:32:00,189.0,-150.0
2024-10-15 15:33:00,199.0,-164.0
2024-10-15 15:34:00,204.0,-167.0
2024-10-15 15:35:00,205.0,-167.0
2024-10-15 15:36:00,210.0,-170.0
2024-10-15 15:37:00,219.0,-174.0
2024-10-15 15:38:00,230.0,-181.0
2024-10-15 15:39:00,227.0,-183.0
2024-10-15 15:40:00,229.0,-190.0
2024-10-15 15:41:00,239.0,-202.0
2024-10-15 15:42:00,244.0,-204.0
2024-10-15 15:43:00,241.0,-201.0
2024-10-15 15:44:00,245.0,-204.0
2024-10-15 15:45:00,251.0,-210.0
2024-10-15 15:46:00,260.0,-219.0
2024-10-15 15:47:00,257.0,-215.0
2024-10-15 15:48:00,246.0,-203.0
2024-10-15 15:49:00,233.0,-192.0
2024-10-15 15:50:00,222.0,-180.0
2024-10-15 15:51:00,216.0,-171.0
2024-10-15 15:52:00,215.0,-168.0
2024-10-15 15:53:00,216.0,-167.0
2024-10-15 15:54:00,219.0,-169.0
2024-10-15 15:55:00,217.0,-165.0
2024-10-15 15:56:00,216.0,-162.0
2024-10-15 15:57:00,229.0,-172.0
2024-10-15 15:58:00,244.0,-184.0
2024-10-15 15:59:00,258.0,-194.0
2024-10-15 16:00:00,245.0,-178.0
2024-10-15 16:01:00,234.0,-169.0
2024-10-15 16:02:00,249.0,-184.0
2024-10-15 16:03:00,254.0,-187.0
2024-10-15 16:04:00,258.0,-192.0
2024-10-15 16:05:00,268.0,-202.0
2024-10-15 16:06:00,261.0,-192.0
2024-10-15 16:07:00,258.0,-185.0
2024-10-15 16:08:00,249.0,-174.0
2024-10-15 16:09:00,231.0,-155.0
2024-10-15 16:10:00,220.0,-145.0
2024-10-15 16:11:00,214.0,-139.0
2024-10-15 16:12:00,211.0,-137.0
2024-10-15 16:13:00,218.0,-141.0
2024-10-15 16:14:00,219.0,-142.0
2024-10-15 16:15:00,226.0,-146.0
2024-10-15 16:16:00,229.0,-144.0
2024-10-15 16:17:00,217.0,-135.0
2024-10-15 16:18:00,204.0,-123.0
2024-10-15 16:19:00,287.0,-200.0
2024-10-15 16:20:00,399.0,-311.0
2024-10-15 16:21:00,493.0,-393.0
2024-10-15 16:22:00,477.0,-362.0
2024-10-15 16:23:00,573.0,-442.0
2024-10-15 16:24:00,594.0,-457.0
2024-10-15 16:25:00,688.0,-552.0
2024-10-15 16:26:00,660.0,-524.0
2024-10-15 16:27:00,627.0,-489.0
2024-10-15 16:28:00,600.0,-463.0
2024-10-15 16:29:00,638.0,-505.0
2024-10-15 16:30:00,653.0,-511.0
2024-10-15 16:31:00,612.0,-470.0
2024-10-15 16:32:00,492.0,-356.0
2024-10-15 16:33:00,443.0,-319.0
2024-10-15 16:34:00,504.0,-387.0
2024-10-15 16:35:00,586.0,-465.0
2024-10-15 16:36:00,623.0,-492.0
2024-10-15 16:37:00,749.0,-614.0
2024-10-15 16:38:00,710.0,-568.0
2024-10-15 16:39:00,515.0,-367.0
2024-10-15 16:40:00,530.0,-378.0
2024-10-15 16:41:00,592.0,-442.0
2024-10-15 16:42:00,616.0,-449.0
2024-10-15 16:43:00,573.0,-414.0
2024-10-15 16:44:00,650.0,-477.0
2024-10-15 16:45:00,785.0,-583.0
2024-10-15 16:46:00,797.0,-577.0
2024-10-15 16:47:00,798.0,-584.0
2024-10-15 16:48:00,800.0,-591.0
2024-10-15 16:49:00,821.0,-607.0
2024-10-15 16:50:00,827.0,-602.0
2024-10-15 16:51:00,817.0,-583.0
2024-10-15 16:52:00,806.0,-570.0
2024-10-15 16:53:00,800.0,-561.0
2024-10-15 16:54:00,813.0,-564.0
2024-10-15 16:55:00,800.0,-552.0
2024-10-15 16:56:00,797.0,-549.0
2024-10-15 16:57:00,806.0,-538.0
2024-10-15 16:58:00,832.0,-540.0
2024-10-15 16:59:00,829.0,-553.0
2024-10-15 17:00:00,803.0,-543.0
2024-10-15 17:01:00,775.0,-524.0
2024-10-15 17:02:00,794.0,-536.0
2024-10-15 17:03:00,780.0,-530.0
2024-10-15 17:04:00,788.0,-548.0
2024-10-15 17:05:00,766.0,-536.0
2024-10-15 17:06:00,770.0,-545.0
2024-10-15 17:07:00,766.0,-542.0
2024-10-15 17:08:00,756.0,-560.0
2024-10-15 17:09:00,718.0,-562.0
2024-10-15 17:10:00,707.0,-565.0
2024-10-15 17:11:00,702.0,-564.0
2024-10-15 17:12:00,686.0,-550.0
2024-10-15 17:13:00,698.0,-556.0
2024-10-15 17:14:00,712.0,-557.0
2024-10-15 17:15:00,729.0,-569.0
2024-10-15 17:16:00,726.0,-566.0
2024-10-15 17:17:00,697.0,-549.0
2024-10-15 17:18:00,693.0,-555.0
2024-10-15 17:19:00,718.0,-575.0
2024-10-15 17:20:00,729.0,-581.0
2024-10-15 17:21:00,718.0,-571.0
2024-10-15 17:22:00,713.0,-571.0
2024-10-15 17:23:00,715.0,-577.0
2024-10-15 17:24:00,735.0,-597.0
2024-10-15 17:25:00,734.0,-597.0
2024-10-15 17:26:00,736.0,-604.0
2024-10-15 17:27:00,747.0,-613.0
2024-10-15 17:28:00,739.0,-609.0
2024-10-15 17:29:00,743.0,-610.0
2024-10-15 17:30:00,741.0,-604.0
2024-10-15 17:31:00,729.0,-583.0
2024-10-15 17:32:00,718.0,-575.0
2024-10-15 17:33:00,701.0,-566.0
2024-10-15 17:34:00,687.0,-553.0
2024-10-15 17:35:00,674.0,-541.0
2024-10-15 17:36:00,637.0,-509.0
2024-10-15 17:37:00,634.0,-500.0
2024-10-15 17:38:00,643.0,-505.0
2024-10-15 17:39:00,636.0,-499.0
2024-10-15 17:40:00,628.0,-500.0
2024-10-15 17:41:00,621.0,-493.0
2024-10-15 17:42:00,613.0,-483.0
2024-10-15 17:43:00,609.0,-474.0
2024-10-15 17:44:00,602.0,-469.0
2024-10-15 17:45:00,588.0,-458.0
2024-10-15 17:46:00,591.0,-461.0
2024-10-15 17:47:00,657.0,-528.0
2024-10-15 17:48:00,750.0,-610.0
2024-10-15 17:49:00,791.0,-652.0
2024-10-15 17:50:00,731.0,-594.0
2024-10-15 17:51:00,670.0,-533.0
2024-10-15 17:52:00,696.0,-556.0
2024-10-15 17:53:00,632.0,-497.0
2024-10-15 17:54:00,590.0,-459.0
2024-10-15 17:55:00,549.0,-421.0
2024-10-15 17:56:00,540.0,-414.0
2024-10-15 17:57:00,537.0,-414.0
2024-10-15 17:58:00,538.0,-415.0
2024-10-15 17:59:00,539.0,-411.0
2024-10-15 18:00:00,545.0,-413.0
2024-10-15 18:01:00,555.0,-419.0
2024-10-15 18:02:00,555.0,-414.0
2024-10-15 18:03:00,560.0,-412.0
2024-10-15 18:04:00,561.0,-425.0
2024-10-15 18:05:00,595.0,-468.0
2024-10-15 18:06:00,615.0,-491.0
2024-10-15 18:07:00,655.0,-534.0
2024-10-15 18:08:00,675.0,-554.0
2024-10-15 18:09:00,612.0,-498.0
2024-10-15 18:10:00,537.0,-424.0
2024-10-15 18:11:00,539.0,-428.0
2024-10-15 18:12:00,532.0,-421.0
2024-10-15 18:13:00,533.0,-401.0
2024-10-15 18:14:00,528.0,-382.0
2024-10-15 18:15:00,559.0,-419.0
2024-10-15 18:16:00,598.0,-469.0
2024-10-15 18:17:00,588.0,-466.0
2024-10-15 18:18:00,489.0,-374.0
2024-10-15 18:19:00,388.0,-276.0
2024-10-15 18:20:00,385.0,-268.0
2024-10-15 18:21:00,550.0,-421.0
2024-10-15 18:22:00,697.0,-551.0
2024-10-15 18:23:00,659.0,-506.0
2024-10-15 18:24:00,467.0,-317.0
2024-10-15 18:25:00,389.0,-241.0
2024-10-15 18:26:00,395.0,-248.0
2024-10-15 18:27:00,469.0,-334.0
2024-10-15 18:28:00,502.0,-399.0
2024-10-15 18:29:00,459.0,-376.0
2024-10-15 18:30:00,394.0,-309.0
2024-10-15 18:31:00,323.0,-233.0
2024-10-15 18:32:00,311.0,-225.0
2024-10-15 18:33:00,307.0,-219.0
2024-10-15 18:34:00,295.0,-216.0
2024-10-15 18:35:00,275.0,-204.0
2024-10-15 18:36:00,255.0,-195.0
2024-10-15 18:37:00,239.0,-195.0
2024-10-15 18:38:00,233.0,-194.0
2024-10-15 18:39:00,242.0,-190.0
2024-10-15 18:40:00,250.0,-188.0
2024-10-15 18:41:00,249.0,-187.0
2024-10-15 18:42:00,236.0,-180.0
2024-10-15 18:43:00,224.0,-168.0
2024-10-15 18:44:00,218.0,-163.0
2024-10-15 18:45:00,215.0,-161.0
2024-10-15 18:46:00,209.0,-158.0
2024-10-15 18:47:00,204.0,-155.0
2024-10-15 18:48:00,198.0,-151.0
2024-10-15 18:49:00,184.0,-150.0
2024-10-15 18:50:00,179.0,-152.0
2024-10-15 18:51:00,178.0,-153.0
2024-10-15 18:52:00,216.0,-156.0
2024-10-15 18:53:00,228.0,-154.0
2024-10-15 18:54:00,206.0,-151.0
2024-10-15 18:55:00,188.0,-150.0
2024-10-15 18:56:00,182.0,-147.0
2024-10-15 18:57:00,177.0,-140.0
2024-10-15 18:58:00,178.0,-137.0
2024-10-15 18:59:00,170.0,-135.0
2024-10-15 19:00:00,179.0,-133.0
2024-10-15 19:01:00,181.0,-135.0
2024-10-15 19:02:00,172.0,-133.0
2024-10-15 19:03:00,175.0,-135.0
2024-10-15 19:04:00,178.0,-142.0
2024-10-15 19:05:00,195.0,-151.0
2024-10-15 19:06:00,225.0,-162.0
2024-10-15 19:07:00,227.0,-159.0
2024-10-15 19:08:00,235.0,-153.0
2024-10-15 19:09:00,255.0,-150.0
2024-10-15 19:10:00,248.0,-145.0
2024-10-15 19:11:00,218.0,-164.0
2024-10-15 19:12:00,189.0,-160.0
2024-10-15 19:13:00,188.0,-156.0
2024-10-15 19:14:00,171.0,-139.0
2024-10-15 19:15:00,177.0,-138.0
2024-10-15 19:16:00,179.0,-137.0
2024-10-15 19:17:00,166.0,-132.0
2024-10-15 19:18:00,161.0,-125.0
2024-10-15 19:19:00,166.0,-115.0
2024-10-15 19:20:00,173.0,-104.0
2024-10-15 19:21:00,180.0,-92.0
2024-10-15 19:22:00,166.0,-85.0
2024-10-15 19:23:00,140.0,-77.0
2024-10-15 19:24:00,123.0,-73.0
2024-10-15 19:25:00,113.0,-69.0
2024-10-15 19:26:00,128.0,-69.0
2024-10-15 19:27:00,131.0,-67.0
2024-10-15 19:28:00,119.0,-63.0
2024-10-15 19:29:00,109.0,-56.0
2024-10-15 19:30:00,100.0,-47.0
2024-10-15 19:31:00,91.0,-39.0
2024-10-15 19:32:00,82.0,-31.0
2024-10-15 19:33:00,81.0,-28.0
2024-10-15 19:34:00,83.0,-29.0
2024-10-15 19:35:00,80.0,-31.0
2024-10-15 19:36:00,75.0,-28.0
2024-10-15 19:37:00,62.0,-23.0
2024-10-15 19:38:00,50.0,-19.0
2024-10-15 19:39:00,47.0,-17.0
2024-10-15 19:40:00,44.0,-15.0
2024-10-15 19:41:00,49.0,-17.0
2024-10-15 19:42:00,53.0,-19.0
2024-10-15 19:43:00,55.0,-22.0
2024-10-15 19:44:00,59.0,-27.0
2024-10-15 19:45:00,52.0,-24.0
2024-10-15 19:46:00,51.0,-21.0
2024-10-15 19:47:00,52.0,-18.0
2024-10-15 19:48:00,51.0,-15.0
2024-10-15 19:49:00,48.0,-14.0
2024-10-15 19:50:00,52.0,-18.0
2024-10-15 19:51:00,53.0,-21.0
2024-10-15 19:52:00,62.0,-32.0
2024-10-15 19:53:00,48.0,-21.0
2024-10-15 19:54:00,43.0,-17.0
2024-10-15 19:55:00,58.0,-25.0
2024-10-15 19:56:00,82.0,-26.0
2024-10-15 19:57:00,75.0,-23.0
2024-10-15 19:58:00,66.0,-14.0
2024-10-15 19:59:00,60.0,-15.0
2024-10-15 20:00:00,60.0,-20.0
2024-10-15 20:01:00,63.0,-23.0
2024-10-15 20:02:00,61.0,-22.0
2024-10-15 20:03:00,58.0,-20.0
2024-10-15 20:04:00,95.0,-20.0
2024-10-15 20:05:00,114.0,-18.0
2024-10-15 20:06:00,88.0,-17.0
2024-10-15 20:07:00,45.0,-15.0
2024-10-15 20:08:00,41.0,-16.0
2024-10-15 20:09:00,61.0,-22.0
2024-10-15 20:10:00,86.0,-27.0
2024-10-15 20:11:00,78.0,-26.0
2024-10-15 20:12:00,49.0,-20.0
2024-10-15 20:13:00,43.0,-13.0
2024-10-15 20:14:00,47.0,-14.0
2024-10-15 20:15:00,55.0,-17.0
2024-10-15 20:16:00,80.0,-20.0
2024-10-15 20:17:00,93.0,-20.0
2024-10-15 20:18:00,80.0,-17.0
2024-10-15 20:19:00,60.0,-14.0
2024-10-15 20:20:00,45.0,-10.0
2024-10-15 20:21:00,45.0,-12.0
2024-10-15 20:22:00,50.0,-17.0
2024-10-15 20:23:00,54.0,-19.0
2024-10-15 20:24:00,52.0,-15.0
2024-10-15 20:25:00,48.0,-13.0
2024-10-15 20:26:00,46.0,-14.0
2024-10-15 20:27:00,50.0,-20.0
2024-10-15 20:28:00,49.0,-20.0
2024-10-15 20:29:00,54.0,-19.0
2024-10-15 20:30:00,55.0,-19.0
2024-10-15 20:31:00,57.0,-20.0
2024-10-15 20:32:00,70.0,-19.0
2024-10-15 20:33:00,67.0,-18.0
2024-10-15 20:34:00,60.0,-17.0
2024-10-15 20:35:00,57.0,-18.0
2024-10-15 20:36:00,62.0,-20.0
2024-10-15 20:37:00,77.0,-24.0
2024-10-15 20:38:00,82.0,-27.0
2024-10-15 20:39:00,80.0,-26.0
2024-10-15 20:40:00,73.0,-27.0
2024-10-15 20:41:00,72.0,-31.0
2024-10-15 20:42:00,69.0,-33.0
2024-10-15 20:43:00,76.0,-36.0
2024-10-15 20:44:00,87.0,-37.0
2024-10-15 20:45:00,80.0,-35.0
2024-10-15 20:46:00,50.0,-29.0
2024-10-15 20:47:00,41.0,-26.0
2024-10-15 20:48:00,40.0,-29.0
2024-10-15 20:49:00,75.0,-29.0
2024-10-15 20:50:00,103.0,-32.0
2024-10-15 20:51:00,81.0,-33.0
2024-10-15 20:52:00,59.0,-31.0
2024-10-15 20:53:00,55.0,-31.0
2024-10-15 20:54:00,47.0,-23.0
2024-10-15 20:55:00,67.0,-23.0
2024-10-15 20:56:00,83.0,-32.0
2024-10-15 20:57:00,81.0,-35.0
2024-10-15 20:58:00,67.0,-32.0
2024-10-15 20:59:00,50.0,-28.0
2024-10-15 21:00:00,46.0,-24.0
2024-10-15 21:01:00,52.0,-24.0
2024-10-15 21:02:00,60.0,-31.0
2024-10-15 21:03:00,60.0,-30.0
2024-10-15 21:04:00,66.0,-28.0
2024-10-15 21:05:00,66.0,-27.0
2024-10-15 21:06:00,71.0,-29.0
2024-10-15 21:07:00,94.0,-33.0
2024-10-15 21:08:00,97.0,-26.0
2024-10-15 21:09:00,36.0,-13.0
2024-10-15 21:10:00,71.0,-47.0
2024-10-15 21:11:00,88.0,-67.0
2024-10-15 21:12:00,60.0,-45.0
2024-10-15 21:13:00,20.0,-8.0
2024-10-15 21:14:00,34.0,-7.0
2024-10-15 21:15:00,35.0,-8.0
2024-10-15 21:16:00,26.0,-8.0
2024-10-15 21:17:00,24.0,-6.0
2024-10-15 21:18:00,34.0,-4.0
2024-10-15 21:19:00,51.0,-6.0
2024-10-15 21:20:00,62.0,-9.0
2024-10-15 21:21:00,60.0,-8.0
2024-10-15 21:22:00,46.0,-14.0
2024-10-15 21:23:00,32.0,-18.0
2024-10-15 21:24:00,36.0,-20.0
2024-10-15 21:25:00,42.0,-21.0
2024-10-15 21:26:00,43.0,-22.0
2024-10-15 21:27:00,49.0,-21.0
2024-10-15 21:28:00,45.0,-18.0
2024-10-15 21:29:00,42.0,-15.0
2024-10-15 21:30:00,43.0,-11.0
2024-10-15 21:31:00,46.0,-15.0
2024-10-15 21:32:00,40.0,-12.0
2024-10-15 21:33:00,27.0,-6.0
2024-10-15 21:34:00,26.0,-9.0
2024-10-15 21:35:00,41.0,-16.0
2024-10-15 21:36:00,74.0,-21.0
2024-10-15 21:37:00,110.0,-25.0
2024-10-15 21:38:00,113.0,-25.0
2024-10-15 21:39:00,78.0,-20.0
2024-10-15 21:40:00,31.0,-13.0
2024-10-15 21:41:00,26.0,-10.0
2024-10-15 21:42:00,43.0,-12.0
2024-10-15 21:43:00,70.0,-15.0
2024-10-15 21:44:00,85.0,-20.0
2024-10-15 21:45:00,70.0,-22.0
2024-10-15 21:46:00,52.0,-22.0
2024-10-15 21:47:00,44.0,-19.0
2024-10-15 21:48:00,48.0,-19.0
2024-10-15 21:49:00,68.0,-22.0
2024-10-15 21:50:00,67.0,-24.0
2024-10-15 21:51:00,50.0,-21.0
2024-10-15 21:52:00,29.0,-13.0
2024-10-15 21:53:00,31.0,-17.0
2024-10-15 21:54:00,36.0,-23.0
2024-10-15 21:55:00,43.0,-28.0
2024-10-15 21:56:00,43.0,-30.0
2024-10-15 21:57:00,48.0,-33.0
2024-10-15 21:58:00,54.0,-35.0
2024-10-15 21:59:00,60.0,-36.0
2024-10-15 22:00:00,59.0,-35.0
2024-10-15 22:01:00,58.0,-35.0
2024-10-15 22:02:00,57.0,-35.0
2024-10-15 22:03:00,66.0,-39.0
2024-10-15 22:04:00,83.0,-43.0
2024-10-15 22:05:00,96.0,-45.0
2024-10-15 22:06:00,107.0,-47.0
2024-10-15 22:07:00,123.0,-56.0
2024-10-15 22:08:00,136.0,-67.0
2024-10-15 22:09:00,152.0,-77.0
2024-10-15 22:10:00,173.0,-88.0
2024-10-15 22:11:00,186.0,-97.0
2024-10-15 22:12:00,187.0,-104.0
2024-10-15 22:13:00,183.0,-106.0
2024-10-15 22:14:00,177.0,-102.0
2024-10-15 22:15:00,170.0,-93.0
2024-10-15 22:16:00,155.0,-79.0
2024-10-15 22:17:00,135.0,-70.0
2024-10-15 22:18:00,123.0,-72.0
2024-10-15 22:19:00,117.0,-72.0
2024-10-15 22:20:00,106.0,-68.0
2024-10-15 22:21:00,100.0,-64.0
2024-10-15 22:22:00,100.0,-59.0
2024-10-15 22:23:00,115.0,-58.0
2024-10-15 22:24:00,111.0,-56.0
2024-10-15 22:25:00,105.0,-55.0
2024-10-15 22:26:00,104.0,-52.0
2024-10-15 22:27:00,113.0,-51.0
2024-10-15 22:28:00,117.0,-50.0
2024-10-15 22:29:00,110.0,-51.0
2024-10-15 22:30:00,99.0,-54.0
2024-10-15 22:31:00,102.0,-59.0
2024-10-15 22:32:00,114.0,-64.0
2024-10-15 22:33:00,119.0,-67.0
2024-10-15 22:34:00,113.0,-68.0
2024-10-15 22:35:00,97.0,-69.0
2024-10-15 22:36:00,89.0,-73.0
2024-10-15 22:37:00,88.0,-78.0
2024-10-15 22:38:00,88.0,-82.0
2024-10-15 22:39:00,114.0,-85.0
2024-10-15 22:40:00,112.0,-87.0
2024-10-15 22:41:00,98.0,-89.0
2024-10-15 22:42:00,100.0,-92.0
2024-10-15 22:43:00,103.0,-91.0
2024-10-15 22:44:00,107.0,-90.0
2024-10-15 22:45:00,112.0,-94.0
2024-10-15 22:46:00,115.0,-95.0
2024-10-15 22:47:00,116.0,-93.0
2024-10-15 22:48:00,118.0,-90.0
2024-10-15 22:49:00,116.0,-86.0
2024-10-15 22:50:00,121.0,-85.0
2024-10-15 22:51:00,128.0,-81.0
2024-10-15 22:52:00,130.0,-80.0
2024-10-15 22:53:00,126.0,-79.0
2024-10-15 22:54:00,133.0,-84.0
2024-10-15 22:55:00,146.0,-92.0
2024-10-15 22:56:00,152.0,-92.0
2024-10-15 22:57:00,158.0,-95.0
2024-10-15 22:58:00,154.0,-88.0
2024-10-15 22:59:00,143.0,-82.0
2024-10-15 23:00:00,134.0,-81.0
2024-10-15 23:01:00,128.0,-77.0
2024-10-15 23:02:00,119.0,-72.0
2024-10-15 23:03:00,110.0,-67.0
2024-10-15 23:04:00,116.0,-65.0
2024-10-15 23:05:00,124.0,-67.0
2024-10-15 23:06:00,116.0,-68.0
2024-10-15 23:07:00,106.0,-70.0
2024-10-15 23:08:00,104.0,-68.0
2024-10-15 23:09:00,112.0,-68.0
2024-10-15 23:10:00,108.0,-62.0
2024-10-15 23:11:00,94.0,-55.0
2024-10-15 23:12:00,81.0,-46.0
2024-10-15 23:13:00,82.0,-42.0
2024-10-15 23:14:00,96.0,-48.0
2024-10-15 23:15:00,128.0,-77.0
2024-10-15 23:16:00,142.0,-94.0
2024-10-15 23:17:00,145.0,-104.0
2024-10-15 23:18:00,135.0,-102.0
2024-10-15 23:19:00,159.0,-130.0
2024-10-15 23:20:00,171.0,-140.0
2024-10-15 23:21:00,199.0,-164.0
2024-10-15 23:22:00,219.0,-185.0
2024-10-15 23:23:00,214.0,-180.0
2024-10-15 23:24:00,209.0,-174.0
2024-10-15 23:25:00,201.0,-167.0
2024-10-15 23:26:00,203.0,-167.0
2024-10-15 23:27:00,188.0,-151.0
2024-10-15 23:28:00,189.0,-154.0
2024-10-15 23:29:00,179.0,-148.0
2024-10-15 23:30:00,179.0,-146.0
2024-10-15 23:31:00,181.0,-147.0
2024-10-15 23:32:00,172.0,-142.0
2024-10-15 23:33:00,169.0,-141.0
2024-10-15 23:34:00,171.0,-145.0
2024-10-15 23:35:00,163.0,-136.0
2024-10-15 23:36:00,152.0,-125.0
2024-10-15 23:37:00,151.0,-127.0
2024-10-15 23:38:00,147.0,-124.0
2024-10-15 23:39:00,139.0,-118.0
2024-10-15 23:40:00,135.0,-115.0
2024-10-15 23:41:00,134.0,-114.0
2024-10-15 23:42:00,134.0,-114.0
2024-10-15 23:43:00,131.0,-111.0
2024-10-15 23:44:00,125.0,-108.0
2024-10-15 23:45:00,125.0,-106.0
2024-10-15 23:46:00,119.0,-104.0
2024-10-15 23:47:00,116.0,-104.0
2024-10-15 23:48:00,114.0,-101.0
2024-10-15 23:49:00,118.0,-100.0
2024-10-15 23:50:00,126.0,-103.0
2024-10-15 23:51:00,123.0,-104.0
2024-10-15 23:52:00,117.0,-104.0
2024-10-15 23:53:00,118.0,-103.0
2024-10-15 23:54:00,120.0,-98.0
2024-10-15 23:55:00,133.0,-93.0
2024-10-15 23:56:00,136.0,-86.0
2024-10-15 23:57:00,120.0,-80.0
2024-10-15 23:58:00,108.0,-75.0
2024-10-15 23:59:00,98.0,-73.0
2024-10-16 00:00:00,101.0,-71.0
2024-10-16 00:01:00,103.0,-76.0
2024-10-16 00:02:00,95.0,-73.0
2024-10-16 00:03:00,73.0,-61.0
2024-10-16 00:04:00,61.0,-46.0
2024-10-16 00:05:00,64.0,-51.0
2024-10-16 00:06:00,77.0,-57.0
2024-10-16 00:07:00,104.0,-64.0
2024-10-16 00:08:00,138.0,-74.0
2024-10-16 00:09:00,154.0,-84.0
2024-10-16 00:10:00,146.0,-92.0
2024-10-16 00:11:00,137.0,-90.0
2024-10-16 00:12:00,137.0,-89.0
2024-10-16 00:13:00,152.0,-90.0
2024-10-16 00:14:00,159.0,-84.0
2024-10-16 00:15:00,152.0,-86.0
2024-10-16 00:16:00,153.0,-99.0
2024-10-16 00:17:00,167.0,-117.0
2024-10-16 00:18:00,167.0,-122.0
2024-10-16 00:19:00,162.0,-128.0
2024-10-16 00:20:00,170.0,-136.0
2024-10-16 00:21:00,189.0,-140.0
2024-10-16 00:22:00,199.0,-140.0
2024-10-16 00:23:00,190.0,-145.0
2024-10-16 00:24:00,181.0,-147.0
2024-10-16 00:25:00,183.0,-143.0
2024-10-16 00:26:00,184.0,-140.0
2024-10-16 00:27:00,187.0,-142.0
2024-10-16 00:28:00,196.0,-151.0
2024-10-16 00:29:00,202.0,-163.0
2024-10-16 00:30:00,202.0,-170.0
2024-10-16 00:31:00,206.0,-170.0
2024-10-16 00:32:00,211.0,-171.0
2024-10-16 00:33:00,215.0,-171.0
2024-10-16 00:34:00,212.0,-170.0
2024-10-16 00:35:00,214.0,-168.0
2024-10-16 00:36:00,220.0,-168.0
2024-10-16 00:37:00,228.0,-171.0
2024-10-16 00:38:00,245.0,-177.0
2024-10-16 00:39:00,262.0,-186.0
2024-10-16 00:40:00,260.0,-191.0
2024-10-16 00:41:00,260.0,-189.0
2024-10-16 00:42:00,273.0,-198.0
2024-10-16 00:43:00,281.0,-204.0
2024-10-16 00:44:00,281.0,-205.0
2024-10-16 00:45:00,276.0,-200.0
2024-10-16 00:46:00,277.0,-198.0
2024-10-16 00:47:00,282.0,-203.0
2024-10-16 00:48:00,277.0,-197.0
2024-10-16 00:49:00,267.0,-189.0
2024-10-16 00:50:00,251.0,-178.0
2024-10-16 00:51:00,241.0,-171.0
2024-10-16 00:52:00,224.0,-159.0
2024-10-16 00:53:00,200.0,-142.0
2024-10-16 00:54:00,180.0,-128.0
2024-10-16 00:55:00,185.0,-136.0
2024-10-16 00:56:00,190.0,-142.0
2024-10-16 00:57:00,185.0,-138.0
2024-10-16 00:58:00,179.0,-135.0
2024-10-16 00:59:00,183.0,-142.0
2024-10-16 01:00:00,174.0,-134.0
2024-10-16 01:01:00,175.0,-134.0
2024-10-16 01:02:00,176.0,-135.0
2024-10-16 01:03:00,182.0,-139.0
2024-10-16 01:04:00,184.0,-140.0
2024-10-16 01:05:00,174.0,-130.0
2024-10-16 01:06:00,160.0,-118.0
2024-10-16 01:07:00,145.0,-106.0
2024-10-16 01:08:00,142.0,-104.0
2024-10-16 01:09:00,144.0,-106.0
2024-10-16 01:10:00,147.0,-106.0
2024-10-16 01:11:00,149.0,-107.0
2024-10-16 01:12:00,160.0,-118.0
2024-10-16 01:13:00,177.0,-139.0
2024-10-16 01:14:00,210.0,-171.0
2024-10-16 01:15:00,235.0,-194.0
2024-10-16 01:16:00,232.0,-190.0
2024-10-16 01:17:00,237.0,-188.0
2024-10-16 01:18:00,239.0,-187.0
2024-10-16 01:19:00,246.0,-195.0
2024-10-16 01:20:00,268.0,-221.0
2024-10-16 01:21:00,261.0,-214.0
2024-10-16 01:22:00,246.0,-194.0
2024-10-16 01:23:00,248.0,-193.0
2024-10-16 01:24:00,252.0,-191.0
2024-10-16 01:25:00,242.0,-175.0
2024-10-16 01:26:00,236.0,-164.0
2024-10-16 01:27:00,240.0,-165.0
2024-10-16 01:28:00,246.0,-173.0
2024-10-16 01:29:00,234.0,-167.0
2024-10-16 01:30:00,221.0,-154.0
2024-10-16 01:31:00,219.0,-151.0
2024-10-16 01:32:00,217.0,-146.0
2024-10-16 01:33:00,219.0,-144.0
2024-10-16 01:34:00,219.0,-137.0
2024-10-16 01:35:00,220.0,-135.0
2024-10-16 01:36:00,224.0,-139.0
2024-10-16 01:37:00,223.0,-139.0
2024-10-16 01:38:00,222.0,-139.0
2024-10-16 01:39:00,218.0,-137.0
2024-10-16 01:40:00,216.0,-136.0
2024-10-16 01:41:00,213.0,-135.0
2024-10-16 01:42:00,212.0,-138.0
2024-10-16 01:43:00,211.0,-138.0
2024-10-16 01:44:00,206.0,-130.0
2024-10-16 01:45:00,208.0,-127.0
2024-10-16 01:46:00,203.0,-120.0
2024-10-16 01:47:00,196.0,-117.0
2024-10-16 01:48:00,179.0,-107.0
2024-10-16 01:49:00,168.0,-102.0
2024-10-16 01:50:00,155.0,-93.0
2024-10-16 01:51:00,154.0,-86.0
2024-10-16 01:52:00,148.0,-85.0
2024-10-16 01:53:00,141.0,-80.0
2024-10-16 01:54:00,138.0,-83.0
2024-10-16 01:55:00,135.0,-82.0
2024-10-16 01:56:00,127.0,-70.0
2024-10-16 01:57:00,131.0,-67.0
2024-10-16 01:58:00,132.0,-65.0
2024-10-16 01:59:00,128.0,-61.0
2024-10-16 02:00:00,118.0,-55.0
2024-10-16 02:01:00,113.0,-53.0
2024-10-16 02:02:00,109.0,-51.0
2024-10-16 02:03:00,108.0,-52.0
2024-10-16 02:04:00,109.0,-53.0
2024-10-16 02:05:00,113.0,-59.0
2024-10-16 02:06:00,122.0,-65.0
2024-10-16 02:07:00,112.0,-55.0
2024-10-16 02:08:00,107.0,-53.0
2024-10-16 02:09:00,106.0,-49.0
2024-10-16 02:10:00,105.0,-46.0
2024-10-16 02:11:00,102.0,-46.0
2024-10-16 02:12:00,96.0,-46.0
2024-10-16 02:13:00,87.0,-43.0
2024-10-16 02:14:00,91.0,-45.0
2024-10-16 02:15:00,97.0,-44.0
2024-10-16 02:16:00,96.0,-40.0
2024-10-16 02:17:00,99.0,-43.0
2024-10-16 02:18:00,89.0,-42.0
2024-10-16 02:19:00,87.0,-42.0
2024-10-16 02:20:00,88.0,-43.0
2024-10-16 02:21:00,87.0,-42.0
2024-10-16 02:22:00,87.0,-40.0
2024-10-16 02:23:00,97.0,-45.0
2024-10-16 02:24:00,107.0,-45.0
2024-10-16 02:25:00,110.0,-45.0
2024-10-16 02:26:00,111.0,-48.0
2024-10-16 02:27:00,109.0,-52.0
2024-10-16 02:28:00,112.0,-60.0
2024-10-16 02:29:00,118.0,-65.0
2024-10-16 02:30:00,114.0,-59.0
2024-10-16 02:31:00,103.0,-51.0
2024-10-16 02:32:00,93.0,-49.0
2024-10-16 02:33:00,91.0,-54.0
2024-10-16 02:34:00,88.0,-52.0
2024-10-16 02:35:00,90.0,-52.0
2024-10-16 02:36:00,98.0,-53.0
2024-10-16 02:37:00,118.0,-54.0
2024-10-16 02:38:00,139.0,-61.0
2024-10-16 02:39:00,139.0,-56.0
2024-10-16 02:40:00,107.0,-37.0
2024-10-16 02:41:00,85.0,-32.0
2024-10-16 02:42:00,85.0,-37.0
2024-10-16 02:43:00,89.0,-43.0
2024-10-16 02:44:00,97.0,-49.0
2024-10-16 02:45:00,117.0,-58.0
2024-10-16 02:46:00,120.0,-57.0
2024-10-16 02:47:00,128.0,-62.0
2024-10-16 02:48:00,148.0,-70.0
2024-10-16 02:49:00,176.0,-78.0
2024-10-16 02:50:00,200.0,-84.0
2024-10-16 02:51:00,205.0,-88.0
2024-10-16 02:52:00,195.0,-82.0
2024-10-16 02:53:00,182.0,-76.0
2024-10-16 02:54:00,161.0,-71.0
2024-10-16 02:55:00,146.0,-68.0
2024-10-16 02:56:00,142.0,-70.0
2024-10-16 02:57:00,143.0,-68.0
2024-10-16 02:58:00,146.0,-69.0
2024-10-16 02:59:00,152.0,-73.0
2024-10-16 03:00:00,158.0,-73.0
2024-10-16 03:01:00,166.0,-78.0
2024-10-16 03:02:00,158.0,-82.0
2024-10-16 03:03:00,159.0,-87.0
2024-10-16 03:04:00,168.0,-91.0
2024-10-16 03:05:00,181.0,-93.0
2024-10-16 03:06:00,198.0,-103.0
2024-10-16 03:07:00,223.0,-111.0
2024-10-16 03:08:00,243.0,-115.0
2024-10-16 03:09:00,267.0,-117.0
2024-10-16 03:10:00,268.0,-113.0
2024-10-16 03:11:00,272.0,-112.0
2024-10-16 03:12:00,295.0,-117.0
2024-10-16 03:13:00,315.0,-122.0
2024-10-16 03:14:00,320.0,-118.0
2024-10-16 03:15:00,311.0,-117.0
2024-10-16 03:16:00,314.0,-119.0
2024-10-16 03:17:00,315.0,-123.0
2024-10-16 03:18:00,296.0,-125.0
2024-10-16 03:19:00,310.0,-129.0
2024-10-16 03:20:00,307.0,-125.0
2024-10-16 03:21:00,281.0,-119.0
2024-10-16 03:22:00,274.0,-118.0
2024-10-16 03:23:00,273.0,-126.0
2024-10-16 03:24:00,275.0,-135.0
2024-10-16 03:25:00,297.0,-143.0
2024-10-16 03:26:00,312.0,-149.0
2024-10-16 03:27:00,313.0,-158.0
2024-10-16 03:28:00,302.0,-161.0
2024-10-16 03:29:00,286.0,-159.0
2024-10-16 03:30:00,278.0,-166.0
2024-10-16 03:31:00,280.0,-178.0
2024-10-16 03:32:00,267.0,-187.0
2024-10-16 03:33:00,273.0,-189.0
2024-10-16 03:34:00,292.0,-200.0
2024-10-16 03:35:00,296.0,-211.0
2024-10-16 03:36:00,302.0,-228.0
2024-10-16 03:37:00,311.0,-242.0
2024-10-16 03:38:00,324.0,-258.0
2024-10-16 03:39:00,331.0,-260.0
2024-10-16 03:40:00,310.0,-245.0
2024-10-16 03:41:00,313.0,-249.0
2024-10-16 03:42:00,334.0,-264.0
2024-10-16 03:43:00,365.0,-278.0
2024-10-16 03:44:00,376.0,-282.0
2024-10-16 03:45:00,390.0,-291.0
2024-10-16 03:46:00,400.0,-300.0
2024-10-16 03:47:00,408.0,-308.0
2024-10-16 03:48:00,420.0,-311.0
2024-10-16 03:49:00,413.0,-300.0
2024-10-16 03:50:00,407.0,-290.0
2024-10-16 03:51:00,405.0,-290.0
2024-10-16 03:52:00,387.0,-283.0
2024-10-16 03:53:00,383.0,-286.0
2024-10-16 03:54:00,398.0,-304.0
2024-10-16 03:55:00,406.0,-304.0
2024-10-16 03:56:00,420.0,-310.0
2024-10-16 03:57:00,428.0,-313.0
2024-10-16 03:58:00,434.0,-328.0
2024-10-16 03:59:00,432.0,-331.0
2024-10-16 04:00:00,431.0,-330.0
2024-10-16 04:01:00,433.0,-333.0
2024-10-16 04:02:00,422.0,-327.0
2024-10-16 04:03:00,397.0,-309.0
2024-10-16 04:04:00,380.0,-292.0
2024-10-16 04:05:00,364.0,-271.0
2024-10-16 04:06:00,355.0,-253.0
2024-10-16 04:07:00,342.0,-242.0
2024-10-16 04:08:00,333.0,-235.0
2024-10-16 04:09:00,329.0,-233.0
2024-10-16 04:10:00,328.0,-235.0
2024-10-16 04:11:00,329.0,-229.0
2024-10-16 04:12:00,325.0,-218.0
2024-10-16 04:13:00,328.0,-219.0
2024-10-16 04:14:00,329.0,-224.0
2024-10-16 04:15:00,323.0,-224.0
2024-10-16 04:16:00,312.0,-221.0
2024-10-16 04:17:00,297.0,-212.0
2024-10-16 04:18:00,294.0,-208.0
2024-10-16 04:19:00,294.0,-198.0
2024-10-16 04:20:00,288.0,-187.0
2024-10-16 04:21:00,282.0,-179.0
2024-10-16 04:22:00,278.0,-168.0
2024-10-16 04:23:00,266.0,-153.0
2024-10-16 04:24:00,259.0,-143.0
2024-10-16 04:25:00,254.0,-141.0
2024-10-16 04:26:00,236.0,-133.0
2024-10-16 04:27:00,223.0,-121.0
2024-10-16 04:28:00,211.0,-113.0
2024-10-16 04:29:00,213.0,-113.0
2024-10-16 04:30:00,209.0,-108.0
2024-10-16 04:31:00,215.0,-107.0
2024-10-16 04:32:00,224.0,-112.0
2024-10-16 04:33:00,231.0,-114.0
2024-10-16 04:34:00,234.0,-117.0
2024-10-16 04:35:00,230.0,-119.0
2024-10-16 04:36:00,218.0,-117.0
2024-10-16 04:37:00,207.0,-114.0
2024-10-16 04:38:00,200.0,-114.0
2024-10-16 04:39:00,193.0,-114.0
2024-10-16 04:40:00,192.0,-114.0
2024-10-16 04:41:00,190.0,-114.0
2024-10-16 04:42:00,181.0,-109.0
2024-10-16 04:43:00,163.0,-95.0
2024-10-16 04:44:00,145.0,-83.0
2024-10-16 04:45:00,139.0,-80.0
2024-10-16 04:46:00,135.0,-79.0
2024-10-16 04:47:00,138.0,-77.0
2024-10-16 04:48:00,138.0,-74.0
2024-10-16 04:49:00,134.0,-69.0
2024-10-16 04:50:00,129.0,-64.0
2024-10-16 04:51:00,128.0,-64.0
2024-10-16 04:52:00,125.0,-63.0
2024-10-16 04:53:00,122.0,-62.0
2024-10-16 04:54:00,118.0,-61.0
2024-10-16 04:55:00,111.0,-55.0
2024-10-16 04:56:00,115.0,-56.0
2024-10-16 04:57:00,121.0,-56.0
2024-10-16 04:58:00,124.0,-53.0
2024-10-16 04:59:00,126.0,-57.0
2024-10-16 05:00:00,124.0,-55.0
2024-10-16 05:01:00,124.0,-52.0
2024-10-16 05:02:00,123.0,-50.0
2024-10-16 05:03:00,122.0,-53.0
2024-10-16 05:04:00,124.0,-57.0
2024-10-16 05:05:00,122.0,-53.0
2024-10-16 05:06:00,120.0,-49.0
2024-10-16 05:07:00,122.0,-47.0
2024-10-16 05:08:00,120.0,-42.0
2024-10-16 05:09:00,113.0,-39.0
2024-10-16 05:10:00,107.0,-36.0
2024-10-16 05:11:00,101.0,-35.0
2024-10-16 05:12:00,94.0,-32.0
2024-10-16 05:13:00,91.0,-28.0
2024-10-16 05:14:00,94.0,-28.0
2024-10-16 05:15:00,94.0,-28.0
2024-10-16 05:16:00,96.0,-28.0
2024-10-16 05:17:00,92.0,-25.0
2024-10-16 05:18:00,87.0,-22.0
2024-10-16 05:19:00,81.0,-21.0
2024-10-16 05:20:00,82.0,-24.0
2024-10-16 05:21:00,87.0,-28.0
2024-10-16 05:22:00,92.0,-30.0
2024-10-16 05:23:00,109.0,-38.0
2024-10-16 05:24:00,130.0,-40.0
2024-10-16 05:25:00,148.0,-42.0
2024-10-16 05:26:00,161.0,-47.0
2024-10-16 05:27:00,176.0,-53.0
2024-10-16 05:28:00,184.0,-56.0
2024-10-16 05:29:00,185.0,-60.0
2024-10-16 05:30:00,185.0,-65.0
2024-10-16 05:31:00,191.0,-71.0
2024-10-16 05:32:00,199.0,-74.0
2024-10-16 05:33:00,206.0,-78.0
2024-10-16 05:34:00,208.0,-78.0
2024-10-16 05:35:00,204.0,-74.0
2024-10-16 05:36:00,201.0,-74.0
2024-10-16 05:37:00,202.0,-75.0
2024-10-16 05:38:00,203.0,-76.0
2024-10-16 05:39:00,200.0,-76.0
2024-10-16 05:40:00,196.0,-77.0
2024-10-16 05:41:00,196.0,-81.0
2024-10-16 05:42:00,200.0,-85.0
2024-10-16 05:43:00,206.0,-89.0
2024-10-16 05:44:00,206.0,-91.0
2024-10-16 05:45:00,213.0,-93.0
2024-10-16 05:46:00,215.0,-91.0
2024-10-16 05:47:00,215.0,-92.0
2024-10-16 05:48:00,212.0,-94.0
2024-10-16 05:49:00,209.0,-94.0
2024-10-16 05:50:00,213.0,-99.0
2024-10-16 05:51:00,217.0,-106.0
2024-10-16 05:52:00,223.0,-110.0
2024-10-16 05:53:00,231.0,-112.0
2024-10-16 05:54:00,246.0,-114.0
2024-10-16 05:55:00,256.0,-114.0
2024-10-16 05:56:00,266.0,-116.0
2024-10-16 05:57:00,272.0,-117.0
2024-10-16 05:58:00,272.0,-117.0
2024-10-16 05:59:00,270.0,-123.0
2024-10-16 06:00:00,267.0,-123.0
2024-10-16 06:01:00,264.0,-124.0
2024-10-16 06:02:00,260.0,-123.0
2024-10-16 06:03:00,254.0,-125.0
2024-10-16 06:04:00,247.0,-128.0
2024-10-16 06:05:00,248.0,-132.0
2024-10-16 06:06:00,248.0,-133.0
2024-10-16 06:07:00,244.0,-139.0
2024-10-16 06:08:00,246.0,-141.0
2024-10-16 06:09:00,251.0,-138.0
2024-10-16 06:10:00,256.0,-136.0
2024-10-16 06:11:00,260.0,-137.0
2024-10-16 06:12:00,263.0,-138.0
2024-10-16 06:13:00,266.0,-139.0
2024-10-16 06:14:00,261.0,-131.0
2024-10-16 06:15:00,261.0,-127.0
2024-10-16 06:16:00,262.0,-128.0
2024-10-16 06:17:00,274.0,-141.0
2024-10-16 06:18:00,294.0,-161.0
2024-10-16 06:19:00,300.0,-164.0
2024-10-16 06:20:00,300.0,-156.0
2024-10-16 06:21:00,308.0,-158.0
2024-10-16 06:22:00,320.0,-166.0
2024-10-16 06:23:00,313.0,-156.0
2024-10-16 06:24:00,306.0,-146.0
2024-10-16 06:25:00,315.0,-151.0
2024-10-16 06:26:00,313.0,-148.0
2024-10-16 06:27:00,308.0,-138.0
2024-10-16 06:28:00,298.0,-126.0
2024-10-16 06:29:00,297.0,-124.0
2024-10-16 06:30:00,303.0,-131.0
2024-10-16 06:31:00,305.0,-135.0
2024-10-16 06:32:00,301.0,-135.0
2024-10-16 06:33:00,300.0,-139.0
2024-10-16 06:34:00,303.0,-143.0
2024-10-16 06:35:00,302.0,-143.0
2024-10-16 06:36:00,299.0,-143.0
2024-10-16 06:37:00,310.0,-153.0
2024-10-16 06:38:00,316.0,-163.0
2024-10-16 06:39:00,317.0,-172.0
2024-10-16 06:40:00,309.0,-174.0
2024-10-16 06:41:00,299.0,-169.0
2024-10-16 06:42:00,295.0,-169.0
2024-10-16 06:43:00,290.0,-170.0
2024-10-16 06:44:00,296.0,-180.0
2024-10-16 06:45:00,298.0,-189.0
2024-10-16 06:46:00,295.0,-191.0
2024-10-16 06:47:00,276.0,-176.0
2024-10-16 06:48:00,257.0,-158.0
2024-10-16 06:49:00,234.0,-147.0
2024-10-16 06:50:00,229.0,-158.0
2024-10-16 06:51:00,225.0,-170.0
2024-10-16 06:52:00,217.0,-164.0
2024-10-16 06:53:00,212.0,-157.0
2024-10-16 06:54:00,209.0,-151.0
2024-10-16 06:55:00,192.0,-136.0
2024-10-16 06:56:00,189.0,-132.0
2024-10-16 06:57:00,193.0,-135.0
2024-10-16 06:58:00,206.0,-140.0
2024-10-16 06:59:00,210.0,-142.0
2024-10-16 07:00:00,199.0,-135.0
2024-10-16 07:01:00,190.0,-129.0
2024-10-16 07:02:00,193.0,-132.0
2024-10-16 07:03:00,198.0,-134.0
2024-10-16 07:04:00,198.0,-131.0
2024-10-16 07:05:00,202.0,-136.0
2024-10-16 07:06:00,209.0,-147.0
2024-10-16 07:07:00,203.0,-144.0
2024-10-16 07:08:00,194.0,-138.0
2024-10-16 07:09:00,176.0,-121.0
2024-10-16 07:10:00,159.0,-106.0
2024-10-16 07:11:00,147.0,-95.0
2024-10-16 07:12:00,137.0,-89.0
2024-10-16 07:13:00,128.0,-83.0
2024-10-16 07:14:00,121.0,-80.0
2024-10-16 07:15:00,126.0,-79.0
2024-10-16 07:16:00,153.0,-89.0
2024-10-16 07:17:00,176.0,-103.0
2024-10-16 07:18:00,197.0,-113.0
2024-10-16 07:19:00,213.0,-126.0
2024-10-16 07:20:00,221.0,-136.0
2024-10-16 07:21:00,234.0,-143.0
2024-10-16 07:22:00,238.0,-157.0
2024-10-16 07:23:00,234.0,-152.0
2024-10-16 07:24:00,238.0,-149.0
2024-10-16 07:25:00,239.0,-143.0
2024-10-16 07:26:00,247.0,-147.0
2024-10-16 07:27:00,256.0,-155.0
2024-10-16 07:28:00,257.0,-163.0
2024-10-16 07:29:00,256.0,-167.0
2024-10-16 07:30:00,243.0,-168.0
2024-10-16 07:31:00,248.0,-166.0
2024-10-16 07:32:00,245.0,-157.0
2024-10-16 07:33:00,230.0,-141.0
2024-10-16 07:34:00,226.0,-137.0
2024-10-16 07:35:00,232.0,-139.0
2024-10-16 07:36:00,231.0,-134.0
2024-10-16 07:37:00,224.0,-129.0
2024-10-16 07:38:00,221.0,-124.0
2024-10-16 07:39:00,233.0,-126.0
2024-10-16 07:40:00,253.0,-130.0
2024-10-16 07:41:00,280.0,-139.0
2024-10-16 07:42:00,305.0,-151.0
2024-10-16 07:43:00,316.0,-155.0
2024-10-16 07:44:00,316.0,-150.0
2024-10-16 07:45:00,311.0,-137.0
2024-10-16 07:46:00,304.0,-123.0
2024-10-16 07:47:00,289.0,-116.0
2024-10-16 07:48:00,280.0,-109.0
2024-10-16 07:49:00,278.0,-114.0
2024-10-16 07:50:00,276.0,-119.0
2024-10-16 07:51:00,281.0,-127.0
2024-10-16 07:52:00,342.0,-192.0
2024-10-16 07:53:00,316.0,-173.0
2024-10-16 07:54:00,265.0,-129.0
2024-10-16 07:55:00,259.0,-125.0
2024-10-16 07:56:00,254.0,-121.0
2024-10-16 07:57:00,253.0,-115.0
2024-10-16 07:58:00,262.0,-117.0
2024-10-16 07:59:00,257.0,-115.0
2024-10-16 08:00:00,251.0,-119.0
2024-10-16 08:01:00,246.0,-120.0
2024-10-16 08:02:00,240.0,-121.0
2024-10-16 08:03:00,242.0,-124.0
2024-10-16 08:04:00,263.0,-122.0
2024-10-16 08:05:00,295.0,-123.0
2024-10-16 08:06:00,313.0,-122.0
2024-10-16 08:07:00,315.0,-120.0
2024-10-16 08:08:00,309.0,-126.0
2024-10-16 08:09:00,293.0,-132.0
2024-10-16 08:10:00,266.0,-140.0
2024-10-16 08:11:00,268.0,-148.0
2024-10-16 08:12:00,271.0,-151.0
2024-10-16 08:13:00,279.0,-157.0
2024-10-16 08:14:00,299.0,-174.0
2024-10-16 08:15:00,325.0,-192.0
2024-10-16 08:16:00,349.0,-202.0
2024-10-16 08:17:00,365.0,-208.0
2024-10-16 08:18:00,385.0,-213.0
2024-10-16 08:19:00,638.0,-430.0
2024-10-16 08:20:00,777.0,-555.0
2024-10-16 08:21:00,846.0,-638.0
2024-10-16 08:22:00,764.0,-579.0
2024-10-16 08:23:00,682.0,-496.0
2024-10-16 08:24:00,751.0,-537.0
2024-10-16 08:25:00,714.0,-511.0
2024-10-16 08:26:00,729.0,-511.0
2024-10-16 08:27:00,738.0,-519.0
2024-10-16 08:28:00,675.0,-474.0
2024-10-16 08:29:00,628.0,-433.0
2024-10-16 08:30:00,644.0,-442.0
2024-10-16 08:31:00,653.0,-437.0
2024-10-16 08:32:00,647.0,-422.0
2024-10-16 08:33:00,653.0,-414.0
2024-10-16 08:34:00,671.0,-415.0
2024-10-16 08:35:00,690.0,-436.0
2024-10-16 08:36:00,691.0,-425.0
2024-10-16 08:37:00,696.0,-424.0
2024-10-16 08:38:00,692.0,-411.0
2024-10-16 08:39:00,718.0,-423.0
2024-10-16 08:40:00,728.0,-419.0
2024-10-16 08:41:00,712.0,-403.0
2024-10-16 08:42:00,752.0,-426.0
2024-10-16 08:43:00,803.0,-462.0
2024-10-16 08:44:00,845.0,-495.0
2024-10-16 08:45:00,871.0,-510.0
2024-10-16 08:46:00,880.0,-512.0
2024-10-16 08:47:00,870.0,-503.0
2024-10-16 08:48:00,854.0,-488.0
2024-10-16 08:49:00,841.0,-471.0
2024-10-16 08:50:00,843.0,-461.0
2024-10-16 08:51:00,836.0,-464.0
2024-10-16 08:52:00,814.0,-450.0
2024-10-16 08:53:00,789.0,-426.0
2024-10-16 08:54:00,759.0,-405.0
2024-10-16 08:55:00,738.0,-387.0
2024-10-16 08:56:00,711.0,-358.0
2024-10-16 08:57:00,679.0,-332.0
2024-10-16 08:58:00,637.0,-299.0
2024-10-16 08:59:00,594.0,-284.0
2024-10-16 09:00:00,584.0,-286.0
2024-10-16 09:01:00,569.0,-288.0
2024-10-16 09:02:00,539.0,-286.0
2024-10-16 09:03:00,530.0,-283.0
2024-10-16 09:04:00,588.0,-342.0
2024-10-16 09:05:00,614.0,-367.0
2024-10-16 09:06:00,586.0,-338.0
2024-10-16 09:07:00,578.0,-333.0
2024-10-16 09:08:00,579.0,-331.0
2024-10-16 09:09:00,578.0,-330.0
2024-10-16 09:10:00,587.0,-337.0
2024-10-16 09:11:00,593.0,-349.0
2024-10-16 09:12:00,584.0,-351.0
2024-10-16 09:13:00,556.0,-324.0
2024-10-16 09:14:00,541.0,-307.0
2024-10-16 09:15:00,535.0,-302.0
2024-10-16 09:16:00,534.0,-304.0
2024-10-16 09:17:00,522.0,-301.0
2024-10-16 09:18:00,516.0,-300.0
2024-10-16 09:19:00,519.0,-303.0
2024-10-16 09:20:00,528.0,-309.0
2024-10-16 09:21:00,528.0,-310.0
2024-10-16 09:22:00,538.0,-311.0
2024-10-16 09:23:00,545.0,-312.0
2024-10-16 09:24:00,543.0,-317.0
2024-10-16 09:25:00,531.0,-314.0
2024-10-16 09:26:00,530.0,-313.0
2024-10-16 09:27:00,520.0,-310.0
2024-10-16 09:28:00,504.0,-300.0
2024-10-16 09:29:00,485.0,-282.0
2024-10-16 09:30:00,473.0,-270.0
2024-10-16 09:31:00,466.0,-260.0
2024-10-16 09:32:00,459.0,-253.0
2024-10-16 09:33:00,457.0,-249.0
2024-10-16 09:34:00,451.0,-248.0
2024-10-16 09:35:00,452.0,-253.0
2024-10-16 09:36:00,463.0,-260.0
2024-10-16 09:37:00,463.0,-263.0
2024-10-16 09:38:00,460.0,-264.0
2024-10-16 09:39:00,463.0,-271.0
2024-10-16 09:40:00,472.0,-273.0
2024-10-16 09:41:00,475.0,-269.0
2024-10-16 09:42:00,472.0,-266.0
2024-10-16 09:43:00,470.0,-268.0
2024-10-16 09:44:00,471.0,-268.0
2024-10-16 09:45:00,467.0,-260.0
2024-10-16 09:46:00,454.0,-245.0
2024-10-16 09:47:00,440.0,-234.0
2024-10-16 09:48:00,440.0,-232.0
2024-10-16 09:49:00,450.0,-239.0
2024-10-16 09:50:00,447.0,-233.0
2024-10-16 09:51:00,437.0,-226.0
2024-10-16 09:52:00,416.0,-217.0
2024-10-16 09:53:00,396.0,-206.0
2024-10-16 09:54:00,386.0,-200.0
2024-10-16 09:55:00,371.0,-198.0
2024-10-16 09:56:00,371.0,-203.0
2024-10-16 09:57:00,370.0,-203.0
2024-10-16 09:58:00,364.0,-195.0
2024-10-16 09:59:00,350.0,-184.0
2024-10-16 10:00:00,336.0,-168.0
2024-10-16 10:01:00,325.0,-155.0
2024-10-16 10:02:00,324.0,-150.0
2024-10-16 10:03:00,350.0,-148.0
2024-10-16 10:04:00,377.0,-149.0
2024-10-16 10:05:00,387.0,-151.0
2024-10-16 10:06:00,385.0,-154.0
2024-10-16 10:07:00,387.0,-163.0
2024-10-16 10:08:00,393.0,-175.0
2024-10-16 10:09:00,399.0,-180.0
2024-10-16 10:10:00,393.0,-175.0
2024-10-16 10:11:00,383.0,-170.0
2024-10-16 10:12:00,383.0,-173.0
2024-10-16 10:13:00,395.0,-173.0
2024-10-16 10:14:00,397.0,-174.0
2024-10-16 10:15:00,386.0,-169.0
2024-10-16 10:16:00,399.0,-159.0
2024-10-16 10:17:00,414.0,-152.0
2024-10-16 10:18:00,420.0,-149.0
2024-10-16 10:19:00,421.0,-146.0
2024-10-16 10:20:00,420.0,-143.0
2024-10-16 10:21:00,417.0,-143.0
2024-10-16 10:22:00,402.0,-140.0
2024-10-16 10:23:00,397.0,-140.0
2024-10-16 10:24:00,395.0,-139.0
2024-10-16 10:25:00,423.0,-170.0
2024-10-16 10:26:00,435.0,-180.0
2024-10-16 10:27:00,397.0,-142.0
2024-10-16 10:28:00,401.0,-145.0
2024-10-16 10:29:00,406.0,-148.0
2024-10-16 10:30:00,410.0,-155.0
2024-10-16 10:31:00,411.0,-161.0
2024-10-16 10:32:00,414.0,-162.0
2024-10-16 10:33:00,417.0,-160.0
2024-10-16 10:34:00,412.0,-155.0
2024-10-16 10:35:00,405.0,-150.0
2024-10-16 10:36:00,395.0,-147.0
2024-10-16 10:37:00,383.0,-142.0
2024-10-16 10:38:00,363.0,-135.0
2024-10-16 10:39:00,346.0,-134.0
2024-10-16 10:40:00,327.0,-127.0
2024-10-16 10:41:00,317.0,-118.0
2024-10-16 10:42:00,308.0,-109.0
2024-10-16 10:43:00,308.0,-104.0
2024-10-16 10:44:00,301.0,-104.0
2024-10-16 10:45:00,290.0,-102.0
2024-10-16 10:46:00,297.0,-102.0
2024-10-16 10:47:00,302.0,-104.0
2024-10-16 10:48:00,302.0,-105.0
2024-10-16 10:49:00,300.0,-103.0
2024-10-16 10:50:00,300.0,-105.0
2024-10-16 10:51:00,288.0,-106.0
2024-10-16 10:52:00,273.0,-100.0
2024-10-16 10:53:00,265.0,-95.0
2024-10-16 10:54:00,261.0,-93.0
2024-10-16 10:55:00,257.0,-98.0
2024-10-16 10:56:00,251.0,-101.0
2024-10-16 10:57:00,249.0,-108.0
2024-10-16 10:58:00,254.0,-118.0
2024-10-16 10:59:00,254.0,-120.0
2024-10-16 11:00:00,260.0,-120.0
2024-10-16 11:01:00,264.0,-118.0
2024-10-16 11:02:00,262.0,-113.0
2024-10-16 11:03:00,262.0,-115.0
2024-10-16 11:04:00,257.0,-114.0
2024-10-16 11:05:00,242.0,-107.0
2024-10-16 11:06:00,244.0,-116.0
2024-10-16 11:07:00,241.0,-125.0
2024-10-16 11:08:00,240.0,-130.0
2024-10-16 11:09:00,245.0,-136.0
2024-10-16 11:10:00,248.0,-138.0
2024-10-16 11:11:00,250.0,-136.0
2024-10-16 11:12:00,254.0,-133.0
2024-10-16 11:13:00,267.0,-131.0
2024-10-16 11:14:00,258.0,-123.0
2024-10-16 11:15:00,250.0,-124.0
2024-10-16 11:16:00,254.0,-135.0
2024-10-16 11:17:00,265.0,-151.0
2024-10-16 11:18:00,278.0,-165.0
2024-10-16 11:19:00,292.0,-175.0
2024-10-16 11:20:00,302.0,-179.0
2024-10-16 11:21:00,306.0,-177.0
2024-10-16 11:22:00,307.0,-169.0
2024-10-16 11:23:00,296.0,-153.0
2024-10-16 11:24:00,275.0,-134.0
2024-10-16 11:25:00,259.0,-129.0
2024-10-16 11:26:00,238.0,-124.0
2024-10-16 11:27:00,213.0,-117.0
2024-10-16 11:28:00,201.0,-119.0
2024-10-16 11:29:00,210.0,-139.0
2024-10-16 11:30:00,217.0,-154.0
2024-10-16 11:31:00,224.0,-166.0
2024-10-16 11:32:00,233.0,-176.0
2024-10-16 11:33:00,240.0,-182.0
2024-10-16 11:34:00,246.0,-184.0
2024-10-16 11:35:00,217.0,-150.0
2024-10-16 11:36:00,175.0,-105.0
2024-10-16 11:37:00,170.0,-98.0
2024-10-16 11:38:00,171.0,-97.0
2024-10-16 11:39:00,172.0,-95.0
2024-10-16 11:40:00,171.0,-93.0
2024-10-16 11:41:00,166.0,-88.0
2024-10-16 11:42:00,157.0,-83.0
2024-10-16 11:43:00,148.0,-80.0
2024-10-16 11:44:00,148.0,-87.0
2024-10-16 11:45:00,148.0,-93.0
2024-10-16 11:46:00,154.0,-102.0
2024-10-16 11:47:00,160.0,-108.0
2024-10-16 11:48:00,155.0,-102.0
2024-10-16 11:49:00,169.0,-98.0
2024-10-16 11:50:00,186.0,-100.0
2024-10-16 11:51:00,195.0,-112.0
2024-10-16 11:52:00,178.0,-112.0
2024-10-16 11:53:00,171.0,-104.0
2024-10-16 11:54:00,162.0,-96.0
2024-10-16 11:55:00,164.0,-101.0
2024-10-16 11:56:00,169.0,-106.0
2024-10-16 11:57:00,169.0,-107.0
2024-10-16 11:58:00,173.0,-113.0
2024-10-16 11:59:00,178.0,-122.0
2024-10-16 12:00:00,190.0,-136.0
2024-10-16 12:01:00,195.0,-145.0
2024-10-16 12:02:00,202.0,-148.0
2024-10-16 12:03:00,212.0,-148.0
2024-10-16 12:04:00,230.0,-155.0
2024-10-16 12:05:00,236.0,-158.0
2024-10-16 12:06:00,238.0,-162.0
2024-10-16 12:07:00,239.0,-162.0
2024-10-16 12:08:00,244.0,-155.0
2024-10-16 12:09:00,238.0,-151.0
2024-10-16 12:10:00,228.0,-144.0
2024-10-16 12:11:00,219.0,-137.0
2024-10-16 12:12:00,213.0,-131.0
2024-10-16 12:13:00,199.0,-125.0
2024-10-16 12:14:00,191.0,-125.0
2024-10-16 12:15:00,190.0,-125.0
2024-10-16 12:16:00,189.0,-119.0
2024-10-16 12:17:00,192.0,-119.0
2024-10-16 12:18:00,187.0,-114.0
2024-10-16 12:19:00,172.0,-103.0
2024-10-16 12:20:00,152.0,-88.0
2024-10-16 12:21:00,145.0,-83.0
2024-10-16 12:22:00,148.0,-83.0
2024-10-16 12:23:00,151.0,-87.0
2024-10-16 12:24:00,148.0,-87.0
2024-10-16 12:25:00,144.0,-83.0
2024-10-16 12:26:00,139.0,-75.0
2024-10-16 12:27:00,136.0,-69.0
2024-10-16 12:28:00,129.0,-62.0
2024-10-16 12:29:00,124.0,-59.0
2024-10-16 12:30:00,126.0,-63.0
2024-10-16 12:31:00,135.0,-73.0
2024-10-16 12:32:00,146.0,-83.0
2024-10-16 12:33:00,148.0,-84.0
2024-10-16 12:34:00,155.0,-85.0
2024-10-16 12:35:00,170.0,-95.0
2024-10-16 12:36:00,188.0,-110.0
2024-10-16 12:37:00,217.0,-141.0
2024-10-16 12:38:00,257.0,-184.0
2024-10-16 12:39:00,307.0,-234.0
2024-10-16 12:40:00,342.0,-266.0
2024-10-16 12:41:00,366.0,-287.0
2024-10-16 12:42:00,389.0,-307.0
2024-10-16 12:43:00,414.0,-328.0
2024-10-16 12:44:00,408.0,-315.0
2024-10-16 12:45:00,411.0,-309.0
2024-10-16 12:46:00,401.0,-300.0
2024-10-16 12:47:00,397.0,-300.0
2024-10-16 12:48:00,407.0,-308.0
2024-10-16 12:49:00,411.0,-311.0
2024-10-16 12:50:00,408.0,-300.0
2024-10-16 12:51:00,424.0,-304.0
2024-10-16 12:52:00,451.0,-323.0
2024-10-16 12:53:00,490.0,-368.0
2024-10-16 12:54:00,494.0,-383.0
2024-10-16 12:55:00,492.0,-392.0
2024-10-16 12:56:00,477.0,-379.0
2024-10-16 12:57:00,470.0,-374.0
2024-10-16 12:58:00,464.0,-357.0
2024-10-16 12:59:00,484.0,-365.0
2024-10-16 13:00:00,498.0,-378.0
2024-10-16 13:01:00,483.0,-361.0
2024-10-16 13:02:00,448.0,-332.0
2024-10-16 13:03:00,437.0,-322.0
2024-10-16 13:04:00,455.0,-334.0
2024-10-16 13:05:00,464.0,-333.0
2024-10-16 13:06:00,454.0,-317.0
2024-10-16 13:07:00,448.0,-313.0
2024-10-16 13:08:00,457.0,-331.0
2024-10-16 13:09:00,455.0,-335.0
2024-10-16 13:10:00,484.0,-369.0
2024-10-16 13:11:00,505.0,-392.0
2024-10-16 13:12:00,508.0,-395.0
2024-10-16 13:13:00,507.0,-389.0
2024-10-16 13:14:00,497.0,-377.0
2024-10-16 13:15:00,483.0,-367.0
2024-10-16 13:16:00,458.0,-351.0
2024-10-16 13:17:00,483.0,-380.0
2024-10-16 13:18:00,498.0,-390.0
2024-10-16 13:19:00,503.0,-380.0
2024-10-16 13:20:00,500.0,-369.0
2024-10-16 13:21:00,483.0,-356.0
2024-10-16 13:22:00,460.0,-341.0
2024-10-16 13:23:00,443.0,-326.0
2024-10-16 13:24:00,457.0,-335.0
2024-10-16 13:25:00,474.0,-348.0
2024-10-16 13:26:00,474.0,-343.0
2024-10-16 13:27:00,494.0,-364.0
2024-10-16 13:28:00,483.0,-358.0
2024-10-16 13:29:00,452.0,-335.0
2024-10-16 13:30:00,470.0,-357.0
2024-10-16 13:31:00,477.0,-362.0
2024-10-16 13:32:00,456.0,-342.0
2024-10-16 13:33:00,460.0,-356.0
2024-10-16 13:34:00,512.0,-415.0
2024-10-16 13:35:00,534.0,-437.0
2024-10-16 13:36:00,547.0,-445.0
2024-10-16 13:37:00,551.0,-444.0
2024-10-16 13:38:00,550.0,-445.0
2024-10-16 13:39:00,546.0,-455.0
2024-10-16 13:40:00,531.0,-443.0
2024-10-16 13:41:00,519.0,-425.0
2024-10-16 13:42:00,516.0,-415.0
2024-10-16 13:43:00,507.0,-397.0
2024-10-16 13:44:00,510.0,-395.0
2024-10-16 13:45:00,527.0,-405.0
2024-10-16 13:46:00,550.0,-423.0
2024-10-16 13:47:00,550.0,-426.0
2024-10-16 13:48:00,542.0,-415.0
2024-10-16 13:49:00,536.0,-401.0
2024-10-16 13:50:00,546.0,-406.0
2024-10-16 13:51:00,522.0,-378.0
2024-10-16 13:52:00,521.0,-380.0
2024-10-16 13:53:00,528.0,-384.0
2024-10-16 13:54:00,541.0,-393.0
2024-10-16 13:55:00,528.0,-377.0
2024-10-16 13:56:00,521.0,-360.0
2024-10-16 13:57:00,512.0,-348.0
2024-10-16 13:58:00,508.0,-343.0
2024-10-16 13:59:00,492.0,-322.0
2024-10-16 14:00:00,482.0,-313.0
2024-10-16 14:01:00,466.0,-305.0
2024-10-16 14:02:00,455.0,-296.0
2024-10-16 14:03:00,451.0,-295.0
2024-10-16 14:04:00,440.0,-283.0
2024-10-16 14:05:00,420.0,-261.0
2024-10-16 14:06:00,401.0,-246.0
2024-10-16 14:07:00,392.0,-246.0
2024-10-16 14:08:00,391.0,-252.0
2024-10-16 14:09:00,382.0,-245.0
2024-10-16 14:10:00,371.0,-234.0
2024-10-16 14:11:00,369.0,-234.0
2024-10-16 14:12:00,368.0,-224.0
2024-10-16 14:13:00,368.0,-215.0
2024-10-16 14:14:00,347.0,-203.0
2024-10-16 14:15:00,329.0,-189.0
2024-10-16 14:16:00,312.0,-171.0
2024-10-16 14:17:00,294.0,-163.0
2024-10-16 14:18:00,283.0,-161.0
2024-10-16 14:19:00,270.0,-155.0
2024-10-16 14:20:00,264.0,-150.0
2024-10-16 14:21:00,266.0,-144.0
2024-10-16 14:22:00,256.0,-138.0
2024-10-16 14:23:00,244.0,-133.0
2024-10-16 14:24:00,236.0,-132.0
2024-10-16 14:25:00,221.0,-126.0
2024-10-16 14:26:00,219.0,-124.0
2024-10-16 14:27:00,223.0,-125.0
2024-10-16 14:28:00,238.0,-137.0
2024-10-16 14:29:00,250.0,-150.0
2024-10-16 14:30:00,256.0,-162.0
2024-10-16 14:31:00,247.0,-160.0
2024-10-16 14:32:00,224.0,-142.0
2024-10-16 14:33:00,200.0,-124.0
2024-10-16 14:34:00,180.0,-109.0
2024-10-16 14:35:00,160.0,-92.0
2024-10-16 14:36:00,142.0,-75.0
2024-10-16 14:37:00,139.0,-71.0
2024-10-16 14:38:00,137.0,-68.0
2024-10-16 14:39:00,138.0,-68.0
2024-10-16 14:40:00,133.0,-64.0
2024-10-16 14:41:00,117.0,-49.0
2024-10-16 14:42:00,118.0,-46.0
2024-10-16 14:43:00,117.0,-43.0
2024-10-16 14:44:00,120.0,-43.0
2024-10-16 14:45:00,121.0,-43.0
2024-10-16 14:46:00,119.0,-43.0
2024-10-16 14:47:00,116.0,-45.0
2024-10-16 14:48:00,114.0,-47.0
2024-10-16 14:49:00,109.0,-46.0
2024-10-16 14:50:00,100.0,-41.0
2024-10-16 14:51:00,91.0,-36.0
2024-10-16 14:52:00,84.0,-30.0
2024-10-16 14:53:00,79.0,-26.0
2024-10-16 14:54:00,90.0,-39.0
2024-10-16 14:55:00,90.0,-39.0
2024-10-16 14:56:00,74.0,-24.0
2024-10-16 14:57:00,92.0,-41.0
2024-10-16 14:58:00,104.0,-52.0
2024-10-16 14:59:00,117.0,-66.0
2024-10-16 15:00:00,131.0,-82.0
2024-10-16 15:01:00,133.0,-86.0
2024-10-16 15:02:00,123.0,-74.0
2024-10-16 15:03:00,113.0,-62.0
2024-10-16 15:04:00,107.0,-54.0
2024-10-16 15:05:00,104.0,-50.0
2024-10-16 15:06:00,111.0,-55.0
2024-10-16 15:07:00,131.0,-75.0
2024-10-16 15:08:00,145.0,-89.0
2024-10-16 15:09:00,140.0,-87.0
2024-10-16 15:10:00,125.0,-74.0
2024-10-16 15:11:00,108.0,-58.0
2024-10-16 15:12:00,95.0,-46.0
2024-10-16 15:13:00,86.0,-38.0
2024-10-16 15:14:00,84.0,-39.0
2024-10-16 15:15:00,88.0,-45.0
2024-10-16 15:16:00,88.0,-45.0
2024-10-16 15:17:00,86.0,-42.0
2024-10-16 15:18:00,82.0,-36.0
2024-10-16 15:19:00,83.0,-36.0
2024-10-16 15:20:00,87.0,-39.0
2024-10-16 15:21:00,85.0,-42.0
2024-10-16 15:22:00,86.0,-46.0
2024-10-16 15:23:00,88.0,-50.0
2024-10-16 15:24:00,101.0,-60.0
2024-10-16 15:25:00,120.0,-73.0
2024-10-16 15:26:00,133.0,-84.0
2024-10-16 15:27:00,128.0,-87.0
2024-10-16 15:28:00,118.0,-82.0
2024-10-16 15:29:00,107.0,-67.0
2024-10-16 15:30:00,106.0,-61.0
2024-10-16 15:31:00,109.0,-62.0
2024-10-16 15:32:00,111.0,-62.0
2024-10-16 15:33:00,115.0,-63.0
2024-10-16 15:34:00,113.0,-60.0
2024-10-16 15:35:00,107.0,-60.0
2024-10-16 15:36:00,107.0,-64.0
2024-10-16 15:37:00,112.0,-66.0
2024-10-16 15:38:00,110.0,-61.0
2024-10-16 15:39:00,123.0,-71.0
2024-10-16 15:40:00,132.0,-78.0
2024-10-16 15:41:00,159.0,-103.0
2024-10-16 15:42:00,167.0,-107.0
2024-10-16 15:43:00,165.0,-101.0
2024-10-16 15:44:00,181.0,-117.0
2024-10-16 15:45:00,210.0,-141.0
2024-10-16 15:46:00,270.0,-192.0
2024-10-16 15:47:00,316.0,-227.0
2024-10-16 15:48:00,314.0,-218.0
2024-10-16 15:49:00,327.0,-224.0
2024-10-16 15:50:00,319.0,-207.0
2024-10-16 15:51:00,303.0,-188.0
2024-10-16 15:52:00,272.0,-157.0
2024-10-16 15:53:00,266.0,-153.0
2024-10-16 15:54:00,255.0,-143.0
2024-10-16 15:55:00,280.0,-169.0
2024-10-16 15:56:00,289.0,-175.0
2024-10-16 15:57:00,273.0,-156.0
2024-10-16 15:58:00,364.0,-249.0
2024-10-16 15:59:00,475.0,-363.0
2024-10-16 16:00:00,427.0,-314.0
2024-10-16 16:01:00,385.0,-269.0
2024-10-16 16:02:00,532.0,-412.0
2024-10-16 16:03:00,623.0,-496.0
2024-10-16 16:04:00,616.0,-479.0
2024-10-16 16:05:00,567.0,-428.0
2024-10-16 16:06:00,510.0,-365.0
2024-10-16 16:07:00,473.0,-323.0
2024-10-16 16:08:00,463.0,-305.0
2024-10-16 16:09:00,453.0,-286.0
2024-10-16 16:10:00,421.0,-257.0
2024-10-16 16:11:00,431.0,-277.0
2024-10-16 16:12:00,478.0,-330.0
2024-10-16 16:13:00,484.0,-326.0
2024-10-16 16:14:00,498.0,-346.0
2024-10-16 16:15:00,584.0,-442.0
2024-10-16 16:16:00,648.0,-510.0
2024-10-16 16:17:00,589.0,-451.0
2024-10-16 16:18:00,580.0,-443.0
2024-10-16 16:19:00,513.0,-379.0
2024-10-16 16:20:00,489.0,-368.0
2024-10-16 16:21:00,500.0,-383.0
2024-10-16 16:22:00,476.0,-360.0
2024-10-16 16:23:00,486.0,-362.0
2024-10-16 16:24:00,578.0,-447.0
2024-10-16 16:25:00,601.0,-455.0
2024-10-16 16:26:00,578.0,-429.0
2024-10-16 16:27:00,586.0,-451.0
2024-10-16 16:28:00,559.0,-434.0
2024-10-16 16:29:00,517.0,-402.0
2024-10-16 16:30:00,552.0,-440.0
2024-10-16 16:31:00,557.0,-439.0
2024-10-16 16:32:00,654.0,-540.0
2024-10-16 16:33:00,603.0,-487.0
2024-10-16 16:34:00,518.0,-406.0
2024-10-16 16:35:00,597.0,-486.0
2024-10-16 16:36:00,621.0,-508.0
2024-10-16 16:37:00,599.0,-486.0
2024-10-16 16:38:00,556.0,-443.0
2024-10-16 16:39:00,492.0,-395.0
2024-10-16 16:40:00,521.0,-435.0
2024-10-16 16:41:00,553.0,-461.0
2024-10-16 16:42:00,631.0,-535.0
2024-10-16 16:43:00,633.0,-533.0
2024-10-16 16:44:00,578.0,-473.0
2024-10-16 16:45:00,585.0,-481.0
2024-10-16 16:46:00,652.0,-551.0
2024-10-16 16:47:00,751.0,-648.0
2024-10-16 16:48:00,799.0,-692.0
2024-10-16 16:49:00,801.0,-689.0
2024-10-16 16:50:00,822.0,-713.0
2024-10-16 16:51:00,800.0,-697.0
2024-10-16 16:52:00,730.0,-628.0
2024-10-16 16:53:00,613.0,-509.0
2024-10-16 16:54:00,614.0,-503.0
2024-10-16 16:55:00,595.0,-479.0
2024-10-16 16:56:00,559.0,-444.0
2024-10-16 16:57:00,550.0,-434.0
2024-10-16 16:58:00,528.0,-407.0
2024-10-16 16:59:00,499.0,-379.0
2024-10-16 17:00:00,487.0,-369.0
2024-10-16 17:01:00,455.0,-338.0
2024-10-16 17:02:00,466.0,-343.0
2024-10-16 17:03:00,494.0,-368.0
2024-10-16 17:04:00,490.0,-363.0
2024-10-16 17:05:00,492.0,-359.0
2024-10-16 17:06:00,505.0,-362.0
2024-10-16 17:07:00,507.0,-362.0
2024-10-16 17:08:00,515.0,-367.0
2024-10-16 17:09:00,515.0,-377.0
2024-10-16 17:10:00,517.0,-387.0
2024-10-16 17:11:00,551.0,-429.0
2024-10-16 17:12:00,545.0,-430.0
2024-10-16 17:13:00,554.0,-435.0
2024-10-16 17:14:00,557.0,-429.0
2024-10-16 17:15:00,534.0,-402.0
2024-10-16 17:16:00,514.0,-378.0
2024-10-16 17:17:00,552.0,-413.0
2024-10-16 17:18:00,614.0,-465.0
2024-10-16 17:19:00,665.0,-488.0
2024-10-16 17:20:00,679.0,-490.0
2024-10-16 17:21:00,700.0,-515.0
2024-10-16 17:22:00,658.0,-490.0
2024-10-16 17:23:00,608.0,-480.0
2024-10-16 17:24:00,605.0,-491.0
2024-10-16 17:25:00,632.0,-526.0
2024-10-16 17:26:00,612.0,-507.0
2024-10-16 17:27:00,541.0,-432.0
2024-10-16 17:28:00,518.0,-409.0
2024-10-16 17:29:00,514.0,-408.0
2024-10-16 17:30:00,522.0,-420.0
2024-10-16 17:31:00,574.0,-472.0
2024-10-16 17:32:00,502.0,-388.0
2024-10-16 17:33:00,418.0,-285.0
2024-10-16 17:34:00,425.0,-289.0
2024-10-16 17:35:00,423.0,-298.0
2024-10-16 17:36:00,425.0,-315.0
2024-10-16 17:37:00,450.0,-339.0
2024-10-16 17:38:00,463.0,-347.0
2024-10-16 17:39:00,476.0,-357.0
2024-10-16 17:40:00,489.0,-367.0
2024-10-16 17:41:00,489.0,-363.0
2024-10-16 17:42:00,473.0,-343.0
2024-10-16 17:43:00,460.0,-332.0
2024-10-16 17:44:00,448.0,-329.0
2024-10-16 17:45:00,444.0,-331.0
2024-10-16 17:46:00,461.0,-348.0
2024-10-16 17:47:00,478.0,-359.0
2024-10-16 17:48:00,472.0,-347.0
2024-10-16 17:49:00,459.0,-330.0
2024-10-16 17:50:00,447.0,-319.0
2024-10-16 17:51:00,429.0,-311.0
2024-10-16 17:52:00,409.0,-300.0
2024-10-16 17:53:00,381.0,-275.0
2024-10-16 17:54:00,382.0,-272.0
2024-10-16 17:55:00,345.0,-227.0
2024-10-16 17:56:00,323.0,-210.0
2024-10-16 17:57:00,297.0,-199.0
2024-10-16 17:58:00,274.0,-190.0
2024-10-16 17:59:00,255.0,-184.0
2024-10-16 18:00:00,360.0,-284.0
2024-10-16 18:01:00,371.0,-293.0
2024-10-16 18:02:00,358.0,-269.0
2024-10-16 18:03:00,270.0,-174.0
2024-10-16 18:04:00,289.0,-188.0
2024-10-16 18:05:00,308.0,-198.0
2024-10-16 18:06:00,318.0,-205.0
2024-10-16 18:07:00,339.0,-228.0
2024-10-16 18:08:00,346.0,-239.0
2024-10-16 18:09:00,343.0,-245.0
2024-10-16 18:10:00,265.0,-176.0
2024-10-16 18:11:00,234.0,-154.0
2024-10-16 18:12:00,232.0,-163.0
2024-10-16 18:13:00,247.0,-181.0
2024-10-16 18:14:00,266.0,-197.0
2024-10-16 18:15:00,280.0,-202.0
2024-10-16 18:16:00,275.0,-192.0
2024-10-16 18:17:00,259.0,-177.0
2024-10-16 18:18:00,253.0,-165.0
2024-10-16 18:19:00,261.0,-163.0
2024-10-16 18:20:00,269.0,-166.0
2024-10-16 18:21:00,267.0,-167.0
2024-10-16 18:22:00,243.0,-149.0
2024-10-16 18:23:00,221.0,-129.0
2024-10-16 18:24:00,219.0,-123.0
2024-10-16 18:25:00,219.0,-119.0
2024-10-16 18:26:00,211.0,-120.0
2024-10-16 18:27:00,204.0,-120.0
2024-10-16 18:28:00,197.0,-120.0
2024-10-16 18:29:00,203.0,-130.0
2024-10-16 18:30:00,220.0,-140.0
2024-10-16 18:31:00,232.0,-145.0
2024-10-16 18:32:00,232.0,-141.0
2024-10-16 18:33:00,218.0,-133.0
2024-10-16 18:34:00,199.0,-121.0
2024-10-16 18:35:00,184.0,-114.0
2024-10-16 18:36:00,178.0,-107.0
2024-10-16 18:37:00,176.0,-104.0
2024-10-16 18:38:00,177.0,-103.0
2024-10-16 18:39:00,182.0,-106.0
2024-10-16 18:40:00,187.0,-113.0
2024-10-16 18:41:00,190.0,-125.0
2024-10-16 18:42:00,191.0,-135.0
2024-10-16 18:43:00,201.0,-149.0
2024-10-16 18:44:00,202.0,-153.0
2024-10-16 18:45:00,206.0,-160.0
2024-10-16 18:46:00,215.0,-168.0
2024-10-16 18:47:00,225.0,-175.0
2024-10-16 18:48:00,234.0,-184.0
2024-10-16 18:49:00,243.0,-189.0
2024-10-16 18:50:00,251.0,-191.0
2024-10-16 18:51:00,254.0,-193.0
2024-10-16 18:52:00,253.0,-192.0
2024-10-16 18:53:00,245.0,-185.0
2024-10-16 18:54:00,240.0,-178.0
2024-10-16 18:55:00,237.0,-171.0
2024-10-16 18:56:00,238.0,-168.0
2024-10-16 18:57:00,231.0,-156.0
2024-10-16 18:58:00,224.0,-144.0
2024-10-16 18:59:00,216.0,-137.0
2024-10-16 19:00:00,205.0,-131.0
2024-10-16 19:01:00,234.0,-161.0
2024-10-16 19:02:00,282.0,-207.0
2024-10-16 19:03:00,311.0,-229.0
2024-10-16 19:04:00,330.0,-241.0
2024-10-16 19:05:00,328.0,-230.0
2024-10-16 19:06:00,309.0,-200.0
2024-10-16 19:07:00,284.0,-169.0
2024-10-16 19:08:00,278.0,-168.0
2024-10-16 19:09:00,288.0,-183.0
2024-10-16 19:10:00,281.0,-185.0
2024-10-16 19:11:00,248.0,-160.0
2024-10-16 19:12:00,243.0,-155.0
2024-10-16 19:13:00,228.0,-139.0
2024-10-16 19:14:00,232.0,-141.0
2024-10-16 19:15:00,242.0,-147.0
2024-10-16 19:16:00,244.0,-149.0
2024-10-16 19:17:00,248.0,-154.0
2024-10-16 19:18:00,250.0,-160.0
2024-10-16 19:19:00,266.0,-170.0
2024-10-16 19:20:00,276.0,-180.0
2024-10-16 19:21:00,289.0,-196.0
2024-10-16 19:22:00,289.0,-199.0
2024-10-16 19:23:00,277.0,-188.0
2024-10-16 19:24:00,276.0,-186.0
2024-10-16 19:25:00,285.0,-186.0
2024-10-16 19:26:00,286.0,-180.0
2024-10-16 19:27:00,291.0,-180.0
2024-10-16 19:28:00,280.0,-173.0
2024-10-16 19:29:00,254.0,-160.0
2024-10-16 19:30:00,245.0,-158.0
2024-10-16 19:31:00,241.0,-157.0
2024-10-16 19:32:00,241.0,-157.0
2024-10-16 19:33:00,229.0,-147.0
2024-10-16 19:34:00,222.0,-140.0
2024-10-16 19:35:00,221.0,-143.0
2024-10-16 19:36:00,230.0,-154.0
2024-10-16 19:37:00,227.0,-152.0
2024-10-16 19:38:00,225.0,-146.0
2024-10-16 19:39:00,230.0,-149.0
2024-10-16 19:40:00,248.0,-163.0
2024-10-16 19:41:00,245.0,-156.0
2024-10-16 19:42:00,276.0,-173.0
2024-10-16 19:43:00,296.0,-192.0
2024-10-16 19:44:00,312.0,-214.0
2024-10-16 19:45:00,311.0,-220.0
2024-10-16 19:46:00,315.0,-226.0
2024-10-16 19:47:00,318.0,-234.0
2024-10-16 19:48:00,317.0,-237.0
2024-10-16 19:49:00,318.0,-241.0
2024-10-16 19:50:00,338.0,-262.0
2024-10-16 19:51:00,331.0,-242.0
2024-10-16 19:52:00,338.0,-230.0
2024-10-16 19:53:00,366.0,-250.0
2024-10-16 19:54:00,405.0,-294.0
2024-10-16 19:55:00,388.0,-288.0
2024-10-16 19:56:00,373.0,-282.0
2024-10-16 19:57:00,356.0,-264.0
2024-10-16 19:58:00,335.0,-234.0
2024-10-16 19:59:00,331.0,-224.0
2024-10-16 20:00:00,325.0,-216.0
2024-10-16 20:01:00,333.0,-227.0
2024-10-16 20:02:00,348.0,-239.0
2024-10-16 20:03:00,348.0,-239.0
2024-10-16 20:04:00,342.0,-237.0
2024-10-16 20:05:00,340.0,-232.0
2024-10-16 20:06:00,337.0,-226.0
2024-10-16 20:07:00,342.0,-229.0
2024-10-16 20:08:00,345.0,-234.0
2024-10-16 20:09:00,379.0,-265.0
2024-10-16 20:10:00,411.0,-293.0
2024-10-16 20:11:00,427.0,-301.0
2024-10-16 20:12:00,413.0,-284.0
2024-10-16 20:13:00,391.0,-266.0
2024-10-16 20:14:00,381.0,-260.0
2024-10-16 20:15:00,422.0,-288.0
2024-10-16 20:16:00,455.0,-318.0
2024-10-16 20:17:00,425.0,-287.0
2024-10-16 20:18:00,410.0,-282.0
2024-10-16 20:19:00,402.0,-283.0
2024-10-16 20:20:00,425.0,-302.0
2024-10-16 20:21:00,458.0,-324.0
2024-10-16 20:22:00,548.0,-405.0
2024-10-16 20:23:00,535.0,-398.0
2024-10-16 20:24:00,493.0,-350.0
2024-10-16 20:25:00,541.0,-388.0
2024-10-16 20:26:00,595.0,-430.0
2024-10-16 20:27:00,594.0,-434.0
2024-10-16 20:28:00,661.0,-507.0
2024-10-16 20:29:00,682.0,-526.0
2024-10-16 20:30:00,712.0,-543.0
2024-10-16 20:31:00,723.0,-552.0
2024-10-16 20:32:00,684.0,-520.0
2024-10-16 20:33:00,605.0,-429.0
2024-10-16 20:34:00,567.0,-375.0
2024-10-16 20:35:00,569.0,-376.0
2024-10-16 20:36:00,555.0,-366.0
2024-10-16 20:37:00,541.0,-356.0
2024-10-16 20:38:00,507.0,-327.0
2024-10-16 20:39:00,485.0,-308.0
2024-10-16 20:40:00,470.0,-300.0
2024-10-16 20:41:00,482.0,-311.0
2024-10-16 20:42:00,511.0,-340.0
2024-10-16 20:43:00,523.0,-350.0
2024-10-16 20:44:00,517.0,-349.0
2024-10-16 20:45:00,502.0,-335.0
2024-10-16 20:46:00,487.0,-328.0
2024-10-16 20:47:00,465.0,-318.0
2024-10-16 20:48:00,464.0,-326.0
2024-10-16 20:49:00,441.0,-317.0
2024-10-16 20:50:00,423.0,-306.0
2024-10-16 20:51:00,433.0,-316.0
2024-10-16 20:52:00,454.0,-327.0
2024-10-16 20:53:00,456.0,-328.0
2024-10-16 20:54:00,443.0,-322.0
2024-10-16 20:55:00,432.0,-319.0
2024-10-16 20:56:00,432.0,-324.0
2024-10-16 20:57:00,438.0,-330.0
2024-10-16 20:58:00,452.0,-340.0
2024-10-16 20:59:00,459.0,-344.0
2024-10-16 21:00:00,455.0,-334.0
2024-10-16 21:01:00,422.0,-299.0
2024-10-16 21:02:00,404.0,-281.0
2024-10-16 21:03:00,426.0,-297.0
2024-10-16 21:04:00,455.0,-329.0
2024-10-16 21:05:00,484.0,-364.0
2024-10-16 21:06:00,488.0,-372.0
2024-10-16 21:07:00,483.0,-368.0
2024-10-16 21:08:00,463.0,-353.0
2024-10-16 21:09:00,438.0,-329.0
2024-10-16 21:10:00,436.0,-328.0
2024-10-16 21:11:00,414.0,-314.0
2024-10-16 21:12:00,385.0,-282.0
2024-10-16 21:13:00,367.0,-258.0
2024-10-16 21:14:00,366.0,-255.0
2024-10-16 21:15:00,370.0,-258.0
2024-10-16 21:16:00,369.0,-257.0
2024-10-16 21:17:00,384.0,-270.0
2024-10-16 21:18:00,409.0,-293.0
2024-10-16 21:19:00,394.0,-277.0
2024-10-16 21:20:00,389.0,-272.0
2024-10-16 21:21:00,374.0,-260.0
2024-10-16 21:22:00,361.0,-249.0
2024-10-16 21:23:00,347.0,-238.0
2024-10-16 21:24:00,323.0,-218.0
2024-10-16 21:25:00,298.0,-196.0
2024-10-16 21:26:00,304.0,-204.0
2024-10-16 21:27:00,294.0,-194.0
2024-10-16 21:28:00,300.0,-193.0
2024-10-16 21:29:00,307.0,-200.0
2024-10-16 21:30:00,304.0,-202.0
2024-10-16 21:31:00,308.0,-207.0
2024-10-16 21:32:00,311.0,-211.0
2024-10-16 21:33:00,301.0,-204.0
2024-10-16 21:34:00,295.0,-200.0
2024-10-16 21:35:00,298.0,-207.0
2024-10-16 21:36:00,277.0,-188.0
2024-10-16 21:37:00,263.0,-176.0
2024-10-16 21:38:00,265.0,-181.0
2024-10-16 21:39:00,279.0,-191.0
2024-10-16 21:40:00,283.0,-190.0
2024-10-16 21:41:00,273.0,-177.0
2024-10-16 21:42:00,264.0,-171.0
2024-10-16 21:43:00,273.0,-177.0
2024-10-16 21:44:00,272.0,-173.0
2024-10-16 21:45:00,270.0,-166.0
2024-10-16 21:46:00,274.0,-165.0
2024-10-16 21:47:00,274.0,-164.0
2024-10-16 21:48:00,270.0,-160.0
2024-10-16 21:49:00,262.0,-154.0
2024-10-16 21:50:00,252.0,-147.0
2024-10-16 21:51:00,252.0,-148.0
2024-10-16 21:52:00,257.0,-153.0
2024-10-16 21:53:00,259.0,-155.0
2024-10-16 21:54:00,256.0,-152.0
2024-10-16 21:55:00,243.0,-142.0
2024-10-16 21:56:00,235.0,-134.0
2024-10-16 21:57:00,227.0,-125.0
2024-10-16 21:58:00,220.0,-118.0
2024-10-16 21:59:00,214.0,-117.0
2024-10-16 22:00:00,208.0,-118.0
2024-10-16 22:01:00,204.0,-122.0
2024-10-16 22:02:00,204.0,-126.0
2024-10-16 22:03:00,195.0,-119.0
2024-10-16 22:04:00,192.0,-116.0
2024-10-16 22:05:00,199.0,-123.0
2024-10-16 22:06:00,200.0,-124.0
2024-10-16 22:07:00,209.0,-130.0
2024-10-16 22:08:00,216.0,-132.0
2024-10-16 22:09:00,223.0,-132.0
2024-10-16 22:10:00,225.0,-127.0
2024-10-16 22:11:00,229.0,-128.0
2024-10-16 22:12:00,238.0,-134.0
2024-10-16 22:13:00,246.0,-137.0
2024-10-16 22:14:00,254.0,-142.0
2024-10-16 22:15:00,267.0,-155.0
2024-10-16 22:16:00,280.0,-165.0
2024-10-16 22:17:00,282.0,-164.0
2024-10-16 22:18:00,305.0,-180.0
2024-10-16 22:19:00,315.0,-187.0
2024-10-16 22:20:00,297.0,-167.0
2024-10-16 22:21:00,315.0,-183.0
2024-10-16 22:22:00,343.0,-214.0
2024-10-16 22:23:00,415.0,-288.0
2024-10-16 22:24:00,434.0,-309.0
2024-10-16 22:25:00,461.0,-333.0
2024-10-16 22:26:00,467.0,-333.0
2024-10-16 22:27:00,491.0,-357.0
2024-10-16 22:28:00,408.0,-279.0
2024-10-16 22:29:00,435.0,-307.0
2024-10-16 22:30:00,455.0,-326.0
2024-10-16 22:31:00,478.0,-348.0
2024-10-16 22:32:00,507.0,-378.0
2024-10-16 22:33:00,500.0,-374.0
2024-10-16 22:34:00,505.0,-387.0
2024-10-16 22:35:00,510.0,-394.0
2024-10-16 22:36:00,483.0,-360.0
2024-10-16 22:37:00,483.0,-367.0
2024-10-16 22:38:00,463.0,-349.0
2024-10-16 22:39:00,420.0,-312.0
2024-10-16 22:40:00,404.0,-298.0
2024-10-16 22:41:00,416.0,-311.0
2024-10-16 22:42:00,427.0,-325.0
2024-10-16 22:43:00,424.0,-326.0
2024-10-16 22:44:00,423.0,-333.0
2024-10-16 22:45:00,386.0,-296.0
2024-10-16 22:46:00,364.0,-277.0
2024-10-16 22:47:00,359.0,-276.0
2024-10-16 22:48:00,304.0,-226.0
2024-10-16 22:49:00,361.0,-285.0
2024-10-16 22:50:00,345.0,-271.0
2024-10-16 22:51:00,329.0,-263.0
2024-10-16 22:52:00,358.0,-302.0
2024-10-16 22:53:00,316.0,-266.0
2024-10-16 22:54:00,269.0,-221.0
2024-10-16 22:55:00,226.0,-182.0
2024-10-16 22:56:00,257.0,-215.0
2024-10-16 22:57:00,253.0,-214.0
2024-10-16 22:58:00,233.0,-196.0
2024-10-16 22:59:00,243.0,-202.0
2024-10-16 23:00:00,257.0,-223.0
2024-10-16 23:01:00,271.0,-234.0
2024-10-16 23:02:00,275.0,-236.0
2024-10-16 23:03:00,276.0,-238.0
2024-10-16 23:04:00,256.0,-221.0
2024-10-16 23:05:00,231.0,-198.0
2024-10-16 23:06:00,230.0,-194.0
2024-10-16 23:07:00,224.0,-186.0
2024-10-16 23:08:00,211.0,-176.0
2024-10-16 23:09:00,205.0,-175.0
2024-10-16 23:10:00,205.0,-177.0
2024-10-16 23:11:00,206.0,-179.0
2024-10-16 23:12:00,205.0,-177.0
2024-10-16 23:13:00,207.0,-175.0
2024-10-16 23:14:00,209.0,-172.0
2024-10-16 23:15:00,209.0,-173.0
2024-10-16 23:16:00,201.0,-166.0
2024-10-16 23:17:00,194.0,-158.0
2024-10-16 23:18:00,197.0,-158.0
2024-10-16 23:19:00,201.0,-157.0
2024-10-16 23:20:00,208.0,-162.0
2024-10-16 23:21:00,197.0,-153.0
2024-10-16 23:22:00,180.0,-141.0
2024-10-16 23:23:00,163.0,-129.0
2024-10-16 23:24:00,160.0,-133.0
2024-10-16 23:25:00,160.0,-131.0
2024-10-16 23:26:00,148.0,-114.0
2024-10-16 23:27:00,145.0,-103.0
2024-10-16 23:28:00,144.0,-102.0
2024-10-16 23:29:00,142.0,-101.0
2024-10-16 23:30:00,145.0,-99.0
2024-10-16 23:31:00,141.0,-99.0
2024-10-16 23:32:00,132.0,-97.0
2024-10-16 23:33:00,134.0,-97.0
2024-10-16 23:34:00,141.0,-98.0
2024-10-16 23:35:00,147.0,-94.0
2024-10-16 23:36:00,154.0,-91.0
2024-10-16 23:37:00,135.0,-86.0
2024-10-16 23:38:00,116.0,-80.0
2024-10-16 23:39:00,98.0,-70.0
2024-10-16 23:40:00,87.0,-57.0
2024-10-16 23:41:00,98.0,-60.0
2024-10-16 23:42:00,119.0,-73.0
2024-10-16 23:43:00,141.0,-90.0
2024-10-16 23:44:00,153.0,-102.0
2024-10-16 23:45:00,159.0,-106.0
2024-10-16 23:46:00,169.0,-106.0
2024-10-16 23:47:00,182.0,-110.0
2024-10-16 23:48:00,194.0,-116.0
2024-10-16 23:49:00,203.0,-118.0
2024-10-16 23:50:00,191.0,-113.0
2024-10-16 23:51:00,190.0,-116.0
2024-10-16 23:52:00,189.0,-127.0
2024-10-16 23:53:00,189.0,-139.0
2024-10-16 23:54:00,193.0,-150.0
2024-10-16 23:55:00,192.0,-154.0
2024-10-16 23:56:00,174.0,-143.0
2024-10-16 23:57:00,175.0,-145.0
2024-10-16 23:58:00,168.0,-130.0
2024-10-16 23:59:00,156.0,-114.0
2024-10-17 00:00:00,145.0,-109.0
2024-10-17 00:01:00,145.0,-115.0
2024-10-17 00:02:00,141.0,-117.0
2024-10-17 00:03:00,132.0,-113.0
2024-10-17 00:04:00,128.0,-111.0
2024-10-17 00:05:00,123.0,-107.0
2024-10-17 00:06:00,120.0,-103.0
2024-10-17 00:07:00,113.0,-92.0
2024-10-17 00:08:00,113.0,-89.0
2024-10-17 00:09:00,114.0,-90.0
2024-10-17 00:10:00,108.0,-84.0
2024-10-17 00:11:00,102.0,-80.0
2024-10-17 00:12:00,96.0,-74.0
2024-10-17 00:13:00,90.0,-70.0
2024-10-17 00:14:00,88.0,-69.0
2024-10-17 00:15:00,85.0,-69.0
2024-10-17 00:16:00,86.0,-69.0
2024-10-17 00:17:00,84.0,-68.0
2024-10-17 00:18:00,87.0,-69.0
2024-10-17 00:19:00,87.0,-69.0
2024-10-17 00:20:00,84.0,-66.0
2024-10-17 00:21:00,84.0,-63.0
2024-10-17 00:22:00,80.0,-56.0
2024-10-17 00:23:00,83.0,-51.0
2024-10-17 00:24:00,93.0,-50.0
2024-10-17 00:25:00,125.0,-65.0
2024-10-17 00:26:00,157.0,-82.0
2024-10-17 00:27:00,160.0,-87.0
2024-10-17 00:28:00,161.0,-90.0
2024-10-17 00:29:00,153.0,-91.0
2024-10-17 00:30:00,138.0,-90.0
2024-10-17 00:31:00,161.0,-105.0
2024-10-17 00:32:00,169.0,-115.0
2024-10-17 00:33:00,165.0,-113.0
2024-10-17 00:34:00,180.0,-130.0
2024-10-17 00:35:00,171.0,-116.0
2024-10-17 00:36:00,167.0,-109.0
2024-10-17 00:37:00,168.0,-107.0
2024-10-17 00:38:00,162.0,-98.0
2024-10-17 00:39:00,173.0,-102.0
2024-10-17 00:40:00,189.0,-117.0
2024-10-17 00:41:00,194.0,-130.0
2024-10-17 00:42:00,195.0,-140.0
2024-10-17 00:43:00,188.0,-140.0
2024-10-17 00:44:00,173.0,-131.0
2024-10-17 00:45:00,174.0,-131.0
2024-10-17 00:46:00,181.0,-140.0
2024-10-17 00:47:00,184.0,-145.0
2024-10-17 00:48:00,182.0,-144.0
2024-10-17 00:49:00,190.0,-149.0
2024-10-17 00:50:00,197.0,-155.0
2024-10-17 00:51:00,197.0,-156.0
2024-10-17 00:52:00,194.0,-154.0
2024-10-17 00:53:00,172.0,-135.0
2024-10-17 00:54:00,159.0,-125.0
2024-10-17 00:55:00,161.0,-129.0
2024-10-17 00:56:00,165.0,-134.0
2024-10-17 00:57:00,160.0,-127.0
2024-10-17 00:58:00,155.0,-114.0
2024-10-17 00:59:00,141.0,-99.0
2024-10-17 01:00:00,125.0,-85.0
2024-10-17 01:01:00,109.0,-81.0
2024-10-17 01:02:00,121.0,-91.0
2024-10-17 01:03:00,148.0,-106.0
2024-10-17 01:04:00,156.0,-114.0
2024-10-17 01:05:00,152.0,-114.0
2024-10-17 01:06:00,139.0,-105.0
2024-10-17 01:07:00,136.0,-101.0
2024-10-17 01:08:00,137.0,-99.0
2024-10-17 01:09:00,120.0,-87.0
2024-10-17 01:10:00,121.0,-83.0
2024-10-17 01:11:00,120.0,-82.0
2024-10-17 01:12:00,109.0,-75.0
2024-10-17 01:13:00,110.0,-73.0
2024-10-17 01:14:00,107.0,-78.0
2024-10-17 01:15:00,107.0,-84.0
2024-10-17 01:16:00,132.0,-85.0
2024-10-17 01:17:00,144.0,-89.0
2024-10-17 01:18:00,133.0,-89.0
2024-10-17 01:19:00,127.0,-94.0
2024-10-17 01:20:00,142.0,-103.0
2024-10-17 01:21:00,157.0,-109.0
2024-10-17 01:22:00,168.0,-112.0
2024-10-17 01:23:00,180.0,-115.0
2024-10-17 01:24:00,191.0,-117.0
2024-10-17 01:25:00,187.0,-118.0
2024-10-17 01:26:00,180.0,-118.0
2024-10-17 01:27:00,178.0,-116.0
2024-10-17 01:28:00,182.0,-112.0
2024-10-17 01:29:00,186.0,-110.0
2024-10-17 01:30:00,191.0,-113.0
2024-10-17 01:31:00,189.0,-119.0
2024-10-17 01:32:00,189.0,-123.0
2024-10-17 01:33:00,183.0,-129.0
2024-10-17 01:34:00,175.0,-131.0
2024-10-17 01:35:00,175.0,-133.0
2024-10-17 01:36:00,183.0,-138.0
2024-10-17 01:37:00,193.0,-141.0
2024-10-17 01:38:00,192.0,-138.0
2024-10-17 01:39:00,182.0,-132.0
2024-10-17 01:40:00,180.0,-129.0
2024-10-17 01:41:00,177.0,-126.0
2024-10-17 01:42:00,180.0,-129.0
2024-10-17 01:43:00,185.0,-137.0
2024-10-17 01:44:00,187.0,-141.0
2024-10-17 01:45:00,194.0,-145.0
2024-10-17 01:46:00,204.0,-148.0
2024-10-17 01:47:00,214.0,-149.0
2024-10-17 01:48:00,221.0,-151.0
2024-10-17 01:49:00,217.0,-151.0
2024-10-17 01:50:00,213.0,-155.0
2024-10-17 01:51:00,230.0,-177.0
2024-10-17 01:52:00,252.0,-199.0
2024-10-17 01:53:00,241.0,-189.0
2024-10-17 01:54:00,230.0,-176.0
2024-10-17 01:55:00,215.0,-160.0
2024-10-17 01:56:00,232.0,-176.0
2024-10-17 01:57:00,240.0,-186.0
2024-10-17 01:58:00,254.0,-202.0
2024-10-17 01:59:00,260.0,-207.0
2024-10-17 02:00:00,257.0,-200.0
2024-10-17 02:01:00,254.0,-195.0
2024-10-17 02:02:00,245.0,-187.0
2024-10-17 02:03:00,260.0,-200.0
2024-10-17 02:04:00,290.0,-216.0
2024-10-17 02:05:00,343.0,-240.0
2024-10-17 02:06:00,309.0,-231.0
2024-10-17 02:07:00,318.0,-236.0
2024-10-17 02:08:00,312.0,-224.0
2024-10-17 02:09:00,316.0,-221.0
2024-10-17 02:10:00,320.0,-230.0
2024-10-17 02:11:00,354.0,-258.0
2024-10-17 02:12:00,373.0,-279.0
2024-10-17 02:13:00,351.0,-265.0
2024-10-17 02:14:00,355.0,-278.0
2024-10-17 02:15:00,325.0,-250.0
2024-10-17 02:16:00,308.0,-240.0
2024-10-17 02:17:00,313.0,-239.0
2024-10-17 02:18:00,361.0,-271.0
2024-10-17 02:19:00,402.0,-303.0
2024-10-17 02:20:00,407.0,-303.0
2024-10-17 02:21:00,381.0,-285.0
2024-10-17 02:22:00,358.0,-274.0
2024-10-17 02:23:00,351.0,-271.0
2024-10-17 02:24:00,350.0,-269.0
2024-10-17 02:25:00,354.0,-270.0
2024-10-17 02:26:00,346.0,-261.0
2024-10-17 02:27:00,350.0,-259.0
2024-10-17 02:28:00,347.0,-258.0
2024-10-17 02:29:00,336.0,-251.0
2024-10-17 02:30:00,322.0,-240.0
2024-10-17 02:31:00,317.0,-236.0
2024-10-17 02:32:00,323.0,-239.0
2024-10-17 02:33:00,315.0,-230.0
2024-10-17 02:34:00,321.0,-227.0
2024-10-17 02:35:00,325.0,-215.0
2024-10-17 02:36:00,336.0,-215.0
2024-10-17 02:37:00,338.0,-212.0
2024-10-17 02:38:00,351.0,-223.0
2024-10-17 02:39:00,336.0,-208.0
2024-10-17 02:40:00,343.0,-211.0
2024-10-17 02:41:00,366.0,-227.0
2024-10-17 02:42:00,379.0,-237.0
2024-10-17 02:43:00,388.0,-241.0
2024-10-17 02:44:00,394.0,-243.0
2024-10-17 02:45:00,404.0,-250.0
2024-10-17 02:46:00,390.0,-232.0
2024-10-17 02:47:00,383.0,-227.0
2024-10-17 02:48:00,391.0,-237.0
2024-10-17 02:49:00,401.0,-254.0
2024-10-17 02:50:00,402.0,-266.0
2024-10-17 02:51:00,398.0,-273.0
2024-10-17 02:52:00,391.0,-272.0
2024-10-17 02:53:00,408.0,-284.0
2024-10-17 02:54:00,414.0,-288.0
2024-10-17 02:55:00,418.0,-292.0
2024-10-17 02:56:00,411.0,-287.0
2024-10-17 02:57:00,407.0,-291.0
2024-10-17 02:58:00,434.0,-316.0
2024-10-17 02:59:00,451.0,-322.0
2024-10-17 03:00:00,454.0,-310.0
2024-10-17 03:01:00,451.0,-300.0
2024-10-17 03:02:00,450.0,-295.0
2024-10-17 03:03:00,457.0,-305.0
2024-10-17 03:04:00,439.0,-293.0
2024-10-17 03:05:00,409.0,-265.0
2024-10-17 03:06:00,414.0,-268.0
2024-10-17 03:07:00,405.0,-258.0
2024-10-17 03:08:00,402.0,-248.0
2024-10-17 03:09:00,426.0,-259.0
2024-10-17 03:10:00,418.0,-245.0
2024-10-17 03:11:00,416.0,-246.0
2024-10-17 03:12:00,412.0,-244.0
2024-10-17 03:13:00,427.0,-259.0
2024-10-17 03:14:00,419.0,-240.0
2024-10-17 03:15:00,412.0,-233.0
2024-10-17 03:16:00,389.0,-217.0
2024-10-17 03:17:00,382.0,-212.0
2024-10-17 03:18:00,375.0,-211.0
2024-10-17 03:19:00,352.0,-200.0
2024-10-17 03:20:00,322.0,-184.0
2024-10-17 03:21:00,290.0,-163.0
2024-10-17 03:22:00,261.0,-152.0
2024-10-17 03:23:00,243.0,-147.0
2024-10-17 03:24:00,241.0,-142.0
2024-10-17 03:25:00,248.0,-144.0
2024-10-17 03:26:00,238.0,-131.0
2024-10-17 03:27:00,245.0,-141.0
2024-10-17 03:28:00,231.0,-132.0
2024-10-17 03:29:00,225.0,-131.0
2024-10-17 03:30:00,234.0,-144.0
2024-10-17 03:31:00,242.0,-158.0
2024-10-17 03:32:00,238.0,-162.0
2024-10-17 03:33:00,248.0,-181.0
2024-10-17 03:34:00,262.0,-195.0
2024-10-17 03:35:00,278.0,-208.0
2024-10-17 03:36:00,297.0,-210.0
2024-10-17 03:37:00,306.0,-209.0
2024-10-17 03:38:00,292.0,-196.0
2024-10-17 03:39:00,263.0,-180.0
2024-10-17 03:40:00,254.0,-170.0
2024-10-17 03:41:00,257.0,-169.0
2024-10-17 03:42:00,248.0,-163.0
2024-10-17 03:43:00,242.0,-163.0
2024-10-17 03:44:00,230.0,-155.0
2024-10-17 03:45:00,216.0,-146.0
2024-10-17 03:46:00,208.0,-140.0
2024-10-17 03:47:00,190.0,-127.0
2024-10-17 03:48:00,180.0,-121.0
2024-10-17 03:49:00,169.0,-115.0
2024-10-17 03:50:00,175.0,-121.0
2024-10-17 03:51:00,171.0,-115.0
2024-10-17 03:52:00,167.0,-106.0
2024-10-17 03:53:00,170.0,-101.0
2024-10-17 03:54:00,176.0,-98.0
2024-10-17 03:55:00,177.0,-97.0
2024-10-17 03:56:00,177.0,-94.0
2024-10-17 03:57:00,165.0,-83.0
2024-10-17 03:58:00,155.0,-82.0
2024-10-17 03:59:00,156.0,-88.0
2024-10-17 04:00:00,151.0,-86.0
2024-10-17 04:01:00,151.0,-86.0
2024-10-17 04:02:00,156.0,-93.0
2024-10-17 04:03:00,160.0,-95.0
2024-10-17 04:04:00,182.0,-98.0
2024-10-17 04:05:00,180.0,-92.0
2024-10-17 04:06:00,179.0,-99.0
2024-10-17 04:07:00,192.0,-107.0
2024-10-17 04:08:00,202.0,-118.0
2024-10-17 04:09:00,204.0,-121.0
2024-10-17 04:10:00,210.0,-128.0
2024-10-17 04:11:00,222.0,-134.0
2024-10-17 04:12:00,230.0,-133.0
2024-10-17 04:13:00,241.0,-140.0
2024-10-17 04:14:00,248.0,-134.0
2024-10-17 04:15:00,257.0,-128.0
2024-10-17 04:16:00,266.0,-134.0
2024-10-17 04:17:00,275.0,-141.0
2024-10-17 04:18:00,278.0,-137.0
2024-10-17 04:19:00,282.0,-140.0
2024-10-17 04:20:00,289.0,-143.0
2024-10-17 04:21:00,292.0,-145.0
2024-10-17 04:22:00,298.0,-153.0
2024-10-17 04:23:00,304.0,-156.0
2024-10-17 04:24:00,306.0,-157.0
2024-10-17 04:25:00,314.0,-156.0
2024-10-17 04:26:00,312.0,-148.0
2024-10-17 04:27:00,313.0,-151.0
2024-10-17 04:28:00,324.0,-157.0
2024-10-17 04:29:00,319.0,-154.0
2024-10-17 04:30:00,317.0,-150.0
2024-10-17 04:31:00,320.0,-153.0
2024-10-17 04:32:00,326.0,-154.0
2024-10-17 04:33:00,321.0,-151.0
2024-10-17 04:34:00,316.0,-146.0
2024-10-17 04:35:00,315.0,-146.0
2024-10-17 04:36:00,321.0,-153.0
2024-10-17 04:37:00,319.0,-158.0
2024-10-17 04:38:00,327.0,-162.0
2024-10-17 04:39:00,316.0,-159.0
2024-10-17 04:40:00,299.0,-163.0
2024-10-17 04:41:00,295.0,-173.0
2024-10-17 04:42:00,285.0,-183.0
2024-10-17 04:43:00,287.0,-189.0
2024-10-17 04:44:00,309.0,-186.0
2024-10-17 04:45:00,336.0,-195.0
2024-10-17 04:46:00,371.0,-198.0
2024-10-17 04:47:00,376.0,-202.0
2024-10-17 04:48:00,345.0,-201.0
2024-10-17 04:49:00,331.0,-203.0
2024-10-17 04:50:00,332.0,-210.0
2024-10-17 04:51:00,324.0,-216.0
2024-10-17 04:52:00,335.0,-229.0
2024-10-17 04:53:00,338.0,-230.0
2024-10-17 04:54:00,344.0,-232.0
2024-10-17 04:55:00,343.0,-232.0
2024-10-17 04:56:00,350.0,-239.0
2024-10-17 04:57:00,356.0,-244.0
2024-10-17 04:58:00,366.0,-256.0
2024-10-17 04:59:00,384.0,-275.0
2024-10-17 05:00:00,397.0,-284.0
2024-10-17 05:01:00,394.0,-284.0
2024-10-17 05:02:00,405.0,-290.0
2024-10-17 05:03:00,417.0,-299.0
2024-10-17 05:04:00,417.0,-301.0
2024-10-17 05:05:00,414.0,-302.0
2024-10-17 05:06:00,423.0,-310.0
2024-10-17 05:07:00,419.0,-305.0
2024-10-17 05:08:00,427.0,-311.0
2024-10-17 05:09:00,431.0,-314.0
2024-10-17 05:10:00,434.0,-307.0
2024-10-17 05:11:00,441.0,-306.0
2024-10-17 05:12:00,434.0,-290.0
2024-10-17 05:13:00,431.0,-276.0
2024-10-17 05:14:00,433.0,-279.0
2024-10-17 05:15:00,434.0,-279.0
2024-10-17 05:16:00,438.0,-280.0
2024-10-17 05:17:00,445.0,-283.0
2024-10-17 05:18:00,463.0,-296.0
2024-10-17 05:19:00,460.0,-298.0
2024-10-17 05:20:00,456.0,-298.0
2024-10-17 05:21:00,461.0,-303.0
2024-10-17 05:22:00,465.0,-309.0
2024-10-17 05:23:00,459.0,-296.0
2024-10-17 05:24:00,460.0,-279.0
2024-10-17 05:25:00,470.0,-270.0
2024-10-17 05:26:00,482.0,-262.0
2024-10-17 05:27:00,487.0,-257.0
2024-10-17 05:28:00,479.0,-244.0
2024-10-17 05:29:00,454.0,-218.0
2024-10-17 05:30:00,436.0,-207.0
2024-10-17 05:31:00,431.0,-207.0
2024-10-17 05:32:00,420.0,-199.0
2024-10-17 05:33:00,414.0,-180.0
2024-10-17 05:34:00,425.0,-177.0
2024-10-17 05:35:00,440.0,-195.0
2024-10-17 05:36:00,451.0,-217.0
2024-10-17 05:37:00,449.0,-232.0
2024-10-17 05:38:00,449.0,-246.0
2024-10-17 05:39:00,450.0,-254.0
2024-10-17 05:40:00,436.0,-243.0
2024-10-17 05:41:00,419.0,-228.0
2024-10-17 05:42:00,417.0,-224.0
2024-10-17 05:43:00,428.0,-227.0
2024-10-17 05:44:00,439.0,-228.0
2024-10-17 05:45:00,448.0,-233.0
2024-10-17 05:46:00,444.0,-237.0
2024-10-17 05:47:00,435.0,-235.0
2024-10-17 05:48:00,444.0,-230.0
2024-10-17 05:49:00,465.0,-235.0
2024-10-17 05:50:00,470.0,-236.0
2024-10-17 05:51:00,456.0,-221.0
2024-10-17 05:52:00,446.0,-209.0
2024-10-17 05:53:00,438.0,-198.0
2024-10-17 05:54:00,430.0,-188.0
2024-10-17 05:55:00,414.0,-175.0
2024-10-17 05:56:00,410.0,-169.0
2024-10-17 05:57:00,409.0,-173.0
2024-10-17 05:58:00,408.0,-180.0
2024-10-17 05:59:00,410.0,-185.0
2024-10-17 06:00:00,410.0,-182.0
2024-10-17 06:01:00,404.0,-179.0
2024-10-17 06:02:00,385.0,-173.0
2024-10-17 06:03:00,371.0,-164.0
2024-10-17 06:04:00,354.0,-150.0
2024-10-17 06:05:00,337.0,-140.0
2024-10-17 06:06:00,317.0,-132.0
2024-10-17 06:07:00,299.0,-119.0
2024-10-17 06:08:00,291.0,-113.0
2024-10-17 06:09:00,280.0,-108.0
2024-10-17 06:10:00,262.0,-94.0
2024-10-17 06:11:00,255.0,-86.0
2024-10-17 06:12:00,248.0,-78.0
2024-10-17 06:13:00,244.0,-73.0
2024-10-17 06:14:00,245.0,-73.0
2024-10-17 06:15:00,243.0,-77.0
2024-10-17 06:16:00,223.0,-79.0
2024-10-17 06:17:00,232.0,-83.0
2024-10-17 06:18:00,232.0,-86.0
2024-10-17 06:19:00,231.0,-88.0
2024-10-17 06:20:00,230.0,-89.0
2024-10-17 06:21:00,228.0,-91.0
2024-10-17 06:22:00,211.0,-90.0
2024-10-17 06:23:00,191.0,-85.0
2024-10-17 06:24:00,180.0,-82.0
2024-10-17 06:25:00,171.0,-79.0
2024-10-17 06:26:00,170.0,-79.0
2024-10-17 06:27:00,172.0,-77.0
2024-10-17 06:28:00,179.0,-78.0
2024-10-17 06:29:00,193.0,-84.0
2024-10-17 06:30:00,185.0,-83.0
2024-10-17 06:31:00,175.0,-80.0
2024-10-17 06:32:00,175.0,-78.0
2024-10-17 06:33:00,169.0,-73.0
2024-10-17 06:34:00,163.0,-68.0
2024-10-17 06:35:00,155.0,-64.0
2024-10-17 06:36:00,140.0,-60.0
2024-10-17 06:37:00,121.0,-53.0
2024-10-17 06:38:00,111.0,-49.0
2024-10-17 06:39:00,98.0,-48.0
2024-10-17 06:40:00,98.0,-51.0
2024-10-17 06:41:00,102.0,-56.0
2024-10-17 06:42:00,102.0,-57.0
2024-10-17 06:43:00,102.0,-59.0
2024-10-17 06:44:00,96.0,-58.0
2024-10-17 06:45:00,86.0,-56.0
2024-10-17 06:46:00,84.0,-51.0
2024-10-17 06:47:00,76.0,-42.0
2024-10-17 06:48:00,79.0,-47.0
2024-10-17 06:49:00,81.0,-49.0
2024-10-17 06:50:00,65.0,-37.0
2024-10-17 06:51:00,55.0,-32.0
2024-10-17 06:52:00,53.0,-33.0
2024-10-17 06:53:00,52.0,-33.0
2024-10-17 06:54:00,57.0,-35.0
2024-10-17 06:55:00,52.0,-29.0
2024-10-17 06:56:00,40.0,-20.0
2024-10-17 06:57:00,34.0,-17.0
2024-10-17 06:58:00,34.0,-17.0
2024-10-17 06:59:00,37.0,-18.0
2024-10-17 07:00:00,36.0,-19.0
2024-10-17 07:01:00,40.0,-23.0
2024-10-17 07:02:00,42.0,-24.0
2024-10-17 07:03:00,44.0,-26.0
2024-10-17 07:04:00,43.0,-26.0
2024-10-17 07:05:00,43.0,-26.0
2024-10-17 07:06:00,48.0,-29.0
2024-10-17 07:07:00,48.0,-29.0
2024-10-17 07:08:00,48.0,-28.0
2024-10-17 07:09:00,45.0,-27.0
2024-10-17 07:10:00,46.0,-27.0
2024-10-17 07:11:00,43.0,-27.0
2024-10-17 07:12:00,42.0,-25.0
2024-10-17 07:13:00,39.0,-23.0
2024-10-17 07:14:00,36.0,-18.0
2024-10-17 07:15:00,34.0,-13.0
2024-10-17 07:16:00,33.0,-13.0
2024-10-17 07:17:00,29.0,-13.0
2024-10-17 07:18:00,25.0,-13.0
2024-10-17 07:19:00,23.0,-13.0
2024-10-17 07:20:00,21.0,-12.0
2024-10-17 07:21:00,24.0,-13.0
2024-10-17 07:22:00,25.0,-15.0
2024-10-17 07:23:00,27.0,-16.0
2024-10-17 07:24:00,27.0,-15.0
2024-10-17 07:25:00,26.0,-15.0
2024-10-17 07:26:00,29.0,-16.0
2024-10-17 07:27:00,33.0,-19.0
2024-10-17 07:28:00,36.0,-21.0
2024-10-17 07:29:00,40.0,-25.0
2024-10-17 07:30:00,43.0,-27.0
2024-10-17 07:31:00,41.0,-25.0
2024-10-17 07:32:00,38.0,-22.0
2024-10-17 07:33:00,41.0,-22.0
2024-10-17 07:34:00,28.0,-11.0
2024-10-17 07:35:00,26.0,-9.0
2024-10-17 07:36:00,29.0,-11.0
2024-10-17 07:37:00,34.0,-15.0
2024-10-17 07:38:00,34.0,-15.0
2024-10-17 07:39:00,32.0,-13.0
2024-10-17 07:40:00,30.0,-11.0
2024-10-17 07:41:00,30.0,-10.0
2024-10-17 07:42:00,29.0,-7.0
2024-10-17 07:43:00,26.0,-4.0
2024-10-17 07:44:00,22.0,0.0
2024-10-17 07:45:00,26.0,-2.0
2024-10-17 07:46:00,29.0,-4.0
2024-10-17 07:47:00,30.0,-6.0
2024-10-17 07:48:00,25.0,-5.0
2024-10-17 07:49:00,22.0,-2.0
2024-10-17 07:50:00,27.0,-7.0
2024-10-17 07:51:00,27.0,-7.0
2024-10-17 07:52:00,34.0,-9.0
2024-10-17 07:53:00,45.0,-10.0
2024-10-17 07:54:00,45.0,-10.0
2024-10-17 07:55:00,37.0,-11.0
2024-10-17 07:56:00,40.0,-11.0
2024-10-17 07:57:00,42.0,-12.0
2024-10-17 07:58:00,47.0,-18.0
2024-10-17 07:59:00,50.0,-21.0
2024-10-17 08:00:00,45.0,-20.0
2024-10-17 08:01:00,41.0,-18.0
2024-10-17 08:02:00,40.0,-18.0
2024-10-17 08:03:00,37.0,-17.0
2024-10-17 08:04:00,33.0,-16.0
2024-10-17 08:05:00,37.0,-20.0
2024-10-17 08:06:00,37.0,-18.0
2024-10-17 08:07:00,38.0,-18.0
2024-10-17 08:08:00,37.0,-19.0
2024-10-17 08:09:00,34.0,-22.0
2024-10-17 08:10:00,33.0,-21.0
2024-10-17 08:11:00,36.0,-21.0
2024-10-17 08:12:00,45.0,-26.0
2024-10-17 08:13:00,48.0,-26.0
2024-10-17 08:14:00,38.0,-22.0
2024-10-17 08:15:00,35.0,-21.0
2024-10-17 08:16:00,35.0,-24.0
2024-10-17 08:17:00,38.0,-29.0
2024-10-17 08:18:00,43.0,-35.0
2024-10-17 08:19:00,42.0,-30.0
2024-10-17 08:20:00,27.0,-17.0
2024-10-17 08:21:00,28.0,-16.0
2024-10-17 08:22:00,25.0,-15.0
2024-10-17 08:23:00,23.0,-13.0
2024-10-17 08:24:00,25.0,-12.0
2024-10-17 08:25:00,24.0,-13.0
2024-10-17 08:26:00,27.0,-15.0
2024-10-17 08:27:00,39.0,-15.0
2024-10-17 08:28:00,52.0,-17.0
2024-10-17 08:29:00,60.0,-16.0
2024-10-17 08:30:00,53.0,-15.0
2024-10-17 08:31:00,44.0,-14.0
2024-10-17 08:32:00,31.0,-12.0
2024-10-17 08:33:00,32.0,-12.0
2024-10-17 08:34:00,28.0,-10.0
2024-10-17 08:35:00,28.0,-13.0
2024-10-17 08:36:00,23.0,-10.0
2024-10-17 08:37:00,25.0,-11.0
2024-10-17 08:38:00,36.0,-21.0
2024-10-17 08:39:00,39.0,-26.0
2024-10-17 08:40:00,37.0,-22.0
2024-10-17 08:41:00,30.0,-9.0
2024-10-17 08:42:00,38.0,-9.0
2024-10-17 08:43:00,57.0,-11.0
2024-10-17 08:44:00,89.0,-16.0
2024-10-17 08:45:00,104.0,-21.0
2024-10-17 08:46:00,97.0,-24.0
2024-10-17 08:47:00,74.0,-25.0
2024-10-17 08:48:00,66.0,-24.0
2024-10-17 08:49:00,53.0,-22.0
2024-10-17 08:50:00,38.0,-18.0
2024-10-17 08:51:00,33.0,-17.0
2024-10-17 08:52:00,35.0,-19.0
2024-10-17 08:53:00,43.0,-25.0
2024-10-17 08:54:00,48.0,-27.0
2024-10-17 08:55:00,44.0,-23.0
2024-10-17 08:56:00,45.0,-27.0
2024-10-17 08:57:00,42.0,-28.0
2024-10-17 08:58:00,41.0,-29.0
2024-10-17 08:59:00,43.0,-33.0
2024-10-17 09:00:00,46.0,-36.0
2024-10-17 09:01:00,46.0,-36.0
2024-10-17 09:02:00,43.0,-34.0
2024-10-17 09:03:00,42.0,-32.0
2024-10-17 09:04:00,42.0,-32.0
2024-10-17 09:05:00,42.0,-32.0
2024-10-17 09:06:00,40.0,-30.0
2024-10-17 09:07:00,42.0,-31.0
2024-10-17 09:08:00,41.0,-29.0
2024-10-17 09:09:00,37.0,-27.0
2024-10-17 09:10:00,36.0,-28.0
2024-10-17 09:11:00,37.0,-28.0
2024-10-17 09:12:00,35.0,-28.0
2024-10-17 09:13:00,38.0,-30.0
2024-10-17 09:14:00,40.0,-32.0
2024-10-17 09:15:00,41.0,-33.0
2024-10-17 09:16:00,41.0,-34.0
2024-10-17 09:17:00,44.0,-36.0
2024-10-17 09:18:00,40.0,-33.0
2024-10-17 09:19:00,36.0,-30.0
2024-10-17 09:20:00,34.0,-29.0
2024-10-17 09:21:00,36.0,-29.0
2024-10-17 09:22:00,35.0,-28.0
2024-10-17 09:23:00,36.0,-29.0
2024-10-17 09:24:00,36.0,-27.0
2024-10-17 09:25:00,36.0,-26.0
2024-10-17 09:26:00,37.0,-25.0
2024-10-17 09:27:00,36.0,-24.0
2024-10-17 09:28:00,35.0,-23.0
2024-10-17 09:29:00,37.0,-25.0
2024-10-17 09:30:00,38.0,-26.0
2024-10-17 09:31:00,38.0,-26.0
2024-10-17 09:32:00,40.0,-25.0
2024-10-17 09:33:00,45.0,-28.0
2024-10-17 09:34:00,46.0,-28.0
2024-10-17 09:35:00,46.0,-27.0
2024-10-17 09:36:00,47.0,-28.0
2024-10-17 09:37:00,47.0,-29.0
2024-10-17 09:38:00,45.0,-29.0
2024-10-17 09:39:00,44.0,-29.0
2024-10-17 09:40:00,44.0,-30.0
2024-10-17 09:41:00,43.0,-31.0
2024-10-17 09:42:00,44.0,-32.0
2024-10-17 09:43:00,44.0,-30.0
2024-10-17 09:44:00,45.0,-30.0
2024-10-17 09:45:00,45.0,-29.0
2024-10-17 09:46:00,44.0,-29.0
2024-10-17 09:47:00,43.0,-28.0
2024-10-17 09:48:00,42.0,-28.0
2024-10-17 09:49:00,39.0,-26.0
2024-10-17 09:50:00,38.0,-26.0
2024-10-17 09:51:00,41.0,-28.0
2024-10-17 09:52:00,46.0,-30.0
2024-10-17 09:53:00,48.0,-31.0
2024-10-17 09:54:00,49.0,-33.0
2024-10-17 09:55:00,48.0,-33.0
2024-10-17 09:56:00,48.0,-32.0
2024-10-17 09:57:00,41.0,-31.0
2024-10-17 09:58:00,38.0,-30.0
2024-10-17 09:59:00,39.0,-31.0
2024-10-17 10:00:00,38.0,-31.0
2024-10-17 10:01:00,36.0,-30.0
2024-10-17 10:02:00,36.0,-30.0
2024-10-17 10:03:00,36.0,-29.0
2024-10-17 10:04:00,40.0,-31.0
2024-10-17 10:05:00,36.0,-31.0
2024-10-17 10:06:00,38.0,-33.0
2024-10-17 10:07:00,39.0,-33.0
2024-10-17 10:08:00,40.0,-33.0
2024-10-17 10:09:00,39.0,-31.0
2024-10-17 10:10:00,40.0,-31.0
2024-10-17 10:11:00,41.0,-32.0
2024-10-17 10:12:00,39.0,-30.0
2024-10-17 10:13:00,38.0,-29.0
2024-10-17 10:14:00,39.0,-30.0
2024-10-17 10:15:00,46.0,-30.0
2024-10-17 10:16:00,53.0,-31.0
2024-10-17 10:17:00,52.0,-29.0
2024-10-17 10:18:00,42.0,-27.0
2024-10-17 10:19:00,42.0,-27.0
2024-10-17 10:20:00,38.0,-26.0
2024-10-17 10:21:00,36.0,-26.0
2024-10-17 10:22:00,38.0,-27.0
2024-10-17 10:23:00,39.0,-29.0
2024-10-17 10:24:00,40.0,-31.0
2024-10-17 10:25:00,40.0,-31.0
2024-10-17 10:26:00,39.0,-30.0
2024-10-17 10:27:00,39.0,-29.0
2024-10-17 10:28:00,41.0,-31.0
2024-10-17 10:29:00,41.0,-32.0
2024-10-17 10:30:00,38.0,-30.0
2024-10-17 10:31:00,36.0,-28.0
2024-10-17 10:32:00,38.0,-30.0
2024-10-17 10:33:00,40.0,-31.0
2024-10-17 10:34:00,41.0,-31.0
2024-10-17 10:35:00,43.0,-31.0
2024-10-17 10:36:00,45.0,-33.0
2024-10-17 10:37:00,46.0,-34.0
2024-10-17 10:38:00,46.0,-36.0
2024-10-17 10:39:00,46.0,-37.0
2024-10-17 10:40:00,42.0,-32.0
2024-10-17 10:41:00,44.0,-33.0
2024-10-17 10:42:00,41.0,-29.0
2024-10-17 10:43:00,39.0,-29.0
2024-10-17 10:44:00,37.0,-29.0
2024-10-17 10:45:00,35.0,-29.0
2024-10-17 10:46:00,35.0,-29.0
2024-10-17 10:47:00,34.0,-29.0
2024-10-17 10:48:00,36.0,-30.0
2024-10-17 10:49:00,37.0,-28.0
2024-10-17 10:50:00,36.0,-28.0
2024-10-17 10:51:00,34.0,-29.0
2024-10-17 10:52:00,33.0,-29.0
2024-10-17 10:53:00,35.0,-30.0
2024-10-17 10:54:00,35.0,-28.0
2024-10-17 10:55:00,37.0,-28.0
2024-10-17 10:56:00,37.0,-28.0
2024-10-17 10:57:00,37.0,-29.0
2024-10-17 10:58:00,37.0,-28.0
2024-10-17 10:59:00,39.0,-29.0
2024-10-17 11:00:00,38.0,-27.0
2024-10-17 11:01:00,43.0,-30.0
2024-10-17 11:02:00,42.0,-29.0
2024-10-17 11:03:00,40.0,-27.0
2024-10-17 11:04:00,41.0,-28.0
2024-10-17 11:05:00,43.0,-30.0
2024-10-17 11:06:00,42.0,-32.0
2024-10-17 11:07:00,38.0,-31.0
2024-10-17 11:08:00,37.0,-30.0
2024-10-17 11:09:00,37.0,-30.0
2024-10-17 11:10:00,36.0,-30.0
2024-10-17 11:11:00,39.0,-31.0
2024-10-17 11:12:00,39.0,-31.0
2024-10-17 11:13:00,38.0,-31.0
2024-10-17 11:14:00,37.0,-30.0
2024-10-17 11:15:00,38.0,-31.0
2024-10-17 11:16:00,40.0,-32.0
2024-10-17 11:17:00,40.0,-31.0
2024-10-17 11:18:00,39.0,-29.0
2024-10-17 11:19:00,37.0,-28.0
2024-10-17 11:20:00,36.0,-28.0
2024-10-17 11:21:00,36.0,-30.0
2024-10-17 11:22:00,37.0,-32.0
2024-10-17 11:23:00,37.0,-30.0
2024-10-17 11:24:00,41.0,-28.0
2024-10-17 11:25:00,41.0,-28.0
2024-10-17 11:26:00,37.0,-28.0
2024-10-17 11:27:00,34.0,-28.0
2024-10-17 11:28:00,35.0,-30.0
2024-10-17 11:29:00,36.0,-28.0
2024-10-17 11:30:00,34.0,-25.0
2024-10-17 11:31:00,33.0,-26.0
2024-10-17 11:32:00,34.0,-28.0
2024-10-17 11:33:00,36.0,-30.0
2024-10-17 11:34:00,36.0,-30.0
2024-10-17 11:35:00,37.0,-29.0
2024-10-17 11:36:00,34.0,-28.0
2024-10-17 11:37:00,32.0,-27.0
2024-10-17 11:38:00,30.0,-26.0
2024-10-17 11:39:00,34.0,-30.0
2024-10-17 11:40:00,37.0,-33.0
2024-10-17 11:41:00,36.0,-33.0
2024-10-17 11:42:00,34.0,-31.0
2024-10-17 11:43:00,38.0,-30.0
2024-10-17 11:44:00,40.0,-29.0
2024-10-17 11:45:00,40.0,-29.0
2024-10-17 11:46:00,33.0,-27.0
2024-10-17 11:47:00,28.0,-27.0
2024-10-17 11:48:00,32.0,-30.0
2024-10-17 11:49:00,35.0,-32.0
2024-10-17 11:50:00,38.0,-29.0
2024-10-17 11:51:00,38.0,-26.0
2024-10-17 11:52:00,36.0,-24.0
2024-10-17 11:53:00,32.0,-22.0
2024-10-17 11:54:00,28.0,-20.0
2024-10-17 11:55:00,26.0,-19.0
2024-10-17 11:56:00,28.0,-20.0
2024-10-17 11:57:00,32.0,-19.0
2024-10-17 11:58:00,34.0,-17.0
2024-10-17 11:59:00,34.0,-17.0
2024-10-17 12:00:00,32.0,-19.0
2024-10-17 12:01:00,27.0,-20.0
2024-10-17 12:02:00,30.0,-25.0
2024-10-17 12:03:00,33.0,-28.0
2024-10-17 12:04:00,40.0,-30.0
2024-10-17 12:05:00,38.0,-30.0
2024-10-17 12:06:00,38.0,-29.0
2024-10-17 12:07:00,35.0,-26.0
2024-10-17 12:08:00,32.0,-22.0
2024-10-17 12:09:00,25.0,-22.0
2024-10-17 12:10:00,26.0,-23.0
2024-10-17 12:11:00,28.0,-24.0
2024-10-17 12:12:00,32.0,-26.0
2024-10-17 12:13:00,33.0,-26.0
2024-10-17 12:14:00,31.0,-25.0
2024-10-17 12:15:00,31.0,-25.0
2024-10-17 12:16:00,30.0,-26.0
2024-10-17 12:17:00,29.0,-25.0
2024-10-17 12:18:00,30.0,-25.0
2024-10-17 12:19:00,31.0,-26.0
2024-10-17 12:20:00,31.0,-26.0
2024-10-17 12:21:00,31.0,-26.0
2024-10-17 12:22:00,32.0,-26.0
2024-10-17 12:23:00,34.0,-27.0
2024-10-17 12:24:00,37.0,-28.0
2024-10-17 12:25:00,37.0,-28.0
2024-10-17 12:26:00,37.0,-29.0
2024-10-17 12:27:00,36.0,-29.0
2024-10-17 12:28:00,36.0,-29.0
2024-10-17 12:29:00,37.0,-30.0
2024-10-17 12:30:00,40.0,-30.0
2024-10-17 12:31:00,40.0,-30.0
2024-10-17 12:32:00,38.0,-30.0
2024-10-17 12:33:00,34.0,-29.0
2024-10-17 12:34:00,33.0,-30.0
2024-10-17 12:35:00,31.0,-29.0
2024-10-17 12:36:00,32.0,-30.0
2024-10-17 12:37:00,33.0,-31.0
2024-10-17 12:38:00,33.0,-32.0
2024-10-17 12:39:00,38.0,-31.0
2024-10-17 12:40:00,49.0,-30.0
2024-10-17 12:41:00,57.0,-29.0
2024-10-17 12:42:00,61.0,-29.0
2024-10-17 12:43:00,59.0,-29.0
2024-10-17 12:44:00,56.0,-30.0
2024-10-17 12:45:00,48.0,-29.0
2024-10-17 12:46:00,45.0,-29.0
2024-10-17 12:47:00,41.0,-26.0
2024-10-17 12:48:00,42.0,-28.0
2024-10-17 12:49:00,39.0,-25.0
2024-10-17 12:50:00,39.0,-26.0
2024-10-17 12:51:00,39.0,-27.0
2024-10-17 12:52:00,42.0,-30.0
2024-10-17 12:53:00,42.0,-32.0
2024-10-17 12:54:00,48.0,-33.0
2024-10-17 12:55:00,52.0,-35.0
2024-10-17 12:56:00,47.0,-34.0
2024-10-17 12:57:00,42.0,-32.0
2024-10-17 12:58:00,40.0,-32.0
2024-10-17 12:59:00,40.0,-32.0
2024-10-17 13:00:00,39.0,-30.0
2024-10-17 13:01:00,42.0,-31.0
2024-10-17 13:02:00,44.0,-31.0
2024-10-17 13:03:00,43.0,-30.0
2024-10-17 13:04:00,44.0,-32.0
2024-10-17 13:05:00,42.0,-31.0
2024-10-17 13:06:00,41.0,-31.0
2024-10-17 13:07:00,42.0,-31.0
2024-10-17 13:08:00,42.0,-31.0
2024-10-17 13:09:00,46.0,-32.0
2024-10-17 13:10:00,49.0,-33.0
2024-10-17 13:11:00,52.0,-33.0
2024-10-17 13:12:00,53.0,-33.0
2024-10-17 13:13:00,54.0,-33.0
2024-10-17 13:14:00,54.0,-33.0
2024-10-17 13:15:00,57.0,-35.0
2024-10-17 13:16:00,53.0,-34.0
2024-10-17 13:17:00,50.0,-34.0
2024-10-17 13:18:00,47.0,-33.0
2024-10-17 13:19:00,51.0,-36.0
2024-10-17 13:20:00,54.0,-36.0
2024-10-17 13:21:00,53.0,-35.0
2024-10-17 13:22:00,52.0,-37.0
2024-10-17 13:23:00,57.0,-42.0
2024-10-17 13:24:00,58.0,-42.0
2024-10-17 13:25:00,60.0,-42.0
2024-10-17 13:26:00,59.0,-40.0
2024-10-17 13:27:00,59.0,-37.0
2024-10-17 13:28:00,57.0,-36.0
2024-10-17 13:29:00,55.0,-38.0
2024-10-17 13:30:00,54.0,-40.0
2024-10-17 13:31:00,54.0,-40.0
2024-10-17 13:32:00,55.0,-39.0
2024-10-17 13:33:00,56.0,-39.0
2024-10-17 13:34:00,56.0,-39.0
2024-10-17 13:35:00,56.0,-39.0
2024-10-17 13:36:00,56.0,-39.0
2024-10-17 13:37:00,56.0,-39.0
2024-10-17 13:38:00,55.0,-39.0
2024-10-17 13:39:00,54.0,-39.0
2024-10-17 13:40:00,55.0,-40.0
2024-10-17 13:41:00,53.0,-39.0
2024-10-17 13:42:00,55.0,-40.0
2024-10-17 13:43:00,55.0,-39.0
2024-10-17 13:44:00,57.0,-40.0
2024-10-17 13:45:00,55.0,-40.0
2024-10-17 13:46:00,53.0,-40.0
2024-10-17 13:47:00,52.0,-39.0
2024-10-17 13:48:00,50.0,-38.0
2024-10-17 13:49:00,51.0,-39.0
2024-10-17 13:50:00,52.0,-40.0
2024-10-17 13:51:00,53.0,-40.0
2024-10-17 13:52:00,53.0,-41.0
2024-10-17 13:53:00,54.0,-42.0
2024-10-17 13:54:00,53.0,-42.0
2024-10-17 13:55:00,52.0,-42.0
2024-10-17 13:56:00,53.0,-43.0
2024-10-17 13:57:00,51.0,-42.0
2024-10-17 13:58:00,50.0,-41.0
2024-10-17 13:59:00,46.0,-38.0
2024-10-17 14:00:00,45.0,-37.0
2024-10-17 14:01:00,45.0,-37.0
2024-10-17 14:02:00,45.0,-37.0
2024-10-17 14:03:00,45.0,-37.0
2024-10-17 14:04:00,44.0,-36.0
2024-10-17 14:05:00,44.0,-36.0
2024-10-17 14:06:00,44.0,-36.0
2024-10-17 14:07:00,43.0,-36.0
2024-10-17 14:08:00,42.0,-35.0
2024-10-17 14:09:00,41.0,-35.0
2024-10-17 14:10:00,42.0,-36.0
2024-10-17 14:11:00,41.0,-35.0
2024-10-17 14:12:00,43.0,-35.0
2024-10-17 14:13:00,43.0,-34.0
2024-10-17 14:14:00,44.0,-35.0
2024-10-17 14:15:00,42.0,-34.0
2024-10-17 14:16:00,40.0,-33.0
2024-10-17 14:17:00,39.0,-33.0
2024-10-17 14:18:00,39.0,-33.0
2024-10-17 14:19:00,40.0,-34.0
2024-10-17 14:20:00,37.0,-32.0
2024-10-17 14:21:00,37.0,-32.0
2024-10-17 14:22:00,36.0,-31.0
2024-10-17 14:23:00,37.0,-31.0
2024-10-17 14:24:00,37.0,-33.0
2024-10-17 14:25:00,38.0,-34.0
2024-10-17 14:26:00,37.0,-34.0
2024-10-17 14:27:00,38.0,-35.0
2024-10-17 14:28:00,39.0,-36.0
2024-10-17 14:29:00,38.0,-37.0
2024-10-17 14:30:00,40.0,-38.0
2024-10-17 14:31:00,40.0,-38.0
2024-10-17 14:32:00,39.0,-38.0
2024-10-17 14:33:00,38.0,-38.0
2024-10-17 14:34:00,37.0,-37.0
2024-10-17 14:35:00,37.0,-37.0
2024-10-17 14:36:00,36.0,-36.0
2024-10-17 14:37:00,36.0,-36.0
2024-10-17 14:38:00,37.0,-37.0
2024-10-17 14:39:00,38.0,-38.0
2024-10-17 14:40:00,37.0,-38.0
2024-10-17 14:41:00,38.0,-39.0
2024-10-17 14:42:00,39.0,-39.0
2024-10-17 14:43:00,39.0,-40.0
2024-10-17 14:44:00,39.0,-41.0
2024-10-17 14:45:00,39.0,-41.0
2024-10-17 14:46:00,36.0,-39.0
2024-10-17 14:47:00,36.0,-38.0
2024-10-17 14:48:00,36.0,-38.0
2024-10-17 14:49:00,37.0,-38.0
2024-10-17 14:50:00,34.0,-36.0
2024-10-17 14:51:00,35.0,-36.0
2024-10-17 14:52:00,35.0,-36.0
2024-10-17 14:53:00,35.0,-36.0
2024-10-17 14:54:00,33.0,-35.0
2024-10-17 14:55:00,33.0,-36.0
2024-10-17 14:56:00,33.0,-36.0
2024-10-17 14:57:00,34.0,-37.0
2024-10-17 14:58:00,36.0,-39.0
2024-10-17 14:59:00,35.0,-39.0
2024-10-17 15:00:00,37.0,-40.0
2024-10-17 15:01:00,36.0,-39.0
2024-10-17 15:02:00,36.0,-38.0
2024-10-17 15:03:00,36.0,-38.0
2024-10-17 15:04:00,35.0,-37.0
2024-10-17 15:05:00,36.0,-38.0
2024-10-17 15:06:00,37.0,-37.0
2024-10-17 15:07:00,35.0,-35.0
2024-10-17 15:08:00,37.0,-37.0
2024-10-17 15:09:00,36.0,-36.0
2024-10-17 15:10:00,37.0,-36.0
2024-10-17 15:11:00,40.0,-39.0
2024-10-17 15:12:00,40.0,-39.0
2024-10-17 15:13:00,38.0,-37.0
2024-10-17 15:14:00,44.0,-37.0
2024-10-17 15:15:00,49.0,-34.0
2024-10-17 15:16:00,52.0,-36.0
2024-10-17 15:17:00,52.0,-36.0
2024-10-17 15:18:00,51.0,-37.0
2024-10-17 15:19:00,54.0,-39.0
2024-10-17 15:20:00,53.0,-37.0
2024-10-17 15:21:00,54.0,-39.0
2024-10-17 15:22:00,51.0,-38.0
2024-10-17 15:23:00,50.0,-37.0
2024-10-17 15:24:00,49.0,-37.0
2024-10-17 15:25:00,53.0,-40.0
2024-10-17 15:26:00,52.0,-38.0
2024-10-17 15:27:00,53.0,-38.0
2024-10-17 15:28:00,54.0,-37.0
2024-10-17 15:29:00,54.0,-36.0
2024-10-17 15:30:00,54.0,-36.0
2024-10-17 15:31:00,55.0,-37.0
2024-10-17 15:32:00,56.0,-38.0
2024-10-17 15:33:00,57.0,-39.0
2024-10-17 15:34:00,57.0,-38.0
2024-10-17 15:35:00,58.0,-38.0
2024-10-17 15:36:00,57.0,-38.0
2024-10-17 15:37:00,55.0,-38.0
2024-10-17 15:38:00,53.0,-38.0
2024-10-17 15:39:00,49.0,-35.0
2024-10-17 15:40:00,50.0,-37.0
2024-10-17 15:41:00,50.0,-37.0
2024-10-17 15:42:00,48.0,-36.0
2024-10-17 15:43:00,47.0,-34.0
2024-10-17 15:44:00,50.0,-34.0
2024-10-17 15:45:00,54.0,-33.0
2024-10-17 15:46:00,59.0,-34.0
2024-10-17 15:47:00,59.0,-34.0
2024-10-17 15:48:00,61.0,-38.0
2024-10-17 15:49:00,62.0,-40.0
2024-10-17 15:50:00,72.0,-45.0
2024-10-17 15:51:00,82.0,-52.0
2024-10-17 15:52:00,93.0,-59.0
2024-10-17 15:53:00,102.0,-67.0
2024-10-17 15:54:00,108.0,-73.0
2024-10-17 15:55:00,111.0,-79.0
2024-10-17 15:56:00,112.0,-82.0
2024-10-17 15:57:00,116.0,-85.0
2024-10-17 15:58:00,120.0,-87.0
2024-10-17 15:59:00,125.0,-90.0
2024-10-17 16:00:00,125.0,-90.0
2024-10-17 16:01:00,121.0,-87.0
2024-10-17 16:02:00,115.0,-82.0
2024-10-17 16:03:00,106.0,-77.0
2024-10-17 16:04:00,102.0,-76.0
2024-10-17 16:05:00,99.0,-76.0
2024-10-17 16:06:00,99.0,-73.0
2024-10-17 16:07:00,98.0,-70.0
2024-10-17 16:08:00,100.0,-69.0
2024-10-17 16:09:00,103.0,-68.0
2024-10-17 16:10:00,105.0,-65.0
2024-10-17 16:11:00,98.0,-61.0
2024-10-17 16:12:00,99.0,-60.0
2024-10-17 16:13:00,84.0,-57.0
2024-10-17 16:14:00,77.0,-52.0
2024-10-17 16:15:00,69.0,-42.0
2024-10-17 16:16:00,64.0,-35.0
2024-10-17 16:17:00,70.0,-38.0
2024-10-17 16:18:00,67.0,-36.0
2024-10-17 16:19:00,72.0,-36.0
2024-10-17 16:20:00,77.0,-42.0
2024-10-17 16:21:00,106.0,-63.0
2024-10-17 16:22:00,107.0,-66.0
2024-10-17 16:23:00,121.0,-76.0
2024-10-17 16:24:00,136.0,-93.0
2024-10-17 16:25:00,164.0,-122.0
2024-10-17 16:26:00,176.0,-131.0
2024-10-17 16:27:00,174.0,-136.0
2024-10-17 16:28:00,165.0,-131.0
2024-10-17 16:29:00,154.0,-120.0
2024-10-17 16:30:00,138.0,-103.0
2024-10-17 16:31:00,138.0,-107.0
2024-10-17 16:32:00,160.0,-132.0
2024-10-17 16:33:00,166.0,-137.0
2024-10-17 16:34:00,174.0,-144.0
2024-10-17 16:35:00,168.0,-138.0
2024-10-17 16:36:00,158.0,-129.0
2024-10-17 16:37:00,142.0,-114.0
2024-10-17 16:38:00,133.0,-108.0
2024-10-17 16:39:00,128.0,-105.0
2024-10-17 16:40:00,126.0,-102.0
2024-10-17 16:41:00,126.0,-102.0
2024-10-17 16:42:00,127.0,-101.0
2024-10-17 16:43:00,123.0,-97.0
2024-10-17 16:44:00,117.0,-92.0
2024-10-17 16:45:00,108.0,-85.0
2024-10-17 16:46:00,110.0,-89.0
2024-10-17 16:47:00,107.0,-85.0
2024-10-17 16:48:00,100.0,-77.0
2024-10-17 16:49:00,92.0,-69.0
2024-10-17 16:50:00,90.0,-68.0
2024-10-17 16:51:00,92.0,-71.0
2024-10-17 16:52:00,91.0,-70.0
2024-10-17 16:53:00,93.0,-72.0
2024-10-17 16:54:00,97.0,-72.0
2024-10-17 16:55:00,90.0,-65.0
2024-10-17 16:56:00,84.0,-63.0
2024-10-17 16:57:00,90.0,-69.0
2024-10-17 16:58:00,85.0,-62.0
2024-10-17 16:59:00,85.0,-63.0
2024-10-17 17:00:00,92.0,-69.0
2024-10-17 17:01:00,100.0,-72.0
2024-10-17 17:02:00,92.0,-64.0
2024-10-17 17:03:00,95.0,-70.0
2024-10-17 17:04:00,103.0,-76.0
2024-10-17 17:05:00,102.0,-75.0
2024-10-17 17:06:00,101.0,-75.0
2024-10-17 17:07:00,103.0,-76.0
2024-10-17 17:08:00,106.0,-77.0
2024-10-17 17:09:00,105.0,-76.0
2024-10-17 17:10:00,101.0,-73.0
2024-10-17 17:11:00,98.0,-71.0
2024-10-17 17:12:00,95.0,-69.0
2024-10-17 17:13:00,97.0,-72.0
2024-10-17 17:14:00,96.0,-72.0
2024-10-17 17:15:00,91.0,-67.0
2024-10-17 17:16:00,85.0,-61.0
2024-10-17 17:17:00,82.0,-59.0
2024-10-17 17:18:00,78.0,-55.0
2024-10-17 17:19:00,76.0,-53.0
2024-10-17 17:20:00,72.0,-49.0
2024-10-17 17:21:00,68.0,-46.0
2024-10-17 17:22:00,63.0,-42.0
2024-10-17 17:23:00,60.0,-41.0
2024-10-17 17:24:00,59.0,-42.0
2024-10-17 17:25:00,58.0,-43.0
2024-10-17 17:26:00,55.0,-40.0
2024-10-17 17:27:00,58.0,-42.0
2024-10-17 17:28:00,61.0,-44.0
2024-10-17 17:29:00,69.0,-51.0
2024-10-17 17:30:00,75.0,-55.0
2024-10-17 17:31:00,72.0,-51.0
2024-10-17 17:32:00,66.0,-45.0
2024-10-17 17:33:00,67.0,-44.0
2024-10-17 17:34:00,69.0,-45.0
2024-10-17 17:35:00,69.0,-46.0
2024-10-17 17:36:00,65.0,-43.0
2024-10-17 17:37:00,62.0,-41.0
2024-10-17 17:38:00,56.0,-36.0
2024-10-17 17:39:00,55.0,-35.0
2024-10-17 17:40:00,63.0,-44.0
2024-10-17 17:41:00,82.0,-64.0
2024-10-17 17:42:00,100.0,-82.0
2024-10-17 17:43:00,107.0,-92.0
2024-10-17 17:44:00,106.0,-94.0
2024-10-17 17:45:00,102.0,-92.0
2024-10-17 17:46:00,97.0,-89.0
2024-10-17 17:47:00,93.0,-86.0
2024-10-17 17:48:00,92.0,-84.0
2024-10-17 17:49:00,89.0,-80.0
2024-10-17 17:50:00,82.0,-73.0
2024-10-17 17:51:00,76.0,-69.0
2024-10-17 17:52:00,73.0,-65.0
2024-10-17 17:53:00,73.0,-65.0
2024-10-17 17:54:00,68.0,-61.0
2024-10-17 17:55:00,58.0,-51.0
2024-10-17 17:56:00,40.0,-33.0
2024-10-17 17:57:00,38.0,-31.0
2024-10-17 17:58:00,40.0,-33.0
2024-10-17 17:59:00,41.0,-32.0
2024-10-17 18:00:00,39.0,-30.0
2024-10-17 18:01:00,41.0,-31.0
2024-10-17 18:02:00,44.0,-32.0
2024-10-17 18:03:00,48.0,-32.0
2024-10-17 18:04:00,65.0,-50.0
2024-10-17 18:05:00,69.0,-48.0
2024-10-17 18:06:00,77.0,-52.0
2024-10-17 18:07:00,80.0,-61.0
2024-10-17 18:08:00,65.0,-53.0
2024-10-17 18:09:00,55.0,-44.0
2024-10-17 18:10:00,93.0,-71.0
2024-10-17 18:11:00,124.0,-95.0
2024-10-17 18:12:00,142.0,-111.0
2024-10-17 18:13:00,123.0,-92.0
2024-10-17 18:14:00,119.0,-89.0
2024-10-17 18:15:00,152.0,-122.0
2024-10-17 18:16:00,168.0,-133.0
2024-10-17 18:17:00,155.0,-122.0
2024-10-17 18:18:00,129.0,-104.0
2024-10-17 18:19:00,136.0,-111.0
2024-10-17 18:20:00,144.0,-118.0
2024-10-17 18:21:00,143.0,-117.0
2024-10-17 18:22:00,142.0,-116.0
2024-10-17 18:23:00,142.0,-119.0
2024-10-17 18:24:00,135.0,-115.0
2024-10-17 18:25:00,132.0,-113.0
2024-10-17 18:26:00,125.0,-109.0
2024-10-17 18:27:00,121.0,-106.0
2024-10-17 18:28:00,113.0,-99.0
2024-10-17 18:29:00,111.0,-99.0
2024-10-17 18:30:00,107.0,-96.0
2024-10-17 18:31:00,101.0,-91.0
2024-10-17 18:32:00,97.0,-87.0
2024-10-17 18:33:00,98.0,-87.0
2024-10-17 18:34:00,96.0,-84.0
2024-10-17 18:35:00,93.0,-81.0
2024-10-17 18:36:00,93.0,-81.0
2024-10-17 18:37:00,92.0,-81.0
2024-10-17 18:38:00,90.0,-79.0
2024-10-17 18:39:00,88.0,-77.0
2024-10-17 18:40:00,87.0,-75.0
2024-10-17 18:41:00,85.0,-72.0
2024-10-17 18:42:00,83.0,-69.0
2024-10-17 18:43:00,80.0,-67.0
2024-10-17 18:44:00,80.0,-67.0
2024-10-17 18:45:00,82.0,-69.0
2024-10-17 18:46:00,83.0,-69.0
2024-10-17 18:47:00,85.0,-72.0
2024-10-17 18:48:00,95.0,-78.0
2024-10-17 18:49:00,115.0,-74.0
2024-10-17 18:50:00,130.0,-76.0
2024-10-17 18:51:00,124.0,-83.0
2024-10-17 18:52:00,111.0,-84.0
2024-10-17 18:53:00,126.0,-83.0
2024-10-17 18:54:00,166.0,-134.0
2024-10-17 18:55:00,252.0,-213.0
2024-10-17 18:56:00,249.0,-201.0
2024-10-17 18:57:00,234.0,-220.0
2024-10-17 18:58:00,247.0,-230.0
2024-10-17 18:59:00,183.0,-164.0
2024-10-17 19:00:00,184.0,-160.0
2024-10-17 19:01:00,214.0,-188.0
2024-10-17 19:02:00,203.0,-171.0
2024-10-17 19:03:00,188.0,-155.0
2024-10-17 19:04:00,211.0,-175.0
2024-10-17 19:05:00,233.0,-197.0
2024-10-17 19:06:00,218.0,-179.0
2024-10-17 19:07:00,220.0,-180.0
2024-10-17 19:08:00,224.0,-183.0
2024-10-17 19:09:00,238.0,-194.0
2024-10-17 19:10:00,254.0,-205.0
2024-10-17 19:11:00,235.0,-193.0
2024-10-17 19:12:00,261.0,-221.0
2024-10-17 19:13:00,226.0,-191.0
2024-10-17 19:14:00,209.0,-178.0
2024-10-17 19:15:00,204.0,-178.0
2024-10-17 19:16:00,209.0,-185.0
2024-10-17 19:17:00,206.0,-184.0
2024-10-17 19:18:00,200.0,-180.0
2024-10-17 19:19:00,201.0,-183.0
2024-10-17 19:20:00,185.0,-169.0
2024-10-17 19:21:00,178.0,-162.0
2024-10-17 19:22:00,179.0,-161.0
2024-10-17 19:23:00,188.0,-169.0
2024-10-17 19:24:00,198.0,-179.0
2024-10-17 19:25:00,204.0,-186.0
2024-10-17 19:26:00,208.0,-189.0
2024-10-17 19:27:00,206.0,-185.0
2024-10-17 19:28:00,198.0,-178.0
2024-10-17 19:29:00,193.0,-173.0
2024-10-17 19:30:00,191.0,-172.0
2024-10-17 19:31:00,190.0,-171.0
2024-10-17 19:32:00,190.0,-169.0
2024-10-17 19:33:00,193.0,-171.0
2024-10-17 19:34:00,194.0,-172.0
2024-10-17 19:35:00,188.0,-168.0
2024-10-17 19:36:00,192.0,-171.0
2024-10-17 19:37:00,180.0,-161.0
2024-10-17 19:38:00,180.0,-162.0
2024-10-17 19:39:00,182.0,-163.0
2024-10-17 19:40:00,184.0,-164.0
2024-10-17 19:41:00,191.0,-170.0
2024-10-17 19:42:00,196.0,-174.0
2024-10-17 19:43:00,204.0,-180.0
2024-10-17 19:44:00,208.0,-183.0
2024-10-17 19:45:00,211.0,-186.0
2024-10-17 19:46:00,215.0,-188.0
2024-10-17 19:47:00,216.0,-189.0
2024-10-17 19:48:00,212.0,-188.0
2024-10-17 19:49:00,210.0,-186.0
2024-10-17 19:50:00,212.0,-187.0
2024-10-17 19:51:00,206.0,-181.0
2024-10-17 19:52:00,196.0,-171.0
2024-10-17 19:53:00,189.0,-165.0
2024-10-17 19:54:00,182.0,-160.0
2024-10-17 19:55:00,178.0,-158.0
2024-10-17 19:56:00,174.0,-153.0
2024-10-17 19:57:00,165.0,-141.0
2024-10-17 19:58:00,153.0,-127.0
2024-10-17 19:59:00,161.0,-129.0
2024-10-17 20:00:00,242.0,-208.0
2024-10-17 20:01:00,341.0,-307.0
2024-10-17 20:02:00,335.0,-291.0
2024-10-17 20:03:00,427.0,-366.0
2024-10-17 20:04:00,425.0,-367.0
2024-10-17 20:05:00,499.0,-430.0
2024-10-17 20:06:00,462.0,-391.0
2024-10-17 20:07:00,477.0,-396.0
2024-10-17 20:08:00,467.0,-388.0
2024-10-17 20:09:00,466.0,-388.0
2024-10-17 20:10:00,469.0,-393.0
2024-10-17 20:11:00,477.0,-405.0
2024-10-17 20:12:00,457.0,-394.0
2024-10-17 20:13:00,446.0,-384.0
2024-10-17 20:14:00,429.0,-370.0
2024-10-17 20:15:00,408.0,-358.0
2024-10-17 20:16:00,399.0,-354.0
2024-10-17 20:17:00,418.0,-379.0
2024-10-17 20:18:00,375.0,-348.0
2024-10-17 20:19:00,350.0,-324.0
2024-10-17 20:20:00,326.0,-303.0
2024-10-17 20:21:00,291.0,-271.0
2024-10-17 20:22:00,287.0,-269.0
2024-10-17 20:23:00,297.0,-278.0
2024-10-17 20:24:00,282.0,-265.0
2024-10-17 20:25:00,281.0,-264.0
2024-10-17 20:26:00,264.0,-245.0
2024-10-17 20:27:00,249.0,-229.0
2024-10-17 20:28:00,220.0,-206.0
2024-10-17 20:29:00,255.0,-243.0
2024-10-17 20:30:00,261.0,-246.0
2024-10-17 20:31:00,269.0,-257.0
2024-10-17 20:32:00,269.0,-259.0
2024-10-17 20:33:00,245.0,-235.0
2024-10-17 20:34:00,236.0,-225.0
2024-10-17 20:35:00,259.0,-248.0
2024-10-17 20:36:00,273.0,-261.0
2024-10-17 20:37:00,249.0,-239.0
2024-10-17 20:38:00,232.0,-220.0
2024-10-17 20:39:00,234.0,-219.0
2024-10-17 20:40:00,229.0,-214.0
2024-10-17 20:41:00,225.0,-211.0
2024-10-17 20:42:00,234.0,-219.0
2024-10-17 20:43:00,234.0,-218.0
2024-10-17 20:44:00,224.0,-206.0
2024-10-17 20:45:00,222.0,-197.0
2024-10-17 20:46:00,220.0,-196.0
2024-10-17 20:47:00,233.0,-215.0
2024-10-17 20:48:00,231.0,-214.0
2024-10-17 20:49:00,231.0,-214.0
2024-10-17 20:50:00,249.0,-233.0
2024-10-17 20:51:00,245.0,-229.0
2024-10-17 20:52:00,247.0,-232.0
2024-10-17 20:53:00,231.0,-219.0
2024-10-17 20:54:00,221.0,-208.0
2024-10-17 20:55:00,226.0,-210.0
2024-10-17 20:56:00,245.0,-230.0
2024-10-17 20:57:00,249.0,-234.0
2024-10-17 20:58:00,245.0,-228.0
2024-10-17 20:59:00,242.0,-220.0
2024-10-17 21:00:00,232.0,-205.0
2024-10-17 21:01:00,209.0,-184.0
2024-10-17 21:02:00,201.0,-176.0
2024-10-17 21:03:00,207.0,-182.0
2024-10-17 21:04:00,211.0,-188.0
2024-10-17 21:05:00,209.0,-190.0
2024-10-17 21:06:00,202.0,-183.0
2024-10-17 21:07:00,192.0,-172.0
2024-10-17 21:08:00,187.0,-164.0
2024-10-17 21:09:00,190.0,-167.0
2024-10-17 21:10:00,192.0,-169.0
2024-10-17 21:11:00,186.0,-164.0
2024-10-17 21:12:00,174.0,-152.0
2024-10-17 21:13:00,171.0,-147.0
2024-10-17 21:14:00,174.0,-149.0
2024-10-17 21:15:00,173.0,-149.0
2024-10-17 21:16:00,169.0,-144.0
2024-10-17 21:17:00,169.0,-144.0
2024-10-17 21:18:00,165.0,-141.0
2024-10-17 21:19:00,162.0,-136.0
2024-10-17 21:20:00,168.0,-139.0
2024-10-17 21:21:00,177.0,-147.0
2024-10-17 21:22:00,171.0,-143.0
2024-10-17 21:23:00,169.0,-143.0
2024-10-17 21:24:00,171.0,-146.0
2024-10-17 21:25:00,166.0,-142.0
2024-10-17 21:26:00,159.0,-137.0
2024-10-17 21:27:00,154.0,-135.0
2024-10-17 21:28:00,159.0,-137.0
2024-10-17 21:29:00,166.0,-141.0
2024-10-17 21:30:00,167.0,-142.0
2024-10-17 21:31:00,173.0,-147.0
2024-10-17 21:32:00,179.0,-155.0
2024-10-17 21:33:00,187.0,-163.0
2024-10-17 21:34:00,191.0,-165.0
2024-10-17 21:35:00,186.0,-159.0
2024-10-17 21:36:00,177.0,-150.0
2024-10-17 21:37:00,174.0,-148.0
2024-10-17 21:38:00,173.0,-148.0
2024-10-17 21:39:00,180.0,-154.0
2024-10-17 21:40:00,190.0,-162.0
2024-10-17 21:41:00,191.0,-165.0
2024-10-17 21:42:00,196.0,-169.0
2024-10-17 21:43:00,195.0,-168.0
2024-10-17 21:44:00,193.0,-166.0
2024-10-17 21:45:00,187.0,-159.0
2024-10-17 21:46:00,177.0,-149.0
2024-10-17 21:47:00,171.0,-144.0
2024-10-17 21:48:00,168.0,-140.0
2024-10-17 21:49:00,165.0,-137.0
2024-10-17 21:50:00,160.0,-134.0
2024-10-17 21:51:00,162.0,-136.0
2024-10-17 21:52:00,167.0,-141.0
2024-10-17 21:53:00,167.0,-140.0
2024-10-17 21:54:00,165.0,-138.0
2024-10-17 21:55:00,161.0,-133.0
2024-10-17 21:56:00,152.0,-125.0
2024-10-17 21:57:00,148.0,-122.0
2024-10-17 21:58:00,154.0,-127.0
2024-10-17 21:59:00,157.0,-131.0
2024-10-17 22:00:00,161.0,-133.0
2024-10-17 22:01:00,164.0,-135.0
2024-10-17 22:02:00,170.0,-140.0
2024-10-17 22:03:00,170.0,-140.0
2024-10-17 22:04:00,160.0,-132.0
2024-10-17 22:05:00,157.0,-130.0
2024-10-17 22:06:00,154.0,-126.0
2024-10-17 22:07:00,161.0,-132.0
2024-10-17 22:08:00,169.0,-138.0
2024-10-17 22:09:00,175.0,-142.0
2024-10-17 22:10:00,174.0,-142.0
2024-10-17 22:11:00,171.0,-138.0
2024-10-17 22:12:00,174.0,-137.0
2024-10-17 22:13:00,181.0,-143.0
2024-10-17 22:14:00,175.0,-146.0
2024-10-17 22:15:00,175.0,-146.0
2024-10-17 22:16:00,175.0,-147.0
2024-10-17 22:17:00,180.0,-152.0
2024-10-17 22:18:00,185.0,-156.0
2024-10-17 22:19:00,200.0,-170.0
2024-10-17 22:20:00,198.0,-168.0
2024-10-17 22:21:00,186.0,-156.0
2024-10-17 22:22:00,185.0,-157.0
2024-10-17 22:23:00,180.0,-151.0
2024-10-17 22:24:00,186.0,-156.0
2024-10-17 22:25:00,191.0,-159.0
2024-10-17 22:26:00,185.0,-151.0
2024-10-17 22:27:00,200.0,-166.0
2024-10-17 22:28:00,204.0,-171.0
2024-10-17 22:29:00,200.0,-165.0
2024-10-17 22:30:00,201.0,-164.0
2024-10-17 22:31:00,204.0,-167.0
2024-10-17 22:32:00,206.0,-169.0
2024-10-17 22:33:00,206.0,-170.0
2024-10-17 22:34:00,207.0,-172.0
2024-10-17 22:35:00,208.0,-175.0
2024-10-17 22:36:00,210.0,-177.0
2024-10-17 22:37:00,203.0,-170.0
2024-10-17 22:38:00,196.0,-162.0
2024-10-17 22:39:00,188.0,-156.0
2024-10-17 22:40:00,187.0,-156.0
2024-10-17 22:41:00,181.0,-153.0
2024-10-17 22:42:00,184.0,-157.0
2024-10-17 22:43:00,207.0,-177.0
2024-10-17 22:44:00,229.0,-196.0
2024-10-17 22:45:00,250.0,-213.0
2024-10-17 22:46:00,257.0,-220.0
2024-10-17 22:47:00,256.0,-220.0
2024-10-17 22:48:00,246.0,-211.0
2024-10-17 22:49:00,243.0,-208.0
2024-10-17 22:50:00,237.0,-202.0
2024-10-17 22:51:00,235.0,-200.0
2024-10-17 22:52:00,238.0,-204.0
2024-10-17 22:53:00,240.0,-206.0
2024-10-17 22:54:00,241.0,-208.0
2024-10-17 22:55:00,242.0,-209.0
2024-10-17 22:56:00,244.0,-209.0
2024-10-17 22:57:00,239.0,-202.0
2024-10-17 22:58:00,234.0,-197.0
2024-10-17 22:59:00,236.0,-198.0
2024-10-17 23:00:00,232.0,-195.0
2024-10-17 23:01:00,230.0,-195.0
2024-10-17 23:02:00,234.0,-197.0
2024-10-17 23:03:00,231.0,-191.0
2024-10-17 23:04:00,223.0,-185.0
2024-10-17 23:05:00,214.0,-181.0
2024-10-17 23:06:00,218.0,-184.0
2024-10-17 23:07:00,243.0,-208.0
2024-10-17 23:08:00,258.0,-218.0
2024-10-17 23:09:00,261.0,-221.0
2024-10-17 23:10:00,270.0,-235.0
2024-10-17 23:11:00,273.0,-235.0
2024-10-17 23:12:00,308.0,-254.0
2024-10-17 23:13:00,312.0,-259.0
2024-10-17 23:14:00,307.0,-251.0
2024-10-17 23:15:00,297.0,-236.0
2024-10-17 23:16:00,295.0,-236.0
2024-10-17 23:17:00,286.0,-234.0
2024-10-17 23:18:00,270.0,-225.0
2024-10-17 23:19:00,274.0,-228.0
2024-10-17 23:20:00,277.0,-231.0
2024-10-17 23:21:00,282.0,-234.0
2024-10-17 23:22:00,291.0,-240.0
2024-10-17 23:23:00,297.0,-244.0
2024-10-17 23:24:00,298.0,-243.0
2024-10-17 23:25:00,299.0,-243.0
2024-10-17 23:26:00,299.0,-241.0
2024-10-17 23:27:00,298.0,-239.0
2024-10-17 23:28:00,296.0,-234.0
2024-10-17 23:29:00,292.0,-229.0
2024-10-17 23:30:00,299.0,-234.0
2024-10-17 23:31:00,308.0,-241.0
2024-10-17 23:32:00,300.0,-230.0
2024-10-17 23:33:00,285.0,-218.0
2024-10-17 23:34:00,284.0,-221.0
2024-10-17 23:35:00,280.0,-221.0
2024-10-17 23:36:00,255.0,-197.0
2024-10-17 23:37:00,250.0,-191.0
2024-10-17 23:38:00,253.0,-191.0
2024-10-17 23:39:00,267.0,-203.0
2024-10-17 23:40:00,283.0,-221.0
2024-10-17 23:41:00,281.0,-225.0
2024-10-17 23:42:00,243.0,-194.0
2024-10-17 23:43:00,202.0,-156.0
2024-10-17 23:44:00,206.0,-158.0
2024-10-17 23:45:00,215.0,-167.0
2024-10-17 23:46:00,224.0,-174.0
2024-10-17 23:47:00,223.0,-172.0
2024-10-17 23:48:00,214.0,-164.0
2024-10-17 23:49:00,207.0,-159.0
2024-10-17 23:50:00,205.0,-153.0
2024-10-17 23:51:00,208.0,-163.0
2024-10-17 23:52:00,192.0,-147.0
2024-10-17 23:53:00,192.0,-148.0
2024-10-17 23:54:00,190.0,-146.0
2024-10-17 23:55:00,191.0,-145.0
2024-10-17 23:56:00,188.0,-142.0
2024-10-17 23:57:00,182.0,-136.0
2024-10-17 23:58:00,178.0,-132.0
2024-10-17 23:59:00,174.0,-128.0
2024-10-18 00:00:00,166.0,-121.0
2024-10-18 00:01:00,162.0,-119.0
2024-10-18 00:02:00,164.0,-122.0
2024-10-18 00:03:00,184.0,-143.0
2024-10-18 00:04:00,214.0,-172.0
2024-10-18 00:05:00,200.0,-158.0
2024-10-18 00:06:00,187.0,-148.0
2024-10-18 00:07:00,187.0,-151.0
2024-10-18 00:08:00,183.0,-149.0
2024-10-18 00:09:00,180.0,-146.0
2024-10-18 00:10:00,169.0,-135.0
2024-10-18 00:11:00,151.0,-117.0
2024-10-18 00:12:00,139.0,-108.0
2024-10-18 00:13:00,131.0,-104.0
2024-10-18 00:14:00,130.0,-106.0
2024-10-18 00:15:00,130.0,-107.0
2024-10-18 00:16:00,124.0,-103.0
2024-10-18 00:17:00,115.0,-95.0
2024-10-18 00:18:00,107.0,-89.0
2024-10-18 00:19:00,101.0,-85.0
2024-10-18 00:20:00,96.0,-83.0
2024-10-18 00:21:00,92.0,-79.0
2024-10-18 00:22:00,94.0,-78.0
2024-10-18 00:23:00,87.0,-76.0
2024-10-18 00:24:00,84.0,-76.0
2024-10-18 00:25:00,90.0,-80.0
2024-10-18 00:26:00,96.0,-85.0
2024-10-18 00:27:00,100.0,-90.0
2024-10-18 00:28:00,106.0,-96.0
2024-10-18 00:29:00,120.0,-99.0
2024-10-18 00:30:00,136.0,-101.0
2024-10-18 00:31:00,139.0,-101.0
2024-10-18 00:32:00,139.0,-99.0
2024-10-18 00:33:00,143.0,-99.0
2024-10-18 00:34:00,153.0,-109.0
2024-10-18 00:35:00,161.0,-112.0
2024-10-18 00:36:00,163.0,-109.0
2024-10-18 00:37:00,161.0,-110.0
2024-10-18 00:38:00,172.0,-113.0
2024-10-18 00:39:00,193.0,-115.0
2024-10-18 00:40:00,200.0,-115.0
2024-10-18 00:41:00,198.0,-113.0
2024-10-18 00:42:00,204.0,-117.0
2024-10-18 00:43:00,205.0,-119.0
2024-10-18 00:44:00,205.0,-120.0
2024-10-18 00:45:00,208.0,-122.0
2024-10-18 00:46:00,238.0,-130.0
2024-10-18 00:47:00,239.0,-136.0
2024-10-18 00:48:00,237.0,-138.0
2024-10-18 00:49:00,226.0,-133.0
2024-10-18 00:50:00,232.0,-134.0
2024-10-18 00:51:00,238.0,-139.0
2024-10-18 00:52:00,240.0,-142.0
2024-10-18 00:53:00,247.0,-147.0
2024-10-18 00:54:00,251.0,-149.0
2024-10-18 00:55:00,257.0,-153.0
2024-10-18 00:56:00,268.0,-159.0
2024-10-18 00:57:00,275.0,-166.0
2024-10-18 00:58:00,286.0,-173.0
2024-10-18 00:59:00,298.0,-181.0
2024-10-18 01:00:00,313.0,-192.0
2024-10-18 01:01:00,323.0,-200.0
2024-10-18 01:02:00,332.0,-205.0
2024-10-18 01:03:00,335.0,-205.0
2024-10-18 01:04:00,334.0,-202.0
2024-10-18 01:05:00,338.0,-200.0
2024-10-18 01:06:00,334.0,-195.0
2024-10-18 01:07:00,334.0,-194.0
2024-10-18 01:08:00,332.0,-192.0
2024-10-18 01:09:00,343.0,-198.0
2024-10-18 01:10:00,349.0,-206.0
2024-10-18 01:11:00,349.0,-210.0
2024-10-18 01:12:00,344.0,-211.0
2024-10-18 01:13:00,358.0,-221.0
2024-10-18 01:14:00,369.0,-221.0
2024-10-18 01:15:00,373.0,-213.0
2024-10-18 01:16:00,364.0,-204.0
2024-10-18 01:17:00,344.0,-195.0
2024-10-18 01:18:00,336.0,-189.0
2024-10-18 01:19:00,343.0,-189.0
2024-10-18 01:20:00,346.0,-192.0
2024-10-18 01:21:00,336.0,-189.0
2024-10-18 01:22:00,326.0,-191.0
2024-10-18 01:23:00,308.0,-186.0
2024-10-18 01:24:00,284.0,-170.0
2024-10-18 01:25:00,261.0,-155.0
2024-10-18 01:26:00,247.0,-149.0
2024-10-18 01:27:00,248.0,-157.0
2024-10-18 01:28:00,255.0,-166.0
2024-10-18 01:29:00,264.0,-171.0
2024-10-18 01:30:00,272.0,-175.0
2024-10-18 01:31:00,288.0,-184.0
2024-10-18 01:32:00,299.0,-190.0
2024-10-18 01:33:00,306.0,-196.0
2024-10-18 01:34:00,307.0,-196.0
2024-10-18 01:35:00,314.0,-200.0
2024-10-18 01:36:00,316.0,-202.0
2024-10-18 01:37:00,328.0,-213.0
2024-10-18 01:38:00,341.0,-222.0
2024-10-18 01:39:00,346.0,-226.0
2024-10-18 01:40:00,348.0,-228.0
2024-10-18 01:41:00,344.0,-227.0
2024-10-18 01:42:00,339.0,-224.0
2024-10-18 01:43:00,333.0,-217.0
2024-10-18 01:44:00,344.0,-226.0
2024-10-18 01:45:00,356.0,-233.0
2024-10-18 01:46:00,341.0,-218.0
2024-10-18 01:47:00,333.0,-212.0
2024-10-18 01:48:00,332.0,-218.0
2024-10-18 01:49:00,328.0,-218.0
2024-10-18 01:50:00,329.0,-217.0
2024-10-18 01:51:00,338.0,-224.0
2024-10-18 01:52:00,348.0,-236.0
2024-10-18 01:53:00,356.0,-245.0
2024-10-18 01:54:00,357.0,-246.0
2024-10-18 01:55:00,360.0,-251.0
2024-10-18 01:56:00,356.0,-253.0
2024-10-18 01:57:00,342.0,-247.0
2024-10-18 01:58:00,363.0,-264.0
2024-10-18 01:59:00,386.0,-282.0
2024-10-18 02:00:00,395.0,-283.0
2024-10-18 02:01:00,406.0,-290.0
2024-10-18 02:02:00,415.0,-303.0
2024-10-18 02:03:00,411.0,-310.0
2024-10-18 02:04:00,402.0,-309.0
2024-10-18 02:05:00,382.0,-293.0
2024-10-18 02:06:00,344.0,-258.0
2024-10-18 02:07:00,319.0,-236.0
2024-10-18 02:08:00,319.0,-233.0
2024-10-18 02:09:00,367.0,-270.0
2024-10-18 02:10:00,407.0,-307.0
2024-10-18 02:11:00,444.0,-339.0
2024-10-18 02:12:00,419.0,-308.0
2024-10-18 02:13:00,397.0,-283.0
2024-10-18 02:14:00,384.0,-271.0
2024-10-18 02:15:00,371.0,-267.0
2024-10-18 02:16:00,380.0,-284.0
2024-10-18 02:17:00,415.0,-327.0
2024-10-18 02:18:00,470.0,-389.0
2024-10-18 02:19:00,431.0,-354.0
2024-10-18 02:20:00,450.0,-379.0
2024-10-18 02:21:00,403.0,-330.0
2024-10-18 02:22:00,414.0,-347.0
2024-10-18 02:23:00,423.0,-359.0
2024-10-18 02:24:00,438.0,-375.0
2024-10-18 02:25:00,473.0,-407.0
2024-10-18 02:26:00,451.0,-381.0
2024-10-18 02:27:00,441.0,-362.0
2024-10-18 02:28:00,456.0,-374.0
2024-10-18 02:29:00,432.0,-350.0
2024-10-18 02:30:00,429.0,-347.0
2024-10-18 02:31:00,410.0,-332.0
2024-10-18 02:32:00,375.0,-304.0
2024-10-18 02:33:00,346.0,-281.0
2024-10-18 02:34:00,377.0,-313.0
2024-10-18 02:35:00,370.0,-303.0
2024-10-18 02:36:00,320.0,-250.0
2024-10-18 02:37:00,344.0,-270.0
2024-10-18 02:38:00,400.0,-323.0
2024-10-18 02:39:00,423.0,-349.0
2024-10-18 02:40:00,437.0,-366.0
2024-10-18 02:41:00,424.0,-358.0
2024-10-18 02:42:00,395.0,-333.0
2024-10-18 02:43:00,378.0,-315.0
2024-10-18 02:44:00,373.0,-308.0
2024-10-18 02:45:00,377.0,-310.0
2024-10-18 02:46:00,377.0,-308.0
2024-10-18 02:47:00,355.0,-290.0
2024-10-18 02:48:00,350.0,-290.0
2024-10-18 02:49:00,351.0,-291.0
2024-10-18 02:50:00,353.0,-289.0
2024-10-18 02:51:00,353.0,-286.0
2024-10-18 02:52:00,352.0,-280.0
2024-10-18 02:53:00,365.0,-284.0
2024-10-18 02:54:00,369.0,-286.0
2024-10-18 02:55:00,379.0,-294.0
2024-10-18 02:56:00,379.0,-293.0
2024-10-18 02:57:00,379.0,-292.0
2024-10-18 02:58:00,373.0,-286.0
2024-10-18 02:59:00,360.0,-273.0
2024-10-18 03:00:00,341.0,-253.0
2024-10-18 03:01:00,312.0,-224.0
2024-10-18 03:02:00,291.0,-199.0
2024-10-18 03:03:00,280.0,-185.0
2024-10-18 03:04:00,261.0,-166.0
2024-10-18 03:05:00,262.0,-164.0
2024-10-18 03:06:00,264.0,-161.0
2024-10-18 03:07:00,266.0,-162.0
2024-10-18 03:08:00,257.0,-158.0
2024-10-18 03:09:00,251.0,-159.0
2024-10-18 03:10:00,255.0,-167.0
2024-10-18 03:11:00,257.0,-171.0
2024-10-18 03:12:00,255.0,-171.0
2024-10-18 03:13:00,254.0,-172.0
2024-10-18 03:14:00,258.0,-179.0
2024-10-18 03:15:00,263.0,-185.0
2024-10-18 03:16:00,275.0,-197.0
2024-10-18 03:17:00,278.0,-199.0
2024-10-18 03:18:00,286.0,-200.0
2024-10-18 03:19:00,286.0,-195.0
2024-10-18 03:20:00,272.0,-182.0
2024-10-18 03:21:00,261.0,-172.0
2024-10-18 03:22:00,256.0,-169.0
2024-10-18 03:23:00,254.0,-168.0
2024-10-18 03:24:00,256.0,-169.0
2024-10-18 03:25:00,251.0,-167.0
2024-10-18 03:26:00,245.0,-164.0
2024-10-18 03:27:00,232.0,-152.0
2024-10-18 03:28:00,209.0,-134.0
2024-10-18 03:29:00,189.0,-118.0
2024-10-18 03:30:00,177.0,-107.0
2024-10-18 03:31:00,172.0,-101.0
2024-10-18 03:32:00,169.0,-100.0
2024-10-18 03:33:00,166.0,-102.0
2024-10-18 03:34:00,172.0,-109.0
2024-10-18 03:35:00,178.0,-116.0
2024-10-18 03:36:00,182.0,-120.0
2024-10-18 03:37:00,182.0,-119.0
2024-10-18 03:38:00,177.0,-115.0
2024-10-18 03:39:00,164.0,-105.0
2024-10-18 03:40:00,174.0,-119.0
2024-10-18 03:41:00,175.0,-126.0
2024-10-18 03:42:00,149.0,-101.0
2024-10-18 03:43:00,154.0,-106.0
2024-10-18 03:44:00,156.0,-109.0
2024-10-18 03:45:00,163.0,-118.0
2024-10-18 03:46:00,164.0,-124.0
2024-10-18 03:47:00,162.0,-128.0
2024-10-18 03:48:00,165.0,-134.0
2024-10-18 03:49:00,166.0,-139.0
2024-10-18 03:50:00,161.0,-140.0
2024-10-18 03:51:00,161.0,-141.0
2024-10-18 03:52:00,153.0,-134.0
2024-10-18 03:53:00,152.0,-132.0
2024-10-18 03:54:00,155.0,-129.0
2024-10-18 03:55:00,158.0,-127.0
2024-10-18 03:56:00,161.0,-129.0
2024-10-18 03:57:00,159.0,-130.0
2024-10-18 03:58:00,164.0,-137.0
2024-10-18 03:59:00,166.0,-144.0
2024-10-18 04:00:00,176.0,-155.0
2024-10-18 04:01:00,194.0,-171.0
2024-10-18 04:02:00,225.0,-199.0
2024-10-18 04:03:00,242.0,-213.0
2024-10-18 04:04:00,252.0,-224.0
2024-10-18 04:05:00,244.0,-218.0
2024-10-18 04:06:00,235.0,-209.0
2024-10-18 04:07:00,230.0,-203.0
2024-10-18 04:08:00,215.0,-188.0
2024-10-18 04:09:00,216.0,-187.0
2024-10-18 04:10:00,219.0,-188.0
2024-10-18 04:11:00,209.0,-178.0
2024-10-18 04:12:00,200.0,-168.0
2024-10-18 04:13:00,206.0,-167.0
2024-10-18 04:14:00,204.0,-162.0
2024-10-18 04:15:00,211.0,-166.0
2024-10-18 04:16:00,202.0,-160.0
2024-10-18 04:17:00,195.0,-155.0
2024-10-18 04:18:00,197.0,-157.0
2024-10-18 04:19:00,189.0,-146.0
2024-10-18 04:20:00,176.0,-135.0
2024-10-18 04:21:00,166.0,-128.0
2024-10-18 04:22:00,160.0,-127.0
2024-10-18 04:23:00,148.0,-115.0
2024-10-18 04:24:00,145.0,-107.0
2024-10-18 04:25:00,157.0,-108.0
2024-10-18 04:26:00,155.0,-106.0
2024-10-18 04:27:00,149.0,-104.0
2024-10-18 04:28:00,155.0,-109.0
2024-10-18 04:29:00,161.0,-117.0
2024-10-18 04:30:00,164.0,-117.0
2024-10-18 04:31:00,185.0,-119.0
2024-10-18 04:32:00,195.0,-121.0
2024-10-18 04:33:00,196.0,-121.0
2024-10-18 04:34:00,186.0,-124.0
2024-10-18 04:35:00,187.0,-130.0
2024-10-18 04:36:00,190.0,-127.0
2024-10-18 04:37:00,192.0,-121.0
2024-10-18 04:38:00,195.0,-118.0
2024-10-18 04:39:00,196.0,-120.0
2024-10-18 04:40:00,197.0,-124.0
2024-10-18 04:41:00,194.0,-123.0
2024-10-18 04:42:00,198.0,-127.0
2024-10-18 04:43:00,206.0,-130.0
2024-10-18 04:44:00,210.0,-125.0
2024-10-18 04:45:00,210.0,-122.0
2024-10-18 04:46:00,204.0,-120.0
2024-10-18 04:47:00,201.0,-117.0
2024-10-18 04:48:00,209.0,-117.0
2024-10-18 04:49:00,213.0,-115.0
2024-10-18 04:50:00,207.0,-109.0
2024-10-18 04:51:00,206.0,-112.0
2024-10-18 04:52:00,210.0,-115.0
2024-10-18 04:53:00,212.0,-112.0
2024-10-18 04:54:00,208.0,-107.0
2024-10-18 04:55:00,205.0,-102.0
2024-10-18 04:56:00,204.0,-102.0
2024-10-18 04:57:00,198.0,-103.0
2024-10-18 04:58:00,201.0,-106.0
2024-10-18 04:59:00,203.0,-107.0
2024-10-18 05:00:00,209.0,-110.0
2024-10-18 05:01:00,211.0,-113.0
2024-10-18 05:02:00,215.0,-115.0
2024-10-18 05:03:00,220.0,-118.0
2024-10-18 05:04:00,222.0,-120.0
2024-10-18 05:05:00,222.0,-117.0
2024-10-18 05:06:00,221.0,-115.0
2024-10-18 05:07:00,218.0,-113.0
2024-10-18 05:08:00,215.0,-113.0
2024-10-18 05:09:00,213.0,-118.0
2024-10-18 05:10:00,224.0,-126.0
2024-10-18 05:11:00,224.0,-129.0
2024-10-18 05:12:00,220.0,-131.0
2024-10-18 05:13:00,216.0,-133.0
2024-10-18 05:14:00,219.0,-137.0
2024-10-18 05:15:00,222.0,-140.0
2024-10-18 05:16:00,224.0,-143.0
2024-10-18 05:17:00,219.0,-144.0
2024-10-18 05:18:00,212.0,-141.0
2024-10-18 05:19:00,194.0,-132.0
2024-10-18 05:20:00,183.0,-123.0
2024-10-18 05:21:00,173.0,-114.0
2024-10-18 05:22:00,163.0,-106.0
2024-10-18 05:23:00,155.0,-100.0
2024-10-18 05:24:00,156.0,-101.0
2024-10-18 05:25:00,159.0,-102.0
2024-10-18 05:26:00,163.0,-106.0
2024-10-18 05:27:00,162.0,-108.0
2024-10-18 05:28:00,155.0,-98.0
2024-10-18 05:29:00,146.0,-85.0
2024-10-18 05:30:00,152.0,-88.0
2024-10-18 05:31:00,163.0,-97.0
2024-10-18 05:32:00,164.0,-103.0
2024-10-18 05:33:00,165.0,-107.0
2024-10-18 05:34:00,173.0,-111.0
2024-10-18 05:35:00,177.0,-114.0
2024-10-18 05:36:00,172.0,-107.0
2024-10-18 05:37:00,175.0,-106.0
2024-10-18 05:38:00,176.0,-103.0
2024-10-18 05:39:00,178.0,-103.0
2024-10-18 05:40:00,174.0,-102.0
2024-10-18 05:41:00,178.0,-106.0
2024-10-18 05:42:00,184.0,-112.0
2024-10-18 05:43:00,178.0,-108.0
2024-10-18 05:44:00,172.0,-103.0
2024-10-18 05:45:00,164.0,-101.0
2024-10-18 05:46:00,162.0,-105.0
2024-10-18 05:47:00,154.0,-102.0
2024-10-18 05:48:00,153.0,-100.0
2024-10-18 05:49:00,151.0,-97.0
2024-10-18 05:50:00,140.0,-89.0
2024-10-18 05:51:00,128.0,-79.0
2024-10-18 05:52:00,123.0,-74.0
2024-10-18 05:53:00,122.0,-73.0
2024-10-18 05:54:00,123.0,-73.0
2024-10-18 05:55:00,116.0,-71.0
2024-10-18 05:56:00,112.0,-72.0
2024-10-18 05:57:00,113.0,-73.0
2024-10-18 05:58:00,105.0,-70.0
2024-10-18 05:59:00,100.0,-70.0
2024-10-18 06:00:00,100.0,-70.0
2024-10-18 06:01:00,100.0,-67.0
2024-10-18 06:02:00,95.0,-65.0
2024-10-18 06:03:00,90.0,-63.0
2024-10-18 06:04:00,90.0,-64.0
2024-10-18 06:05:00,92.0,-67.0
2024-10-18 06:06:00,88.0,-65.0
2024-10-18 06:07:00,82.0,-59.0
2024-10-18 06:08:00,77.0,-53.0
2024-10-18 06:09:00,75.0,-51.0
2024-10-18 06:10:00,71.0,-51.0
2024-10-18 06:11:00,69.0,-50.0
2024-10-18 06:12:00,75.0,-50.0
2024-10-18 06:13:00,79.0,-51.0
2024-10-18 06:14:00,76.0,-49.0
2024-10-18 06:15:00,76.0,-48.0
2024-10-18 06:16:00,82.0,-47.0
2024-10-18 06:17:00,80.0,-47.0
2024-10-18 06:18:00,76.0,-45.0
2024-10-18 06:19:00,72.0,-40.0
2024-10-18 06:20:00,73.0,-39.0
2024-10-18 06:21:00,70.0,-37.0
2024-10-18 06:22:00,65.0,-36.0
2024-10-18 06:23:00,63.0,-35.0
2024-10-18 06:24:00,61.0,-34.0
2024-10-18 06:25:00,60.0,-34.0
2024-10-18 06:26:00,58.0,-33.0
2024-10-18 06:27:00,56.0,-32.0
2024-10-18 06:28:00,52.0,-30.0
2024-10-18 06:29:00,46.0,-28.0
2024-10-18 06:30:00,44.0,-27.0
2024-10-18 06:31:00,46.0,-27.0
2024-10-18 06:32:00,51.0,-31.0
2024-10-18 06:33:00,52.0,-33.0
2024-10-18 06:34:00,54.0,-33.0
2024-10-18 06:35:00,53.0,-32.0
2024-10-18 06:36:00,52.0,-32.0
2024-10-18 06:37:00,54.0,-32.0
2024-10-18 06:38:00,54.0,-32.0
2024-10-18 06:39:00,53.0,-32.0
2024-10-18 06:40:00,53.0,-34.0
2024-10-18 06:41:00,56.0,-37.0
2024-10-18 06:42:00,58.0,-39.0
2024-10-18 06:43:00,59.0,-38.0
2024-10-18 06:44:00,58.0,-36.0
2024-10-18 06:45:00,57.0,-36.0
2024-10-18 06:46:00,58.0,-35.0
2024-10-18 06:47:00,54.0,-32.0
2024-10-18 06:48:00,51.0,-32.0
2024-10-18 06:49:00,49.0,-31.0
2024-10-18 06:50:00,48.0,-29.0
2024-10-18 06:51:00,47.0,-26.0
2024-10-18 06:52:00,41.0,-22.0
2024-10-18 06:53:00,34.0,-18.0
2024-10-18 06:54:00,31.0,-13.0
2024-10-18 06:55:00,30.0,-10.0
2024-10-18 06:56:00,28.0,-10.0
2024-10-18 06:57:00,30.0,-13.0
2024-10-18 06:58:00,37.0,-19.0
2024-10-18 06:59:00,40.0,-23.0
2024-10-18 07:00:00,40.0,-23.0
2024-10-18 07:01:00,41.0,-23.0
2024-10-18 07:02:00,30.0,-14.0
2024-10-18 07:03:00,30.0,-15.0
2024-10-18 07:04:00,32.0,-14.0
2024-10-18 07:05:00,32.0,-13.0
2024-10-18 07:06:00,33.0,-14.0
2024-10-18 07:07:00,32.0,-14.0
2024-10-18 07:08:00,31.0,-14.0
2024-10-18 07:09:00,33.0,-17.0
2024-10-18 07:10:00,40.0,-21.0
2024-10-18 07:11:00,39.0,-20.0
2024-10-18 07:12:00,32.0,-15.0
2024-10-18 07:13:00,31.0,-14.0
2024-10-18 07:14:00,31.0,-15.0
2024-10-18 07:15:00,29.0,-15.0
2024-10-18 07:16:00,34.0,-19.0
2024-10-18 07:17:00,36.0,-20.0
2024-10-18 07:18:00,36.0,-21.0
2024-10-18 07:19:00,36.0,-22.0
2024-10-18 07:20:00,37.0,-23.0
2024-10-18 07:21:00,40.0,-25.0
2024-10-18 07:22:00,38.0,-23.0
2024-10-18 07:23:00,32.0,-19.0
2024-10-18 07:24:00,29.0,-17.0
2024-10-18 07:25:00,31.0,-18.0
2024-10-18 07:26:00,35.0,-22.0
2024-10-18 07:27:00,41.0,-27.0
2024-10-18 07:28:00,46.0,-31.0
2024-10-18 07:29:00,47.0,-31.0
2024-10-18 07:30:00,46.0,-31.0
2024-10-18 07:31:00,46.0,-31.0
2024-10-18 07:32:00,44.0,-29.0
2024-10-18 07:33:00,42.0,-26.0
2024-10-18 07:34:00,40.0,-25.0
2024-10-18 07:35:00,38.0,-23.0
2024-10-18 07:36:00,38.0,-23.0
2024-10-18 07:37:00,38.0,-23.0
2024-10-18 07:38:00,39.0,-24.0
2024-10-18 07:39:00,40.0,-25.0
2024-10-18 07:40:00,41.0,-26.0
2024-10-18 07:41:00,42.0,-27.0
2024-10-18 07:42:00,42.0,-28.0
2024-10-18 07:43:00,41.0,-27.0
2024-10-18 07:44:00,39.0,-26.0
2024-10-18 07:45:00,38.0,-26.0
2024-10-18 07:46:00,38.0,-26.0
2024-10-18 07:47:00,37.0,-25.0
2024-10-18 07:48:00,36.0,-24.0
2024-10-18 07:49:00,34.0,-22.0
2024-10-18 07:50:00,33.0,-21.0
2024-10-18 07:51:00,32.0,-20.0
2024-10-18 07:52:00,34.0,-21.0
2024-10-18 07:53:00,36.0,-23.0
2024-10-18 07:54:00,36.0,-24.0
2024-10-18 07:55:00,36.0,-25.0
2024-10-18 07:56:00,37.0,-26.0
2024-10-18 07:57:00,37.0,-26.0
2024-10-18 07:58:00,38.0,-27.0
2024-10-18 07:59:00,38.0,-27.0
2024-10-18 08:00:00,38.0,-27.0
2024-10-18 08:01:00,42.0,-30.0
2024-10-18 08:02:00,43.0,-32.0
2024-10-18 08:03:00,43.0,-33.0
2024-10-18 08:04:00,44.0,-33.0
2024-10-18 08:05:00,42.0,-31.0
2024-10-18 08:06:00,39.0,-28.0
2024-10-18 08:07:00,37.0,-25.0
2024-10-18 08:08:00,37.0,-25.0
2024-10-18 08:09:00,38.0,-26.0
2024-10-18 08:10:00,39.0,-27.0
2024-10-18 08:11:00,39.0,-28.0
2024-10-18 08:12:00,38.0,-27.0
2024-10-18 08:13:00,35.0,-25.0
2024-10-18 08:14:00,28.0,-19.0
2024-10-18 08:15:00,22.0,-13.0
2024-10-18 08:16:00,20.0,-10.0
2024-10-18 08:17:00,23.0,-13.0
2024-10-18 08:18:00,26.0,-16.0
2024-10-18 08:19:00,26.0,-16.0
2024-10-18 08:20:00,27.0,-17.0
2024-10-18 08:21:00,25.0,-16.0
2024-10-18 08:22:00,25.0,-16.0
2024-10-18 08:23:00,25.0,-16.0
2024-10-18 08:24:00,24.0,-16.0
2024-10-18 08:25:00,24.0,-17.0
2024-10-18 08:26:00,28.0,-21.0
2024-10-18 08:27:00,32.0,-25.0
2024-10-18 08:28:00,35.0,-27.0
2024-10-18 08:29:00,36.0,-28.0
2024-10-18 08:30:00,34.0,-27.0
2024-10-18 08:31:00,34.0,-27.0
2024-10-18 08:32:00,34.0,-26.0
2024-10-18 08:33:00,34.0,-26.0
2024-10-18 08:34:00,34.0,-26.0
2024-10-18 08:35:00,35.0,-27.0
2024-10-18 08:36:00,37.0,-29.0
2024-10-18 08:37:00,36.0,-29.0
2024-10-18 08:38:00,33.0,-26.0
2024-10-18 08:39:00,32.0,-25.0
2024-10-18 08:40:00,33.0,-26.0
2024-10-18 08:41:00,35.0,-28.0
2024-10-18 08:42:00,37.0,-30.0
2024-10-18 08:43:00,37.0,-30.0
2024-10-18 08:44:00,37.0,-30.0
2024-10-18 08:45:00,38.0,-30.0
2024-10-18 08:46:00,39.0,-31.0
2024-10-18 08:47:00,42.0,-33.0
2024-10-18 08:48:00,42.0,-33.0
2024-10-18 08:49:00,41.0,-32.0
2024-10-18 08:50:00,41.0,-32.0
2024-10-18 08:51:00,39.0,-31.0
2024-10-18 08:52:00,37.0,-30.0
2024-10-18 08:53:00,38.0,-31.0
2024-10-18 08:54:00,36.0,-30.0
2024-10-18 08:55:00,34.0,-29.0
2024-10-18 08:56:00,28.0,-23.0
2024-10-18 08:57:00,26.0,-21.0
2024-10-18 08:58:00,27.0,-22.0
2024-10-18 08:59:00,26.0,-21.0
2024-10-18 09:00:00,25.0,-20.0
2024-10-18 09:01:00,25.0,-20.0
2024-10-18 09:02:00,24.0,-19.0
2024-10-18 09:03:00,24.0,-19.0
2024-10-18 09:04:00,24.0,-19.0
2024-10-18 09:05:00,25.0,-20.0
2024-10-18 09:06:00,27.0,-21.0
2024-10-18 09:07:00,27.0,-21.0
2024-10-18 09:08:00,28.0,-22.0
2024-10-18 09:09:00,29.0,-23.0
2024-10-18 09:10:00,30.0,-24.0
2024-10-18 09:11:00,32.0,-27.0
2024-10-18 09:12:00,35.0,-30.0
2024-10-18 09:13:00,39.0,-34.0
2024-10-18 09:14:00,37.0,-31.0
2024-10-18 09:15:00,37.0,-30.0
2024-10-18 09:16:00,36.0,-28.0
2024-10-18 09:17:00,38.0,-29.0
2024-10-18 09:18:00,35.0,-27.0
2024-10-18 09:19:00,35.0,-26.0
2024-10-18 09:20:00,36.0,-27.0
2024-10-18 09:21:00,42.0,-34.0
2024-10-18 09:22:00,47.0,-40.0
2024-10-18 09:23:00,41.0,-32.0
2024-10-18 09:24:00,33.0,-24.0
2024-10-18 09:25:00,26.0,-18.0
2024-10-18 09:26:00,25.0,-17.0
2024-10-18 09:27:00,27.0,-19.0
2024-10-18 09:28:00,28.0,-20.0
2024-10-18 09:29:00,29.0,-22.0
2024-10-18 09:30:00,34.0,-27.0
2024-10-18 09:31:00,38.0,-30.0
2024-10-18 09:32:00,41.0,-34.0
2024-10-18 09:33:00,45.0,-39.0
2024-10-18 09:34:00,49.0,-44.0
2024-10-18 09:35:00,54.0,-49.0
2024-10-18 09:36:00,55.0,-50.0
2024-10-18 09:37:00,43.0,-37.0
2024-10-18 09:38:00,34.0,-26.0
2024-10-18 09:39:00,32.0,-24.0
2024-10-18 09:40:00,30.0,-23.0
2024-10-18 09:41:00,27.0,-21.0
2024-10-18 09:42:00,28.0,-21.0
2024-10-18 09:43:00,31.0,-25.0
2024-10-18 09:44:00,36.0,-31.0
2024-10-18 09:45:00,41.0,-34.0
2024-10-18 09:46:00,37.0,-30.0
2024-10-18 09:47:00,33.0,-26.0
2024-10-18 09:48:00,30.0,-23.0
2024-10-18 09:49:00,28.0,-23.0
2024-10-18 09:50:00,32.0,-26.0
2024-10-18 09:51:00,32.0,-24.0
2024-10-18 09:52:00,33.0,-24.0
2024-10-18 09:53:00,34.0,-24.0
2024-10-18 09:54:00,30.0,-21.0
2024-10-18 09:55:00,28.0,-20.0
2024-10-18 09:56:00,27.0,-21.0
2024-10-18 09:57:00,25.0,-21.0
2024-10-18 09:58:00,24.0,-20.0
2024-10-18 09:59:00,25.0,-21.0
2024-10-18 10:00:00,27.0,-23.0
2024-10-18 10:01:00,31.0,-25.0
2024-10-18 10:02:00,34.0,-26.0
2024-10-18 10:03:00,32.0,-23.0
2024-10-18 10:04:00,33.0,-24.0
2024-10-18 10:05:00,31.0,-22.0
2024-10-18 10:06:00,30.0,-21.0
2024-10-18 10:07:00,28.0,-19.0
2024-10-18 10:08:00,28.0,-19.0
2024-10-18 10:09:00,26.0,-18.0
2024-10-18 10:10:00,29.0,-20.0
2024-10-18 10:11:00,26.0,-16.0
2024-10-18 10:12:00,26.0,-18.0
2024-10-18 10:13:00,27.0,-21.0
2024-10-18 10:14:00,26.0,-19.0
2024-10-18 10:15:00,24.0,-15.0
2024-10-18 10:16:00,28.0,-16.0
2024-10-18 10:17:00,31.0,-18.0
2024-10-18 10:18:00,31.0,-18.0
2024-10-18 10:19:00,29.0,-17.0
2024-10-18 10:20:00,29.0,-18.0
2024-10-18 10:21:00,29.0,-18.0
2024-10-18 10:22:00,30.0,-19.0
2024-10-18 10:23:00,32.0,-22.0
2024-10-18 10:24:00,48.0,-37.0
2024-10-18 10:25:00,56.0,-44.0
2024-10-18 10:26:00,42.0,-29.0
2024-10-18 10:27:00,55.0,-41.0
2024-10-18 10:28:00,75.0,-61.0
2024-10-18 10:29:00,104.0,-90.0
2024-10-18 10:30:00,98.0,-84.0
2024-10-18 10:31:00,97.0,-80.0
2024-10-18 10:32:00,88.0,-70.0
2024-10-18 10:33:00,129.0,-113.0
2024-10-18 10:34:00,147.0,-131.0
2024-10-18 10:35:00,146.0,-126.0
2024-10-18 10:36:00,150.0,-125.0
2024-10-18 10:37:00,165.0,-138.0
2024-10-18 10:38:00,156.0,-129.0
2024-10-18 10:39:00,163.0,-135.0
2024-10-18 10:40:00,178.0,-150.0
2024-10-18 10:41:00,141.0,-113.0
2024-10-18 10:42:00,125.0,-97.0
2024-10-18 10:43:00,137.0,-109.0
2024-10-18 10:44:00,133.0,-105.0
2024-10-18 10:45:00,142.0,-112.0
2024-10-18 10:46:00,153.0,-122.0
2024-10-18 10:47:00,154.0,-122.0
2024-10-18 10:48:00,160.0,-128.0
2024-10-18 10:49:00,152.0,-119.0
2024-10-18 10:50:00,155.0,-121.0
2024-10-18 10:51:00,154.0,-120.0
2024-10-18 10:52:00,154.0,-119.0
2024-10-18 10:53:00,147.0,-111.0
2024-10-18 10:54:00,140.0,-102.0
2024-10-18 10:55:00,139.0,-99.0
2024-10-18 10:56:00,142.0,-98.0
2024-10-18 10:57:00,148.0,-102.0
2024-10-18 10:58:00,150.0,-104.0
2024-10-18 10:59:00,153.0,-106.0
2024-10-18 11:00:00,148.0,-101.0
2024-10-18 11:01:00,149.0,-102.0
2024-10-18 11:02:00,155.0,-108.0
2024-10-18 11:03:00,156.0,-107.0
2024-10-18 11:04:00,153.0,-103.0
2024-10-18 11:05:00,154.0,-103.0
2024-10-18 11:06:00,158.0,-107.0
2024-10-18 11:07:00,160.0,-110.0
2024-10-18 11:08:00,156.0,-108.0
2024-10-18 11:09:00,155.0,-109.0
2024-10-18 11:10:00,155.0,-109.0
2024-10-18 11:11:00,153.0,-106.0
2024-10-18 11:12:00,150.0,-101.0
2024-10-18 11:13:00,146.0,-95.0
2024-10-18 11:14:00,143.0,-91.0
2024-10-18 11:15:00,139.0,-86.0
2024-10-18 11:16:00,135.0,-84.0
2024-10-18 11:17:00,132.0,-83.0
2024-10-18 11:18:00,125.0,-79.0
2024-10-18 11:19:00,121.0,-77.0
2024-10-18 11:20:00,120.0,-76.0
2024-10-18 11:21:00,120.0,-76.0
2024-10-18 11:22:00,123.0,-77.0
2024-10-18 11:23:00,124.0,-76.0
2024-10-18 11:24:00,124.0,-75.0
2024-10-18 11:25:00,121.0,-72.0
2024-10-18 11:26:00,117.0,-69.0
2024-10-18 11:27:00,115.0,-67.0
2024-10-18 11:28:00,112.0,-65.0
2024-10-18 11:29:00,109.0,-62.0
2024-10-18 11:30:00,108.0,-60.0
2024-10-18 11:31:00,110.0,-61.0
2024-10-18 11:32:00,117.0,-66.0
2024-10-18 11:33:00,120.0,-69.0
2024-10-18 11:34:00,118.0,-66.0
2024-10-18 11:35:00,114.0,-62.0
2024-10-18 11:36:00,114.0,-61.0
2024-10-18 11:37:00,113.0,-61.0
2024-10-18 11:38:00,113.0,-61.0
2024-10-18 11:39:00,113.0,-61.0
2024-10-18 11:40:00,109.0,-59.0
2024-10-18 11:41:00,103.0,-54.0
2024-10-18 11:42:00,98.0,-49.0
2024-10-18 11:43:00,91.0,-42.0
2024-10-18 11:44:00,86.0,-36.0
2024-10-18 11:45:00,80.0,-29.0
2024-10-18 11:46:00,76.0,-25.0
2024-10-18 11:47:00,102.0,-50.0
2024-10-18 11:48:00,203.0,-150.0
2024-10-18 11:49:00,214.0,-161.0
2024-10-18 11:50:00,225.0,-166.0
2024-10-18 11:51:00,226.0,-165.0
2024-10-18 11:52:00,257.0,-199.0
2024-10-18 11:53:00,258.0,-204.0
2024-10-18 11:54:00,259.0,-202.0
2024-10-18 11:55:00,287.0,-231.0
2024-10-18 11:56:00,284.0,-232.0
2024-10-18 11:57:00,306.0,-256.0
2024-10-18 11:58:00,298.0,-250.0
2024-10-18 11:59:00,293.0,-248.0
2024-10-18 12:00:00,304.0,-260.0
2024-10-18 12:01:00,314.0,-268.0
2024-10-18 12:02:00,297.0,-249.0
2024-10-18 12:03:00,287.0,-243.0
2024-10-18 12:04:00,287.0,-249.0
2024-10-18 12:05:00,277.0,-243.0
2024-10-18 12:06:00,284.0,-251.0
2024-10-18 12:07:00,277.0,-243.0
2024-10-18 12:08:00,271.0,-231.0
2024-10-18 12:09:00,268.0,-220.0
2024-10-18 12:10:00,264.0,-212.0
2024-10-18 12:11:00,253.0,-202.0
2024-10-18 12:12:00,243.0,-192.0
2024-10-18 12:13:00,254.0,-199.0
2024-10-18 12:14:00,256.0,-201.0
2024-10-18 12:15:00,258.0,-203.0
2024-10-18 12:16:00,264.0,-204.0
2024-10-18 12:17:00,249.0,-186.0
2024-10-18 12:18:00,266.0,-207.0
2024-10-18 12:19:00,251.0,-192.0
2024-10-18 12:20:00,258.0,-194.0
2024-10-18 12:21:00,259.0,-195.0
2024-10-18 12:22:00,255.0,-188.0
2024-10-18 12:23:00,240.0,-170.0
2024-10-18 12:24:00,218.0,-153.0
2024-10-18 12:25:00,203.0,-150.0
2024-10-18 12:26:00,204.0,-154.0
2024-10-18 12:27:00,205.0,-150.0
2024-10-18 12:28:00,208.0,-148.0
2024-10-18 12:29:00,186.0,-128.0
2024-10-18 12:30:00,179.0,-126.0
2024-10-18 12:31:00,176.0,-125.0
2024-10-18 12:32:00,171.0,-120.0
2024-10-18 12:33:00,164.0,-113.0
2024-10-18 12:34:00,146.0,-95.0
2024-10-18 12:35:00,139.0,-87.0
2024-10-18 12:36:00,139.0,-86.0
2024-10-18 12:37:00,140.0,-89.0
2024-10-18 12:38:00,141.0,-91.0
2024-10-18 12:39:00,153.0,-103.0
2024-10-18 12:40:00,160.0,-110.0
2024-10-18 12:41:00,166.0,-114.0
2024-10-18 12:42:00,170.0,-116.0
2024-10-18 12:43:00,171.0,-118.0
2024-10-18 12:44:00,170.0,-118.0
2024-10-18 12:45:00,166.0,-116.0
2024-10-18 12:46:00,161.0,-112.0
2024-10-18 12:47:00,156.0,-108.0
2024-10-18 12:48:00,150.0,-103.0
2024-10-18 12:49:00,142.0,-94.0
2024-10-18 12:50:00,140.0,-88.0
2024-10-18 12:51:00,135.0,-80.0
2024-10-18 12:52:00,131.0,-83.0
2024-10-18 12:53:00,132.0,-86.0
2024-10-18 12:54:00,133.0,-90.0
2024-10-18 12:55:00,127.0,-85.0
2024-10-18 12:56:00,122.0,-79.0
2024-10-18 12:57:00,135.0,-85.0
2024-10-18 12:58:00,134.0,-81.0
2024-10-18 12:59:00,132.0,-79.0
2024-10-18 13:00:00,122.0,-73.0
2024-10-18 13:01:00,116.0,-72.0
2024-10-18 13:02:00,112.0,-67.0
2024-10-18 13:03:00,110.0,-66.0
2024-10-18 13:04:00,108.0,-66.0
2024-10-18 13:05:00,108.0,-68.0
2024-10-18 13:06:00,108.0,-70.0
2024-10-18 13:07:00,110.0,-73.0
2024-10-18 13:08:00,110.0,-75.0
2024-10-18 13:09:00,111.0,-77.0
2024-10-18 13:10:00,117.0,-82.0
2024-10-18 13:11:00,121.0,-85.0
2024-10-18 13:12:00,121.0,-86.0
2024-10-18 13:13:00,124.0,-89.0
2024-10-18 13:14:00,125.0,-90.0
2024-10-18 13:15:00,130.0,-97.0
2024-10-18 13:16:00,125.0,-93.0
2024-10-18 13:17:00,121.0,-89.0
2024-10-18 13:18:00,137.0,-107.0
2024-10-18 13:19:00,126.0,-102.0
2024-10-18 13:20:00,123.0,-99.0
2024-10-18 13:21:00,122.0,-98.0
2024-10-18 13:22:00,123.0,-100.0
2024-10-18 13:23:00,134.0,-111.0
2024-10-18 13:24:00,136.0,-111.0
2024-10-18 13:25:00,137.0,-112.0
2024-10-18 13:26:00,143.0,-120.0
2024-10-18 13:27:00,143.0,-122.0
2024-10-18 13:28:00,134.0,-113.0
2024-10-18 13:29:00,132.0,-109.0
2024-10-18 13:30:00,145.0,-118.0
2024-10-18 13:31:00,155.0,-124.0
2024-10-18 13:32:00,151.0,-119.0
2024-10-18 13:33:00,145.0,-113.0
2024-10-18 13:34:00,131.0,-103.0
2024-10-18 13:35:00,127.0,-99.0
2024-10-18 13:36:00,124.0,-92.0
2024-10-18 13:37:00,121.0,-83.0
2024-10-18 13:38:00,142.0,-92.0
2024-10-18 13:39:00,164.0,-108.0
2024-10-18 13:40:00,165.0,-118.0
2024-10-18 13:41:00,181.0,-132.0
2024-10-18 13:42:00,174.0,-112.0
2024-10-18 13:43:00,178.0,-106.0
2024-10-18 13:44:00,180.0,-111.0
2024-10-18 13:45:00,175.0,-114.0
2024-10-18 13:46:00,179.0,-112.0
2024-10-18 13:47:00,181.0,-108.0
2024-10-18 13:48:00,178.0,-104.0
2024-10-18 13:49:00,167.0,-102.0
2024-10-18 13:50:00,171.0,-102.0
2024-10-18 13:51:00,173.0,-100.0
2024-10-18 13:52:00,171.0,-99.0
2024-10-18 13:53:00,172.0,-98.0
2024-10-18 13:54:00,174.0,-97.0
2024-10-18 13:55:00,136.0,-101.0
2024-10-18 13:56:00,143.0,-109.0
2024-10-18 13:57:00,153.0,-116.0
2024-10-18 13:58:00,196.0,-117.0
2024-10-18 13:59:00,207.0,-124.0
2024-10-18 14:00:00,218.0,-142.0
2024-10-18 14:01:00,247.0,-181.0
2024-10-18 14:02:00,231.0,-161.0
2024-10-18 14:03:00,238.0,-152.0
2024-10-18 14:04:00,245.0,-147.0
2024-10-18 14:05:00,254.0,-149.0
2024-10-18 14:06:00,287.0,-170.0
2024-10-18 14:07:00,374.0,-239.0
2024-10-18 14:08:00,370.0,-225.0
2024-10-18 14:09:00,373.0,-231.0
2024-10-18 14:10:00,378.0,-242.0
2024-10-18 14:11:00,378.0,-250.0
2024-10-18 14:12:00,372.0,-250.0
2024-10-18 14:13:00,380.0,-272.0
2024-10-18 14:14:00,387.0,-282.0
2024-10-18 14:15:00,401.0,-288.0
2024-10-18 14:16:00,415.0,-290.0
2024-10-18 14:17:00,425.0,-293.0
2024-10-18 14:18:00,428.0,-299.0
2024-10-18 14:19:00,444.0,-319.0
2024-10-18 14:20:00,460.0,-316.0
2024-10-18 14:21:00,466.0,-297.0
2024-10-18 14:22:00,462.0,-290.0
2024-10-18 14:23:00,451.0,-287.0
2024-10-18 14:24:00,455.0,-291.0
2024-10-18 14:25:00,461.0,-298.0
2024-10-18 14:26:00,450.0,-285.0
2024-10-18 14:27:00,448.0,-277.0
2024-10-18 14:28:00,437.0,-263.0
2024-10-18 14:29:00,448.0,-283.0
2024-10-18 14:30:00,435.0,-274.0
2024-10-18 14:31:00,420.0,-256.0
2024-10-18 14:32:00,436.0,-257.0
2024-10-18 14:33:00,447.0,-269.0
2024-10-18 14:34:00,450.0,-289.0
2024-10-18 14:35:00,454.0,-300.0
2024-10-18 14:36:00,445.0,-295.0
2024-10-18 14:37:00,420.0,-291.0
2024-10-18 14:38:00,404.0,-292.0
2024-10-18 14:39:00,390.0,-282.0
2024-10-18 14:40:00,407.0,-293.0
2024-10-18 14:41:00,435.0,-299.0
2024-10-18 14:42:00,509.0,-345.0
2024-10-18 14:43:00,557.0,-385.0
2024-10-18 14:44:00,587.0,-405.0
2024-10-18 14:45:00,586.0,-401.0
2024-10-18 14:46:00,578.0,-395.0
2024-10-18 14:47:00,572.0,-399.0
2024-10-18 14:48:00,604.0,-439.0
2024-10-18 14:49:00,659.0,-480.0
2024-10-18 14:50:00,687.0,-494.0
2024-10-18 14:51:00,697.0,-500.0
2024-10-18 14:52:00,750.0,-555.0
2024-10-18 14:53:00,788.0,-593.0
2024-10-18 14:54:00,826.0,-632.0
2024-10-18 14:55:00,831.0,-631.0
2024-10-18 14:56:00,743.0,-547.0
2024-10-18 14:57:00,635.0,-435.0
2024-10-18 14:58:00,557.0,-350.0
2024-10-18 14:59:00,560.0,-352.0
2024-10-18 15:00:00,561.0,-364.0
2024-10-18 15:01:00,566.0,-381.0
2024-10-18 15:02:00,554.0,-368.0
2024-10-18 15:03:00,542.0,-354.0
2024-10-18 15:04:00,519.0,-326.0
2024-10-18 15:05:00,500.0,-301.0
2024-10-18 15:06:00,523.0,-303.0
2024-10-18 15:07:00,516.0,-305.0
2024-10-18 15:08:00,490.0,-302.0
2024-10-18 15:09:00,468.0,-300.0
2024-10-18 15:10:00,459.0,-298.0
2024-10-18 15:11:00,469.0,-309.0
2024-10-18 15:12:00,472.0,-315.0
2024-10-18 15:13:00,490.0,-330.0
2024-10-18 15:14:00,514.0,-351.0
2024-10-18 15:15:00,529.0,-368.0
2024-10-18 15:16:00,534.0,-375.0
2024-10-18 15:17:00,534.0,-379.0
2024-10-18 15:18:00,538.0,-381.0
2024-10-18 15:19:00,540.0,-382.0
2024-10-18 15:20:00,542.0,-382.0
2024-10-18 15:21:00,552.0,-390.0
2024-10-18 15:22:00,560.0,-392.0
2024-10-18 15:23:00,557.0,-384.0
2024-10-18 15:24:00,549.0,-368.0
2024-10-18 15:25:00,540.0,-350.0
2024-10-18 15:26:00,541.0,-343.0
2024-10-18 15:27:00,527.0,-322.0
2024-10-18 15:28:00,525.0,-317.0
2024-10-18 15:29:00,533.0,-317.0
2024-10-18 15:30:00,545.0,-315.0
2024-10-18 15:31:00,541.0,-305.0
2024-10-18 15:32:00,539.0,-306.0
2024-10-18 15:33:00,529.0,-296.0
2024-10-18 15:34:00,546.0,-303.0
2024-10-18 15:35:00,545.0,-305.0
2024-10-18 15:36:00,534.0,-299.0
2024-10-18 15:37:00,533.0,-302.0
2024-10-18 15:38:00,535.0,-308.0
2024-10-18 15:39:00,536.0,-315.0
2024-10-18 15:40:00,516.0,-311.0
2024-10-18 15:41:00,506.0,-310.0
2024-10-18 15:42:00,500.0,-301.0
2024-10-18 15:43:00,515.0,-294.0
2024-10-18 15:44:00,532.0,-289.0
2024-10-18 15:45:00,534.0,-283.0
2024-10-18 15:46:00,517.0,-272.0
2024-10-18 15:47:00,507.0,-274.0
2024-10-18 15:48:00,505.0,-273.0
2024-10-18 15:49:00,500.0,-273.0
2024-10-18 15:50:00,474.0,-265.0
2024-10-18 15:51:00,449.0,-257.0
2024-10-18 15:52:00,443.0,-251.0
2024-10-18 15:53:00,471.0,-257.0
2024-10-18 15:54:00,496.0,-261.0
2024-10-18 15:55:00,515.0,-271.0
2024-10-18 15:56:00,478.0,-255.0
2024-10-18 15:57:00,449.0,-249.0
2024-10-18 15:58:00,433.0,-251.0
2024-10-18 15:59:00,426.0,-243.0
2024-10-18 16:00:00,425.0,-229.0
2024-10-18 16:01:00,438.0,-227.0
2024-10-18 16:02:00,430.0,-219.0
2024-10-18 16:03:00,414.0,-211.0
2024-10-18 16:04:00,408.0,-210.0
2024-10-18 16:05:00,411.0,-210.0
2024-10-18 16:06:00,445.0,-229.0
2024-10-18 16:07:00,477.0,-243.0
2024-10-18 16:08:00,500.0,-260.0
2024-10-18 16:09:00,492.0,-260.0
2024-10-18 16:10:00,495.0,-261.0
2024-10-18 16:11:00,493.0,-250.0
2024-10-18 16:12:00,460.0,-224.0
2024-10-18 16:13:00,447.0,-218.0
2024-10-18 16:14:00,479.0,-247.0
2024-10-18 16:15:00,527.0,-270.0
2024-10-18 16:16:00,540.0,-263.0
2024-10-18 16:17:00,530.0,-257.0
2024-10-18 16:18:00,517.0,-256.0
2024-10-18 16:19:00,521.0,-264.0
2024-10-18 16:20:00,541.0,-285.0
2024-10-18 16:21:00,556.0,-312.0
2024-10-18 16:22:00,557.0,-325.0
2024-10-18 16:23:00,544.0,-306.0
2024-10-18 16:24:00,528.0,-283.0
2024-10-18 16:25:00,517.0,-264.0
2024-10-18 16:26:00,503.0,-249.0
2024-10-18 16:27:00,473.0,-228.0
2024-10-18 16:28:00,461.0,-225.0
2024-10-18 16:29:00,444.0,-217.0
2024-10-18 16:30:00,444.0,-209.0
2024-10-18 16:31:00,459.0,-217.0
2024-10-18 16:32:00,463.0,-222.0
2024-10-18 16:33:00,483.0,-245.0
2024-10-18 16:34:00,485.0,-252.0
2024-10-18 16:35:00,495.0,-258.0
2024-10-18 16:36:00,485.0,-255.0
2024-10-18 16:37:00,501.0,-284.0
2024-10-18 16:38:00,537.0,-316.0
2024-10-18 16:39:00,566.0,-333.0
2024-10-18 16:40:00,575.0,-321.0
2024-10-18 16:41:00,568.0,-310.0
2024-10-18 16:42:00,593.0,-331.0
2024-10-18 16:43:00,596.0,-332.0
2024-10-18 16:44:00,572.0,-324.0
2024-10-18 16:45:00,582.0,-346.0
2024-10-18 16:46:00,589.0,-345.0
2024-10-18 16:47:00,574.0,-319.0
2024-10-18 16:48:00,541.0,-286.0
2024-10-18 16:49:00,556.0,-302.0
2024-10-18 16:50:00,547.0,-296.0
2024-10-18 16:51:00,562.0,-318.0
2024-10-18 16:52:00,577.0,-336.0
2024-10-18 16:53:00,593.0,-366.0
2024-10-18 16:54:00,545.0,-341.0
2024-10-18 16:55:00,486.0,-304.0
2024-10-18 16:56:00,504.0,-319.0
2024-10-18 16:57:00,540.0,-352.0
2024-10-18 16:58:00,587.0,-397.0
2024-10-18 16:59:00,584.0,-402.0
2024-10-18 17:00:00,512.0,-342.0
2024-10-18 17:01:00,438.0,-267.0
2024-10-18 17:02:00,423.0,-258.0
2024-10-18 17:03:00,439.0,-274.0
2024-10-18 17:04:00,453.0,-288.0
2024-10-18 17:05:00,497.0,-327.0
2024-10-18 17:06:00,507.0,-323.0
2024-10-18 17:07:00,494.0,-312.0
2024-10-18 17:08:00,481.0,-305.0
2024-10-18 17:09:00,493.0,-316.0
2024-10-18 17:10:00,521.0,-354.0
2024-10-18 17:11:00,551.0,-387.0
2024-10-18 17:12:00,584.0,-414.0
2024-10-18 17:13:00,566.0,-393.0
2024-10-18 17:14:00,549.0,-379.0
2024-10-18 17:15:00,503.0,-331.0
2024-10-18 17:16:00,526.0,-354.0
2024-10-18 17:17:00,513.0,-343.0
2024-10-18 17:18:00,528.0,-350.0
2024-10-18 17:19:00,551.0,-363.0
2024-10-18 17:20:00,550.0,-361.0
2024-10-18 17:21:00,518.0,-321.0
2024-10-18 17:22:00,500.0,-281.0
2024-10-18 17:23:00,493.0,-248.0
2024-10-18 17:24:00,484.0,-223.0
2024-10-18 17:25:00,500.0,-238.0
2024-10-18 17:26:00,513.0,-251.0
2024-10-18 17:27:00,585.0,-308.0
2024-10-18 17:28:00,615.0,-334.0
2024-10-18 17:29:00,632.0,-358.0
2024-10-18 17:30:00,622.0,-352.0
2024-10-18 17:31:00,599.0,-328.0
2024-10-18 17:32:00,547.0,-280.0
2024-10-18 17:33:00,544.0,-285.0
2024-10-18 17:34:00,597.0,-342.0
2024-10-18 17:35:00,681.0,-416.0
2024-10-18 17:36:00,783.0,-527.0
2024-10-18 17:37:00,801.0,-548.0
2024-10-18 17:38:00,738.0,-491.0
2024-10-18 17:39:00,727.0,-480.0
2024-10-18 17:40:00,730.0,-482.0
2024-10-18 17:41:00,682.0,-446.0
2024-10-18 17:42:00,669.0,-437.0
2024-10-18 17:43:00,666.0,-434.0
2024-10-18 17:44:00,670.0,-443.0
2024-10-18 17:45:00,663.0,-449.0
2024-10-18 17:46:00,656.0,-445.0
2024-10-18 17:47:00,652.0,-432.0
2024-10-18 17:48:00,648.0,-426.0
2024-10-18 17:49:00,631.0,-414.0
2024-10-18 17:50:00,638.0,-426.0
2024-10-18 17:51:00,599.0,-393.0
2024-10-18 17:52:00,529.0,-330.0
2024-10-18 17:53:00,465.0,-279.0
2024-10-18 17:54:00,402.0,-226.0
2024-10-18 17:55:00,372.0,-200.0
2024-10-18 17:56:00,373.0,-200.0
2024-10-18 17:57:00,380.0,-206.0
2024-10-18 17:58:00,384.0,-213.0
2024-10-18 17:59:00,381.0,-207.0
2024-10-18 18:00:00,393.0,-224.0
2024-10-18 18:01:00,391.0,-229.0
2024-10-18 18:02:00,415.0,-256.0
2024-10-18 18:03:00,419.0,-267.0
2024-10-18 18:04:00,412.0,-260.0
2024-10-18 18:05:00,359.0,-204.0
2024-10-18 18:06:00,344.0,-191.0
2024-10-18 18:07:00,332.0,-184.0
2024-10-18 18:08:00,307.0,-164.0
2024-10-18 18:09:00,348.0,-212.0
2024-10-18 18:10:00,416.0,-285.0
2024-10-18 18:11:00,427.0,-299.0
2024-10-18 18:12:00,390.0,-258.0
2024-10-18 18:13:00,348.0,-211.0
2024-10-18 18:14:00,321.0,-182.0
2024-10-18 18:15:00,315.0,-173.0
2024-10-18 18:16:00,300.0,-160.0
2024-10-18 18:17:00,315.0,-185.0
2024-10-18 18:18:00,347.0,-220.0
2024-10-18 18:19:00,366.0,-242.0
2024-10-18 18:20:00,372.0,-250.0
2024-10-18 18:21:00,357.0,-232.0
2024-10-18 18:22:00,351.0,-229.0
2024-10-18 18:23:00,335.0,-230.0
2024-10-18 18:24:00,309.0,-211.0
2024-10-18 18:25:00,283.0,-188.0
2024-10-18 18:26:00,257.0,-165.0
2024-10-18 18:27:00,215.0,-121.0
2024-10-18 18:28:00,186.0,-87.0
2024-10-18 18:29:00,185.0,-87.0
2024-10-18 18:30:00,181.0,-85.0
2024-10-18 18:31:00,174.0,-82.0
2024-10-18 18:32:00,160.0,-76.0
2024-10-18 18:33:00,158.0,-70.0
2024-10-18 18:34:00,158.0,-72.0
2024-10-18 18:35:00,153.0,-73.0
2024-10-18 18:36:00,152.0,-68.0
2024-10-18 18:37:00,133.0,-62.0
2024-10-18 18:38:00,134.0,-59.0
2024-10-18 18:39:00,150.0,-59.0
2024-10-18 18:40:00,154.0,-62.0
2024-10-18 18:41:00,159.0,-62.0
2024-10-18 18:42:00,172.0,-63.0
2024-10-18 18:43:00,172.0,-64.0
2024-10-18 18:44:00,149.0,-61.0
2024-10-18 18:45:00,143.0,-62.0
2024-10-18 18:46:00,147.0,-62.0
2024-10-18 18:47:00,144.0,-63.0
2024-10-18 18:48:00,151.0,-61.0
2024-10-18 18:49:00,130.0,-58.0
2024-10-18 18:50:00,147.0,-58.0
2024-10-18 18:51:00,153.0,-58.0
2024-10-18 18:52:00,127.0,-61.0
2024-10-18 18:53:00,132.0,-64.0
2024-10-18 18:54:00,138.0,-67.0
2024-10-18 18:55:00,139.0,-70.0
2024-10-18 18:56:00,130.0,-70.0
2024-10-18 18:57:00,117.0,-68.0
2024-10-18 18:58:00,127.0,-69.0
2024-10-18 18:59:00,124.0,-69.0
2024-10-18 19:00:00,125.0,-68.0
2024-10-18 19:01:00,121.0,-68.0
2024-10-18 19:02:00,106.0,-67.0
2024-10-18 19:03:00,105.0,-67.0
2024-10-18 19:04:00,91.0,-66.0
2024-10-18 19:05:00,96.0,-63.0
2024-10-18 19:06:00,93.0,-56.0
2024-10-18 19:07:00,87.0,-50.0
2024-10-18 19:08:00,83.0,-47.0
2024-10-18 19:09:00,77.0,-44.0
2024-10-18 19:10:00,76.0,-43.0
2024-10-18 19:11:00,79.0,-47.0
2024-10-18 19:12:00,84.0,-55.0
2024-10-18 19:13:00,84.0,-60.0
2024-10-18 19:14:00,86.0,-66.0
2024-10-18 19:15:00,88.0,-68.0
2024-10-18 19:16:00,90.0,-67.0
2024-10-18 19:17:00,85.0,-65.0
2024-10-18 19:18:00,83.0,-63.0
2024-10-18 19:19:00,82.0,-58.0
2024-10-18 19:20:00,80.0,-52.0
2024-10-18 19:21:00,72.0,-42.0
2024-10-18 19:22:00,66.0,-36.0
2024-10-18 19:23:00,61.0,-31.0
2024-10-18 19:24:00,58.0,-28.0
2024-10-18 19:25:00,58.0,-29.0
2024-10-18 19:26:00,73.0,-35.0
2024-10-18 19:27:00,83.0,-38.0
2024-10-18 19:28:00,85.0,-36.0
2024-10-18 19:29:00,80.0,-32.0
2024-10-18 19:30:00,72.0,-30.0
2024-10-18 19:31:00,64.0,-29.0
2024-10-18 19:32:00,56.0,-25.0
2024-10-18 19:33:00,57.0,-23.0
2024-10-18 19:34:00,58.0,-20.0
2024-10-18 19:35:00,53.0,-16.0
2024-10-18 19:36:00,48.0,-13.0
2024-10-18 19:37:00,51.0,-18.0
2024-10-18 19:38:00,47.0,-17.0
2024-10-18 19:39:00,54.0,-24.0
2024-10-18 19:40:00,59.0,-26.0
2024-10-18 19:41:00,62.0,-22.0
2024-10-18 19:42:00,60.0,-18.0
2024-10-18 19:43:00,68.0,-19.0
2024-10-18 19:44:00,50.0,-13.0
2024-10-18 19:45:00,55.0,-11.0
2024-10-18 19:46:00,55.0,-10.0
2024-10-18 19:47:00,71.0,-15.0
2024-10-18 19:48:00,88.0,-17.0
2024-10-18 19:49:00,96.0,-21.0
2024-10-18 19:50:00,88.0,-24.0
2024-10-18 19:51:00,71.0,-22.0
2024-10-18 19:52:00,70.0,-22.0
2024-10-18 19:53:00,75.0,-23.0
2024-10-18 19:54:00,73.0,-22.0
2024-10-18 19:55:00,70.0,-21.0
2024-10-18 19:56:00,65.0,-22.0
2024-10-18 19:57:00,56.0,-21.0
2024-10-18 19:58:00,57.0,-19.0
2024-10-18 19:59:00,56.0,-21.0
2024-10-18 20:00:00,60.0,-24.0
2024-10-18 20:01:00,63.0,-23.0
2024-10-18 20:02:00,56.0,-21.0
2024-10-18 20:03:00,31.0,-15.0
2024-10-18 20:04:00,32.0,-14.0
2024-10-18 20:05:00,30.0,-14.0
2024-10-18 20:06:00,46.0,-16.0
2024-10-18 20:07:00,35.0,-19.0
2024-10-18 20:08:00,31.0,-21.0
2024-10-18 20:09:00,30.0,-20.0
2024-10-18 20:10:00,31.0,-19.0
2024-10-18 20:11:00,27.0,-18.0
2024-10-18 20:12:00,28.0,-19.0
2024-10-18 20:13:00,29.0,-20.0
2024-10-18 20:14:00,27.0,-20.0
2024-10-18 20:15:00,29.0,-21.0
2024-10-18 20:16:00,36.0,-23.0
2024-10-18 20:17:00,39.0,-24.0
2024-10-18 20:18:00,43.0,-27.0
2024-10-18 20:19:00,80.0,-32.0
2024-10-18 20:20:00,74.0,-34.0
2024-10-18 20:21:00,48.0,-33.0
2024-10-18 20:22:00,40.0,-30.0
2024-10-18 20:23:00,40.0,-27.0
2024-10-18 20:24:00,48.0,-27.0
2024-10-18 20:25:00,53.0,-27.0
2024-10-18 20:26:00,52.0,-26.0
2024-10-18 20:27:00,42.0,-24.0
2024-10-18 20:28:00,39.0,-24.0
2024-10-18 20:29:00,37.0,-23.0
2024-10-18 20:30:00,48.0,-31.0
2024-10-18 20:31:00,42.0,-26.0
2024-10-18 20:32:00,68.0,-28.0
2024-10-18 20:33:00,113.0,-29.0
2024-10-18 20:34:00,136.0,-33.0
2024-10-18 20:35:00,127.0,-40.0
2024-10-18 20:36:00,88.0,-45.0
2024-10-18 20:37:00,112.0,-64.0
2024-10-18 20:38:00,126.0,-70.0
2024-10-18 20:39:00,266.0,-212.0
2024-10-18 20:40:00,243.0,-201.0
2024-10-18 20:41:00,84.0,-56.0
2024-10-18 20:42:00,62.0,-17.0
2024-10-18 20:43:00,86.0,-55.0
2024-10-18 20:44:00,122.0,-88.0
2024-10-18 20:45:00,185.0,-146.0
2024-10-18 20:46:00,171.0,-124.0
2024-10-18 20:47:00,140.0,-87.0
2024-10-18 20:48:00,133.0,-68.0
2024-10-18 20:49:00,160.0,-91.0
2024-10-18 20:50:00,193.0,-122.0
2024-10-18 20:51:00,199.0,-124.0
2024-10-18 20:52:00,195.0,-116.0
2024-10-18 20:53:00,230.0,-147.0
2024-10-18 20:54:00,212.0,-129.0
2024-10-18 20:55:00,218.0,-125.0
2024-10-18 20:56:00,245.0,-144.0
2024-10-18 20:57:00,263.0,-159.0
2024-10-18 20:58:00,282.0,-177.0
2024-10-18 20:59:00,291.0,-184.0
2024-10-18 21:00:00,283.0,-179.0
2024-10-18 21:01:00,271.0,-174.0
2024-10-18 21:02:00,255.0,-166.0
2024-10-18 21:03:00,204.0,-123.0
2024-10-18 21:04:00,188.0,-107.0
2024-10-18 21:05:00,254.0,-171.0
2024-10-18 21:06:00,305.0,-221.0
2024-10-18 21:07:00,257.0,-176.0
2024-10-18 21:08:00,176.0,-97.0
2024-10-18 21:09:00,164.0,-86.0
2024-10-18 21:10:00,187.0,-103.0
2024-10-18 21:11:00,206.0,-117.0
2024-10-18 21:12:00,207.0,-117.0
2024-10-18 21:13:00,189.0,-103.0
2024-10-18 21:14:00,165.0,-84.0
2024-10-18 21:15:00,193.0,-111.0
2024-10-18 21:16:00,227.0,-140.0
2024-10-18 21:17:00,241.0,-149.0
2024-10-18 21:18:00,268.0,-171.0
2024-10-18 21:19:00,261.0,-160.0
2024-10-18 21:20:00,262.0,-157.0
2024-10-18 21:21:00,294.0,-183.0
2024-10-18 21:22:00,317.0,-201.0
2024-10-18 21:23:00,347.0,-232.0
2024-10-18 21:24:00,363.0,-247.0
2024-10-18 21:25:00,331.0,-209.0
2024-10-18 21:26:00,302.0,-185.0
2024-10-18 21:27:00,306.0,-193.0
2024-10-18 21:28:00,349.0,-231.0
2024-10-18 21:29:00,361.0,-245.0
2024-10-18 21:30:00,345.0,-230.0
2024-10-18 21:31:00,328.0,-214.0
2024-10-18 21:32:00,288.0,-175.0
2024-10-18 21:33:00,271.0,-161.0
2024-10-18 21:34:00,271.0,-166.0
2024-10-18 21:35:00,285.0,-174.0
2024-10-18 21:36:00,296.0,-189.0
2024-10-18 21:37:00,396.0,-307.0
2024-10-18 21:38:00,446.0,-360.0
2024-10-18 21:39:00,394.0,-304.0
2024-10-18 21:40:00,355.0,-261.0
2024-10-18 21:41:00,363.0,-266.0
2024-10-18 21:42:00,395.0,-293.0
2024-10-18 21:43:00,395.0,-287.0
2024-10-18 21:44:00,405.0,-295.0
2024-10-18 21:45:00,369.0,-264.0
2024-10-18 21:46:00,302.0,-198.0
2024-10-18 21:47:00,306.0,-191.0
2024-10-18 21:48:00,303.0,-192.0
2024-10-18 21:49:00,296.0,-190.0
2024-10-18 21:50:00,320.0,-216.0
2024-10-18 21:51:00,355.0,-247.0
2024-10-18 21:52:00,373.0,-256.0
2024-10-18 21:53:00,424.0,-298.0
2024-10-18 21:54:00,422.0,-299.0
2024-10-18 21:55:00,456.0,-338.0
2024-10-18 21:56:00,464.0,-349.0
2024-10-18 21:57:00,472.0,-360.0
2024-10-18 21:58:00,481.0,-367.0
2024-10-18 21:59:00,462.0,-351.0
2024-10-18 22:00:00,460.0,-354.0
2024-10-18 22:01:00,458.0,-349.0
2024-10-18 22:02:00,451.0,-344.0
2024-10-18 22:03:00,445.0,-336.0
2024-10-18 22:04:00,459.0,-343.0
2024-10-18 22:05:00,479.0,-358.0
2024-10-18 22:06:00,481.0,-360.0
2024-10-18 22:07:00,508.0,-377.0
2024-10-18 22:08:00,534.0,-396.0
2024-10-18 22:09:00,562.0,-423.0
2024-10-18 22:10:00,573.0,-443.0
2024-10-18 22:11:00,552.0,-441.0
2024-10-18 22:12:00,538.0,-438.0
2024-10-18 22:13:00,532.0,-438.0
2024-10-18 22:14:00,540.0,-440.0
2024-10-18 22:15:00,529.0,-427.0
2024-10-18 22:16:00,510.0,-416.0
2024-10-18 22:17:00,497.0,-411.0
2024-10-18 22:18:00,543.0,-460.0
2024-10-18 22:19:00,545.0,-463.0
2024-10-18 22:20:00,494.0,-415.0
2024-10-18 22:21:00,434.0,-353.0
2024-10-18 22:22:00,417.0,-337.0
2024-10-18 22:23:00,457.0,-374.0
2024-10-18 22:24:00,455.0,-369.0
2024-10-18 22:25:00,451.0,-366.0
2024-10-18 22:26:00,438.0,-352.0
2024-10-18 22:27:00,430.0,-347.0
2024-10-18 22:28:00,422.0,-343.0
2024-10-18 22:29:00,412.0,-331.0
2024-10-18 22:30:00,404.0,-322.0
2024-10-18 22:31:00,389.0,-307.0
2024-10-18 22:32:00,372.0,-292.0
2024-10-18 22:33:00,359.0,-277.0
2024-10-18 22:34:00,367.0,-281.0
2024-10-18 22:35:00,383.0,-294.0
2024-10-18 22:36:00,388.0,-307.0
2024-10-18 22:37:00,391.0,-319.0
2024-10-18 22:38:00,402.0,-335.0
2024-10-18 22:39:00,416.0,-350.0
2024-10-18 22:40:00,423.0,-353.0
2024-10-18 22:41:00,428.0,-353.0
2024-10-18 22:42:00,419.0,-339.0
2024-10-18 22:43:00,408.0,-326.0
2024-10-18 22:44:00,413.0,-333.0
2024-10-18 22:45:00,399.0,-325.0
2024-10-18 22:46:00,386.0,-321.0
2024-10-18 22:47:00,380.0,-319.0
2024-10-18 22:48:00,398.0,-336.0
2024-10-18 22:49:00,408.0,-338.0
2024-10-18 22:50:00,426.0,-347.0
2024-10-18 22:51:00,435.0,-348.0
2024-10-18 22:52:00,428.0,-333.0
2024-10-18 22:53:00,443.0,-346.0
2024-10-18 22:54:00,433.0,-341.0
2024-10-18 22:55:00,399.0,-313.0
2024-10-18 22:56:00,379.0,-298.0
2024-10-18 22:57:00,366.0,-287.0
2024-10-18 22:58:00,357.0,-275.0
2024-10-18 22:59:00,353.0,-269.0
2024-10-18 23:00:00,359.0,-273.0
2024-10-18 23:01:00,365.0,-277.0
2024-10-18 23:02:00,364.0,-275.0
2024-10-18 23:03:00,360.0,-269.0
2024-10-18 23:04:00,350.0,-258.0
2024-10-18 23:05:00,332.0,-241.0
2024-10-18 23:06:00,359.0,-269.0
2024-10-18 23:07:00,378.0,-287.0
2024-10-18 23:08:00,377.0,-286.0
2024-10-18 23:09:00,370.0,-280.0
2024-10-18 23:10:00,360.0,-272.0
2024-10-18 23:11:00,367.0,-272.0
2024-10-18 23:12:00,395.0,-286.0
2024-10-18 23:13:00,417.0,-303.0
2024-10-18 23:14:00,382.0,-264.0
2024-10-18 23:15:00,383.0,-265.0
2024-10-18 23:16:00,382.0,-259.0
2024-10-18 23:17:00,420.0,-295.0
2024-10-18 23:18:00,440.0,-308.0
2024-10-18 23:19:00,455.0,-321.0
2024-10-18 23:20:00,488.0,-348.0
2024-10-18 23:21:00,501.0,-357.0
2024-10-18 23:22:00,504.0,-355.0
2024-10-18 23:23:00,516.0,-360.0
2024-10-18 23:24:00,547.0,-392.0
2024-10-18 23:25:00,538.0,-385.0
2024-10-18 23:26:00,517.0,-370.0
2024-10-18 23:27:00,527.0,-374.0
2024-10-18 23:28:00,521.0,-360.0
2024-10-18 23:29:00,511.0,-347.0
2024-10-18 23:30:00,509.0,-347.0
2024-10-18 23:31:00,513.0,-348.0
2024-10-18 23:32:00,519.0,-356.0
2024-10-18 23:33:00,532.0,-377.0
2024-10-18 23:34:00,543.0,-387.0
2024-10-18 23:35:00,549.0,-395.0
2024-10-18 23:36:00,549.0,-394.0
2024-10-18 23:37:00,543.0,-390.0
2024-10-18 23:38:00,568.0,-418.0
2024-10-18 23:39:00,569.0,-427.0
2024-10-18 23:40:00,522.0,-387.0
2024-10-18 23:41:00,532.0,-406.0
2024-10-18 23:42:00,547.0,-435.0
2024-10-18 23:43:00,600.0,-491.0
2024-10-18 23:44:00,588.0,-473.0
2024-10-18 23:45:00,467.0,-357.0
2024-10-18 23:46:00,490.0,-376.0
2024-10-18 23:47:00,497.0,-387.0
2024-10-18 23:48:00,499.0,-391.0
2024-10-18 23:49:00,496.0,-379.0
2024-10-18 23:50:00,475.0,-360.0
2024-10-18 23:51:00,465.0,-364.0
2024-10-18 23:52:00,456.0,-380.0
2024-10-18 23:53:00,473.0,-404.0
2024-10-18 23:54:00,484.0,-396.0
2024-10-18 23:55:00,493.0,-389.0
2024-10-18 23:56:00,518.0,-407.0
2024-10-18 23:57:00,506.0,-404.0
2024-10-18 23:58:00,516.0,-425.0
2024-10-18 23:59:00,558.0,-473.0
