timestamp,altitude_diff,altitude_diff_smoothed,slope,AU_Factor,MgII_Index,MgII_Flag,irr_256,irr_284,irr_304,irr_1175,irr_1216,irr_1335,irr_1405,irr_256_flag_flag,irr_284_flag_flag,irr_304_flag_flag,irr_1175_flag_flag,irr_1216_flag_flag,irr_1335_flag_flag,irr_1405_flag_flag
2024-08-28 01:34:26.000000000,0.3571054519823065,0.3276534695425562,-0.0047120550865032,1.0204046351063831,0.37119240361702127,0.0,0.000169513,0.00018463719680851065,0.0005828463670212766,0.00011388346276595744,0.009577252765957446,0.0002814109042553192,0.00018017173936170215,0.0,0.0,0.0,0.0,0.0,0.0,0.0
2024-08-28 04:44:27.947368448,0.2478021453626411,0.322941414456053,-0.0047120550865032,1.0203460170212766,0.37094415813829784,0.0,0.0001684077234042553,0.00018162084042553191,0.0005789293563829787,0.00011571684042553193,0.00953274899468085,0.0002808434521276596,0.0001815471170212766,0.0,0.0,0.0,0.0,0.0,0.0,0.0
2024-08-28 07:48:01.588235264,0.2950233125948216,0.3182293593695497,-0.0047120550865032,1.0202892899470901,0.371543277037037,0.0,0.00016738504761904766,0.0001817622063492063,0.000577088291005291,0.00011651979894179895,0.009359884052910054,0.0002832337195767196,0.0001831656878306878,0.0,0.0,0.0,0.0,0.0,0.0,0.0
2024-08-28 11:08:38.941176576,0.3774522397015971,0.3135173042830464,-0.0047120550865032,1.0202271835106385,0.37206695494680847,0.0,0.00017126025000000001,0.0001867199255319149,0.0005827365212765957,0.00011563792021276595,0.009454371468085107,0.0002830943510638298,0.0001861818191489362,0.0,0.0,0.0,0.0,0.0,0.0,0.0
2024-08-28 14:14:33.736842240,0.3414605857194601,0.3088052491965432,-0.0047120550865032,1.0201694367021277,0.37211283265957446,0.0,0.00017145372872340425,0.0001871071063829787,0.0005831394095744681,0.00011521116489361701,0.009564147420212766,0.0002824632659574468,0.0001839420106382979,0.0,0.0,0.0,0.0,0.0,0.0,0.0
2024-08-28 17:06:01.214285568,0.2303070864375058,0.3040931941100399,-0.0047120550865032,1.0201160772486775,0.3722777196296296,0.0,0.00017203764021164023,0.00018711344444444442,0.0005830108941798942,0.00011580815873015874,0.009585806820105819,0.00028298047089947095,0.00018475921164021162,0.0,0.0,0.0,0.0,0.0,0.0,0.0
2024-08-28 20:40:37.600000512,0.3296250075847524,0.2993811390235369,-0.0047120550865032,1.0200492122340423,0.3719086991891892,0.851063829787234,0.0001732525743243243,0.00018768904054054054,0.0005825363648648649,0.0001161140472972973,0.009590550831081082,0.0002840361418918919,0.00018334431081081082,0.851063829787234,0.851063829787234,0.851063829787234,0.851063829787234,0.851063829787234,0.851063829787234,0.851063829787234
2024-08-28 23:34:39.473684224,0.3750396341088731,0.2842586010005842,-0.0070699775992851,1.019994829787234,0.3714890927127659,0.0,0.0001739820425531915,0.00018699955319148936,0.0005808436329787234,0.00011586298936170213,0.009596529585106383,0.00028368171808510633,0.00018224189361702126,0.0,0.0,0.0,0.0,0.0,0.0,0.0
2024-08-29 02:44:41.368420864,0.2737334029324074,0.2871693662616989,-0.0084265393186605,1.019935315957447,0.3709016080319149,0.0,0.00017311781382978723,0.00018546830319148938,0.000579514255319149,0.00011556322340425532,0.009587010936170213,0.00028147084574468086,0.00018158650531914896,0.0,0.0,0.0,0.0,0.0,0.0,0.0
2024-08-29 05:54:43.263158272,0.213481277929759,0.2853385517291695,-0.0086501779516643,1.019875704787234,0.37113829452127667,0.0,0.00017248561170212767,0.0001863013085106383,0.0005823713191489362,0.00011550984042553192,0.009592858526595744,0.0002828496861702128,0.00018217441489361703,0.0,0.0,0.0,0.0,0.0,0.0,0.0
2024-08-29 08:56:53.714286080,0.2904098198002316,0.2689900766231928,-0.0090771181419095,1.0198183264550267,0.3709514851322751,0.042328042328042326,0.0001644037142857143,0.00017907009523809525,0.0005547261216931217,0.00011256942857142858,0.00929372324867725,0.00027955971428571437,0.000180401835978836,0.042328042328042326,0.042328042328042326,0.042328042328042326,0.042328042328042326,0.042328042328042326,0.042328042328042326,0.042328042328042326
2024-08-29 12:14:47.157894656,0.3379509715496738,0.2542314959099879,-0.0102257592264068,1.0197560925531914,0.3710249344148936,0.0,0.00017158069148936168,0.0001875347765957447,0.0005761547978723404,0.00011217698936170213,0.00951646839893617,0.00027981676595744683,0.00018184068617021275,0.0,0.0,0.0,0.0,0.0,0.0,0.0
2024-08-29 15:19:48.999999744,0.2225638716019489,0.2534212995580124,-0.0122818726252879,1.019697516931217,0.37142398259259257,0.0,0.0001730290529100529,0.0001899313650793651,0.0005776775661375662,0.00011048904232804234,0.009565345873015874,0.000280165708994709,0.0001808926402116402,0.0,0.0,0.0,0.0,0.0,0.0,0.0
2024-08-29 18:03:25.000000000,0.1605124576839216,0.2459751598818448,-0.0100299533417354,1.0196457829787233,0.3715525879255319,0.0,0.0001752198829787234,0.000193358335106383,0.0005795217978723404,0.00011075426595744681,0.009580167085106383,0.00028194212765957446,0.0001803253563829787,0.0,0.0,0.0,0.0,0.0,0.0,0.0
2024-08-29 21:41:21.176470528,0.2856420937571329,0.2238936050455235,-0.0102745858267996,1.0195766537234043,0.37194294532258065,0.0425531914893617,0.00017630882258064517,0.00019272255913978497,0.0005817195967741935,0.00011451121505376343,0.009604946247311829,0.00028306655913978493,0.00018515754838709675,0.0425531914893617,0.0425531914893617,0.0425531914893617,0.0425531914893617,0.0425531914893617,0.0425531914893617,0.0425531914893617
2024-08-30 00:44:54.736841984,0.27122272367194,0.2147082315741019,-0.01065118889406,1.0195184089947091,0.3723722912698412,0.0,0.00017785556613756612,0.00019317850793650794,0.0005894671693121693,0.00011516984126984129,0.009665092058201059,0.000286735,0.0001873565714285714,0.0,0.0,0.0,0.0,0.0,0.0,0.0
2024-08-30 03:41:49.125000192,0.1649220633238997,0.2167719803712771,-0.0098543646698666,1.0194620693121694,0.3723131841798942,0.0,0.0001775192328042328,0.00019408614285714283,0.0005885914232804233,0.00011588204761904762,0.00966111425925926,0.0002859388835978836,0.0001860545978835979,0.0,0.0,0.0,0.0,0.0,0.0,0.0
2024-08-30 06:51:51.062499840,0.1495990364477961,0.2092960261008662,-0.0077984993979745,1.0194014238095237,0.37251625312169306,0.0,0.00017695713756613754,0.00019414135978835977,0.0005862507830687831,0.00011532689947089947,0.00954593182010582,0.0002868601746031746,0.00018629975661375663,0.0,0.0,0.0,0.0,0.0,0.0,0.0
2024-08-30 10:10:20.533333248,0.2197745338618233,0.1907757329410235,-0.0065461289344208,1.019337925531915,0.3714760637234043,0.16489361702127658,0.0001576485691489362,0.0001740874648648649,0.0005392126170212766,0.0001108433244680851,0.009024030308510638,0.00027282703723404257,0.00017683448936170213,0.16489361702127658,0.2127659574468085,0.16489361702127658,0.16489361702127658,0.16489361702127658,0.16489361702127658,0.16489361702127658
2024-08-30 13:15:02.473683968,0.2328251917945749,0.1858396409363562,-0.0063910156034978,1.019278778835979,0.3734586323809524,0.0,0.0001761603756613757,0.00019520443386243386,0.0005914300105820106,0.00011628778306878307,0.009635051074074074,0.0002886351587301587,0.0001884448677248677,0.0,0.0,0.0,0.0,0.0,0.0,0.0
2024-08-30 16:25:04.368421120,0.087979421236696,0.1914423078727492,-0.005798957148789,1.0192177343915345,0.37394437486772486,0.0,0.00017701013756613756,0.00019702332275132274,0.0005925614021164022,0.00011493164021164021,0.009670256634920636,0.0002897382486772487,0.0001906001587301587,0.0,0.0,0.0,0.0,0.0,0.0,0.0
2024-08-30 19:39:28.750000128,0.1543235478039264,0.1833450117991552,-0.0025406707600162,1.0191551005319148,0.3735868854301075,0.0425531914893617,0.000177433311827957,0.00019869488709677418,0.0005923311021505376,0.00011387731720430108,0.009674771698924731,0.000289494317204301,0.00018981651075268818,0.0425531914893617,0.0425531914893617,0.0425531914893617,0.0425531914893617,0.0425531914893617,0.0425531914893617,0.0425531914893617
2024-08-30 22:45:08.263158016,0.2403100122930368,0.1680407786628629,-0.0028226483989425,1.0190952328042326,0.3737804268253968,0.0,0.00017865543915343918,0.00020167292063492066,0.000594626380952381,0.00011634761904761905,0.00969005080952381,0.0002903019576719577,0.00018936377248677253,0.0,0.0,0.0,0.0,0.0,0.0,0.0
2024-08-31 01:55:10.157894400,0.1932224142848895,0.1702255502471749,-0.0021090831013062,1.0190337291005291,0.37472359656084653,0.0,0.00017943042328042333,0.0002024281957671958,0.0006019877037037037,0.00011950117989417991,0.009755877444444444,0.00029216370899470904,0.00018751123809523812,0.0,0.0,0.0,0.0,0.0,0.0,0.0
2024-08-31 05:00:12.000000000,0.0971871604717193,0.1767578209062365,-0.0007828609473783,1.018973762962963,0.3749694319047619,0.0,0.0001801672592592593,0.0002032683968253968,0.0005981581693121693,0.00011840350793650794,0.00971602633862434,0.00028898795767195773,0.00018828082010582007,0.0,0.0,0.0,0.0,0.0,0.0,0.0
2024-08-31 07:57:35.000000256,0.1583946755412739,0.1691951641300525,-0.0009513772117723,1.0189161132978724,0.37475398976744184,0.4787234042553192,0.0001667814360465116,0.00019054381547619048,0.0005618856220930233,0.00011468381976744186,0.00926489523255814,0.00028026257558139535,0.00018200847093023252,0.4787234042553192,0.5425531914893617,0.4787234042553192,0.4787234042553192,0.4787234042553192,0.4787234042553192,0.4787234042553192
2024-08-31 11:15:15.842105088,0.23334712785703,0.1581600437208189,-0.001135712553978,1.0188516664893619,0.3766351431914894,0.0,0.00018054782446808514,0.0002019462659574468,0.0005997193510638298,0.00011835605319148936,0.009637320351063829,0.0002914945425531915,0.0001867949680851064,0.0,0.0,0.0,0.0,0.0,0.0,0.0
2024-08-31 14:25:17.789473536,0.180377244800411,0.163335302193301,-0.0039306462432087,1.0187896835106383,0.37823443260638295,0.0,0.00018128273936170213,0.00020345164361702125,0.0006044294095744681,0.00011732262765957447,0.009797961026595746,0.00029379142021276596,0.0001869653031914894,0.0,0.0,0.0,0.0,0.0,0.0,0.0
2024-08-31 17:33:06.388888832,0.0722676929001409,0.1680386458475639,-0.0025586242763371,1.018728380952381,0.37942163148148145,0.0,0.0001834554814814815,0.00020515253968253966,0.0006112670476190476,0.00011743095238095237,0.009883843687830686,0.00029657761375661375,0.00018570146560846563,0.0,0.0,0.0,0.0,0.0,0.0,0.0
2024-08-31 20:48:41.666666496,0.1933240939199549,0.1557837153786531,-0.0026484968740508,1.0186643218085107,0.3785438861827958,0.0425531914893617,0.00018479096774193552,0.0002062185376344086,0.0006087392419354839,0.00011771110215053762,0.009859845849462364,0.000292880123655914,0.0001868862688172043,0.0425531914893617,0.0425531914893617,0.0425531914893617,0.0425531914893617,0.0425531914893617,0.0425531914893617,0.0425531914893617
2024-08-31 23:50:23.500000000,0.2345185550155974,0.1567766928821907,0.0004512576921964,1.0186045813829787,0.378375662712766,0.0,0.0001847194734042553,0.00020628155851063832,0.0006103070106382979,0.00011969276063829788,0.009880576840425533,0.00029241127127659577,0.0001850508244680851,0.0,0.0,0.0,0.0,0.0,0.0,0.0
2024-09-01 02:55:25.421052672,0.1214599957714313,0.1630157014574907,-0.0011312766619943,1.0185437313829788,0.3788476581914894,0.0,0.00018372199468085108,0.00020487393085106382,0.0006117285691489361,0.00011848831914893617,0.009909907425531914,0.0002925146382978723,0.00018445205319148931,0.0,0.0,0.0,0.0,0.0,0.0,0.0
2024-09-01 06:05:27.263158016,0.0893686264745383,0.162623715162353,-0.0016293440682117,1.0184810760638299,0.37967767542553194,0.0,0.00018255776595744677,0.00020414995212765955,0.0006091410638297873,0.00011723168617021277,0.009871628409574468,0.000291958,0.0001834975,0.0,0.0,0.0,0.0,0.0,0.0,0.0
2024-09-01 09:13:43.235293952,0.1552577813789639,0.1474057458738596,-0.0030996585708033,1.0184189436170212,0.3800024580981594,0.6542553191489362,0.0001706936134969325,0.00019057454110429445,0.0005784980613496933,0.00011416934969325154,0.00943621427607362,0.000285303490797546,0.00018069139506172836,0.6542553191489362,0.6542553191489362,0.6542553191489362,0.6542553191489362,0.6542553191489362,0.6542553191489362,0.6702127659574468
2024-09-01 12:25:31.157894656,0.2154670153093434,0.1379479288831143,-0.004797901643512,1.0183553510638297,0.38200189973404247,0.0,0.00018267023404255317,0.00020327606914893623,0.0006140684574468086,0.0001187321329787234,0.009930297218085107,0.000295813835106383,0.00018758237234042552,0.0,0.0,0.0,0.0,0.0,0.0,0.0
2024-09-01 15:35:33.052631552,0.080995916197196,0.1427493626075164,-0.0074315897604092,1.0182922867021278,0.3827148579787234,0.0,0.00018259896276595744,0.00020679507978723402,0.0006266085478723404,0.00012003844148936169,0.010055662420212766,0.00029877654787234043,0.00018795936702127662,0.0,0.0,0.0,0.0,0.0,0.0,0.0
2024-09-01 18:46:21.153846272,0.2061311218308787,0.1382949198603,-0.005728155844042,1.0182287558510636,0.382861095,0.0425531914893617,0.00018191374193548388,0.0002066073870967742,0.0006213073655913978,0.00012031506989247312,0.010055265639784946,0.0002977876612903226,0.0001872778064516129,0.0425531914893617,0.0425531914893617,0.0425531914893617,0.0425531914893617,0.0425531914893617,0.0425531914893617,0.0425531914893617
2024-09-01 21:45:36.842105088,0.1782942719506195,0.1189645671455843,-0.0071394759249704,1.0181690712765956,0.38332684188172045,0.0425531914893617,0.0001803494139784946,0.00020503065591397847,0.0006202615591397849,0.000122375811827957,0.010065907155913979,0.0002991768602150538,0.00018711711290322582,0.0425531914893617,0.0425531914893617,0.0425531914893617,0.0425531914893617,0.0425531914893617,0.0425531914893617,0.0425531914893617
2024-09-02 00:55:38.736842240,0.1532988537044843,0.1144765974153494,-0.0088846466217963,1.0181056159574469,0.3836357538297873,0.0,0.00018119126595744683,0.00020425429255319146,0.000620531,0.00012164632446808512,0.010087441037234043,0.00029921372872340426,0.0001866323670212766,0.0,0.0,0.0,0.0,0.0,0.0,0.0
2024-09-02 04:05:40.684210688,0.035513527106616,0.118537700851767,-0.0089376002162466,1.0180420159574468,0.38438169675531914,0.0,0.0001818329414893617,0.00020598617553191487,0.0006248972978723404,0.00012186965425531917,0.010123414521276596,0.000301482,0.000188721829787234,0.0,0.0,0.0,0.0,0.0,0.0,0.0
2024-09-02 07:00:42.500000000,0.0574256239207215,0.1106598117119906,-0.0096909755242082,1.0179833138297871,0.38525639723404254,0.0,0.00018212906382978727,0.0002068271010638298,0.0006260743085106383,0.00012148474999999999,0.010025225234042553,0.00030218254255319146,0.00018733320744680851,0.0,0.0,0.0,0.0,0.0,0.0,0.0
2024-09-02 10:27:24.555555840,0.1346863313173685,0.0926631423054642,-0.0099176050129086,1.017913729787234,0.3859543694968553,0.675531914893617,0.00017746095597484274,0.00020068087974683545,0.0006121707610062893,0.00011904635220125786,0.009853725094339624,0.000300065572327044,0.00018647014465408805,0.675531914893617,0.6914893617021277,0.675531914893617,0.675531914893617,0.675531914893617,0.675531914893617,0.675531914893617
2024-09-02 13:30:46.444444672,0.1354163382061415,0.0909377717254598,-0.0114904228406439,1.0178520824468085,0.38788439202127667,0.0,0.00018232457978723408,0.0002059710585106383,0.0006353384414893617,0.0001242851329787234,0.010186847563829787,0.00030814251595744676,0.0001938504095744681,0.0,0.0,0.0,0.0,0.0,0.0,0.0
2024-09-02 16:35:48.368420864,-0.0167760302757074,0.0837646336809405,-0.0063365284236223,1.0177894624338626,0.3878560712169312,0.0,0.00018152819047619049,0.0002060309312169312,0.0006257733968253968,0.00012073540211640212,0.010178135603174602,0.0003023378571428571,0.00018926632275132277,0.0,0.0,0.0,0.0,0.0,0.0,0.0
2024-09-02 19:44:30.199999744,0.0631163892783774,0.0735749345824256,-0.003951425303723,1.017725699468085,0.388558300376344,0.0425531914893617,0.00018166808602150539,0.00020434324193548386,0.0006290766451612904,0.00012186974731182797,0.010225381720430108,0.0003056391720430107,0.0001884981559139785,0.0425531914893617,0.0425531914893617,0.0425531914893617,0.0425531914893617,0.0425531914893617,0.0425531914893617,0.0425531914893617
2024-09-02 22:55:52.157894912,0.1421629711479681,0.0585994277521159,-0.0046749340079944,1.017660775132275,0.38830091724867727,0.0,0.0001829319947089947,0.00020918594708994707,0.0006323319523809524,0.00012162653439153438,0.010241456661375662,0.00030485528042328044,0.00018841637566137568,0.0,0.0,0.0,0.0,0.0,0.0,0.0
2024-09-03 02:05:54.157894912,0.0528452225618707,0.062522888141359,-0.0046424438872831,1.0175961740740742,0.3883904837037037,0.0,0.00018421813756613756,0.00020961075661375664,0.0006322289206349206,0.0001202356455026455,0.010251433804232806,0.00030325551322751327,0.00018732084656084656,0.0,0.0,0.0,0.0,0.0,0.0,0.0
2024-09-03 05:15:56.052631296,-0.0184896869754993,0.0665352364016309,-0.0032869563629263,1.0175314962962962,0.3886092630851063,0.047619047619047616,0.0001849490744680851,0.00021041853723404258,0.000631700005319149,0.00012036546808510639,0.01022455434574468,0.00030301996276595747,0.00018730276063829785,0.047619047619047616,0.047619047619047616,0.047619047619047616,0.047619047619047616,0.047619047619047616,0.047619047619047616,0.047619047619047616
2024-09-03 08:17:30.153846016,0.0585660986571383,0.0550931562930171,-0.0033227696297796,1.0174695952127661,0.3879505496460178,1.75,0.00017175359292035398,0.00019634227678571431,0.000590055185840708,0.00011641471681415929,0.009657911619469025,0.0002917546548672567,0.0001833592123893805,1.75,1.7659574468085106,1.75,1.75,1.75,1.75,1.75
2024-09-03 11:30:59.888889088,0.1128803272521281,0.0418839623327121,-0.0032464826189728,1.0174034666666667,0.389767155978836,0.0,0.00018540127513227514,0.00021001874603174603,0.0006302995238095239,0.00011878286243386242,0.010150155571428572,0.00030285650793650796,0.0001880474761904762,0.0,0.0,0.0,0.0,0.0,0.0,0.0
2024-09-03 14:36:01.736842240,0.0458281836699256,0.0464253446154823,-0.005490175398387,1.0173401111111111,0.39102907846560847,0.0,0.00018581169312169312,0.00021055340740740739,0.000637453238095238,0.00012169566666666665,0.010298827407407406,0.0003063623915343915,0.0001912695873015873,0.0,0.0,0.0,0.0,0.0,0.0,0.0
2024-09-03 17:39:35.411764736,-0.0413827350895417,0.0484810087324507,-0.0034169590151938,1.0172771515957448,0.3918956040425532,0.0,0.0001871208563829787,0.00021323540425531912,0.000644917255319149,0.00012245105851063827,0.010370156021276595,0.00030909827659574463,0.00019340937765957453,0.0,0.0,0.0,0.0,0.0,0.0,0.0
2024-09-03 20:58:52.333333504,0.0865185121667764,0.0338032157843643,-0.0030158729632653,1.017208556084656,0.3921474459893048,0.042328042328042326,0.00018775202139037435,0.00021946736363636366,0.0006468947379679144,0.00012274313368983958,0.01040808362566845,0.0003089959304812834,0.00019174365775401073,0.042328042328042326,0.042328042328042326,0.042328042328042326,0.042328042328042326,0.042328042328042326,0.042328042328042326,0.042328042328042326
2024-09-04 00:06:07.526315776,0.1095861513042564,0.0289876798154077,-0.0037195307515677,1.017144178835979,0.39211933306878305,0.0,0.0001890716031746032,0.00022004605820105823,0.0006493057619047619,0.0001231854867724868,0.010432626455026454,0.0003081460211640211,0.00019231174603174603,0.0,0.0,0.0,0.0,0.0,0.0,0.0
2024-09-04 03:16:09.473684224,-0.0140607100946112,0.0373288176025513,-0.0035359978992852,1.0170786343915343,0.39288501264550263,0.0,0.00019059814814814815,0.00022290582010582014,0.0006588514021164021,0.00012301088359788358,0.010498717518518521,0.00031129219576719576,0.0001956756243386243,0.0,0.0,0.0,0.0,0.0,0.0,0.0
2024-09-04 06:21:11.444444416,-0.0363031832778233,0.0367725265714223,-0.0022574596944414,1.0170146497354495,0.39410524407407405,0.0,0.0001914793439153439,0.00022444077777777777,0.0006627640634920634,0.00012423605820105818,0.010471369126984128,0.0003133004497354497,0.00019714807407407412,0.0,0.0,0.0,0.0,0.0,0.0,0.0
2024-09-04 09:23:33.266667008,0.0422619394003049,0.0267949553834883,-0.0010972901549341,1.0169514026595745,0.39386666135135134,0.9680851063829787,0.00018184872972972974,0.00021719700000000003,0.0006257395405405405,0.00011818456756756756,0.010007699743243241,0.00030215399324324323,0.00019074514864864865,0.9680851063829787,1.0,0.9680851063829787,0.9680851063829787,0.9680851063829787,0.9680851063829787,0.9680851063829787
2024-09-04 12:36:15.210526208,0.0898400227989668,0.0235026847967237,-0.0011487469573735,1.0168843989361702,0.39638740111702125,0.0,0.00019252316489361704,0.00022569990957446812,0.0006647706542553192,0.00012363679255319147,0.010549586510638297,0.0003121497234042553,0.0001978211329787234,0.0,0.0,0.0,0.0,0.0,0.0,0.0
2024-09-04 15:46:17.157894656,-0.0486483371771555,0.0319846370231595,-0.0021482974236342,1.0168183021276596,0.3964294026063829,0.0,0.00019123113297872342,0.00022370252127659575,0.0006565275638297872,0.00012333165957446808,0.010549467223404253,0.0003096572553191489,0.0001965499414893617,0.0,0.0,0.0,0.0,0.0,0.0,0.0
2024-09-04 18:58:49.000000000,-0.009756745034565,0.0305732950653892,0.0011421185332939,1.0167512047619047,0.3976653027058824,0.4021164021164021,0.00019218050000000003,0.0002235063,0.0006666478352941176,0.00012487368823529412,0.010627668994117647,0.0003148824882352941,0.00019775259999999997,0.4021164021164021,0.4021164021164021,0.4021164021164021,0.4021164021164021,0.4021164021164021,0.4021164021164021,0.4021164021164021
2024-09-04 22:06:21.000000256,0.0899451042573673,0.0165969775379853,0.0007960436100399,1.0166857319148936,0.3980388607228916,0.46808510638297873,0.00019351012048192772,0.0002266942048192771,0.0006683292108433733,0.00012536418674698795,0.0106866101686747,0.00031176048192771086,0.0001972935421686747,0.46808510638297873,0.46808510638297873,0.46808510638297873,0.46808510638297873,0.46808510638297873,0.46808510638297873,0.46808510638297873
2024-09-05 01:11:22.888889088,0.0513343152524612,0.0202412257469247,0.0001680294401142,1.0166209436170213,0.3981882202127659,0.0,0.00019310254255319146,0.00022751147340425526,0.0006624143457446808,0.00012310977127659575,0.010660998409574468,0.0003096803031914894,0.00019663159574468084,0.0,0.0,0.0,0.0,0.0,0.0,0.0
2024-09-05 04:16:24.736842240,-0.0168280981910129,0.0303525812404621,0.0004625811498625,1.0165560925531913,0.3990211993617021,0.0,0.0001938074095744681,0.0002259686595744681,0.0006683917287234042,0.00012635247340425532,0.010708784813829787,0.000313507414893617,0.00019992349468085107,0.0,0.0,0.0,0.0,0.0,0.0,0.0
2024-09-05 07:21:59.944444672,0.0030286660419847,0.0266905806679373,-0.000256179226945,1.0164909576719576,0.39900404999999994,0.31216931216931215,0.00018853014689265536,0.00022030691999999998,0.0006548089209039548,0.0001240736723163842,0.010485651293785309,0.00030994505649717516,0.00019810873446327685,0.31216931216931215,0.3439153439153439,0.31216931216931215,0.31216931216931215,0.31216931216931215,0.31216931216931215,0.31216931216931215
2024-09-05 10:37:35.333333248,0.0688826438541241,0.0160098601427132,-0.0003229564426818,1.016422184574468,0.3997983710365854,0.5691489361702128,0.0001886653475609756,0.00021759703680981595,0.0006465124451219513,0.0001219790548780488,0.010403870628048782,0.00030772114024390243,0.00019483135975609757,0.5691489361702128,0.5851063829787234,0.5691489361702128,0.5691489361702128,0.5691489361702128,0.5691489361702128,0.5691489361702128
2024-09-05 13:46:30.526315520,0.0681710667157631,0.0196950634196556,-0.0033620262754114,1.016355570212766,0.4001858332446808,0.0,0.00019342092553191492,0.0002215834255319149,0.0006655836063829786,0.00012445818617021277,0.01071173364893617,0.00031373464893617024,0.0001985266329787234,0.0,0.0,0.0,0.0,0.0,0.0,0.0
2024-09-05 16:39:12.333333760,-0.0721059765519953,0.0262885953425342,-0.0026399274837649,1.0162944888297871,0.40021844308510635,0.0,0.00019375745212765955,0.0002201886755319149,0.0006637085053191489,0.0001237378085106383,0.010711111414893618,0.00031158140425531917,0.0001963520744680851,0.0,0.0,0.0,0.0,0.0,0.0,0.0
2024-09-05 19:51:01.000000000,0.0333145166216013,0.0185501285510991,-0.0014095197576061,1.0162267634920634,0.40083931310160437,0.042328042328042326,0.00019254517647058822,0.0002181775187165775,0.0006686914438502675,0.00012523162032085564,0.010773326978609625,0.00031495206417112297,0.00019832400534759356,0.042328042328042326,0.042328042328042326,0.042328042328042326,0.042328042328042326,0.042328042328042326,0.042328042328042326,0.042328042328042326
2024-09-05 23:06:36.263158016,0.0951444381381634,0.0266934902991544,0.0044222200416576,1.0161574872340426,0.4004858619680851,0.0,0.00019170150000000002,0.0002187581063829787,0.0006643024574468085,0.00012332456914893616,0.010768837835106383,0.00031292150000000003,0.00019483127127659574,0.0,0.0,0.0,0.0,0.0,0.0,0.0
2024-09-06 02:16:38.157894400,-0.0053440680425183,0.0324413678912903,0.0037769112604182,1.0160900271276596,0.4012288759042553,0.0,0.00019268206914893618,0.00021973879787234044,0.0006718506755319148,0.00012554558510638296,0.010846038845744681,0.00031609337234042557,0.00019642675531914898,0.0,0.0,0.0,0.0,0.0,0.0,0.0
2024-09-06 05:24:00.133333760,-0.0490093440289456,0.0372440762253282,0.0037343075571983,1.0160233587301588,0.4012080237037036,0.0,0.0001927863968253968,0.00021941484656084657,0.0006692428730158729,0.00012572956084656086,0.010807434608465609,0.0003143232116402117,0.00019483433333333333,0.0,0.0,0.0,0.0,0.0,0.0,0.0
2024-09-06 08:25:41.399999744,-0.0007406945769048,0.0283409010302937,0.0021785587328118,1.015958710638298,0.4004375714184397,1.1117021276595744,0.00018231836170212767,0.00020845787857142858,0.0006385000425531914,0.00012147089361702127,0.01034924095035461,0.0003058181914893617,0.00019179721985815602,1.1117021276595744,1.127659574468085,1.1117021276595744,1.1117021276595744,1.1117021276595744,1.1117021276595744,1.1117021276595744
2024-09-06 11:51:43.624999936,0.0759591699628572,0.0198662305875202,0.0013915689491567,1.0158852122340425,0.40123249388297877,0.0,0.00019126693085106379,0.0002150425265957447,0.0006669509787234042,0.00012323361170212763,0.010739611079787235,0.0003128115159574468,0.0001956114255319149,0.0,0.0,0.0,0.0,0.0,0.0,0.0
2024-09-06 14:51:45.888888832,-0.0106549640312891,0.0270064839453862,-0.0021177658360089,1.0158208617021276,0.40200145749999994,0.0,0.00019161987234042556,0.00021582507446808516,0.0006723481808510637,0.0001249523989361702,0.010840108563829788,0.00031676244680851066,0.00019905281382978724,0.0,0.0,0.0,0.0,0.0,0.0,0.0
2024-09-06 17:49:08.764706048,0.1571980179771799,0.0297640119932881,-0.000485394338607,1.0157573328042326,0.40261719063492063,0.0,0.0001938812592592593,0.00021618220105820105,0.000684620216931217,0.0001265902328042328,0.010942825095238097,0.00032071249735449734,0.00020061349735449733,0.0,0.0,0.0,0.0,0.0,0.0,0.0
2024-09-06 21:12:27.125000192,0.0578943105067537,0.0169574059559286,-0.00130390934427,1.0156843595744682,0.4010626619354838,0.0425531914893617,0.00019225346236559143,0.00021610710752688168,0.0006694829569892473,0.00012530167741935485,0.010814670209677418,0.0003149357365591398,0.0001985331129032258,0.0425531914893617,0.0425531914893617,0.0425531914893617,0.0425531914893617,0.0425531914893617,0.0425531914893617,0.0425531914893617
2024-09-07 00:16:51.473684480,0.0654638743844771,0.0150609250636692,-0.0037096492979845,1.015618101058201,0.4012410292063492,0.0,0.00019025427513227514,0.0002148745925925926,0.000664188873015873,0.0001241777142857143,0.010801711121693123,0.00031425819576719573,0.0001972313068783069,0.0,0.0,0.0,0.0,0.0,0.0,0.0
2024-09-07 03:26:53.315789568,-0.0468586336813245,0.0255027993711197,-0.0038110081014068,1.0155497507936508,0.40109873195767193,0.0,0.00018979220105820108,0.0002153918306878307,0.0006626018941798942,0.00012302399470899472,0.010788078206349208,0.00031474933333333334,0.00019757737566137567,0.0,0.0,0.0,0.0,0.0,0.0,0.0
2024-09-07 06:26:55.058823424,-0.0419996490402923,0.0270043819451276,-0.005042007994548,1.0154848936507936,0.40094768883597887,0.0,0.00018963878306878308,0.00021313242857142858,0.0006655955555555554,0.00012307145502645503,0.010728010761904761,0.00031713011640211635,0.00019620512698412699,0.0,0.0,0.0,0.0,0.0,0.0,0.0
2024-09-07 09:37:39.928571392,0.0207173171002637,0.0186837836538591,-0.005111208118111,1.0154161361702125,0.4004290246376812,1.175531914893617,0.0001796068768115942,0.00020079926277372264,0.0006361461666666667,0.00011978307971014493,0.010326784210144928,0.00030921433333333336,0.00019178900000000002,1.175531914893617,1.1914893617021276,1.175531914893617,1.175531914893617,1.175531914893617,1.175531914893617,1.175531914893617
2024-09-07 12:51:58.999999744,0.0691623812443253,0.0181922165176615,-0.0074175045825634,1.0153458285714285,0.40099384544973543,0.0,0.00018873704761904764,0.00020960483068783068,0.0006674210846560846,0.00012290483597883597,0.01080527806349206,0.00031647695238095236,0.00019761250264550264,0.0,0.0,0.0,0.0,0.0,0.0,0.0
2024-09-07 15:57:00.894736896,-0.0713414403475098,0.0100016527023591,-0.0009987603991559,1.0152788502645502,0.4001921923280424,0.0,0.00018907685185185188,0.00020876532804232803,0.0006624545291005292,0.00012218434920634917,0.01078362191005291,0.00031473768253968253,0.0001966999523809524,0.0,0.0,0.0,0.0,0.0,0.0,0.0
2024-09-07 18:49:21.076922880,-0.0299983196418907,0.0077970926391974,0.0014773322740886,1.0152163015957445,0.3996097998924731,0.0425531914893617,0.00018828972580645163,0.0002070578924731183,0.0006587629784946238,0.0001227514516129032,0.0107713151827957,0.0003149974731182796,0.0001997048440860215,0.0425531914893617,0.0425531914893617,0.0425531914893617,0.0425531914893617,0.0425531914893617,0.0425531914893617,0.0425531914893617
2024-09-07 22:27:04.823529472,0.086735021967911,-0.0043900322083433,0.0003733346069482,1.0151373190476192,0.39808447629629623,0.0,0.00018736485714285716,0.00020422276190476188,0.0006546249153439154,0.00012237611111111114,0.010736871396825397,0.0003125399841269842,0.00019772261904761905,0.0,0.0,0.0,0.0,0.0,0.0,0.0
2024-09-08 01:27:06.684210432,0.0187798788851978,0.0013029808244394,-0.0002202741985006,1.0150718592592594,0.39775514375661375,0.0,0.0001869888095238095,0.00020727478835978833,0.000655364396825397,0.00012357909523809523,0.01075145649206349,0.00031327398941798947,0.00019551374074074071,0.0,0.0,0.0,0.0,0.0,0.0,0.0
2024-09-08 04:32:08.555555584,-0.0322086078236338,0.0102083322067344,0.000503259975002,1.015004473015873,0.39718888238095235,0.0,0.0001870512222222222,0.00020810773015873013,0.0006559557883597883,0.0001239532433862434,0.01073000608994709,0.0003108991164021164,0.00019498565608465606,0.0,0.0,0.0,0.0,0.0,0.0,0.0
2024-09-08 07:27:10.411764736,-0.017045336801857,0.0079695003570481,0.00029440238896,1.0149406412698414,0.396276168253012,0.5396825396825397,0.00018235786746987953,0.00020338164848484849,0.0006370319277108434,0.00012070338554216868,0.010452635957831325,0.0003055592409638554,0.00019351237349397589,0.5396825396825397,0.5555555555555556,0.5396825396825397,0.5396825396825397,0.5396825396825397,0.5396825396825397,0.5396825396825397
2024-09-08 10:53:27.500000000,0.0507206883782487,-0.0003220512082599,0.0011118003529192,1.0148652138297873,0.3960119026704545,0.30851063829787234,0.00018398462500000002,0.00020224086363636364,0.0006375102727272728,0.0001199010625,0.01041433691477273,0.0003066599488636364,0.0001910756193181818,0.30851063829787234,0.30851063829787234,0.30851063829787234,0.30851063829787234,0.30851063829787234,0.30851063829787234,0.30851063829787234
2024-09-08 13:57:14.368421120,0.0292350296856511,0.006621481904727,-0.0009852132514613,1.0147979005319148,0.395706664680851,0.0,0.00018795817021276598,0.00020597490957446806,0.0006520586914893617,0.00012269959574468084,0.010615790632978721,0.00031081697872340424,0.00019394159574468087,0.0,0.0,0.0,0.0,0.0,0.0,0.0
2024-09-08 16:59:37.352941312,-0.0929687486335524,0.0146047262702276,-0.0001795229195766,1.0147312319148936,0.3967631706382979,0.0,0.0001901823723404255,0.00020887153723404253,0.0006695819202127659,0.0001242352659574468,0.01074348419680851,0.0003150385,0.00019274527127659572,0.0,0.0,0.0,0.0,0.0,0.0,0.0
2024-09-08 20:19:31.500000000,0.0271505357448518,0.0058121926277163,0.0012044123548959,1.014657865957447,0.3951813890860216,0.0425531914893617,0.00018940647311827956,0.00021201345161290323,0.0006592440967741936,0.00012478501612903228,0.010674864231182796,0.0003099191129032258,0.0001899546397849462,0.0425531914893617,0.0425531914893617,0.0425531914893617,0.0425531914893617,0.0425531914893617,0.0425531914893617,0.0425531914893617
2024-09-08 23:22:20.111111168,0.0737699189295426,-0.0013274080257369,-0.0009291531924782,1.0145906382978722,0.39337294606382983,0.0,0.00018653668617021278,0.0002096037074468085,0.0006536647127659576,0.0001240007234042553,0.010587602191489362,0.000308410914893617,0.00018951251595744677,0.0,0.0,0.0,0.0,0.0,0.0,0.0
2024-09-09 02:27:21.947368704,-0.0083874969456587,0.0059911679185627,1.5793695146829913e-06,1.014522584574468,0.3918863445212765,0.0,0.00018319505319148936,0.00020544134574468085,0.0006446870478723403,0.0001223434680851064,0.010531651180851065,0.0003037367393617021,0.00018850205319148933,0.0,0.0,0.0,0.0,0.0,0.0,0.0
2024-09-09 05:37:23.894736640,-0.0386277891046802,0.011709793697745,0.0008069543662771,1.0144526074468085,0.39184253265957447,0.0,0.00018277382446808512,0.00020581663297872344,0.0006520434468085105,0.00012504910638297872,0.010536260425531914,0.0003059024361702128,0.00019095748404255317,0.0,0.0,0.0,0.0,0.0,0.0,0.0
2024-09-09 08:43:03.249999872,0.0189244901213214,0.0062375143732013,0.0012481842757943,1.0143842005291004,0.3906350579104478,1.2751322751322751,0.00017404310447761192,0.0002005426842105263,0.0006164161268656716,0.00012001595522388062,0.01004684,0.000297014395522388,0.00018319654135338345,1.2751322751322751,1.291005291005291,1.2751322751322751,1.2751322751322751,1.2751322751322751,1.2751322751322751,1.291005291005291
2024-09-09 11:57:27.736842240,0.0737838571096176,0.0025129187001548,0.0012946086525208,1.0143123835106382,0.3908604093617022,0.0,0.00018736613829787232,0.0002136450212765957,0.0006520642180851064,0.00012204793085106384,0.01046149420212766,0.0003035019574468085,0.00018453104787234044,0.0,0.0,0.0,0.0,0.0,0.0,0.0
2024-09-09 15:07:29.684210432,-0.0275679153847363,0.0024559176781185,-0.0055499394521881,1.0142421351063828,0.389630033190184,0.5319148936170213,0.00018582439869281047,0.00021195309150326796,0.0006448856993464052,0.00012183128104575163,0.010439441941176469,0.00030100967973856207,0.00018364785620915032,0.7446808510638298,0.7446808510638298,0.7446808510638298,0.7446808510638298,0.7446808510638298,0.7446808510638298,0.7446808510638298
2024-09-09 18:15:45.764706048,-0.0740349296096951,0.0050548276170904,-0.0026722196164334,1.0141725430851063,0.38872532532894744,0.7659574468085106,0.0001875371693548387,0.0002125074112903226,0.000640671387096774,0.00012090266129032258,0.010395012620967741,0.0003008110967741936,0.00018520654032258067,1.3617021276595744,1.3617021276595744,1.3617021276595744,1.3617021276595744,1.3617021276595744,1.3617021276595744,1.3617021276595744
2024-09-09 21:27:33.600000512,0.0629328794522621,-0.0066173670021105,-0.0027663679309158,1.0141013829787235,0.3865707550537635,0.0425531914893617,0.0001860535483870968,0.00020956131720430103,0.0006337125752688172,0.00012015487096774195,0.010326371838709677,0.00029872651075268816,0.00018140370967741935,0.0425531914893617,0.0425531914893617,0.0425531914893617,0.0425531914893617,0.0425531914893617,0.0425531914893617,0.0425531914893617
2024-09-10 00:27:35.368420864,0.0572967983275134,-0.0067125935558115,-0.002933617164184,1.014034595744681,0.3866743202127659,0.0,0.00018667479787234044,0.000211269170212766,0.000648342095744681,0.00012216233510638298,0.01041968200531915,0.00030684042021276596,0.0001853048563829787,0.0,0.0,0.0,0.0,0.0,0.0,0.0
2024-09-10 03:37:37.368420864,-0.0204189428408199,0.0015918799327104,-0.0016542139225937,1.0139640175531917,0.38455827664893616,0.0,0.00018670540425531914,0.0002087482074468085,0.0006334276170212766,0.00011856537765957444,0.01028499775531915,0.0002987938510638298,0.00018229467553191494,0.0,0.0,0.0,0.0,0.0,0.0,0.0
2024-09-10 06:37:39.176470528,-0.0191847140639538,0.000413121202209,-0.000921352650765,1.013897075531915,0.38377745803191493,0.0,0.00018390030319148933,0.00020522063829787234,0.0006254666861702127,0.00011924521276595744,0.010127085223404254,0.0002964190425531915,0.0001805808670212766,0.0,0.0,0.0,0.0,0.0,0.0,0.0
2024-09-10 09:53:34.058823424,-0.0937097619200244,-0.0075427969412483,0.0009097349954252,1.013824095744681,0.381808248,1.3351063829787233,0.00017353243076923073,0.00019264338461538462,0.0005925141384615386,0.00011532211538461537,0.009762473846153847,0.00028747719999999997,0.00017507982307692307,1.3351063829787233,1.3351063829787233,1.3351063829787233,1.3351063829787233,1.3351063829787233,1.3351063829787233,1.3351063829787233
2024-09-10 13:08:49.833333504,0.0609363649514875,-0.007742778030923,-0.0006063367889701,1.013751224867725,0.38148419037037035,0.0,0.0001798344603174603,0.00020009999999999998,0.0006124564126984127,0.00011544478835978835,0.010055262211640211,0.00029144640211640213,0.00017767200529100527,0.0,0.0,0.0,0.0,0.0,0.0,0.0
2024-09-10 16:12:44.999999744,-0.0779686111200703,-0.0001701087961604,-0.002096060801127,1.0136827484042554,0.381067772712766,0.0,0.00018010592021276592,0.00019915826063829787,0.000612235664893617,0.00011689313829787235,0.010060821505319149,0.0002915412872340425,0.0001803945904255319,0.0,0.0,0.0,0.0,0.0,0.0,0.0
2024-09-10 19:11:20.999999744,-0.009625442143772,-0.00598873385561,-8.240095171814076e-05,1.013615884042553,0.3805810322872341,0.0,0.00017985502127659578,0.00019724799468085106,0.0006128108031914893,0.00011769595744680853,0.010066881382978723,0.0002931945904255319,0.00018082716489361704,0.0,0.0,0.0,0.0,0.0,0.0,0.0
2024-09-10 22:27:48.842105344,0.0693303662461062,-0.0184975289097949,-0.00092291796186,1.0135424063492062,0.37982647561497324,0.042328042328042326,0.0001796452727272727,0.00019619249197860963,0.0006156520748663103,0.00011883773262032086,0.01007321764171123,0.00029586980748663104,0.00018502897860962566,0.042328042328042326,0.042328042328042326,0.042328042328042326,0.042328042328042326,0.042328042328042326,0.042328042328042326,0.042328042328042326
2024-09-11 01:37:50.736841984,0.0036006266248023,-0.0155788929855239,0.0001906821534686,1.0134713232804233,0.3788063321693121,0.0,0.00018035745502645504,0.00020025815343915342,0.0006214064285714286,0.00011945861904761907,0.010090076904761904,0.00029751177777777776,0.00018236742857142857,0.0,0.0,0.0,0.0,0.0,0.0,0.0
2024-09-11 04:46:00.125000192,-0.0296430787553276,-0.0108730848337647,0.0019498984271918,1.013400878835979,0.3774176309523809,0.0,0.00017983565608465607,0.00020048751851851855,0.0006092816666666667,0.00011781261904761906,0.009972280798941798,0.00029278490476190475,0.00018245374603174605,0.0,0.0,0.0,0.0,0.0,0.0,0.0
2024-09-11 07:43:17.461538560,-0.0301676695505079,-0.0073145255465804,-0.0024419102416048,1.013334305851064,0.37697905827586203,0.9680851063829787,0.00017501502068965517,0.00019528345833333332,0.0005959855724137931,0.00011795596551724137,0.009734042579310346,0.0002912259379310345,0.00018215375862068965,0.9680851063829787,0.9840425531914894,0.9680851063829787,0.9680851063829787,0.9680851063829787,0.9680851063829787,0.9680851063829787
2024-09-11 11:02:56.444444416,0.0244097704422188,-0.0173996398188871,-0.0018890384655885,1.0132594137566138,0.37663506913043476,0.15873015873015872,0.0001765091739130435,0.00019387777717391308,0.0005942120706521739,0.00011743727173913042,0.009703904130434782,0.00029047616847826087,0.0001815171902173913,0.15873015873015872,0.15873015873015872,0.15873015873015872,0.15873015873015872,0.15873015873015872,0.15873015873015872,0.15873015873015872
2024-09-11 14:07:58.263157760,-0.0127092463205826,-0.0132528280202432,-0.0044381885019685,1.0131899,0.37637943253968253,0.0,0.00017877231746031748,0.00019792279365079366,0.0006080340317460317,0.00012041007407407406,0.009887152634920637,0.00029490467724867724,0.0001834797513227513,0.0,0.0,0.0,0.0,0.0,0.0,0.0
2024-09-11 17:09:10.764706048,-0.1053175373768908,-0.0078079673022994,-0.0018455777745303,1.0131218301587301,0.37561733460317465,0.0,0.0001789369365079365,0.0001984748253968254,0.0006091398888888889,0.00012072350793650793,0.009878913317460316,0.0002950691851851852,0.00018332471428571427,0.0,0.0,0.0,0.0,0.0,0.0,0.0
2024-09-11 20:31:47.187500032,0.0175233241747037,-0.0173713237372837,-0.0004342781360661,1.013045604255319,0.3743377887837838,0.851063829787234,0.00017863518243243243,0.0001975125,0.0006068830810810811,0.00012093525675675675,0.009868620027027026,0.0002926590405405405,0.00018369531756756756,0.851063829787234,0.851063829787234,0.851063829787234,0.851063829787234,0.851063829787234,0.851063829787234,0.851063829787234
2024-09-11 23:38:04.052631296,0.0419907919089155,-0.0209424852047976,-0.000466779453423,1.0129753365079364,0.37339040788359784,0.0,0.0001790825079365079,0.00019719239682539682,0.0006096727671957672,0.00012210293650793648,0.009866369084656086,0.0002946518148148148,0.0001868734074074074,0.0,0.0,0.0,0.0,0.0,0.0,0.0
2024-09-12 02:48:06.052631296,-0.0474484911866284,-0.0120904493441134,0.0027054792332608,1.0129036925925925,0.3723333323280423,0.0,0.0001782338888888889,0.00019863,0.0006044286825396826,0.00012033213756613757,0.009809545735449737,0.0002911945132275132,0.00018321793650793653,0.0,0.0,0.0,0.0,0.0,0.0,0.0
2024-09-12 05:53:07.888889088,-0.0701701205885001,-0.0036202230076058,0.0050443462198788,1.0128338788359788,0.3716001308994709,0.0,0.0001780702962962963,0.00019593780952380954,0.0006002606931216931,0.00011988536507936508,0.009730031857142859,0.0002901078941798942,0.00018395173544973547,0.0,0.0,0.0,0.0,0.0,0.0,0.0
2024-09-12 08:52:51.823529216,-0.0240600577376994,-0.0022914781306439,0.0076159506992785,1.0127659026455027,0.3706480340625,1.3968253968253967,0.000169180953125,0.00018595074803149606,0.000568684875,0.0001159116953125,0.009298960828125001,0.00028246521874999997,0.0001827055078125,1.3968253968253967,1.4126984126984128,1.3968253968253967,1.3968253968253967,1.3968253968253967,1.3968253968253967,1.3968253968253967
2024-09-12 12:27:52.399999744,0.0611577471894975,0.0006404357561328,0.0081283589229015,1.0126846444444444,0.3696808940740741,0.0,0.00017571498941798943,0.00019320812698412696,0.0005922046878306878,0.00011624574603174602,0.009630106925925926,0.0002865608042328042,0.0001838817724867725,0.0,0.0,0.0,0.0,0.0,0.0,0.0
2024-09-12 15:18:13.631578880,-0.0549932674086903,0.0145757100598084,0.0065321926864036,1.0126201579787233,0.36894002042553187,0.0,0.00017551821276595744,0.00019651098404255317,0.0005898827819148935,0.00011747453191489362,0.009621083728723404,0.00028554902127659573,0.00018443755319148936,0.0,0.0,0.0,0.0,0.0,0.0,0.0
2024-09-12 18:25:19.117647104,-0.0428244724528781,0.0197847439595455,0.0089751796516407,1.012549385106383,0.3686132827659574,0.0,0.00017564977127659576,0.00019599484574468087,0.0005936357127659575,0.00011895101063829788,0.009641710659574467,0.0002859731808510638,0.00018440040425531914,0.0,0.0,0.0,0.0,0.0,0.0,0.0
2024-09-12 21:41:14.058823680,0.0854333874335679,0.0134695869617845,0.0078548300775552,1.0124751521276596,0.36734106139784944,0.0425531914893617,0.00017347002150537634,0.0001926973172043011,0.0005842666129032258,0.00011735248387096775,0.009562767053763441,0.0002832493440860215,0.00018466963440860217,0.0425531914893617,0.0425531914893617,0.0425531914893617,0.0425531914893617,0.0425531914893617,0.0425531914893617,0.0425531914893617
2024-09-13 00:43:19.444444416,0.0799452728240908,0.0204652170411918,0.0065016659581288,1.0124061335106382,0.3662866985185186,0.5531914893617021,0.0001736268875,0.00019081048750000003,0.0005827341874999999,0.0001172021625,0.00953965145,0.00028102075000000003,0.00018221928749999997,2.297872340425532,2.297872340425532,2.297872340425532,2.297872340425532,2.297872340425532,2.297872340425532,2.297872340425532
2024-09-13 03:47:47.944444672,0.0416834538427224,0.0345901443800646,0.006081253558382,1.0123363420212768,0.36592780294117644,0.02127659574468085,0.00017257478074866309,0.00018239537967914443,0.0005794884759358289,0.00011744249197860962,0.009519732556149733,0.0002824507272727273,0.00018467603743315506,0.02127659574468085,0.02127659574468085,0.02127659574468085,0.02127659574468085,0.02127659574468085,0.02127659574468085,0.02127659574468085
2024-09-13 06:53:23.222222336,0.0254056342075159,0.0399998202223409,0.0042103859109459,1.0122657648936169,0.3657249703723404,0.031914893617021274,0.00017386256382978727,0.00018177068085106383,0.0005787100638297872,0.00011623792021276596,0.009395640558510637,0.0002807294893617021,0.00018253327127659577,0.031914893617021274,0.031914893617021274,0.031914893617021274,0.031914893617021274,0.031914893617021274,0.031914893617021274,0.031914893617021274
2024-09-13 10:11:42.642857216,0.0758410285708919,0.035779343153107,0.0039128905217854,1.012190590957447,0.3655636004580152,1.2659574468085106,0.00017179438931297708,0.0001826292824427481,0.0005738087709923665,0.00011459793893129772,0.009284095045801527,0.00027909828244274815,0.00017888631297709924,1.2659574468085106,1.2659574468085106,1.2659574468085106,1.2659574468085106,1.2659574468085106,1.2659574468085106,1.2659574468085106
2024-09-13 13:15:01.842105088,0.0852407648712869,0.0421125422793518,0.0001433608214762,1.0121208825396826,0.3640897568783069,0.0,0.00017216828042328046,0.00018125374074074075,0.0005722137195767196,0.00011420032804232804,0.00939115075132275,0.0002769832380952381,0.00017927844973544973,0.0,0.0,0.0,0.0,0.0,0.0,0.0
2024-09-13 16:25:03.842105344,-0.0401062490619779,0.0515881841301699,-0.0018625794376181,1.012048666137566,0.36356640603174606,0.0,0.00016775302116402117,0.0001747237566137566,0.0005630648571428572,0.000113315873015873,0.0093447741005291,0.00027634679894179896,0.00017968278306878307,0.0,0.0,0.0,0.0,0.0,0.0,0.0
2024-09-13 19:33:50.750000128,0.0434946998456666,0.0460170716209168,-0.0018326845627696,1.0119767925925927,0.3634207327272727,0.042328042328042326,0.00016712932085561496,0.00017431079144385027,0.0005626918823529412,0.00011482456149732621,0.009347301245989304,0.00027748486096256685,0.0001807748235294118,0.042328042328042326,0.042328042328042326,0.042328042328042326,0.042328042328042326,0.042328042328042326,0.042328042328042326,0.042328042328042326
2024-09-13 22:45:07.631578624,0.1134539348168459,0.0347877474572223,-0.0042218091184119,1.0119041386243386,0.3626748764550265,0.0,0.00016712569312169308,0.0001734733174603175,0.0005594899947089947,0.00011603785185185186,0.00932425765079365,0.00027648878835978834,0.000177278164021164,0.0,0.0,0.0,0.0,0.0,0.0,0.0
2024-09-14 01:50:09.555555584,0.0462657282118925,0.0343139860815951,-0.0039322992518593,1.0118338037037038,0.36146192835978835,0.0,0.0001662245132275132,0.00017101370899470897,0.0005559911481481482,0.00011519694708994709,0.009287363550264549,0.00027457732804232797,0.00017794003174603177,0.0,0.0,0.0,0.0,0.0,0.0,0.0
2024-09-14 04:55:11.473684224,0.0062915452894571,0.0365089720919119,-0.003627901809872,1.0117633544973546,0.3607529209523809,0.0,0.0001651955873015873,0.0001690283597883598,0.0005547499947089949,0.00011450397883597884,0.009229791153439153,0.0002745334761904762,0.0001781386243386243,0.0,0.0,0.0,0.0,0.0,0.0,0.0
2024-09-14 08:00:13.333332992,0.0273383212324915,0.029303989764663,-0.0039063187730516,1.0116926872340424,0.3609725501612903,1.4148936170212767,0.0001640846129032258,0.00016840620967741935,0.0005490284516129032,0.00011400414516129035,0.009050168758064515,0.00027357945967741937,0.00017683674193548387,1.4148936170212767,1.4148936170212767,1.4148936170212767,1.4148936170212767,1.4148936170212767,1.4148936170212767,1.4148936170212767
2024-09-14 11:30:15.500000000,0.080358871607757,0.0179658665777756,-0.0047700304883873,1.011612653723404,0.36018486228723406,0.0,0.0001651231010638298,0.0001664806010638298,0.0005498445585106383,0.00011335085638297872,0.009110250984042553,0.0002723050319148936,0.00017628229787234042,0.0,0.0,0.0,0.0,0.0,0.0,0.0
2024-09-14 14:25:17.263158272,0.0130089248132776,0.0204833474534517,-0.00783911837308,1.0115459372340425,0.3611842076595745,0.0,0.00016774962765957446,0.00016572512234042553,0.000567472909574468,0.0001257885,0.009219164335106384,0.0002907559202127659,0.00020021253191489363,0.0,0.0,0.0,0.0,0.0,0.0,0.0
2024-09-14 17:31:25.666666496,-0.0660359413039373,0.018663651456747,-0.006975320057938,1.0114750074468086,0.35981360978723403,0.0,0.00016298139361702128,0.00016789135106382976,0.0005602770797872341,0.00011584843617021277,0.009201787430851063,0.00027733878191489364,0.00018154983510638295,0.0,0.0,0.0,0.0,0.0,0.0,0.0
2024-09-14 20:41:49.235294208,0.0355245559595687,0.0015808124748166,-0.0075258022387583,1.0114023285714286,0.35892617401069515,0.042328042328042326,0.00015755890909090908,0.00016220748663101604,0.0005442996096256685,0.00011152597860962567,0.009123923251336898,0.00027141114973262034,0.00017564238502673797,0.042328042328042326,0.042328042328042326,0.042328042328042326,0.042328042328042326,0.042328042328042326,0.042328042328042326,0.042328042328042326
2024-09-14 23:45:22.842105344,0.0539404523416351,-0.0099280710561865,-0.0092664011993971,1.011332284574468,0.35825178404255326,0.0,0.00015777156914893617,0.00016358351595744682,0.0005437547021276596,0.00011295481382978723,0.009118110148936168,0.0002709845319148936,0.00017357002127659573,0.0,0.0,0.0,0.0,0.0,0.0,0.0
2024-09-15 02:55:24.789474048,-0.0178237416833439,-0.011216645693843,-0.0086601034479896,1.0112597297872339,0.35773090069148933,0.0,0.00015861045212765956,0.0001631436914893617,0.0005411315159574468,0.00011156805319148937,0.009095565574468084,0.0002709984946808511,0.00017264574999999998,0.0,0.0,0.0,0.0,0.0,0.0,0.0
2024-09-15 06:05:26.736841984,-0.0621548365582498,-0.0165179241123671,-0.0081781537040475,1.0111871882978725,0.3577560994148936,0.0,0.00015910090957446806,0.00016327093085106382,0.0005416102446808511,0.00011318017021276594,0.009044513888297873,0.00026960666489361703,0.0001743423829787234,0.0,0.0,0.0,0.0,0.0,0.0,0.0
2024-09-15 09:37:08.750000128,-0.0073789976781881,-0.029021929916907,-0.0066172422116986,1.0111064216931218,0.35702066403225813,1.4814814814814814,0.00015329826612903226,0.00015579070483870967,0.0005210100483870968,0.00010830023387096773,0.00870948404032258,0.0002640218064516129,0.00017216589516129034,1.4814814814814814,1.4814814814814814,1.4814814814814814,1.4814814814814814,1.4814814814814814,1.4814814814814814,1.4814814814814814
2024-09-15 12:25:30.578947328,0.0198386518885058,-0.0382293930544549,-0.0075610939327774,1.0110420595744682,0.35702298696808515,0.0,0.0001592712340425532,0.0001627871010638298,0.0005392118936170213,0.0001104438244680851,0.009018945117021277,0.000267537420212766,0.00017514768617021275,0.0,0.0,0.0,0.0,0.0,0.0,0.0
2024-09-15 15:35:32.526315520,-0.1086229719482503,-0.0361141852030842,-0.0086407583000101,1.010969475,0.3569350492021277,0.0,0.00015899590425531913,0.00016544228191489363,0.0005406205957446809,0.00011093901063829789,0.009029427462765957,0.0002686661808510638,0.00017376564893617025,0.0,0.0,0.0,0.0,0.0,0.0,0.0
2024-09-15 18:26:17.214285568,-0.1033497576911486,-0.0441775067707575,-0.0069794146031092,1.0109041398936172,0.3566041185106383,0.0,0.00015994479255319148,0.00016771926063829788,0.0005376729734042554,0.00011110178723404255,0.009007194010638299,0.00026778024468085106,0.00017272606914893617,0.0,0.0,0.0,0.0,0.0,0.0,0.0
2024-09-15 21:45:36.263158272,-0.0104599250000774,-0.0622604646085715,-0.0077208280255728,1.010828095212766,0.35644557370967744,0.0425531914893617,0.00015994475806451613,0.00016713247849462366,0.0005405012150537634,0.00011198058602150535,0.009012847795698924,0.0002688119301075269,0.000174223247311828,0.0425531914893617,0.0425531914893617,0.0425531914893617,0.0425531914893617,0.0425531914893617,0.0425531914893617,0.0425531914893617
2024-09-16 00:55:38.263158016,-0.0415782982083214,-0.068607684071371,-0.0072670133006849,1.010755480851064,0.35574007079787234,0.0,0.00016090771276595743,0.00016768209042553192,0.0005411908936170213,0.00011152736702127659,0.009008714494680851,0.0002687641542553192,0.0001753783085106383,0.0,0.0,0.0,0.0,0.0,0.0,0.0
2024-09-16 04:05:40.157894656,-0.0821932038512613,-0.068560677919239,-0.0067859501274054,1.010682854787234,0.3555320429255319,0.0,0.00015993915425531916,0.00016797438297872338,0.000537428675531915,0.00011076010106382982,0.008980139313829787,0.0002678765425531915,0.00017747929787234043,0.0,0.0,0.0,0.0,0.0,0.0,0.0
2024-09-16 07:10:41.999999744,-0.1066880959748459,-0.0777296686427593,-0.0063453975631247,1.0106121367021277,0.35552029780346817,0.3723404255319149,0.000157668225433526,0.0001658199132947977,0.0005304970693641619,0.00010868512716763006,0.00880889394797688,0.00026551151445086706,0.00017678678612716763,0.3723404255319149,0.3723404255319149,0.3723404255319149,0.3723404255319149,0.3723404255319149,0.3723404255319149,0.3723404255319149
2024-09-16 10:50:44.416666624,-0.0385382392361179,-0.0916713762474876,-0.0053512493557751,1.0105280436170212,0.3548552553846153,0.4521276595744681,0.00015837059171597634,0.00016390439053254438,0.0005284044378698224,0.00010788897041420118,0.008776208071005917,0.00026434918934911244,0.00017439284615384615,0.4521276595744681,0.4521276595744681,0.4521276595744681,0.4521276595744681,0.4521276595744681,0.4521276595744681,0.4521276595744681
2024-09-16 13:30:45.888889088,-0.0692986244201847,-0.0931668859464287,-0.0072030103482329,1.010466875,0.3549875893617021,0.0,0.00015935704255319147,0.00016575645744680852,0.0005363618776595744,0.00010949474999999999,0.008916504351063831,0.0002657066223404255,0.00017370474468085103,0.0,0.0,0.0,0.0,0.0,0.0,0.0
2024-09-16 16:25:47.647058944,-0.1811379995499464,-0.0906649942608754,-0.00685811903619,1.0103999728723403,0.3551654473404255,0.0,0.00015900945744680848,0.00016739238297872343,0.0005354448776595745,0.00010882157978723405,0.008920133037234044,0.0002662863563829787,0.00017577920744680847,0.0,0.0,0.0,0.0,0.0,0.0,0.0
2024-09-16 19:57:42.312500224,-0.100337594699738,-0.0999133254249718,-0.00509275601646,1.0103189308510638,0.35453781473118273,0.0425531914893617,0.0001593426129032258,0.00016597304838709674,0.0005331026612903226,0.00010843451612903224,0.008899985752688171,0.00026434325268817204,0.00017567886021505378,0.0425531914893617,0.0425531914893617,0.0425531914893617,0.0425531914893617,0.0425531914893617,0.0425531914893617,0.0425531914893617
2024-09-16 22:55:51.631579136,-0.0615437565805336,-0.1115684830350311,-0.0059210359052961,1.0102507,0.3537572532275133,0.0,0.0001581112804232804,0.00016505966137566138,0.0005344453915343915,0.00010907071428571426,0.008891087211640211,0.0002644988465608466,0.00017524278835978833,0.0,0.0,0.0,0.0,0.0,0.0,0.0
2024-09-17 02:05:53.578947328,-0.1265758770839511,-0.111757646089914,-0.0039038715585481,1.0101781312169311,0.3533260196296297,0.0,0.00015786119047619046,0.0001657560423280423,0.0005302170634920634,0.00010789343915343918,0.008872163687830689,0.00026212073015873015,0.0001729649259259259,0.0,0.0,0.0,0.0,0.0,0.0,0.0
2024-09-17 05:15:55.526315520,-0.1614035469729628,-0.1097117859131213,-0.0026649636174178,1.0101054984126985,0.35382618322751325,0.0,0.00015789668253968255,0.00016313217989417987,0.0005306706190476191,0.00010812552380952382,0.008857955544973544,0.00026350124338624337,0.00017421590476190477,0.0,0.0,0.0,0.0,0.0,0.0,0.0
2024-09-17 08:17:57.400000256,-0.1280645980344843,-0.1185670281264667,-0.0013762426604941,1.0100359232804232,0.354582222295082,1.5185185185185186,0.00015195880327868852,0.00015664577868852457,0.0005161024262295081,0.00010656810655737704,0.008619392672131148,0.00026258237704918037,0.00017327961475409835,1.5185185185185186,1.5185185185185186,1.5185185185185186,1.5185185185185186,1.5185185185185186,1.5185185185185186,1.5185185185185186
2024-09-17 11:35:59.411764736,-0.070825165778956,-0.1275969465425532,-0.0017270360026539,1.0099602476190475,0.35535520301587303,0.0,0.0001579268253968254,0.00016150250264550264,0.000534941708994709,0.00010703260317460319,0.008882341857142857,0.0002668754285714286,0.00017328586243386244,0.0,0.0,0.0,0.0,0.0,0.0,0.0
2024-09-17 14:36:01.157894656,-0.1306882301333303,-0.1253318144489762,-0.0045806260345062,1.009891448148148,0.3553740827513227,0.0,0.00015751763492063492,0.00016021779365079367,0.0005333327037037038,0.00010749972486772485,0.00893860915873016,0.000265846962962963,0.00017386363492063496,0.0,0.0,0.0,0.0,0.0,0.0,0.0
2024-09-17 17:31:02.874999808,-0.1930953471390921,-0.1271241479517995,-0.0035634675536277,1.0098245640211636,0.35547931201058197,0.0,0.00015586756613756615,0.00015905265079365076,0.0005324447566137566,0.0001072080158730159,0.0089456212010582,0.00026551833333333334,0.00017165438095238098,0.0,0.0,0.0,0.0,0.0,0.0,0.0
2024-09-17 20:57:50.823529216,-0.0846523235647396,-0.1427592629806239,-0.0055799174680334,1.009745466137566,0.35515579475935827,0.042328042328042326,0.00015511226737967914,0.00015920157219251335,0.000532698064171123,0.00010768260427807487,0.008948154363636362,0.000265202550802139,0.00017194758288770055,0.042328042328042326,0.042328042328042326,0.042328042328042326,0.042328042328042326,0.042328042328042326,0.042328042328042326,0.042328042328042326
2024-09-18 00:06:06.947368448,-0.0800919136765401,-0.1500917094077312,-0.0075664383727457,1.0096736222222222,0.3553194153968254,0.0,0.00015393726984126987,0.00015847472486772487,0.0005358026507936507,0.00010781526455026457,0.008995457354497355,0.0002661710423280423,0.00017134997354497353,0.0,0.0,0.0,0.0,0.0,0.0,0.0
2024-09-18 03:11:08.777777664,-0.1536563880096082,-0.1509847920491132,-0.0087571764737116,1.009602933862434,0.3557865923809524,0.0,0.00015364076719576717,0.00015907157142857142,0.0005379462063492065,0.00010823481481481483,0.009038126449735449,0.0002667412222222222,0.00017015144444444444,0.0,0.0,0.0,0.0,0.0,0.0,0.0
2024-09-18 06:20:37.333333248,-0.1866875638293095,-0.1573159974171902,-0.0098333934875568,1.0095305404255317,0.35625938058510637,0.0,0.0001538780585106383,0.00015836996276595743,0.0005366469468085105,0.00010834884574468085,0.008984328319148936,0.0002667328297872341,0.0001700407819148936,0.0,0.0,0.0,0.0,0.0,0.0,0.0
2024-09-18 09:48:42.750000128,-0.1516912823334451,-0.171393146830234,-0.0096885409761303,1.009451085106383,0.3561508841666666,1.547872340425532,0.00014834664166666665,0.00015035046666666668,0.0005191019916666666,0.00010456840000000002,0.008728430525,0.0002623137,0.00016690905833333333,1.547872340425532,1.547872340425532,1.547872340425532,1.547872340425532,1.547872340425532,1.547872340425532,1.547872340425532
2024-09-18 12:46:14.588235264,-0.1236379302364412,-0.1828943232120712,-0.0117101225185674,1.0093831026595745,0.3565932462765957,0.0,0.00015245759574468085,0.00015378085638297873,0.0005347495691489361,0.00010669404255319149,0.009006381925531916,0.0002649902978723404,0.00017063351595744683,0.0,0.0,0.0,0.0,0.0,0.0,0.0
2024-09-18 15:46:16.473684480,-0.2648002519552506,-0.1867338028173086,-0.0140842583441707,1.009314360106383,0.3571741963297873,0.0,0.00015141857978723404,0.00015302144680851064,0.0005377807340425533,0.00010941864893617022,0.00905963920212766,0.0002675202446808511,0.00017012392553191494,0.0,0.0,0.0,0.0,0.0,0.0,0.0
2024-09-18 18:53:10.937500160,-0.2218976806363457,-0.2010142928415173,-0.0129129341222195,1.0092431476190478,0.3576760371590909,0.2751322751322751,0.00015167911363636363,0.00015432508522727275,0.000543278028409091,0.00010911575568181819,0.009121444460227272,0.00026874539772727275,0.00017042700568181817,0.2751322751322751,0.2751322751322751,0.2751322751322751,0.2751322751322751,0.2751322751322751,0.2751322751322751,0.2751322751322751
2024-09-18 22:01:20.333333248,-0.173013621310929,-0.2238619050496858,-0.0140674551282219,1.0091711760638298,0.35682505192546576,0.574468085106383,0.00015048159627329194,0.00015205436024844722,0.0005373926832298137,0.00010635396894409937,0.009080108478260868,0.00026656927950310564,0.0001689946397515528,0.574468085106383,0.574468085106383,0.574468085106383,0.574468085106383,0.574468085106383,0.574468085106383,0.574468085106383
2024-09-19 01:06:22.157894400,-0.2103702678194849,-0.2357754232484126,-0.014158568853385,1.0091005015957448,0.35634805920212764,0.0,0.0001491485744680851,0.00015063428723404256,0.0005361037872340425,0.00010572731914893616,0.009082553813829787,0.00026501,0.0001689734734042553,0.0,0.0,0.0,0.0,0.0,0.0,0.0
2024-09-19 04:16:24.157894912,-0.2538281081485252,-0.2409989152344565,-0.0128909326031821,1.0090279664893618,0.3566529933510639,0.0,0.00014798768617021278,0.00014963331382978725,0.0005356461436170212,0.00010590748404255318,0.009080602856382979,0.0002653779680851064,0.0001678513404255319,0.0,0.0,0.0,0.0,0.0,0.0,0.0
2024-09-19 07:26:26.052631552,-0.2802035230972137,-0.2547196583188513,-0.0123921344321362,1.0089554478723406,0.35733002038709677,0.7553191489361702,0.00014499923870967742,0.0001469163483870968,0.0005289518774193548,0.0001064135870967742,0.008908243580645162,0.00026401194838709675,0.0001685565935483871,0.7553191489361702,0.7553191489361702,0.7553191489361702,0.7553191489361702,0.7553191489361702,0.7553191489361702,0.7553191489361702
2024-09-19 10:46:28.058823424,-0.2430085820071781,-0.2738284049997727,-0.0112186167180732,1.008879124468085,0.3574697619393939,0.5372340425531915,0.00014774587272727274,0.00014933900606060608,0.0005336481090909091,0.00010870292727272726,0.008958333703030303,0.0002656414848484849,0.00016832953939393942,0.5372340425531915,0.5372340425531915,0.5372340425531915,0.5372340425531915,0.5372340425531915,0.5372340425531915,0.5372340425531915
2024-09-19 13:46:29.947368192,-0.2702986938794538,-0.2828168473729551,-0.0144259382319713,1.008810444680851,0.3578566420744681,0.0,0.0001488187074468085,0.00015090925531914892,0.0005393431914893617,0.00010719959042553191,0.009111946946808511,0.0002674158617021277,0.00016743305319148936,0.0,0.0,0.0,0.0,0.0,0.0,0.0
2024-09-19 16:41:51.600000000,-0.3771108723827296,-0.292066186968253,-0.0140385718630554,1.0087434777777777,0.35815378835978834,0.0,0.00014900776190476193,0.00015091787830687832,0.0005428803439153438,0.0001081376349206349,0.009159070724867725,0.00026786033862433867,0.00016801573544973544,0.0,0.0,0.0,0.0,0.0,0.0,0.0
2024-09-19 19:52:48.562500096,-0.3085321245930572,-0.311189103130735,-0.0137303526714531,1.0086706153439153,0.35812150780748664,0.042328042328042326,0.000148185,0.00014989033689839573,0.0005424685454545455,0.00010858798395721926,0.00918759980748663,0.00026954396791443856,0.00016745960427807488,0.042328042328042326,0.042328042328042326,0.042328042328042326,0.042328042328042326,0.042328042328042326,0.042328042328042326,0.042328042328042326
2024-09-19 23:26:35.466666752,-0.25459295964788,-0.331222307098782,-0.0151146661355268,1.0085891877659574,0.35808293569148936,0.0,0.0001491096914893617,0.00014953923936170214,0.0005446915957446807,0.00010902603723404256,0.009210481117021276,0.00026924776595744685,0.00016819640425531912,0.0,0.0,0.0,0.0,0.0,0.0,0.0
2024-09-20 02:16:37.105263360,-0.3300609424305776,-0.3426112619770134,-0.0144674897297506,1.0085243718085108,0.3580379045744681,0.0,0.0001486744574468085,0.0001477708670212766,0.0005429268244680852,0.00010951177127659575,0.009191727489361702,0.00026777711170212766,0.0001681184255319149,0.0,0.0,0.0,0.0,0.0,0.0,0.0
2024-09-20 05:32:16.375000064,-0.3720516370884184,-0.3522769020671779,-0.0141522112769782,1.0084496255319149,0.35838293335106386,0.0,0.00014850354787234043,0.0001480352340425532,0.0005420427021276595,0.0001118728404255319,0.00916058325531915,0.0002677772340425532,0.00016782711170212764,0.0,0.0,0.0,0.0,0.0,0.0,0.0
2024-09-20 08:36:00.533333504,-0.381650002806623,-0.3703086109370108,-0.0140752065026209,1.0083796412698414,0.35806520641666667,1.560846560846561,0.00014202160330578512,0.00014080094214876033,0.0005237871487603306,0.00011033956198347107,0.00881277841322314,0.00026341570247933883,0.00016592657024793389,1.5449735449735449,1.5449735449735449,1.5449735449735449,1.5449735449735449,1.5449735449735449,1.5449735449735449,1.5449735449735449
2024-09-20 11:52:03.000000000,-0.3421390953752166,-0.3892936107630564,-0.0150680694953864,1.0083048973544972,0.35800754079365077,0.0,0.000147484835978836,0.00014793248677248675,0.0005389380317460317,0.0001113198941798942,0.009104476206349205,0.0002663116560846561,0.00016723659788359793,0.0,0.0,0.0,0.0,0.0,0.0,0.0
2024-09-20 14:46:45.052631552,-0.4216115314231956,-0.3976333691068048,-0.0177720560441124,1.0082383563829787,0.3582539743617021,0.0,0.00014719322872340428,0.00014829751595744683,0.000540162505319149,0.00011088567553191489,0.009161038781914894,0.0002676182127659575,0.0001690649308510638,0.0,0.0,0.0,0.0,0.0,0.0,0.0
2024-09-20 17:52:39.941176576,-0.4708019194040957,-0.4109479553660943,-0.0171139326899688,1.008167430851064,0.35797704617021275,0.0,0.00014833892021276596,0.00014887246276595745,0.000538923675531915,0.00010927023936170213,0.009162286707446808,0.00026669836702127654,0.0001677761755319149,0.0,0.0,0.0,0.0,0.0,0.0,0.0
2024-09-20 21:06:48.947368448,-0.4018845215655346,-0.4377445399625013,-0.0174299692514136,1.0080932708994708,0.35820617176470587,0.042328042328042326,0.00014685441176470588,0.00014843469518716578,0.0005371299465240642,0.00010979045989304813,0.009168224470588236,0.00026838241711229946,0.00016739648128342245,0.042328042328042326,0.042328042328042326,0.042328042328042326,0.042328042328042326,0.042328042328042326,0.042328042328042326,0.042328042328042326
2024-09-21 00:16:50.842105344,-0.4058568442693513,-0.4575065439749832,-0.0182077140044827,1.0080207857142855,0.3579562807407407,0.0,0.00014711021693121693,0.000148779417989418,0.0005374858412698412,0.00010913133862433863,0.009179049656084657,0.00026745661904761906,0.00016672855026455023,0.0,0.0,0.0,0.0,0.0,0.0,0.0
2024-09-21 03:26:52.842105344,-0.4774207973150055,-0.4680665437756358,-0.0166295062842935,1.0079483164021161,0.35767408925925925,0.0,0.00014686305820105818,0.00014817430158730157,0.0005370961693121692,0.00011168626984126983,0.009173003349206349,0.00026781266666666667,0.0001657471005291005,0.0,0.0,0.0,0.0,0.0,0.0,0.0
2024-09-21 06:31:54.666666752,-0.5171036916180469,-0.4827832614390149,-0.0167640609279551,1.0078777746031746,0.35815345783068786,0.0,0.0001472526560846561,0.00014898745502645502,0.0005412966402116401,0.00011127666137566139,0.009132455767195766,0.00026870869841269843,0.00016543444444444444,0.0,0.0,0.0,0.0,0.0,0.0,0.0
2024-09-21 09:30:16.466666752,-0.4855277308514587,-0.5043063517746786,-0.0159422306386825,1.0078097154255317,0.3579994042016807,1.5691489361702127,0.000142635512605042,0.00014379038655462184,0.0005231913109243698,0.00010821310084033614,0.008846702352941178,0.00026407536974789914,0.00016322479831932773,1.5691489361702127,1.5691489361702127,1.5691489361702127,1.5691489361702127,1.5691489361702127,1.5691489361702127,1.5691489361702127
2024-09-21 12:46:58.526315776,-0.481621745963821,-0.5212749936382625,-0.0173077328408268,1.007734787830688,0.3584555717989419,0.0,0.0001470498994708995,0.00015024592592592593,0.0005405807619047619,0.00010859758201058201,0.00918069488888889,0.00026715833333333335,0.00016612166137566135,0.0,0.0,0.0,0.0,0.0,0.0,0.0
2024-09-21 15:57:00.473684224,-0.6029485594011703,-0.5342677512306472,-0.0192708379351226,1.0076623301587302,0.35877703740740746,0.0,0.0001471555978835979,0.00015175856084656084,0.0005412610317460317,0.00010878057142857142,0.009211838947089946,0.00026848784126984126,0.0001670699947089947,0.0,0.0,0.0,0.0,0.0,0.0,0.0
2024-09-21 18:50:36.571428352,-0.5869669945928422,-0.5531866943368869,-0.0179230114331459,1.007596163297872,0.35870888822580643,0.0425531914893617,0.00014697427956989248,0.00015159065591397852,0.0005415662419354839,0.00010984591935483871,0.009228561844086021,0.00026929390322580647,0.00016708248387096772,0.0425531914893617,0.0425531914893617,0.0425531914893617,0.0425531914893617,0.0425531914893617,0.0425531914893617,0.0425531914893617
2024-09-21 22:22:04.444444672,-0.5093316344969026,-0.5791548889112794,-0.0185286769602045,1.0075155021164024,0.3589930298941799,0.0,0.00014834436507936508,0.00015492526455026455,0.0005474253597883598,0.00011196130158730158,0.00930638383068783,0.000271099,0.00016853035978835982,0.0,0.0,0.0,0.0,0.0,0.0,0.0
2024-09-22 01:27:06.263158016,-0.5729673324305509,-0.5928661617013258,-0.0171382158990618,1.0074449751322752,0.35894950703703704,0.0,0.00014886106878306876,0.0001547821216931217,0.0005462767195767196,0.00011212774074074074,0.009310968613756613,0.00027073963492063493,0.00017108759788359788,0.0,0.0,0.0,0.0,0.0,0.0,0.0
2024-09-22 04:31:15.176470528,-0.6219392697388457,-0.602845972083379,-0.0160036724854219,1.0073745973404256,0.35925172117021276,0.0,0.00014868187765957447,0.00015570018085106382,0.0005472106329787234,0.00011217331914893617,0.00931278235106383,0.0002710879414893617,0.0001717529574468085,0.0,0.0,0.0,0.0,0.0,0.0,0.0
2024-09-22 07:36:36.666666240,-0.6422038756497841,-0.6188578007321922,-0.0144860103897761,1.0073040212765958,0.3588702778321678,1.0106382978723405,0.00014706509090909093,0.00015424034965034965,0.0005400385454545454,0.00011001673426573425,0.009115982321678323,0.0002691452937062937,0.00016892660139860143,1.0106382978723405,1.0106382978723405,1.0106382978723405,1.0106382978723405,1.0106382978723405,1.0106382978723405,1.0106382978723405
2024-09-22 10:57:11.937500160,-0.6397077681050973,-0.6404680825873953,-0.0139449844156938,1.0072275121693122,0.3589914586440678,0.30158730158730157,0.00014800322598870058,0.0001551460451977401,0.0005390891581920905,0.00010824984745762712,0.009120702033898304,0.0002692466779661017,0.0001722716497175141,0.30158730158730157,0.30158730158730157,0.30158730158730157,0.30158730158730157,0.30158730158730157,0.30158730158730157,0.30158730158730157
2024-09-22 13:57:13.736842240,-0.6478307819466522,-0.6516140698867268,-0.0160418701735341,1.0071586276595745,0.3589443793085106,0.0,0.00014882629255319149,0.00015827034574468084,0.0005435649414893617,0.00010777254787234043,0.009261834420212766,0.0002688121489361702,0.00017217225531914894,0.0,0.0,0.0,0.0,0.0,0.0,0.0
2024-09-22 16:57:15.588235520,-0.7434433737364543,-0.661263870496205,-0.0155598507708902,1.0070899228723402,0.3595397729255319,0.0,0.00014894635106382976,0.00015982072340425533,0.0005448575691489361,0.00010971850531914893,0.009292633484042554,0.00026947150531914896,0.0001731047393617021,0.0,0.0,0.0,0.0,0.0,0.0,0.0
2024-09-22 20:19:03.529411840,-0.6556673435856055,-0.6849131295255428,-0.0148429449263705,1.0070129925925926,0.35979056513368984,0.042328042328042326,0.00015050887165775402,0.00016209828877005347,0.0005531136096256685,0.00011349043850267379,0.009354793561497326,0.00027421842780748666,0.0001783232513368984,0.042328042328042326,0.042328042328042326,0.042328042328042326,0.042328042328042326,0.042328042328042326,0.042328042328042326,0.042328042328042326
2024-09-22 23:22:19.500000000,-0.6468412265847405,-0.7036514197878845,-0.0148775123891604,1.006942929787234,0.3597392693085107,0.0,0.0001531519414893617,0.00016587640957446809,0.0005573678776595745,0.0001136224095744681,0.00938648680851064,0.0002738999840425532,0.0001765533936170213,0.0,0.0,0.0,0.0,0.0,0.0,0.0
2024-09-23 02:27:21.421052672,-0.6936815032860295,-0.7148690548328365,-0.0138484881192084,1.006872270212766,0.3587839958510638,0.0,0.00015200969680851065,0.00016268086702127659,0.0005479807978723403,0.00011211599468085107,0.009324161207446809,0.00027129908510638295,0.00017680574468085107,0.0,0.0,0.0,0.0,0.0,0.0,0.0
2024-09-23 05:37:23.368421120,-0.7625554100814611,-0.7245876965093319,-0.0128232503246313,1.0067996888297872,0.35862333457446804,0.0,0.00015239093617021277,0.0001636476063829787,0.0005480940531914894,0.00011334025,0.009282631973404254,0.00027006075531914894,0.00017661132978723408,0.0,0.0,0.0,0.0,0.0,0.0,0.0
2024-09-23 08:45:39.411764736,-0.7478463942924805,-0.7382671601283691,-0.0126230255610591,1.0067278494680851,0.3592002724369748,1.5691489361702127,0.00014702955833333336,0.00015803093333333334,0.0005334763666666667,0.00011040946666666667,0.008952801391666664,0.00026603041666666666,0.00017343716666666666,1.553191489361702,1.553191489361702,1.553191489361702,1.553191489361702,1.553191489361702,1.553191489361702,1.553191489361702
2024-09-23 11:57:27.263158016,-0.7124144025160604,-0.7536504305216499,-0.012756114430914,1.0066544632978724,0.3596598713297873,0.0,0.0001554315,0.0001673644680851064,0.0005522613617021277,0.00011183106382978723,0.009294885797872342,0.0002689978457446808,0.00017424741489361703,0.0,0.0,0.0,0.0,0.0,0.0,0.0
2024-09-23 15:07:29.157894656,-0.8167720018782916,-0.7609306356413693,-0.0151471268547084,1.0065818207446808,0.36047099026595747,0.0,0.00015615807978723408,0.00016802450531914895,0.000552778,0.00011323663297872342,0.009331049675531914,0.00026990306382978726,0.0001770537074468085,0.0,0.0,0.0,0.0,0.0,0.0,0.0
2024-09-23 18:01:21.615384832,-0.8165651058409935,-0.7737461254636306,-0.0131206730602658,1.0065152760638296,0.36097102739361714,0.0,0.00015750078723404253,0.0001713194840425532,0.0005569110957446808,0.00011307762765957446,0.009368153840425532,0.00027099203191489364,0.0001770766808510638,0.0,0.0,0.0,0.0,0.0,0.0,0.0
2024-09-23 21:17:32.944444672,-0.7677685253232198,-0.7946917837364563,-0.0130327481144132,1.0064402904255318,0.3612626093548387,0.0425531914893617,0.00015694800537634408,0.0001710836559139785,0.0005528761935483872,0.00011343090322580646,0.009353003306451614,0.00027221099462365584,0.00017887131182795697,0.0425531914893617,0.0425531914893617,0.0425531914893617,0.0425531914893617,0.0425531914893617,0.0425531914893617,0.0425531914893617
2024-09-24 00:27:34.842105088,-0.768546217444225,-0.8068123184812812,-0.0110122429728791,1.0063675765957447,0.36165182510638305,0.0,0.00015771607446808512,0.0001707562446808511,0.0005533768670212767,0.00011518562765957446,0.009381640313829787,0.00027296208510638295,0.00017765976595744682,0.0,0.0,0.0,0.0,0.0,0.0,0.0
2024-09-24 03:37:36.736842240,-0.8175407951525813,-0.8113119611864436,-0.0097794535322473,1.0062948367021276,0.362424074680851,0.0,0.00015828870744680852,0.0001716239255319149,0.0005564667074468084,0.00011720968085106382,0.009417178776595744,0.0002751006436170213,0.00017894915425531915,0.0,0.0,0.0,0.0,0.0,0.0,0.0
2024-09-24 06:47:38.736842240,-0.8478132970593037,-0.8197007877234125,-0.0088414101270938,1.006222074468085,0.3628589857446809,0.031914893617021274,0.00015858911170212766,0.00017095745744680852,0.0005557673723404256,0.00011572580319148935,0.009313150734042553,0.00027551682978723405,0.0001781072925531915,0.031914893617021274,0.031914893617021274,0.031914893617021274,0.031914893617021274,0.031914893617021274,0.031914893617021274,0.031914893617021274
2024-09-24 09:57:05.294117632,-0.8380860402928079,-0.8345634194944124,-0.0075477962284257,1.0061494761904761,0.36281416591666665,1.5238095238095237,0.00015486367499999997,0.00016464087500000002,0.0005411316666666667,0.00011244588333333333,0.009134748433333333,0.0002709126166666667,0.0001746998916666667,1.5238095238095237,1.5238095238095237,1.5238095238095237,1.5238095238095237,1.5238095238095237,1.5238095238095237,1.5238095238095237
2024-09-24 13:02:42.499999744,-0.8222687112750009,-0.8411644863632199,-0.0091060093424775,1.0060783829787234,0.36332905898936174,0.0,0.00016032708510638297,0.00017216221276595745,0.0005644262393617022,0.00011504879255319149,0.00943877290425532,0.00027760778191489365,0.00018160874999999997,0.0,0.0,0.0,0.0,0.0,0.0,0.0
2024-09-24 16:07:44.473684480,-0.9191347841314724,-0.8501993199023972,-0.0112209822505374,1.0060074553191491,0.36330905750000003,0.0,0.00016124686170212766,0.00017418162234042556,0.0005613997553191489,0.00011379143085106382,0.009438914867021276,0.0002740342659574468,0.00017943180319148936,0.0,0.0,0.0,0.0,0.0,0.0,0.0
2024-09-24 19:13:39.294117888,-0.8512484549687542,-0.8597425939027606,-0.009423042923609,1.0059361111702128,0.36398652118279573,0.0425531914893617,0.0001629006182795699,0.00017505113978494622,0.0005620563870967742,0.00011393811290322581,0.009461591215053763,0.00027489825806451614,0.00017963002688172044,0.0425531914893617,0.0425531914893617,0.0425531914893617,0.0425531914893617,0.0425531914893617,0.0425531914893617,0.0425531914893617
2024-09-24 22:27:48.263158016,-0.8210507652485717,-0.8728455874057774,-0.0085245846778637,1.0058614756613755,0.36365828640211645,0.0,0.00016287457671957674,0.000174555455026455,0.0005605978835978836,0.00011462408465608465,0.009455674571428572,0.00027549655026455025,0.00017935134391534391,0.0,0.0,0.0,0.0,0.0,0.0,0.0
2024-09-25 01:37:50.263157760,-0.8569011392730772,-0.8786407548307565,-0.0070578855561978,1.0057885354497353,0.36353866032432436,0.08465608465608465,0.00016230212432432432,0.00017391802702702703,0.0005600501783783783,0.0001148165027027027,0.009465248259459458,0.0002762468216216216,0.0001789337945945946,0.08465608465608465,0.08465608465608465,0.08465608465608465,0.08465608465608465,0.08465608465608465,0.08465608465608465,0.08465608465608465
2024-09-25 04:47:52.157894912,-0.905628615539058,-0.8773703625225969,-0.0043114704404542,1.0057155619047617,0.3637470052406417,0.042328042328042326,0.0001613755882352941,0.00017485571657754008,0.0005623902887700534,0.00011377228877005348,0.009460294144385026,0.00027645616577540107,0.00018025067914438503,0.042328042328042326,0.042328042328042326,0.042328042328042326,0.042328042328042326,0.042328042328042326,0.042328042328042326,0.042328042328042326
2024-09-25 07:50:24.000000000,-0.9025858711727892,-0.8814910064169053,-0.0032714376644587,1.0056454313829788,0.36423488499999995,1.372340425531915,0.0001589861746031746,0.00017354496825396825,0.000553878253968254,0.00011141960317460317,0.009265300714285713,0.0002744796825396825,0.0001788795476190476,1.372340425531915,1.372340425531915,1.372340425531915,1.372340425531915,1.372340425531915,1.372340425531915,1.372340425531915
2024-09-25 11:05:56.066666752,-0.9340179418502998,-0.8899835758292671,-0.0026809463310491,1.0055702793650794,0.3647265341530055,0.164021164021164,0.00016138341530054644,0.0001769391420765027,0.0005572351147540984,0.00011180406557377048,0.009340548224043716,0.000274774131147541,0.00017906063934426228,0.164021164021164,0.164021164021164,0.164021164021164,0.164021164021164,0.164021164021164,0.164021164021164,0.164021164021164
2024-09-25 14:07:57.842105088,-0.8918310873279438,-0.8878551717426152,-0.0038510023154987,1.0055002767195766,0.3659605222651934,0.1693121693121693,0.00016320524683544304,0.00017832210126582279,0.0005666270632911393,0.00011192169620253165,0.009519995253164557,0.0002764348924050633,0.0001807421202531646,0.656084656084656,0.656084656084656,0.656084656084656,0.656084656084656,0.656084656084656,0.656084656084656,0.656084656084656
2024-09-25 17:07:59.588235264,-0.9388851329834438,-0.889565290879712,-0.0019691450332644,1.0054310121693122,0.3665887598773006,0.5502645502645502,0.00016604758715596334,0.000181723623853211,0.0005724079541284404,0.00011659266055045872,0.009585060926605505,0.00027782560550458716,0.0001823769633027523,1.693121693121693,1.693121693121693,1.693121693121693,1.693121693121693,1.693121693121693,1.693121693121693,1.693121693121693
2024-09-25 20:24:27.357142784,-0.8928779716773079,-0.9003110146391187,-0.0016805605279287,1.00535535,0.3663902196212121,1.1914893617021276,0.00016597637606837606,0.0001804246923076923,0.0005701488119658119,0.00011578899145299145,0.009566172376068376,0.0002768269743589744,0.00018220171794871795,1.5106382978723405,1.5106382978723405,1.5106382978723405,1.5106382978723405,1.5106382978723405,1.5106382978723405,1.5106382978723405
2024-09-25 23:38:03.631579136,-0.8312981970532292,-0.9056536783447682,-0.0008695681613471,1.0052808052910054,0.3665759325142857,0.2962962962962963,0.0001677563082706767,0.00018049315037593988,0.0005748068045112782,0.000116899992481203,0.009596317571428573,0.00028093507518796995,0.00018293058646616538,1.1851851851851851,1.1851851851851851,1.1851851851851851,1.1851851851851851,1.1851851851851851,1.1851851851851851,1.1851851851851851
2024-09-26 02:43:05.500000000,-0.891654410918818,-0.905007423126353,-0.0005908114387612,1.0052094878306879,0.3666164387567568,0.08465608465608465,0.00016566317514124296,0.00017880751977401128,0.0005657325536723164,0.00011560112994350281,0.009565104146892656,0.00027676583050847454,0.00018131572881355934,0.25396825396825395,0.25396825396825395,0.25396825396825395,0.25396825396825395,0.25396825396825395,0.25396825396825395,0.25396825396825395
2024-09-26 05:48:07.473684224,-0.9326721136357036,-0.9049297515310202,-0.0003845556155069,1.0051381455026456,0.36772969956284157,0.12698412698412698,0.00016648645355191258,0.0001803842732240437,0.0005724725409836065,0.00011670084699453551,0.009586539540983607,0.0002794178524590164,0.00018580637704918032,0.12698412698412698,0.12698412698412698,0.12698412698412698,0.12698412698412698,0.12698412698412698,0.12698412698412698,0.12698412698412698
2024-09-26 08:51:29.266666496,-0.8914655310049966,-0.9054710506129948,-0.0026942688163017,1.005067345212766,0.3684392880508475,1.5904255319148937,0.0001611812966101695,0.00017463804237288134,0.0005552751694915255,0.00011357627966101693,0.00927061309322034,0.00027625578813559324,0.00018128709322033897,1.5904255319148937,1.5904255319148937,1.5904255319148937,1.5904255319148937,1.5904255319148937,1.5904255319148937,1.5904255319148937
2024-09-26 12:12:38.000000000,-0.8734800037510126,-0.911609617505786,-0.0043508001071372,1.004989744680851,0.3691889324193548,0.0425531914893617,0.00016721937373737373,0.00018167836363636362,0.0005723065858585859,0.00011464545454545456,0.009575384373737374,0.00027945426262626264,0.00018104262626262628,1.8936170212765957,1.8936170212765957,1.8936170212765957,1.8936170212765957,1.8936170212765957,1.8936170212765957,1.8936170212765957
2024-09-26 15:18:13.263158272,-0.9607451741208592,-0.9128864277829596,-0.0068462556171872,1.004989744680851,0.3691889324193548,0.0425531914893617,0.00016721937373737373,0.00018167836363636362,0.0005723065858585859,0.00011464545454545456,0.009575384373737374,0.00027945426262626264,0.00018104262626262628,1.8936170212765957,1.8936170212765957,1.8936170212765957,1.8936170212765957,1.8936170212765957,1.8936170212765957,1.8936170212765957
2024-09-26 18:24:08.058823424,-0.9263557674465231,-0.9159654834385004,-0.0067366754620153,1.0048462052910054,0.37066213791411046,0.5502645502645502,0.00017131307619047621,0.0001850637809523809,0.0005772998,0.00011790051428571427,0.009680018752380956,0.0002828865333333334,0.00018390402857142857,1.7777777777777777,1.7777777777777777,1.7777777777777777,1.7777777777777777,1.7777777777777777,1.7777777777777777,1.7777777777777777
2024-09-26 21:33:16.999999744,-0.8972272976996578,-0.9324161070222512,-0.0077392793989605,1.0047729127659577,0.3713368052777778,0.1702127659574468,0.00017167436666666667,0.0001845617888888889,0.0005812028055555556,0.00011911787777777777,0.009732776172222223,0.00028458041666666665,0.00018534737222222224,0.1702127659574468,0.1702127659574468,0.1702127659574468,0.1702127659574468,0.1702127659574468,0.1702127659574468,0.1702127659574468
2024-09-27 00:38:18.947368448,-0.9015761404334626,-0.9429913887690876,-0.0093599932830738,1.004701300531915,0.3721130558522727,0.2553191489361702,0.00017278334666666668,0.0001842967466666667,0.0005847218533333333,0.00012113777333333334,0.009764217466666667,0.00028779113333333333,0.00018838401333333334,2.404255319148936,2.404255319148936,2.404255319148936,2.404255319148936,2.404255319148936,2.404255319148936,2.404255319148936
2024-09-27 03:48:20.842105344,-0.94105482991597,-0.9425848400545124,-0.0084486670387285,1.004627730319149,0.3726338423626374,0.1276595744680851,0.0001723859645390071,0.000184839914893617,0.0005878047517730497,0.00011914309929078013,0.009794337177304964,0.00028863160992907797,0.00019047197163120567,1.0,1.0,1.0,1.0,1.0,1.0,1.0
2024-09-27 06:58:22.789473792,-0.9716324569342304,-0.9481534030156332,-0.0071838148042433,1.0045541234042552,0.37325669455056176,0.26595744680851063,0.00017033810112359552,0.00018355266853932586,0.0005794873988764045,0.00011752989325842696,0.009629465016853932,0.0002872755842696629,0.00018935280898876405,0.26595744680851063,0.26595744680851063,0.26595744680851063,0.26595744680851063,0.26595744680851063,0.26595744680851063,0.26595744680851063
2024-09-27 10:07:51.388888832,-0.9554836665867016,-0.9594547457206816,-0.0066934331589342,1.00448064973545,0.37445757775193794,1.3227513227513228,0.00017022710852713182,0.0001827111007751938,0.0005801989224806201,0.00011880378294573644,0.009602956759689921,0.0002898401472868217,0.00018863530232558138,1.3227513227513228,1.3227513227513228,1.3227513227513228,1.3227513227513228,1.3227513227513228,1.3227513227513228,1.3227513227513228
2024-09-27 13:18:26.578947328,-0.932905695199338,-0.9622963931457604,-0.008003455512552,1.004406744148936,0.375383411043956,0.1276595744680851,0.00017488188372093022,0.0001898343953488372,0.0005899027674418604,0.00011920274418604653,0.009811588813953488,0.0002909875348837209,0.00018990439534883723,3.0851063829787235,3.0851063829787235,3.0851063829787235,3.0851063829787235,3.0851063829787235,3.0851063829787235,3.0851063829787235
2024-09-27 16:23:28.444444416,-1.0451563036419884,-0.9678285998927332,-0.0078072137113092,1.0042646292553192,0.37569560407407404,0.5531914893617021,0.0001735976623376623,0.00018609785714285713,0.0005935974155844156,0.0001203454025974026,0.00988108716883117,0.00029140838961038963,0.0001923047142857143,2.3617021276595747,2.3617021276595747,2.3617021276595747,2.3617021276595747,2.3617021276595747,2.3617021276595747,2.3617021276595747
2024-09-27 19:24:30.333332992,-1.0291330736276905,-0.9784020689963316,-0.0072957503133459,1.0042646292553192,0.37569560407407404,0.5531914893617021,0.0001735976623376623,0.00018609785714285713,0.0005935974155844156,0.0001203454025974026,0.00988108716883117,0.00029140838961038963,0.0001923047142857143,2.3617021276595747,2.3617021276595747,2.3617021276595747,2.3617021276595747,2.3617021276595747,2.3617021276595747,2.3617021276595747
2024-09-27 22:38:32.263158272,-0.9273869803462276,-0.9912040238103916,-0.0072947360505954,1.0041892271276596,0.3760898356707317,0.5106382978723404,0.00017308355769230768,0.00018714007051282052,0.0005948736153846154,0.0001221056346153846,0.009906096243589744,0.0002921170512820513,0.00019356992307692307,0.6808510638297872,0.6808510638297872,0.6808510638297872,0.6808510638297872,0.6808510638297872,0.6808510638297872,0.6808510638297872
2024-09-28 01:48:34.157894912,-0.963856849499564,-0.997841548311735,-0.006557304130141,1.0041153813829788,0.376570996576087,0.0851063829787234,0.00017410323369565218,0.00018831070652173916,0.0005969074130434783,0.000120994625,0.009942704820652175,0.0002935137391304348,0.00019335433695652176,0.0851063829787234,0.0851063829787234,0.0851063829787234,0.0851063829787234,0.0851063829787234,0.0851063829787234,0.0851063829787234
2024-09-28 04:58:36.157894656,-1.0203974589166478,-0.9977012458973212,-0.0046250965684276,1.0040414313829789,0.37706640695652177,0.0851063829787234,0.00017449276630434785,0.00018899767934782606,0.0005985663260869566,0.00012012980434782608,0.009929530527173913,0.0002929827717391304,0.00019166917934782608,0.0851063829787234,0.0851063829787234,0.0851063829787234,0.0851063829787234,0.0851063829787234,0.0851063829787234,0.0851063829787234
2024-09-28 08:08:38.052631296,-0.9976865906468788,-1.0021370480319636,-0.0035106132468015,1.0039674367021276,0.37765747495867763,1.5265957446808511,0.0001688252479338843,0.00018247683471074382,0.000581212438016529,0.0001174186776859504,0.009642311876033057,0.00028882079338842973,0.00018957480991735535,1.5265957446808511,1.5265957446808511,1.5265957446808511,1.5265957446808511,1.5265957446808511,1.5265957446808511,1.5265957446808511
2024-09-28 11:23:40.055555840,-0.9982744551571728,-1.0117157676205364,-0.0026706821538594,1.0038914398936172,0.3784191175531915,0.0,0.0001744375585106383,0.00019019379255319146,0.000598901,0.00011958098936170213,0.009874375478723404,0.0002925055691489362,0.00019076310638297872,0.0,0.0,0.0,0.0,0.0,0.0,0.0
2024-09-28 14:23:41.888889088,-1.0346823960464349,-1.0122641818273297,-0.0052943265297317,1.0038212414893617,0.3790502906914893,0.0,0.0001747442393617021,0.0001909412393617021,0.0006031336329787234,0.00011930174468085107,0.009993684345744679,0.00029301976595744677,0.000189753164893617,0.0,0.0,0.0,0.0,0.0,0.0,0.0
2024-09-28 17:23:43.666666496,-1.068001553016245,-1.0045305181138469,-0.0031848200668363,1.0037509984042554,0.37954400739130434,0.0851063829787234,0.00017566610869565216,0.00019155683152173914,0.0006104366576086956,0.00012056120652173912,0.010052584347826087,0.00029568170108695656,0.00019270707065217391,0.0851063829787234,0.0851063829787234,0.0851063829787234,0.0851063829787234,0.0851063829787234,0.0851063829787234,0.0851063829787234
2024-09-28 20:50:45.733333504,-1.0273426484334325,-1.0151574718934917,-0.0022289761318542,1.0036701632978724,0.3792687029120879,0.1276595744680851,0.00017570952197802197,0.00019184836263736263,0.0006098601373626374,0.00012129221978021978,0.010045018901098901,0.00029471802197802196,0.0001928078131868132,0.1276595744680851,0.1276595744680851,0.1276595744680851,0.1276595744680851,0.1276595744680851,0.1276595744680851,0.1276595744680851
2024-09-28 23:48:47.631579136,-0.9698085255468528,-1.0182168311116324,0.0001242000885088,1.003600605319149,0.3792489909722222,2.4680851063829787,0.0001747358333333333,0.00019119611111111112,0.0006089558472222221,0.00012069391666666665,0.010046503569444445,0.00029430548611111113,0.00019139993055555555,2.4680851063829787,2.4680851063829787,2.4680851063829787,2.4680851063829787,2.4680851063829787,2.4680851063829787,2.4680851063829787
2024-09-29 02:58:49.526315520,-1.0131490943370522,-1.0141477981178515,0.0017123122426281,1.0035261052910054,0.3792550429100529,0.0,0.00017495159259259255,0.00019275820105820105,0.0006081415873015873,0.00012068275661375661,0.010057970116402115,0.0002938436613756614,0.00019164659259259258,0.0,0.0,0.0,0.0,0.0,0.0,0.0
2024-09-29 06:08:51.473684480,-1.057429049850782,-1.0125760456316997,0.0035617209846197,1.0034517492063493,0.38016760137566136,0.0,0.00017637597883597884,0.00019521977777777779,0.0006180535978835979,0.00012167068253968252,0.010053718931216931,0.0002963524074074074,0.0001939967619047619,0.0,0.0,0.0,0.0,0.0,0.0,0.0
2024-09-29 09:16:13.400000256,-1.052285688330301,-1.0139693127084204,0.0039861486999199,1.0033783271276597,0.3803651070491804,1.5053191489361701,0.0001706195901639344,0.00018853581967213115,0.0005934082213114754,0.0001179577213114754,0.009703182401639343,0.0002903752049180328,0.00018981097540983607,1.5053191489361701,1.5053191489361701,1.5053191489361701,1.5053191489361701,1.5053191489361701,1.5053191489361701,1.5053191489361701
2024-09-29 12:36:15.400000000,-0.928595445352414,-1.0130292267136316,0.0029095367449712,1.0032999473404256,0.3805192565425532,0.0,0.0001767385691489362,0.0001935639574468085,0.0006145023882978723,0.00011905178723404254,0.010036644984042551,0.0002938523989361702,0.0001914097925531915,0.0,0.0,0.0,0.0,0.0,0.0,0.0
2024-09-29 15:28:57.157894656,-1.0655373794816114,-1.010615129463164,1.7555116413563024e-05,1.0032323026455026,0.3817971110928961,0.12698412698412698,0.0001790839344262295,0.00019751828415300548,0.0006360017322404371,0.00012465701639344262,0.010190053092896174,0.0003011195683060109,0.00019726826229508196,0.12698412698412698,0.12698412698412698,0.12698412698412698,0.12698412698412698,0.12698412698412698,0.12698412698412698,0.12698412698412698
2024-09-29 18:33:59.125000192,-1.003628519335393,-1.0066727345913349,0.0005123301350354,1.0031597015873015,0.38132330005617976,0.2328042328042328,0.0001812139245283019,0.0002026410754716981,0.0006215334811320754,0.00012153483962264152,0.010112306415094339,0.00029598466037735843,0.00019180043396226415,1.7566137566137565,1.7566137566137565,1.7566137566137565,1.7566137566137565,1.7566137566137565,1.7566137566137565,1.7566137566137565
2024-09-29 21:49:01.052631552,-0.9675000299974954,-1.0114598930450276,0.00109384858663,1.0030831248677248,0.38160357754285723,0.2962962962962963,0.00017993419259259257,0.00019856372592592597,0.0006214089407407407,0.00012028011851851853,0.010135638037037036,0.0002977531851851852,0.00019015519259259255,1.1428571428571428,1.1428571428571428,1.1428571428571428,1.1428571428571428,1.1428571428571428,1.1428571428571428,1.1428571428571428
2024-09-30 00:59:03.000000000,-0.9772538083269068,-1.0138756236345683,-6.212175831765259e-05,1.0030084592592594,0.3825550763970588,1.1216931216931216,0.00018048158823529413,0.00019921663235294117,0.0006265762720588235,0.00012013044852941176,0.010192199080882354,0.0002998528235294118,0.00019157773529411762,1.1216931216931216,1.1216931216931216,1.1216931216931216,1.1216931216931216,1.1216931216931216,1.1216931216931216,1.1216931216931216
2024-09-30 04:04:04.888888832,-1.0163869271545425,-1.0053302924822476,0.0004892040058044,1.002935705820106,0.3824439313475177,1.0158730158730158,0.0001782284680851064,0.00019646973049645394,0.0006242335035460992,0.00012071409929078013,0.010185058936170213,0.00029881719148936174,0.00019077816312056738,1.0158730158730158,1.0158730158730158,1.0158730158730158,1.0158730158730158,1.0158730158730158,1.0158730158730158,1.0158730158730158
2024-09-30 07:09:06.736842496,-1.0224612781141786,-0.9990808532566928,-0.0001864217438187,1.002862898941799,0.3827307852631579,0.43386243386243384,0.00017508484210526315,0.00019432785882352938,0.0006150597426900585,0.00011994862573099414,0.009984693538011695,0.00029626177192982456,0.00018811933333333337,0.43386243386243384,0.4497354497354497,0.43386243386243384,0.43386243386243384,0.43386243386243384,0.43386243386243384,0.43386243386243384
2024-09-30 10:17:22.764706048,-1.0366182887601667,-1.005969359005764,0.001896033499742,1.002788664361702,0.38336950880281684,1.0319148936170213,0.00017469304929577465,0.00019231478873239438,0.0006157422957746479,0.00011986752112676056,0.009990107774647887,0.0002970962183098592,0.0001882091338028169,1.0319148936170213,1.0319148936170213,1.0319148936170213,1.0319148936170213,1.0319148936170213,1.0319148936170213,1.0319148936170213
2024-09-30 13:29:10.631578880,-0.976091515099654,-0.9985897808427968,0.0008038512498817,1.0027131936507936,0.38524505951871657,0.042328042328042326,0.00017665338502673798,0.00019693634759358292,0.0006371045187165775,0.00012202210160427806,0.010293359812834225,0.00030444726737967917,0.00019285426203208557,0.042328042328042326,0.042328042328042326,0.042328042328042326,0.042328042328042326,0.042328042328042326,0.042328042328042326,0.042328042328042326
2024-09-30 16:34:12.500000000,-1.0320415854448584,-0.9948098519158708,0.0020639108976646,1.0026400372340425,0.38647940388888885,0.1702127659574468,0.0001779706802325581,0.00020021906976744184,0.0006426589127906976,0.00012430548255813953,0.010369920174418606,0.0003102496395348837,0.00019645562209302326,0.3404255319148936,0.3404255319148936,0.3404255319148936,0.3404255319148936,0.3404255319148936,0.3404255319148936,0.3404255319148936
2024-09-30 19:38:28.230769408,-1.0445535920010798,-0.997977124085463,0.0026572101048661,1.0025674196808512,0.3868124107065217,0.0851063829787234,0.00017837823913043475,0.00020034968478260866,0.0006436739782608697,0.0001233399293478261,0.010393670032608696,0.00031071808152173915,0.0001965711141304348,0.0851063829787234,0.0851063829787234,0.0851063829787234,0.0851063829787234,0.0851063829787234,0.0851063829787234,0.0851063829787234
2024-09-30 22:54:16.444444416,-0.9463397448706132,-1.001958339892663,0.0024312115988201,1.00249573836478,0.3877022705660378,0.0,0.0001805065534591195,0.0002016851132075472,0.000654578144654088,0.00012648559748427673,0.010468911559748427,0.00031699786163522016,0.0001995702893081761,0.0,0.0,0.0,0.0,0.0,0.0,0.0
2024-10-01 01:59:18.263157760,-0.9710429783980884,-0.9984718825955649,0.0028947942074422,1.00249573836478,0.3877022705660378,0.0,0.0001805065534591195,0.0002016851132075472,0.000654578144654088,0.00012648559748427673,0.010468911559748427,0.00031699786163522016,0.0001995702893081761,0.0,0.0,0.0,0.0,0.0,0.0,0.0
2024-10-01 05:09:20.210526464,-1.0181460200903416,-0.9928400511269486,0.003594908014091,1.00249573836478,0.3877022705660378,0.0,0.0001805065534591195,0.0002016851132075472,0.000654578144654088,0.00012648559748427673,0.010468911559748427,0.00031699786163522016,0.0001995702893081761,0.0,0.0,0.0,0.0,0.0,0.0,0.0
2024-10-01 08:12:42.133333248,-0.9696028633630362,-0.9892641446331258,0.0020004223947852,1.00249573836478,0.3877022705660378,0.0,0.0001805065534591195,0.0002016851132075472,0.000654578144654088,0.00012648559748427673,0.010468911559748427,0.00031699786163522016,0.0001995702893081761,0.0,0.0,0.0,0.0,0.0,0.0,0.0
2024-10-01 11:38:13.588235520,-0.954489443285354,-0.9926936672014532,0.0014715291178929,1.00249573836478,0.3877022705660378,0.0,0.0001805065534591195,0.0002016851132075472,0.000654578144654088,0.00012648559748427673,0.010468911559748427,0.00031699786163522016,0.0001995702893081761,0.0,0.0,0.0,0.0,0.0,0.0,0.0
2024-10-01 14:39:26.052631296,-1.0086745682021956,-0.9909744439236458,-0.0006022264947186,1.00249573836478,0.3877022705660378,0.0,0.0001805065534591195,0.0002016851132075472,0.000654578144654088,0.00012648559748427673,0.010468911559748427,0.00031699786163522016,0.0001995702893081761,0.0,0.0,0.0,0.0,0.0,0.0,0.0
2024-10-01 17:39:27.823529728,-1.0290096138205058,-0.9836864733315892,-0.0013058925322253,1.00249573836478,0.3877022705660378,0.0,0.0001805065534591195,0.0002016851132075472,0.000654578144654088,0.00012648559748427673,0.010468911559748427,0.00031699786163522016,0.0001995702893081761,0.0,0.0,0.0,0.0,0.0,0.0,0.0
2024-10-01 20:49:29.722222080,-0.971062982292267,-0.99049673860616,-0.0015569541884003,1.00249573836478,0.3877022705660378,0.0,0.0001805065534591195,0.0002016851132075472,0.000654578144654088,0.00012648559748427673,0.010468911559748427,0.00031699786163522016,0.0001995702893081761,0.0,0.0,0.0,0.0,0.0,0.0,0.0
2024-10-01 23:59:31.736842240,-0.9492474690221684,-0.9845963653248718,0.0023613315184425,1.00249573836478,0.3877022705660378,0.0,0.0001805065534591195,0.0002016851132075472,0.000654578144654088,0.00012648559748427673,0.010468911559748427,0.00031699786163522016,0.0001995702893081761,0.0,0.0,0.0,0.0,0.0,0.0,0.0
2024-10-02 03:09:33.631578880,-0.990131504340468,-0.9810185583101896,0.0014982734700585,1.00249573836478,0.3877022705660378,0.0,0.0001805065534591195,0.0002016851132075472,0.000654578144654088,0.00012648559748427673,0.010468911559748427,0.00031699786163522016,0.0001995702893081761,0.0,0.0,0.0,0.0,0.0,0.0,0.0
2024-10-02 06:19:35.578947328,-1.0206753084879097,-0.9790186609355988,0.0031707791268225,1.00249573836478,0.3877022705660378,0.0,0.0001805065534591195,0.0002016851132075472,0.000654578144654088,0.00012648559748427673,0.010468911559748427,0.00031699786163522016,0.0001995702893081761,0.0,0.0,0.0,0.0,0.0,0.0,0.0
2024-10-02 09:27:51.588235264,-1.0096916828333633,-0.9805969389646698,0.0042464612322382,1.00249573836478,0.3877022705660378,0.0,0.0001805065534591195,0.0002016851132075472,0.000654578144654088,0.00012648559748427673,0.010468911559748427,0.00031699786163522016,0.0001995702893081761,0.0,0.0,0.0,0.0,0.0,0.0,0.0
2024-10-02 12:34:39.444444416,-0.949809974304344,-0.9828464383853266,0.0012768451064191,1.00249573836478,0.3877022705660378,0.0,0.0001805065534591195,0.0002016851132075472,0.000654578144654088,0.00012648559748427673,0.010468911559748427,0.00031699786163522016,0.0001995702893081761,0.0,0.0,0.0,0.0,0.0,0.0,0.0
2024-10-02 15:39:41.263158272,-1.0348731934400348,-0.9797947134853018,-0.0007126424675115,1.00249573836478,0.3877022705660378,0.0,0.0001805065534591195,0.0002016851132075472,0.000654578144654088,0.00012648559748427673,0.010468911559748427,0.00031699786163522016,0.0001995702893081761,0.0,0.0,0.0,0.0,0.0,0.0,0.0
2024-10-02 18:44:43.249999872,-0.8943381257413421,-0.9785940596515408,0.0004256185464598,1.00249573836478,0.3877022705660378,0.0,0.0001805065534591195,0.0002016851132075472,0.000654578144654088,0.00012648559748427673,0.010468911559748427,0.00031699786163522016,0.0001995702893081761,0.0,0.0,0.0,0.0,0.0,0.0,0.0
2024-10-02 22:11:45.333332992,-0.9716345288994716,-0.9843212460279812,6.729514436909354e-05,1.00249573836478,0.3877022705660378,0.0,0.0001805065534591195,0.0002016851132075472,0.000654578144654088,0.00012648559748427673,0.010468911559748427,0.00031699786163522016,0.0001995702893081761,0.0,0.0,0.0,0.0,0.0,0.0,0.0
2024-10-03 01:09:47.052631296,-0.9436041974933572,-0.9768077065923536,0.0028723650230318,1.00249573836478,0.3877022705660378,0.0,0.0001805065534591195,0.0002016851132075472,0.000654578144654088,0.00012648559748427673,0.010468911559748427,0.00031699786163522016,0.0001995702893081761,0.0,0.0,0.0,0.0,0.0,0.0,0.0
2024-10-03 04:19:49.052631552,-0.9750070576632766,-0.9624795773165716,0.0058795917201129,1.00249573836478,0.3877022705660378,0.0,0.0001805065534591195,0.0002016851132075472,0.000654578144654088,0.00012648559748427673,0.010468911559748427,0.00031699786163522016,0.0001995702893081761,0.0,0.0,0.0,0.0,0.0,0.0,0.0
2024-10-03 07:23:57.941176320,-1.0379180606707337,-0.931721886765012,0.0156891658481534,1.00249573836478,0.3877022705660378,0.0,0.0001805065534591195,0.0002016851132075472,0.000654578144654088,0.00012648559748427673,0.010468911559748427,0.00031699786163522016,0.0001995702893081761,0.0,0.0,0.0,0.0,0.0,0.0,0.0
2024-10-03 10:17:09.272727296,-0.9893371901201816,-0.9237117734672502,0.0178300652943847,1.00249573836478,0.3877022705660378,0.0,0.0001805065534591195,0.0002016851132075472,0.000654578144654088,0.00012648559748427673,0.010468911559748427,0.00031699786163522016,0.0001995702893081761,0.0,0.0,0.0,0.0,0.0,0.0,0.0
2024-10-03 13:47:25.437499904,-0.9554544824533764,-0.9015564067460238,0.0193851210339971,1.00249573836478,0.3877022705660378,0.0,0.0001805065534591195,0.0002016851132075472,0.000654578144654088,0.00012648559748427673,0.010468911559748427,0.00031699786163522016,0.0001995702893081761,0.0,0.0,0.0,0.0,0.0,0.0,0.0
2024-10-03 16:43:28.882353152,-1.023700891915894,-0.8989300104572289,0.0210263109438151,1.00249573836478,0.3877022705660378,0.0,0.0001805065534591195,0.0002016851132075472,0.000654578144654088,0.00012648559748427673,0.010468911559748427,0.00031699786163522016,0.0001995702893081761,0.0,0.0,0.0,0.0,0.0,0.0,0.0
2024-10-03 19:55:16.588235008,-0.8924554916773104,-0.8888907046847717,0.0201356906718508,1.00249573836478,0.3877022705660378,0.0,0.0001805065534591195,0.0002016851132075472,0.000654578144654088,0.00012648559748427673,0.010468911559748427,0.00031699786163522016,0.0001995702893081761,0.0,0.0,0.0,0.0,0.0,0.0,0.0
2024-10-03 23:12:57.352941056,-0.834409627902744,-0.8841447342339719,0.0182615713787231,1.00249573836478,0.3877022705660378,0.0,0.0001805065534591195,0.0002016851132075472,0.000654578144654088,0.00012648559748427673,0.010468911559748427,0.00031699786163522016,0.0001995702893081761,0.0,0.0,0.0,0.0,0.0,0.0,0.0
2024-10-04 02:25:02.642857472,-0.6098417056630865,-0.8877308892640139,0.0102344818351834,1.00249573836478,0.3877022705660378,0.0,0.0001805065534591195,0.0002016851132075472,0.000654578144654088,0.00012648559748427673,0.010468911559748427,0.00031699786163522016,0.0001995702893081761,0.0,0.0,0.0,0.0,0.0,0.0,0.0
2024-10-04 05:26:19.500000000,-0.84567850143344,,,1.00249573836478,0.3877022705660378,0.0,0.0001805065534591195,0.0002016851132075472,0.000654578144654088,0.00012648559748427673,0.010468911559748427,0.00031699786163522016,0.0001995702893081761,0.0,0.0,0.0,0.0,0.0,0.0,0.0
2024-10-04 08:35:27.266667008,-0.7468534260640922,,,1.00249573836478,0.3877022705660378,0.0,0.0001805065534591195,0.0002016851132075472,0.000654578144654088,0.00012648559748427673,0.010468911559748427,0.00031699786163522016,0.0001995702893081761,0.0,0.0,0.0,0.0,0.0,0.0,0.0
2024-10-04 11:52:49.266666496,-0.8601949739870065,,,1.00249573836478,0.3877022705660378,0.0,0.0001805065534591195,0.0002016851132075472,0.000654578144654088,0.00012648559748427673,0.010468911559748427,0.00031699786163522016,0.0001995702893081761,0.0,0.0,0.0,0.0,0.0,0.0,0.0
2024-10-04 14:45:45.333332992,-0.8411235538575283,,,1.00249573836478,0.3877022705660378,0.0,0.0001805065534591195,0.0002016851132075472,0.000654578144654088,0.00012648559748427673,0.010468911559748427,0.00031699786163522016,0.0001995702893081761,0.0,0.0,0.0,0.0,0.0,0.0,0.0
2024-10-04 17:48:05.285714176,-0.8819065816329612,,,1.00249573836478,0.3877022705660378,0.0,0.0001805065534591195,0.0002016851132075472,0.000654578144654088,0.00012648559748427673,0.010468911559748427,0.00031699786163522016,0.0001995702893081761,0.0,0.0,0.0,0.0,0.0,0.0,0.0
2024-10-04 21:16:16.000000512,-1.0216270730538213,,,1.00249573836478,0.3877022705660378,0.0,0.0001805065534591195,0.0002016851132075472,0.000654578144654088,0.00012648559748427673,0.010468911559748427,0.00031699786163522016,0.0001995702893081761,0.0,0.0,0.0,0.0,0.0,0.0,0.0
2024-10-04 23:20:17.142857216,,,,1.00249573836478,0.3877022705660378,0.0,0.0001805065534591195,0.0002016851132075472,0.000654578144654088,0.00012648559748427673,0.010468911559748427,0.00031699786163522016,0.0001995702893081761,0.0,0.0,0.0,0.0,0.0,0.0,0.0
