timestamp,altitude_diff,altitude_diff_smoothed,slope,AU_Factor,MgII_Index,MgII_Flag,irr_256,irr_284,irr_304,irr_1175,irr_1216,irr_1335,irr_1405,irr_256_flag_flag,irr_284_flag_flag,irr_304_flag_flag,irr_1175_flag_flag,irr_1216_flag_flag,irr_1335_flag_flag,irr_1405_flag_flag
2024-09-27 01:38:19.526315520,-1.5579853381506723,-1.6003424837281557,0.0083106018959862,1.0024476940476188,0.38926784690476196,0.0,0.00018343120833333334,0.00020503200166666668,0.0006753519647619047,0.00012847663238095238,0.010615460154761905,0.00032431850107142863,0.0002015055678571429,0.0,0.0,0.0,0.0,0.0,0.0,0.0
2024-09-27 04:48:21.473684480,-1.6744939520712023,-1.5920318818321693,0.0083106018959862,1.0024476940476188,0.38926784690476196,0.0,0.00018343120833333334,0.00020503200166666668,0.0006753519647619047,0.00012847663238095238,0.010615460154761905,0.00032431850107142863,0.0002015055678571429,0.0,0.0,0.0,0.0,0.0,0.0,0.0
2024-09-27 07:58:23.421052928,-1.611171602697368,-1.583721279936183,0.0083106018959862,1.0024476940476188,0.38926784690476196,0.0,0.00018343120833333334,0.00020503200166666668,0.0006753519647619047,0.00012847663238095238,0.010615460154761905,0.00032431850107142863,0.0002015055678571429,0.0,0.0,0.0,0.0,0.0,0.0,0.0
2024-09-27 11:11:12.055555584,-1.490689837890443,-1.5754106780401969,0.0083106018959862,1.0024476940476188,0.38926784690476196,0.0,0.00018343120833333334,0.00020503200166666668,0.0006753519647619047,0.00012847663238095238,0.010615460154761905,0.00032431850107142863,0.0002015055678571429,0.0,0.0,0.0,0.0,0.0,0.0,0.0
2024-09-27 14:18:27.210526208,-1.5757532458282526,-1.567100076144211,0.0083106018959862,1.0024476940476188,0.38926784690476196,0.0,0.00018343120833333334,0.00020503200166666668,0.0006753519647619047,0.00012847663238095238,0.010615460154761905,0.00032431850107142863,0.0002015055678571429,0.0,0.0,0.0,0.0,0.0,0.0,0.0
2024-09-27 17:23:29.055555840,-1.612039324813452,-1.5773306240498264,0.0035394838516481,1.0024476940476188,0.38926784690476196,0.0,0.00018343120833333334,0.00020503200166666668,0.0006753519647619047,0.00012847663238095238,0.010615460154761905,0.00032431850107142863,0.0002015055678571429,0.0,0.0,0.0,0.0,0.0,0.0,0.0
2024-09-27 20:40:31.066666496,-1.4783107365472574,-1.5551752673920116,0.0022581986431305,1.0024476940476188,0.38926784690476196,0.0,0.00018343120833333334,0.00020503200166666668,0.0006753519647619047,0.00012847663238095238,0.010615460154761905,0.00032431850107142863,0.0002015055678571429,0.0,0.0,0.0,0.0,0.0,0.0,0.0
2024-09-27 23:38:32.842105088,-1.512667248762682,-1.5432707161340065,0.00100147910213,1.0024476940476188,0.38926784690476196,0.0,0.00018343120833333334,0.00020503200166666668,0.0006753519647619047,0.00012847663238095238,0.010615460154761905,0.00032431850107142863,0.0002015055678571429,0.0,0.0,0.0,0.0,0.0,0.0,0.0
2024-09-28 02:48:34.789473792,-1.5907893985365718,-1.555262370422516,0.0016936182655589,1.0024476940476188,0.38926784690476196,0.0,0.00018343120833333334,0.00020503200166666668,0.0006753519647619047,0.00012847663238095238,0.010615460154761905,0.00032431850107142863,0.0002015055678571429,0.0,0.0,0.0,0.0,0.0,0.0,0.0
2024-09-28 05:58:36.736842240,-1.650060269301207,-1.5598520139817036,-0.0041337991808139,1.0024476940476188,0.38926784690476196,0.0,0.00018343120833333334,0.00020503200166666668,0.0006753519647619047,0.00012847663238095238,0.010615460154761905,0.00032431850107142863,0.0002015055678571429,0.0,0.0,0.0,0.0,0.0,0.0,0.0
2024-09-28 09:00:59.705882368,-1.47509574215087,-1.5561898792588522,-0.0097646149718656,1.0024476940476188,0.38926784690476196,0.0,0.00018343120833333334,0.00020503200166666668,0.0006753519647619047,0.00012847663238095238,0.010615460154761905,0.00032431850107142863,0.0002015055678571429,0.0,0.0,0.0,0.0,0.0,0.0,0.0
2024-09-28 12:08:40.526316032,-1.5040306413753228,-1.5535257761029777,0.0035157183283985,1.0024476940476188,0.38926784690476196,0.0,0.00018343120833333334,0.00020503200166666668,0.0006753519647619047,0.00012847663238095238,0.010615460154761905,0.00032431850107142863,0.0002015055678571429,0.0,0.0,0.0,0.0,0.0,0.0,0.0
2024-09-28 15:18:42.473684224,-1.5986147264870283,-1.56339003910648,0.0037259396273412,1.0024476940476188,0.38926784690476196,0.0,0.00018343120833333334,0.00020503200166666668,0.0006753519647619047,0.00012847663238095238,0.010615460154761905,0.00032431850107142863,0.0002015055678571429,0.0,0.0,0.0,0.0,0.0,0.0,0.0
2024-09-28 18:21:14.249999872,-1.617060037860938,-1.5585372808270994,0.0025276906804558,1.0024476940476188,0.38926784690476196,0.0,0.00018343120833333334,0.00020503200166666668,0.0006753519647619047,0.00012847663238095238,0.010615460154761905,0.00032431850107142863,0.0002015055678571429,0.0,0.0,0.0,0.0,0.0,0.0,0.0
2024-09-28 21:46:25.176470784,-1.5790801123077929,-1.5291624045023016,0.0064241682042184,1.0024476940476188,0.38926784690476196,0.0,0.00018343120833333334,0.00020503200166666668,0.0006753519647619047,0.00012847663238095238,0.010615460154761905,0.00032431850107142863,0.0002015055678571429,0.0,0.0,0.0,0.0,0.0,0.0,0.0
2024-09-29 00:43:48.222222592,-1.4543338081443835,-1.5270474277238515,0.0158031536240031,1.0024476940476188,0.38926784690476196,0.0,0.00018343120833333334,0.00020503200166666668,0.0006753519647619047,0.00012847663238095238,0.010615460154761905,0.00032431850107142863,0.0002015055678571429,0.0,0.0,0.0,0.0,0.0,0.0,0.0
2024-09-29 03:48:50.052631552,-1.601445615794205,-1.5315558014446475,0.0165506473438048,1.0024476940476188,0.38926784690476196,0.0,0.00018343120833333334,0.00020503200166666668,0.0006753519647619047,0.00012847663238095238,0.010615460154761905,0.00032431850107142863,0.0002015055678571429,0.0,0.0,0.0,0.0,0.0,0.0,0.0
2024-09-29 06:55:31.944444672,-1.547114574022146,-1.532134254042401,0.0061447370287955,1.0024476940476188,0.38926784690476196,0.0,0.00018343120833333334,0.00020503200166666668,0.0006753519647619047,0.00012847663238095238,0.010615460154761905,0.00032431850107142863,0.0002015055678571429,0.0,0.0,0.0,0.0,0.0,0.0,0.0
2024-09-29 09:54:16.769231104,-1.385686382378026,-1.508775349681015,0.0074212120728466,1.0024476940476188,0.38926784690476196,0.0,0.00018343120833333334,0.00020503200166666668,0.0006753519647619047,0.00012847663238095238,0.010615460154761905,0.00032431850107142863,0.0002015055678571429,0.0,0.0,0.0,0.0,0.0,0.0,0.0
2024-09-29 13:18:55.842105344,-1.4560609511448206,-1.492018342667008,0.0069297018872343,1.0024476940476188,0.38926784690476196,0.0,0.00018343120833333334,0.00020503200166666668,0.0006753519647619047,0.00012847663238095238,0.010615460154761905,0.00032431850107142863,0.0002015055678571429,0.0,0.0,0.0,0.0,0.0,0.0,0.0
2024-09-29 16:23:57.722222336,-1.5446060048624872,-1.4997826708165958,0.0079237851758752,1.0024476940476188,0.38926784690476196,0.0,0.00018343120833333334,0.00020503200166666668,0.0006753519647619047,0.00012847663238095238,0.010615460154761905,0.00032431850107142863,0.0002015055678571429,0.0,0.0,0.0,0.0,0.0,0.0,0.0
2024-09-29 19:33:22.187500032,-1.60382079986681,-1.4805112229581017,0.0042372121443302,1.0024476940476188,0.38926784690476196,0.0,0.00018343120833333334,0.00020503200166666668,0.0006753519647619047,0.00012847663238095238,0.010615460154761905,0.00032431850107142863,0.0002015055678571429,0.0,0.0,0.0,0.0,0.0,0.0,0.0
2024-09-29 22:39:01.526315776,-1.4068298986084642,-1.452457251471584,0.011079092376634,1.0024476940476188,0.38926784690476196,0.0,0.00018343120833333334,0.00020503200166666668,0.0006753519647619047,0.00012847663238095238,0.010615460154761905,0.00032431850107142863,0.0002015055678571429,0.0,0.0,0.0,0.0,0.0,0.0,0.0
2024-09-30 01:49:03.526315776,-1.428267049181727,-1.453286205319513,0.0205973504319104,1.0024476940476188,0.38926784690476196,0.0,0.00018343120833333334,0.00020503200166666668,0.0006753519647619047,0.00012847663238095238,0.010615460154761905,0.00032431850107142863,0.0002015055678571429,0.0,0.0,0.0,0.0,0.0,0.0,0.0
2024-09-30 04:59:05.473684224,-1.5242127614906735,-1.4657907486650037,0.0126784125508199,1.0024476940476188,0.38926784690476196,0.0,0.00018343120833333334,0.00020503200166666668,0.0006753519647619047,0.00012847663238095238,0.010615460154761905,0.00032431850107142863,0.0002015055678571429,0.0,0.0,0.0,0.0,0.0,0.0,0.0
2024-09-30 08:04:07.333333248,-1.428002585067759,-1.44420756678235,0.0138060332507895,1.0024476940476188,0.38926784690476196,0.0,0.00018343120833333334,0.00020503200166666668,0.0006753519647619047,0.00012847663238095238,0.010615460154761905,0.00032431850107142863,0.0002015055678571429,0.0,0.0,0.0,0.0,0.0,0.0,0.0
2024-09-30 11:13:16.294117632,-1.2946288306434894,-1.411989479497474,0.0091949006590463,1.0024476940476188,0.38926784690476196,0.0,0.00018343120833333334,0.00020503200166666668,0.0006753519647619047,0.00012847663238095238,0.010615460154761905,0.00032431850107142863,0.0002015055678571429,0.0,0.0,0.0,0.0,0.0,0.0,0.0
2024-09-30 14:19:11.157894656,-1.393146967009386,-1.409297327981872,0.0115841287017588,1.0024476940476188,0.38926784690476196,0.0,0.00018343120833333334,0.00020503200166666668,0.0006753519647619047,0.00012847663238095238,0.010615460154761905,0.00032431850107142863,0.0002015055678571429,0.0,0.0,0.0,0.0,0.0,0.0,0.0
2024-09-30 17:33:35.624999936,-1.5686018412542353,-1.4088312104536524,0.0090183410387121,1.0024476940476188,0.38926784690476196,0.0,0.00018343120833333334,0.00020503200166666668,0.0006753519647619047,0.00012847663238095238,0.010615460154761905,0.00032431850107142863,0.0002015055678571429,0.0,0.0,0.0,0.0,0.0,0.0,0.0
2024-09-30 20:51:33.615384832,-1.3503573679186047,-1.3754128482870178,0.0117621256831398,1.0024476940476188,0.38926784690476196,0.0,0.00018343120833333334,0.00020503200166666668,0.0006753519647619047,0.00012847663238095238,0.010615460154761905,0.00032431850107142863,0.0002015055678571429,0.0,0.0,0.0,0.0,0.0,0.0,0.0
2024-09-30 23:49:16.947368704,-1.313858014302923,-1.358049010885528,0.0142919676069226,1.0024476940476188,0.38926784690476196,0.0,0.00018343120833333334,0.00020503200166666668,0.0006753519647619047,0.00012847663238095238,0.010615460154761905,0.00032431850107142863,0.0002015055678571429,0.0,0.0,0.0,0.0,0.0,0.0,0.0
2024-10-01 02:54:18.777777664,-1.3826005349680486,-1.3669329565488828,0.0184746272452154,1.0023951117021277,0.38811975611702126,0.0,0.00018297370755319148,0.00020757142718085106,0.0006582894293085106,0.0001246836616595745,0.010521612547872341,0.0003130399361170213,0.00019704194563829785,0.0,0.0,0.0,0.0,0.0,0.0,0.0
2024-10-01 05:59:20.736842240,-1.424071991427752,-1.3692679108114651,0.0131415531185903,1.0023219297872343,0.3879835689361702,0.0,0.00018462731218085105,0.00020893143132978724,0.0006552464086170212,0.00012306454374468086,0.010435024835106383,0.0003101805815425532,0.00019600492888297873,0.0,0.0,0.0,0.0,0.0,0.0,0.0
2024-10-01 09:07:04.230769664,-1.223447501990961,-1.3371953927115974,0.0024849744120956,1.002247711111111,0.38915290523255813,2.2857142857142856,0.0001737786795232558,0.00019626630068117644,0.0006198817977906976,0.00011986617006976744,0.010005346395348837,0.00030266075151162784,0.0001911049818604651,2.2857142857142856,2.3015873015873014,2.2857142857142856,2.2857142857142856,2.2857142857142856,2.2857142857142856,2.2857142857142856
2024-10-01 12:19:24.578947328,-1.2717280484543494,-1.3262965071689845,0.0070500094566123,1.0021714510638298,0.38956720723404265,0.0,0.0001833030420212766,0.00020409618829787238,0.0006580547248936171,0.00012592755824468083,0.010486400933510637,0.0003129226434042553,0.0001958543469148936,0.0,0.0,0.0,0.0,0.0,0.0,0.0
2024-10-01 15:29:26.526315520,-1.3745843416136836,-1.3325812939414228,0.0051449113230584,1.0020961356382978,0.3908228003723404,0.0,0.0001838476869680851,0.00020525871015957445,0.0006651800375,0.00012945245526595745,0.01056179741223404,0.00031754640478723404,0.00019735953749999997,0.0,0.0,0.0,0.0,0.0,0.0,0.0
2024-10-01 18:32:24.882353152,-1.4141615553726297,-1.3258462684148389,0.0016830404850149,1.0020235430851065,0.3916273966666667,0.1702127659574468,0.00018490509813333335,0.00020608326533333337,0.0006730893836666667,0.00013025396420000002,0.010633584053333334,0.0003218901508,0.00019958684860000003,0.8085106382978723,0.8085106382978723,0.8085106382978723,0.8085106382978723,0.8085106382978723,0.8085106382978723,0.8085106382978723
2024-10-01 21:42:16.944444416,-1.279949178355423,-1.2996331832394756,0.0026770331382957,1.0019481180851064,0.39421236969135803,0.5531914893617021,0.00019105945806451616,0.00021183600782258063,0.0007180293322580643,0.0001449544420967742,0.010819167177419355,0.0003483550808064516,0.00022187345798387097,1.3617021276595744,1.3617021276595744,1.3617021276595744,1.3617021276595744,1.3617021276595744,1.3617021276595744,1.3617021276595744
2024-10-02 00:49:32.263158016,-1.2522673980350874,-1.296929900887954,0.0157268547364859,1.0018738712765958,0.3939314712234043,0.0,0.00018414641792553193,0.00021111046335106385,0.0006902165184042554,0.00013223325276595744,0.010822747372340425,0.0003285932011170213,0.00020175799696808513,0.0,0.0,0.0,0.0,0.0,0.0,0.0
2024-10-02 03:59:34.157894400,-1.3704210952548692,-1.303182849273444,0.0157553635702328,1.0017983734042553,0.3934377634574469,0.0,0.00018532456749999999,0.00021558746042553195,0.0006765655931914893,0.00012911869579787237,0.010737527960106382,0.00032311994117021275,0.00020114880941489362,0.0,0.0,0.0,0.0,0.0,0.0,0.0
2024-10-02 07:09:36.105263616,-1.321985305228793,-1.2978473888351991,0.0082464159821436,1.0017227845744683,0.3932979137647059,0.43617021276595747,0.0001806239969647059,0.00020830453078823525,0.0006662740481764706,0.00012830154509411765,0.010538356844117648,0.00032056379441176467,0.00020195332835294121,0.43617021276595747,0.43617021276595747,0.43617021276595747,0.43617021276595747,0.43617021276595747,0.43617021276595747,0.43617021276595747
2024-10-02 10:18:23.000000000,-1.188154224849484,-1.2720115656263211,0.0063007849268558,1.0016475579787234,0.39428383466666655,1.8191489361702127,0.0001791007090504762,0.0002053850925262857,0.0006570356923809523,0.00012667826276190476,0.010499366138095238,0.0003158476435238095,0.00019935370104761906,1.8191489361702127,1.8191489361702127,1.8191489361702127,1.8191489361702127,1.8191489361702127,1.8191489361702127,1.8191489361702127
2024-10-02 13:19:39.842105088,-1.199117960827266,-1.2634305980033107,0.0102587235912968,1.0015754670212764,0.39481498691489364,0.0,0.00018408109632978725,0.00020882139090425532,0.0006805388631914894,0.00012938818462765957,0.010763161279255319,0.0003226901616489362,0.0002043372004255319,0.0,0.0,0.0,0.0,0.0,0.0,0.0
2024-10-02 16:29:41.789473536,-1.3280045839237573,-1.2652333279360986,0.0108515656268575,1.0014997345744683,0.39487998957446807,0.0,0.00018513422659574468,0.00021085481218085107,0.0006816911615957446,0.00012957693824468085,0.010804427356382979,0.0003218804684042553,0.00020385383611702128,0.0,0.0,0.0,0.0,0.0,0.0,0.0
2024-10-02 19:36:52.357143040,-1.3265651976694812,-1.2374044849452353,0.0117707063235599,1.0014249523809524,0.3952387318120805,0.8465608465608465,0.00018696235818791945,0.0002141715197315436,0.0006853076589261745,0.00013147295489932887,0.010803716533557047,0.00032545935570469796,0.00020649252234899328,0.8465608465608465,0.8465608465608465,0.8465608465608465,0.8465608465608465,0.8465608465608465,0.8465608465608465,0.8465608465608465
2024-10-02 22:56:13.941176320,-1.1816391464927278,-1.2087682599426002,0.0162653182826072,1.0013453212765957,0.3947564548404256,0.0,0.0001850317938829787,0.0002104659469148936,0.000679914152393617,0.00012988671957446808,0.010804795499999999,0.00032485793744680845,0.00020600717920212766,0.0,0.0,0.0,0.0,0.0,0.0,0.0
2024-10-03 01:54:47.500000000,-1.2027204697483285,-1.2065585575936857,0.0206832449559234,1.0012741904255318,0.3950999559574468,0.0,0.0001858219613829787,0.00021193797138297873,0.0006851726620744681,0.00013048199973404254,0.010848659537234044,0.00032725644218085107,0.00020770605111702125,0.0,0.0,0.0,0.0,0.0,0.0,0.0
2024-10-03 04:59:49.473684480,-1.2684919674301796,-1.2113540977406072,0.0189220103827333,1.0012000576719577,0.3954969395767196,0.0,0.00018634940793650797,0.000212292541005291,0.0006920041130158731,0.000131720846984127,0.010875447116402119,0.00032968233883597884,0.00020864199015873015,0.0,0.0,0.0,0.0,0.0,0.0,0.0
2024-10-03 08:03:36.312500224,-1.1199615083370986,-1.191114727213978,0.0135680597712384,1.0011266861702128,0.396599231328125,1.3829787234042554,0.00017918318771796874,0.0002055529791496063,0.00066722247984375,0.00013162937218749997,0.01056782360546875,0.0003243401021875,0.000206728017609375,1.3829787234042554,1.398936170212766,1.3829787234042554,1.3829787234042554,1.3829787234042554,1.3829787234042554,1.3829787234042554
2024-10-03 11:08:59.181818112,-1.0642592802050783,-1.1580146962824012,0.0131105077618589,1.0010524661375662,0.3979575984666666,0.8359788359788359,0.0001953304294,0.0002204194626666667,0.0007408665282,0.00015000780300000003,0.010965128953333333,0.00036054408386666667,0.0002455246058666667,0.8359788359788359,0.8359788359788359,0.8359788359788359,0.8359788359788359,0.8359788359788359,0.8359788359788359,0.8359788359788359
2024-10-03 14:31:02.444444672,-1.1682669037092523,-1.1167138607793785,0.0343473415321237,1.0009715920634923,0.39535530166666666,0.4444444444444444,0.00018636116083333332,0.0002158203849404762,0.0006933605875595238,0.00013141240595238094,0.010851023264880952,0.0003313317786309524,0.00020820965892857137,0.4444444444444444,0.4444444444444444,0.4444444444444444,0.4444444444444444,0.4444444444444444,0.4444444444444444,0.4444444444444444
2024-10-03 17:33:42.562500096,-1.2422778221495605,-1.1077418595705746,0.0268295509120633,1.0008984803191487,0.39471847356382983,0.0,0.00018656563680851063,0.00021591701888297872,0.0006842232190425532,0.0001313789803723404,0.010791810723404254,0.0003269743511170212,0.00020533512398936168,0.0,0.0,0.0,0.0,0.0,0.0,0.0
2024-10-03 20:34:59.375000064,-1.1458502491840932,-1.0646073741270294,0.0285977259992497,1.0008257243386245,0.3958477895721924,0.042328042328042326,0.00018980736171122996,0.0002196616260962567,0.00070192087657754,0.00013781014470588235,0.01090861470855615,0.0003353160539037434,0.00021286229957219251,0.042328042328042326,0.042328042328042326,0.042328042328042326,0.042328042328042326,0.042328042328042326,0.042328042328042326,0.042328042328042326
2024-10-03 23:41:53.687499776,-1.0286649192852906,-1.0449236322243045,0.0321048510093741,1.0007507402116402,0.39494548386243383,0.0,0.000186035978994709,0.0002158257231746032,0.0006888490121164021,0.0001344426535978836,0.010878507018518517,0.0003290373903174604,0.00021140751476190475,0.0,0.0,0.0,0.0,0.0,0.0,0.0
2024-10-04 02:56:03.000000000,-0.8099316269655219,-1.0449645693069431,0.029179941562675,1.000672906878307,0.39444377243386236,0.0,0.0001867670098941799,0.00021677718417989424,0.0006820581657671958,0.0001330199792063492,0.010818641894179894,0.0003251565032804233,0.00020949211719576718,0.0,0.0,0.0,0.0,0.0,0.0,0.0
2024-10-04 06:01:57.437499904,-1.1219724588690951,-1.0337075383982135,0.0174388099475663,1.000598216931217,0.3946531192592593,0.0,0.00018650953306878303,0.00021374314402116404,0.0006855129506349207,0.00013221182232804233,0.010746876772486773,0.0003289997868783069,0.00020983185825396828,0.0,0.0,0.0,0.0,0.0,0.0,0.0
2024-10-04 09:00:53.692307712,-0.8802815984382732,-0.994518161102538,0.0096668937622695,1.0005262962962962,0.39469319336956527,2.1587301587301586,0.00017428613780108695,0.00020355246746593406,0.0006340257072826088,0.00012237550961956522,0.010186019485869564,0.00031292065808695657,0.0001995686368478261,2.1587301587301586,2.1746031746031744,2.1587301587301586,2.1587301587301586,2.1587301587301586,2.1587301587301586,2.1587301587301586
2024-10-04 12:21:16.388889088,-0.9428078312125764,-0.9675670691854572,0.0031377357002848,1.000445689893617,0.39397086047872343,0.0,0.0001882871990425532,0.00021149901074468086,0.0006790988556382978,0.00012734028781914895,0.01068231305319149,0.0003268190933510638,0.0002070777136170213,0.0,0.0,0.0,0.0,0.0,0.0,0.0
2024-10-04 15:27:59.111110912,-1.0646277139488234,-0.965647920429136,-0.0048754525608975,1.0003706682539681,0.3926287451764705,0.4021164021164021,0.00018641094630952382,0.00021002128148809527,0.0006673596426785715,0.00012617217613095238,0.010611610205357143,0.00031921884226190477,0.0002054573707738095,0.4444444444444444,0.4444444444444444,0.4444444444444444,0.4444444444444444,0.4444444444444444,0.4444444444444444,0.4444444444444444
2024-10-04 18:37:55.923076608,-1.0669536255306866,-0.9808632707434666,0.0093527812700462,1.0002941973544974,0.3927339907222222,0.19047619047619047,0.00018613745252336447,0.0002074685268224299,0.0006694042149532711,0.00012964729925233644,0.010645999303738317,0.00032049375635514023,0.00020583912196261685,1.7354497354497354,1.7354497354497354,1.7354497354497354,1.7354497354497354,1.7354497354497354,1.7354497354497354,1.7354497354497354
2024-10-04 21:57:46.437499904,-0.8895734264884823,-0.9496865576346762,0.0068924309164761,1.0002138622340426,0.3916826631891892,0.06382978723404255,0.00018612903486486487,0.00020657072664864864,0.0006716250299459459,0.00013155604767567568,0.010633273094594595,0.00032123037291891893,0.00020568767697297298,0.06382978723404255,0.06382978723404255,0.06382978723404255,0.06382978723404255,0.06382978723404255,0.06382978723404255,0.06382978723404255
2024-10-05 01:00:18.263158016,-0.9032904219303646,-0.9429293604006136,0.0213574931363742,1.0001401574468085,0.39088876803191486,0.0,0.00018420530117021274,0.00020430381398936167,0.0006648572543085106,0.00013181734324468084,0.010592218037234043,0.0003194498636170213,0.00020567406335106385,0.0,0.0,0.0,0.0,0.0,0.0,0.0
2024-10-05 04:05:20.166666496,-1.0113925804784003,-0.943056494049573,0.0212994423252041,1.0000655877659574,0.390878117287234,0.0,0.00018248459111702128,0.00020299382585106383,0.000663753979893617,0.00013097603611702128,0.010559920901595745,0.00032046498010638295,0.00020409834473404255,0.0,0.0,0.0,0.0,0.0,0.0,0.0
2024-10-05 07:10:22.052631296,-0.9468697797944968,-0.9030979170162002,0.0270389055603402,0.9999909706382979,0.39051153777777775,0.4148936170212766,0.0001781065570730994,0.00020074432118823528,0.0006468328288888888,0.00012880237114619883,0.01034157223508772,0.00031547181345029237,0.00020272069701754387,0.4148936170212766,0.4308510638297872,0.4148936170212766,0.4148936170212766,0.4148936170212766,0.4148936170212766,0.4148936170212766
2024-10-05 10:24:23.933333760,-0.8413820408899824,-0.8681673769804661,0.0234188733046077,0.9999126885638299,0.38941929043103446,1.5851063829787233,0.00017691447833189652,0.0002007559954782609,0.0006321081356896552,0.00012334168935344828,0.010211902728448276,0.0003070559955172414,0.00019757891410344827,1.5851063829787233,1.601063829787234,1.5851063829787233,1.5851063829787233,1.5851063829787233,1.5851063829787233,1.5851063829787233
2024-10-05 13:30:25.894736640,-0.8194668233317088,-0.860192318373,0.024993001042885,0.9998375964893618,0.3879831410752688,0.0425531914893617,0.00018175797118279567,0.00020437146043010752,0.0006500111542473118,0.00012761362661290325,0.010394954626344086,0.0003103946302688172,0.00020105421870967745,0.0425531914893617,0.0425531914893617,0.0425531914893617,0.0425531914893617,0.0425531914893617,0.0425531914893617,0.0425531914893617
2024-10-05 16:40:27.842105088,-0.9439520340532112,-0.8572037204691519,0.020321444251589,0.9997608519148937,0.38702344916666664,0.1702127659574468,0.00018098650905555558,0.00020215086583333331,0.000642582286,0.00012718633605555556,0.010331391580555556,0.00030931187222222223,0.0001998846245555556,0.1702127659574468,0.1702127659574468,0.1702127659574468,0.1702127659574468,0.1702127659574468,0.1702127659574468,0.1702127659574468
2024-10-05 19:32:43.000000000,-0.7050005206484684,-0.8275778733759581,0.0149686235061182,0.9996913486702128,0.38605067747191013,0.2127659574468085,0.00017996613848484847,0.00020190853454545455,0.0006363319209090908,0.00012554053090909094,0.010284498257575757,0.0003067844721212121,0.00019920561121212124,3.297872340425532,3.297872340425532,3.297872340425532,3.297872340425532,3.297872340425532,3.297872340425532,3.297872340425532
2024-10-05 22:50:31.578947328,-0.7525787652090798,-0.8031164690319645,0.0117516801497335,0.999611297393617,0.3847542251724138,0.2978723404255319,0.00017735346083333335,0.0001987129195238095,0.0006373452639285714,0.00012391487423809525,0.010284706624999999,0.0003051141607142857,0.00019576564892857145,2.2127659574468086,2.2127659574468086,2.2127659574468086,2.2127659574468086,2.2127659574468086,2.2127659574468086,2.2127659574468086
2024-10-06 02:00:33.526315520,-0.8177978990212864,-0.7950667066409981,0.0108417018056106,0.999611297393617,0.3847542251724138,0.2978723404255319,0.00017735346083333335,0.0001987129195238095,0.0006373452639285714,0.00012391487423809525,0.010284706624999999,0.0003051141607142857,0.00019576564892857145,2.2127659574468086,2.2127659574468086,2.2127659574468086,2.2127659574468086,2.2127659574468086,2.2127659574468086,2.2127659574468086
2024-10-06 05:10:35.473684224,-0.8763930407957332,-0.7975418193528742,0.0056966166748784,0.999611297393617,0.3847542251724138,0.2978723404255319,0.00017735346083333335,0.0001987129195238095,0.0006373452639285714,0.00012391487423809525,0.010284706624999999,0.0003051141607142857,0.00019576564892857145,2.2127659574468086,2.2127659574468086,2.2127659574468086,2.2127659574468086,2.2127659574468086,2.2127659574468086,2.2127659574468086
2024-10-06 08:09:11.571428864,-0.7447599566396548,-0.7600629466323375,0.0062224081021497,0.999611297393617,0.3847542251724138,0.2978723404255319,0.00017735346083333335,0.0001987129195238095,0.0006373452639285714,0.00012391487423809525,0.010284706624999999,0.0003051141607142857,0.00019576564892857145,2.2127659574468086,2.2127659574468086,2.2127659574468086,2.2127659574468086,2.2127659574468086,2.2127659574468086,2.2127659574468086
2024-10-06 11:27:07.588235520,-0.726717140698554,-0.7514466867341222,0.0196515279386593,0.9989996740425533,0.3784027460000001,0.3829787234042553,0.00017356611263736262,0.0001871585821978022,0.0006062605996703295,0.00011934314609890111,0.009995780560439559,0.00029261545065934066,0.00019024341307692313,2.0638297872340425,2.0638297872340425,2.0638297872340425,2.0638297872340425,2.0638297872340425,2.0638297872340425,2.0638297872340425
2024-10-06 14:30:41.157894656,-0.7689341793712856,-0.7464101927437493,0.0225036125616393,0.9989996740425533,0.3784027460000001,0.3829787234042553,0.00017356611263736262,0.0001871585821978022,0.0006062605996703295,0.00011934314609890111,0.009995780560439559,0.00029261545065934066,0.00019024341307692313,2.0638297872340425,2.0638297872340425,2.0638297872340425,2.0638297872340425,2.0638297872340425,2.0638297872340425,2.0638297872340425
2024-10-06 17:29:27.874999808,-0.8417428377385932,-0.7324565129971082,0.0201676644679935,0.9989996740425533,0.3784027460000001,0.3829787234042553,0.00017356611263736262,0.0001871585821978022,0.0006062605996703295,0.00011934314609890111,0.009995780560439559,0.00029261545065934066,0.00019024341307692313,2.0638297872340425,2.0638297872340425,2.0638297872340425,2.0638297872340425,2.0638297872340425,2.0638297872340425,2.0638297872340425
2024-10-06 20:46:07.923077120,-0.6066421795683823,-0.700207117625919,0.0179268225209133,0.9989996740425533,0.3784027460000001,0.3829787234042553,0.00017356611263736262,0.0001871585821978022,0.0006062605996703295,0.00011934314609890111,0.009995780560439559,0.00029261545065934066,0.00019024341307692313,2.0638297872340425,2.0638297872340425,2.0638297872340425,2.0638297872340425,2.0638297872340425,2.0638297872340425,2.0638297872340425
2024-10-07 00:00:46.947368448,-0.6274541815645307,-0.6761303413935404,0.0256899624082801,0.9989996740425533,0.3784027460000001,0.3829787234042553,0.00017356611263736262,0.0001871585821978022,0.0006062605996703295,0.00011934314609890111,0.009995780560439559,0.00029261545065934066,0.00019024341307692313,2.0638297872340425,2.0638297872340425,2.0638297872340425,2.0638297872340425,2.0638297872340425,2.0638297872340425,2.0638297872340425
2024-10-07 03:05:48.777777664,-0.7072503192957242,-0.6668533886686925,0.0236681141474368,0.9989244101058202,0.37748624021164023,0.0,0.0001731169777248677,0.00018562281894179893,0.0006079139988888889,0.00011910263485714285,0.009983723185185185,0.0002922514797354497,0.00019282717195767197,0.0,0.0,0.0,0.0,0.0,0.0,0.0
2024-10-07 06:06:24.000000000,-0.6922147813015158,-0.6510051325615854,0.017864949206312,0.9988511618617022,0.3766286681914893,0.0,0.00017067395393617022,0.0001833426329787234,0.0006044277818085107,0.00011826375679787232,0.00988502492287234,0.00029092747255319147,0.00019168334117021277,0.0,0.0,0.0,0.0,0.0,0.0,0.0
2024-10-07 09:12:18.285714176,-0.5861484824550303,-0.6090521502465107,0.0144260828188057,0.9987756596276596,0.37694345145985403,1.1914893617021276,0.00016166602290948904,0.00017717035479999997,0.0005747394861313869,0.00011492736827007301,0.009506140418978102,0.0002835862908029197,0.00018412380455474454,1.1914893617021276,1.2234042553191489,1.1914893617021276,1.1914893617021276,1.1914893617021276,1.1914893617021276,1.1914893617021276
2024-10-07 12:30:54.526315520,-0.5280689705482473,-0.5930236842097859,0.0244046580425598,0.9986950588359789,0.37562078894179896,0.0,0.0001684908351322751,0.00018259400222222225,0.0005960993380423281,0.000114841635984127,0.009830830936507938,0.0002863142601058201,0.00018559978613756615,0.0,0.0,0.0,0.0,0.0,0.0,0.0
2024-10-07 15:40:56.526316032,-0.6432245661749221,-0.5814091985328548,0.0262087748455068,0.9986178885714284,0.3751529342857143,0.0,0.00016785116936507936,0.00018358700492063495,0.000596680904920635,0.00011701147359788359,0.009844185224867727,0.0002876602502116402,0.0001866167338624339,0.0,0.0,0.0,0.0,0.0,0.0,0.0
2024-10-07 18:40:58.416666624,-0.6262998744073229,-0.5528678889873947,0.0244573924583524,0.9985447621693121,0.3758565286170213,0.021164021164021163,0.00017132857920212766,0.00018478680994680848,0.0006128816871808511,0.00012501228511170213,0.009941062367021278,0.00030094698319148934,0.0002003618846276596,0.021164021164021163,0.021164021164021163,0.021164021164021163,0.021164021164021163,0.021164021164021163,0.021164021164021163,0.021164021164021163
2024-10-07 21:51:00.263158016,-0.4641659969029206,-0.515174721464651,0.0261712591248804,0.9984675535449735,0.374852202513369,0.042328042328042326,0.000174159274171123,0.00018891973540106953,0.000617587751657754,0.00012295951539572194,0.00996914832620321,0.00029705427395721926,0.00019534437818181816,0.042328042328042326,0.042328042328042326,0.042328042328042326,0.042328042328042326,0.042328042328042326,0.042328042328042326,0.042328042328042326
2024-10-08 01:01:02.210525952,-0.4623859852378587,-0.4866749247965775,0.0326250729771677,0.9983903473544974,0.37321012666666664,0.0,0.0001691462033333333,0.00018430230740740746,0.0006056807470370371,0.0001177378654021164,0.00989822503968254,0.00028910238296296295,0.00018707370888888892,0.0,0.0,0.0,0.0,0.0,0.0,0.0
2024-10-08 04:11:04.157894912,-0.5229238104721503,-0.4781884709433687,0.0315078384263425,0.9983131112169312,0.372630858941799,0.0,0.0001667252986243386,0.00018036219423280423,0.0005997508504761905,0.00011684962789947092,0.00986519571957672,0.00028876151603174604,0.00018663734306878304,0.0,0.0,0.0,0.0,0.0,0.0,0.0
2024-10-08 07:12:16.529411584,-0.4503785333865835,-0.4443828213015561,0.027035813926697,0.9982393115425532,0.37457520098265895,0.3776595744680851,0.00016263640692196533,0.00017665916483593024,0.0005957161546820809,0.0001179645253468208,0.009720250715028902,0.00029191368132947974,0.00018804786965317922,0.3776595744680851,0.39361702127659576,0.3776595744680851,0.3776595744680851,0.3776595744680851,0.3776595744680851,0.3776595744680851
2024-10-08 10:29:07.933332992,-0.3529762735968234,-0.4031199467428021,0.0245059806960843,0.9981593995238096,0.37228752469512194,0.582010582010582,0.00016274882895548782,0.00017806187005914637,0.0005855992501829269,0.00011527295563414634,0.009623421164634145,0.0002855258953658537,0.00018533220435365853,0.582010582010582,0.582010582010582,0.582010582010582,0.582010582010582,0.582010582010582,0.582010582010582,0.582010582010582
2024-10-08 13:31:09.842105088,-0.329650312442368,-0.3880447479588724,0.0243941924424244,0.9980853727513227,0.3709970814285714,0.0,0.0001638457497883598,0.00017793731248677246,0.000585947494074074,0.00011457808496825399,0.00969307951058201,0.00028299767661375656,0.0001836706210582011,0.0,0.0,0.0,0.0,0.0,0.0,0.0
2024-10-08 16:37:51.722222336,-0.4516908858693682,-0.3786402418374956,0.0188857105234026,0.998009302063492,0.3701415935978836,0.0,0.0001631498608994709,0.0001748153091005291,0.0005827832867195767,0.00011458617786772488,0.009661763423280423,0.0002827437227513228,0.00018565610666666663,0.0,0.0,0.0,0.0,0.0,0.0,0.0
2024-10-08 19:53:26.999999744,-0.3389737193986093,-0.3538235547801997,0.0121331874625819,0.9979297646276596,0.3703812603763441,0.0425531914893617,0.00016394826322580646,0.00017304090032258066,0.0005874295219892473,0.00011780048958602152,0.009699300663978495,0.000286965497688172,0.00018733418913978496,0.0425531914893617,0.0425531914893617,0.0425531914893617,0.0425531914893617,0.0425531914893617,0.0425531914893617,0.0425531914893617
2024-10-08 23:01:15.631579136,-0.254934003378537,-0.3278296749332854,0.0132462685797728,0.9978532720212765,0.36844617037234034,0.0,0.00016290618606382975,0.00017176388452127658,0.0005791895636170214,0.00011698372815957445,0.009625316029255319,0.00028350787117021275,0.00018493098654255314,0.0,0.0,0.0,0.0,0.0,0.0,0.0
2024-10-09 02:11:17.526315776,-0.3284892078475536,-0.3210188972110978,0.0135607454135547,0.9977759618085106,0.37245258723404256,0.0,0.0001714383704787234,0.00018263422946808512,0.0006564077419680852,0.00013565099929787233,0.010016323960106382,0.0003426216405319149,0.00021606727867021276,0.0,0.0,0.0,0.0,0.0,0.0,0.0
2024-10-09 05:16:19.444444416,-0.3777454301454668,-0.3236419845443758,0.0106921807288974,0.9977006761702127,0.36862123297872346,0.0,0.0001652539394148936,0.000180007842393617,0.0006089847686702127,0.00011879477449468085,0.009772952462765959,0.000295389887393617,0.00018706983404255317,0.0,0.0,0.0,0.0,0.0,0.0,0.0
2024-10-09 08:12:01.266666496,-0.2995736269564872,-0.2962584640807601,0.007914957808318,0.9976292552380953,0.36783077048611107,1.0634920634920635,0.00015550868341944444,0.0001697878766604895,0.0005646949191666667,0.0001132427882013889,0.00928862434375,0.00028063537423611107,0.00018270019385416666,1.0634920634920635,1.0793650793650793,1.0634920634920635,1.0634920634920635,1.0634920634920635,1.0634920634920635,1.0634920634920635
2024-10-09 11:44:43.466666752,-0.2164336147643553,-0.2793104910219818,0.0116764533459075,0.9975427748404256,0.36705707741935484,0.0425531914893617,0.00016278482112903227,0.00017514242268817202,0.0005794003106451613,0.0001163141415,0.009525044112903227,0.0002838745419892473,0.00018572098833333334,0.0425531914893617,0.0425531914893617,0.0425531914893617,0.0425531914893617,0.0425531914893617,0.0425531914893617,0.0425531914893617
2024-10-09 14:41:25.157894912,-0.2916792740971345,-0.2815775913270057,0.0139726663094099,0.9974707418617023,0.3670287964893617,0.0,0.00016174211675531916,0.0001726046534574468,0.0005813294761702129,0.00011852367267021279,0.009563960643617022,0.00028617168356382983,0.00019002226563829788,0.0,0.0,0.0,0.0,0.0,0.0,0.0
2024-10-09 17:48:40.277777664,-0.35325809844187,-0.2801617627655952,0.0077854209681741,0.9973946419148936,0.36625187781914886,0.0,0.00015954423515957447,0.00016942614515957444,0.0005767647687234043,0.00011691535952127662,0.009530893667553192,0.0002842861419680851,0.0001870645789361702,0.0,0.0,0.0,0.0,0.0,0.0,0.0
2024-10-09 21:01:28.866666752,-0.2052392016968269,-0.2639204463908856,0.0028926606860191,0.9973160995212766,0.36535016520270275,0.851063829787234,0.00015912808716216217,0.00016898782641891892,0.0005763780937837838,0.00011863919974324325,0.009526817067567566,0.00028316430668918916,0.00018635330743243243,0.851063829787234,0.851063829787234,0.851063829787234,0.851063829787234,0.851063829787234,0.851063829787234,0.851063829787234
2024-10-10 00:01:30.736842240,-0.1864419618696047,-0.2513884760104979,0.0050638658294114,0.9972428410638298,0.36486897159574466,0.0,0.00016022858420212767,0.00016961168228723402,0.0005843183645212766,0.00011972019554255319,0.009541401340425531,0.00028410623776595743,0.0001890403779787234,0.0,0.0,0.0,0.0,0.0,0.0,0.0
2024-10-10 03:01:32.529411840,-0.2753379061237524,-0.2629074334370468,0.0033957205604034,0.9971695889361702,0.3642227940223464,0.19148936170212766,0.00015925349653631284,0.00016943043905027932,0.0005757691280446929,0.00011669301974860336,0.009495656223463687,0.00027952647860335193,0.00018308162553072623,0.19148936170212766,0.19148936170212766,0.19148936170212766,0.19148936170212766,0.19148936170212766,0.19148936170212766,0.19148936170212766
2024-10-10 06:22:09.941176576,-0.3157467507948581,-0.2619738551175096,-0.0003599085468872,0.9970880132804233,0.3639452907407408,0.0,0.00015936620851851848,0.00016921420947089944,0.00057213921994709,0.00011765839364021164,0.00940315033862434,0.0002789815540740741,0.0001831249324338624,0.0,0.0,0.0,0.0,0.0,0.0,0.0
2024-10-10 09:23:36.533333504,-0.2315735827730805,-0.2357084586728572,0.00170669282125,0.9970141785638299,0.3643383752054794,1.0053191489361701,0.00015281722898356163,0.00016242742304863018,0.0005480307973972603,0.00011363242943150686,0.00907418576369863,0.0002733989293835616,0.00017728099479452056,1.0053191489361701,1.0053191489361701,1.0053191489361701,1.0053191489361701,1.0053191489361701,1.0053191489361701,1.0053191489361701
2024-10-10 12:36:38.444444672,-0.1867858935329991,-0.2230916140659928,0.0138471881317732,0.9969356762234043,0.36398513063829796,0.0,0.00016052229537234043,0.00016865257430851062,0.0005718710599468084,0.00011340271385106383,0.009401716882978722,0.0002760810365957447,0.0001777638696276596,0.0,0.0,0.0,0.0,0.0,0.0,0.0
2024-10-10 15:41:40.368420864,-0.3201042316032954,-0.2127291077740854,0.0255621397363758,0.9968604383510637,0.36395968904255316,0.0,0.00016032763808510636,0.00016785466797872338,0.000569991165,0.00011329351339361701,0.009407518989361702,0.0002763558567021277,0.00017849561659574468,0.0,0.0,0.0,0.0,0.0,0.0,0.0
2024-10-10 18:42:22.133333248,-0.2832770692212989,-0.1847794778575588,0.0329405979338418,0.9967868426595746,0.3633935270967742,0.0425531914893617,0.00015858901478494624,0.00016529813010752689,0.0005662385583333333,0.00011258122618817205,0.009390931413978494,0.00027577318634408604,0.00017683303053763437,0.0425531914893617,0.0425531914893617,0.0425531914893617,0.0425531914893617,0.0425531914893617,0.0425531914893617,0.0425531914893617
2024-10-10 22:01:44.157894912,-0.1168695304399989,-0.1402788268912647,0.0399958975730233,0.9967059436702128,0.36324092750000003,0.0,0.00015760119250000004,0.0001631961673404255,0.0005662389513829787,0.00011314028126063832,0.009398367571808511,0.000276544845106383,0.00017794856909574466,0.0,0.0,0.0,0.0,0.0,0.0,0.0
2024-10-11 01:11:46.105263360,-0.0916876002350477,-0.1019920666529022,0.0492737403337685,0.9966287089361702,0.36346159324468086,0.0,0.00015855580579787233,0.00016385612489361703,0.0005688324398404255,0.00011315228673936171,0.009432266941489362,0.00027689203420212767,0.00017845073542553192,0.0,0.0,0.0,0.0,0.0,0.0,0.0
2024-10-11 04:16:47.999999744,-0.0931794052424379,-0.0816922208511591,0.0487345737827998,0.9965535373404255,0.36346134196808505,0.0,0.00015690154468085105,0.00016219573771276597,0.0005656616219148937,0.00011377811689893619,0.009403721273936171,0.00027609309430851064,0.00017745838781914894,0.0,0.0,0.0,0.0,0.0,0.0,0.0
2024-10-11 07:11:49.687499776,-0.023791236875013,-0.0321788190449928,0.0426808132536791,0.9964822450793651,0.36361231842696634,0.291005291005291,0.00015240932425,0.00015765139038531072,0.0005524108396067416,0.00011119386556179775,0.00919439510730337,0.0002728776943258427,0.00017433049280898876,0.291005291005291,0.30687830687830686,0.291005291005291,0.291005291005291,0.291005291005291,0.291005291005291,0.291005291005291
2024-10-11 10:33:11.733333504,0.0847591079017888,0.0182723060898158,0.0352867508081184,0.996400618095238,0.36388982425287353,0.36507936507936506,0.00015264606982325714,0.0001574440426031609,0.0005528925271428572,0.0001116720997657143,0.009186380527999999,0.00027308936885714287,0.00017433978822857142,0.3492063492063492,0.36507936507936506,0.3492063492063492,0.3492063492063492,0.3492063492063492,0.3492063492063492,0.3492063492063492
2024-10-11 13:41:53.736842240,0.113007259372182,0.0404042974768306,0.0282946701608551,0.9963238913227513,0.36399893439153436,0.0,0.00015617295190476188,0.00016094386947089947,0.0005661443919047619,0.0001134361169206349,0.00938539324867725,0.0002771479891534391,0.00017775725063492063,0.0,0.0,0.0,0.0,0.0,0.0,0.0
2024-10-11 16:44:16.764705792,-0.0040872813173109,0.0544749844683944,0.0169232976990116,0.9962498273404254,0.3647686767021276,0.0,0.0001577847914893617,0.00016455443074468083,0.0005785279844680852,0.00011708944855851062,0.009476586359042555,0.00028444965680851067,0.00018006453452127654,0.0,0.0,0.0,0.0,0.0,0.0,0.0
2024-10-11 20:02:40.500000512,0.1255163846522009,0.0745226958685078,0.0068037660824548,0.9961695028723404,0.36421312010752693,0.0425531914893617,0.00015630826650537636,0.00016254082892473115,0.0005707973843010753,0.00011534825600537634,0.00945475755107527,0.00028007513462365594,0.0001784935054301075,0.0425531914893617,0.0425531914893617,0.0425531914893617,0.0425531914893617,0.0425531914893617,0.0425531914893617,0.0425531914893617
2024-10-11 23:01:59.473684224,0.1707830569919792,0.0933528518043797,0.0033547697324498,0.996096717089947,0.36319437386243386,0.0,0.00015664769894179893,0.00016122245158730158,0.0005668747284656085,0.0001147784871904762,0.009417266865079365,0.00027895378238095237,0.00017983967947089946,0.0,0.0,0.0,0.0,0.0,0.0,0.0
2024-10-12 02:12:01.368420864,0.0823183920431347,0.0910729953993406,0.0006977943040377,0.9960197171957672,0.36282774411764707,0.042328042328042326,0.00015589125417112302,0.00016118761229946523,0.0005659645245989303,0.00011411151529946525,0.00940708398395722,0.0002780185352941176,0.00018049942764705883,0.042328042328042326,0.042328042328042326,0.042328042328042326,0.042328042328042326,0.042328042328042326,0.042328042328042326,0.042328042328042326
2024-10-12 05:22:03.263158016,0.0349485826890259,0.0780706085238496,-0.0038134982253306,0.9959427373544975,0.36289905962962965,0.0,0.00015627578333333333,0.0001620304770899471,0.0005665690740740741,0.00011410129851851852,0.009394095817460318,0.00027716981883597886,0.0001799068056613757,0.0,0.0,0.0,0.0,0.0,0.0,0.0
2024-10-12 08:22:45.200000256,0.0872499973585831,0.094043939451669,-0.0065531831448131,0.9958696385106383,0.3634871972903226,0.8138297872340425,0.00014917988836,0.00015579237226,0.0005455335376129033,0.00011257462493548385,0.00906348364580645,0.0002728400166709677,0.00017681533707096774,0.8138297872340425,0.8138297872340425,0.8138297872340425,0.8138297872340425,0.8138297872340425,0.8138297872340425,0.8138297872340425
2024-10-12 11:47:07.222222336,0.1456801665478337,0.0961487724357033,-0.0005694165743127,0.9957868592592592,0.3639345621164021,0.0,0.00015597899174603174,0.0001640124071428571,0.0005673221606878308,0.00011586799048677248,0.009397491949735451,0.0002793017171957672,0.00017998777465608464,0.0,0.0,0.0,0.0,0.0,0.0,0.0
2024-10-12 14:47:08.999999744,0.0642404002564376,0.0800033976152007,0.0009385012168271,0.9957140354497354,0.3635481561904762,0.0,0.00015685230026455028,0.0001651394603703704,0.0005669868512698413,0.00011481501946031746,0.009405049113756614,0.00027878733481481483,0.00017960657952380952,0.0,0.0,0.0,0.0,0.0,0.0,0.0
2024-10-12 17:32:10.600000256,-0.0040142225072372,0.0729862540921304,-0.002924535732825,0.9956473146560846,0.3632084770899471,0.0,0.0001578067131746032,0.00016677011412698413,0.000570696801005291,0.000113972032984127,0.009421975907407407,0.00027923277518518517,0.0001808973464021164,0.0,0.0,0.0,0.0,0.0,0.0,0.0
2024-10-12 21:07:50.375000064,0.1396726970330633,0.0766194337828475,-0.0064502786288604,0.9955600201587301,0.3624263366473988,0.3386243386243386,0.00015822548543859648,0.00016586967520467838,0.000572119430116959,0.00011441495069590644,0.009428223257309942,0.00027900234754385967,0.00018265810900584795,0.38095238095238093,0.38095238095238093,0.38095238095238093,0.38095238095238093,0.38095238095238093,0.38095238095238093,0.38095238095238093
2024-10-13 00:12:14.736841984,0.14445988150851,0.079828356240278,-0.0029303406180417,0.9954854913829788,0.3623030952150537,0.0425531914893617,0.00015768649096774195,0.00016548197408602152,0.0005701881788709677,0.00011567885261290324,0.009433526779569892,0.00027860738725806453,0.00018169289252688173,0.0425531914893617,0.0425531914893617,0.0425531914893617,0.0425531914893617,0.0425531914893617,0.0425531914893617,0.0425531914893617
2024-10-13 03:22:16.684210432,0.0254746836074559,0.0609169267077049,-0.0043994267914522,0.9954087909574469,0.3618343990425532,0.0,0.00015718797808510638,0.00016499471196808511,0.0005660845283510638,0.00011561863940957449,0.009403968829787234,0.00027773323744680853,0.0001801303820212766,0.0,0.0,0.0,0.0,0.0,0.0,0.0
2024-10-13 06:22:18.529411840,0.0191641003355016,0.0561249595398925,-0.0067760860598298,0.9953361805319149,0.361811292287234,0.0,0.0001578700107446808,0.0001655869918085106,0.0005694557956382979,0.00011577354540957446,0.009354017704787233,0.0002796947335638298,0.00018137504180851065,0.0,0.0,0.0,0.0,0.0,0.0,0.0
2024-10-13 09:14:00.000000000,,0.0682708562456089,-0.0085094253434694,0.9952670421164023,0.3623352763190184,0.6666666666666666,0.00014830192476625765,0.0001564033851962963,0.0005419752487116564,0.00011305096717177916,0.00899345024969325,0.00027237919674846626,0.0001764207658282209,0.6666666666666666,0.6825396825396826,0.6666666666666666,0.6666666666666666,0.6666666666666666,0.6666666666666666,0.6666666666666666
2024-10-13 12:43:41.599999488,0.1161302994754578,0.0595226892462379,-0.0030480494249739,0.9951826435106382,0.361750969680851,0.0,0.00015544936037234042,0.0001625571589893617,0.0005622295540425532,0.00011402927801063829,0.009346378015957446,0.00027641545521276594,0.00018176588909574466,0.0,0.0,0.0,0.0,0.0,0.0,0.0
2024-10-13 15:52:24.368421120,-0.024522699245324,0.0444958488729475,0.0006764251903926,0.9951065595212767,0.3615646001063829,0.0,0.00015515183914893618,0.00016148877127659573,0.0005618463113829787,0.00011476548170744682,0.009358230470744681,0.00027706490010638297,0.00018391492861702128,0.0,0.0,0.0,0.0,0.0,0.0,0.0
2024-10-13 18:53:26.200000000,0.021112695746126,0.0431233987138296,-0.0030002196949018,0.9950337510638297,0.36122680130434776,0.0851063829787234,0.00015520076135869563,0.00016086910755434784,0.0005624616074456521,0.00011580335999999999,0.009373005100543478,0.00027771298429347827,0.00018421214739130438,0.0851063829787234,0.0851063829787234,0.0851063829787234,0.0851063829787234,0.0851063829787234,0.0851063829787234,0.0851063829787234
2024-10-13 22:07:28.111111168,0.1052988478442102,0.0490340622180395,-0.003047716349125,0.9949557699468085,0.3605849914516128,0.0425531914893617,0.000153823641344086,0.00016100668521505377,0.0005595601774731183,0.00011551048471505376,0.009360458188172043,0.0002758017024731183,0.00018413478887096773,0.0425531914893617,0.0425531914893617,0.0425531914893617,0.0425531914893617,0.0425531914893617,0.0425531914893617,0.0425531914893617
2024-10-14 01:12:30.052631296,0.060939194038724,0.0481648325291719,-0.0007772835093296,0.9948814662765958,0.3598202798404256,0.0,0.00015327506106382977,0.00015953584505319147,0.0005582393420744681,0.00011561064899468083,0.009343771066489362,0.0002763930602127659,0.00018274571180851063,0.0,0.0,0.0,0.0,0.0,0.0,0.0
2024-10-14 04:25:18.666666752,0.0092183181488962,0.0280488203648019,-0.0026520707660087,0.9948040122340425,0.3590192588829787,0.0,0.00015183188058510638,0.00015831877441489363,0.0005547102632446809,0.00011520371856914893,0.009299943877659575,0.0002741829256914894,0.0001813714260638298,0.0,0.0,0.0,0.0,0.0,0.0,0.0
2024-10-14 07:20:25.071428096,0.0131226321753956,0.033262372083685,-0.0074096676761977,0.9947338401595744,0.35876730567415727,0.2765957446808511,0.0001457101716724719,0.00015192537603792136,0.0005369517900561797,0.00011268546196067415,0.009039433015730338,0.0002698861218539326,0.00018089631882022475,0.2765957446808511,0.2765957446808511,0.2765957446808511,0.2765957446808511,0.2765957446808511,0.2765957446808511,0.2765957446808511
2024-10-14 10:44:28.312500224,0.0723600718733905,0.0406957747979137,-0.0047720774982944,0.9946521096276596,0.3585123234574468,0.015957446808510637,0.0001504400240957447,0.00015753862287234044,0.0005483566894148936,0.00011239258139361702,0.009134335880319148,0.00027332172574468086,0.00018308227510638298,0.015957446808510637,0.015957446808510637,0.015957446808510637,0.015957446808510637,0.015957446808510637,0.015957446808510637,0.015957446808510637
2024-10-14 13:47:37.666666752,0.0598241327056712,0.0276349481875841,-0.0029181125075477,0.9945788581382979,0.3585752025268817,0.0425531914893617,0.0001502194933870968,0.00015878084053763444,0.0005493579558064516,0.00011382849930645162,0.009259300567204302,0.00027483353268817204,0.00018356739392473117,0.0425531914893617,0.0425531914893617,0.0425531914893617,0.0425531914893617,0.0425531914893617,0.0425531914893617,0.0425531914893617
2024-10-14 16:32:39.400000256,-0.0649138100038726,0.0163192215970992,-0.0047119115841676,0.9945128678723404,0.3577120021505376,0.0425531914893617,0.0001499881567204301,0.00015865130198924733,0.0005463912823118279,0.00011303319962365593,0.009236713018817204,0.0002731428383870968,0.00018086765080645162,0.0425531914893617,0.0425531914893617,0.0425531914893617,0.0425531914893617,0.0425531914893617,0.0425531914893617,0.0425531914893617
2024-10-14 19:57:21.533332992,0.0223992662246246,0.0152015288567844,-0.0064476627455869,0.9944309523404254,0.3570091926630435,0.0851063829787234,0.00014957002353260872,0.00015881514597826087,0.0005473845626630435,0.00011428660061413043,0.00923342783152174,0.00027395486304347824,0.00018116241059782607,0.0851063829787234,0.0851063829787234,0.0851063829787234,0.0851063829787234,0.0851063829787234,0.0851063829787234,0.0851063829787234
2024-10-14 23:12:43.473684224,0.0880133201741841,0.0215127776862686,-0.0029727479501047,0.9943531067553191,0.35669813720430105,0.0425531914893617,0.00014938268596774193,0.00015752814403225806,0.0005471193406989248,0.00011486992661290324,0.00924525251344086,0.00027345863306451614,0.00018033537215053765,0.0425531914893617,0.0425531914893617,0.0425531914893617,0.0425531914893617,0.0425531914893617,0.0425531914893617,0.0425531914893617
2024-10-15 02:22:45.368421120,-0.0122485916487562,0.0113102176561723,-0.0014671898400943,0.9942773230851063,0.35664401776595744,0.0,0.0001493871715957447,0.00015901576856382977,0.0005526416339893616,0.00011570721570744683,0.009286886242021276,0.00027602825388297876,0.00018293516031914894,0.0,0.0,0.0,0.0,0.0,0.0,0.0
2024-10-15 05:27:47.277777920,-0.04090234527564,-0.0033777304065551,-0.003002871420306,0.9942036216489362,0.3563095510106383,0.0,0.00014907607335106382,0.0001585341704787234,0.0005547275569680851,0.00011506327614361704,0.009243532478723403,0.0002759751062234043,0.0001828187450531915,0.0,0.0,0.0,0.0,0.0,0.0,0.0
2024-10-15 08:20:40.499999488,-0.0008409165139369,0.0119133323685029,-0.0030586456948687,0.9941347655851064,0.3561260838829788,0.16489361702127658,0.00013276339931117022,0.00014176326367340428,0.0005051150182978723,0.00011065538073404254,0.008652276493617023,0.00026086568957446805,0.00017096236826595745,0.16489361702127658,0.16489361702127658,0.16489361702127658,0.16489361702127658,0.16489361702127658,0.16489361702127658,0.16489361702127658
2024-10-15 11:52:51.176470528,0.0699238716407535,0.0170427969926992,0.0015919231580672,0.9940502841798944,0.3560365934391534,0.0,0.00014701039746031747,0.00015686840021164023,0.0005523892839153438,0.00011760151446031746,0.009203788211640213,0.00027681596947089947,0.0001825466050793651,0.0,0.0,0.0,0.0,0.0,0.0,0.0
2024-10-15 14:52:53.000000256,-0.0194629683974767,0.004869089268747,0.0049332770009186,0.9939787895238095,0.3558188913756615,0.0,0.00014617390761904764,0.0001567369738095238,0.000551321037989418,0.00011589848212698412,0.009239972515873017,0.0002755620744973545,0.0001801998147089947,0.0,0.0,0.0,0.0,0.0,0.0,0.0
2024-10-15 17:53:49.272727552,-0.0723673998588765,0.0028370754759458,0.0011464165876124,0.9939069786772488,0.35524762624999995,0.10582010582010581,0.00014507143608695654,0.00015521457554347828,0.0005500527453804349,0.00011704113727173913,0.009250459866847827,0.00027442019885869567,0.0001782121555978261,0.10582010582010581,0.10582010582010581,0.10582010582010581,0.10582010582010581,0.10582010582010581,0.10582010582010581,0.10582010582010581
2024-10-15 21:12:56.800000256,0.0727057549716505,0.0103924511474941,-0.0008812711221963,0.9938281133333333,0.3554104593103449,0.9312169312169312,0.00014478238032,0.00015561336616,0.00055240381056,0.000117182499104,0.009282888316,0.00027597383568,0.0001796649036,1.3544973544973544,1.3544973544973544,1.3544973544973544,1.3544973544973544,1.3544973544973544,1.3544973544973544,1.3544973544973544
2024-10-16 00:12:58.684210432,0.068564447842391,0.0184687820343975,0.0022795222607309,0.9937568583597883,0.3560689725142857,0.2962962962962963,0.00014634786759493672,0.00015786825506329113,0.0005611626711392405,0.00011856780532278484,0.009345469898734178,0.00028145199449367095,0.00018006239234177215,0.656084656084656,0.656084656084656,0.656084656084656,0.656084656084656,0.656084656084656,0.656084656084656,0.656084656084656
2024-10-16 03:23:00.631578880,-0.0215500493413856,0.0024127936910392,0.0003641926956693,0.9936817248677248,0.35636112661375663,0.0,0.00014796305253968254,0.00016044168751322752,0.0005707091892063492,0.00012138480216931215,0.00936288847883598,0.00028609524624338624,0.00018481935349206352,0.0,0.0,0.0,0.0,0.0,0.0,0.0
2024-10-16 06:23:02.470588160,-0.0305367157839668,0.0031496252710023,-0.0024750726696301,0.9936106239682541,0.3555962228571429,0.0,0.00014733488724867727,0.0001600857578835979,0.0005566977131746031,0.00011627262585714287,0.009224311216931217,0.0002779761723809524,0.0001789900842328042,0.0,0.0,0.0,0.0,0.0,0.0,0.0
2024-10-16 09:52:10.000000000,0.0270960357682952,0.0200373925544946,-0.0036699660690165,0.9935281677248679,0.3558580448663102,0.09523809523809523,0.00014208891126737966,0.00015129829861497328,0.0005318573032085561,0.00011408152418716577,0.009022343687165774,0.0002733136538502674,0.00017576216540106954,0.09523809523809523,0.09523809523809523,0.09523809523809523,0.09523809523809523,0.09523809523809523,0.09523809523809523,0.09523809523809523
2024-10-16 13:03:06.470588160,0.071846061468193,0.016161913730779,0.0019050009993274,0.9934529058730159,0.3564395356084656,0.0,0.00014722751391534392,0.00015581258375661376,0.0005554609835449736,0.00011657664428571429,0.00926701824074074,0.00027651842322751327,0.0001774575283068783,0.0,0.0,0.0,0.0,0.0,0.0,0.0
2024-10-16 15:58:08.222222336,-0.0745800234494709,0.0069009177949258,0.0042087835545572,0.9933840259788361,0.35656270126984124,0.0,0.00014726340947089945,0.00015756698693121692,0.0005589149972486772,0.00011636852255026456,0.009314222473544973,0.00027686184984126983,0.00018092071264550266,0.0,0.0,0.0,0.0,0.0,0.0,0.0
2024-10-16 18:48:37.090909184,-0.0128314841778092,0.0088831860542705,0.0011304994397174,0.9933169922340426,0.3563761140555556,0.1702127659574468,0.00014761285961111112,0.00015688215405555556,0.0005573679682777777,0.00011508101953333332,0.009322319197222222,0.0002745015409444445,0.00017966493772222223,0.1702127659574468,0.1702127659574468,0.1702127659574468,0.1702127659574468,0.1702127659574468,0.1702127659574468,0.1702127659574468
2024-10-16 22:13:12.000000256,0.079622505692555,0.0162135969193918,-0.0003842393169454,0.993236490531915,0.3559092940462428,0.3191489361702128,0.00014758861479768787,0.00015553391225433527,0.000554420842947977,0.00011441255754335259,0.009306213523121389,0.0002740174941040462,0.00017775980341040463,0.3191489361702128,0.3191489361702128,0.3191489361702128,0.3191489361702128,0.3191489361702128,0.3191489361702128,0.3191489361702128
2024-10-17 01:23:13.947368704,0.0378264455582098,0.0285794276076924,0.0086676249233704,0.9931620075531915,0.355989847819149,0.0,0.00014745458882978724,0.0001555130485106383,0.0005572261388297873,0.00011512160306382979,0.009329274853723403,0.0002768062113297872,0.0001784956385106383,0.0,0.0,0.0,0.0,0.0,0.0,0.0
2024-10-17 04:33:15.842105088,-0.0147845155802883,0.0120313524763749,0.005228774923655,0.993087581861702,0.35616496430851063,0.0,0.00014822915484042555,0.00015637867148936169,0.0005622711371276595,0.0001157756374255319,0.009345733385638298,0.0002779586118085106,0.00017967408617021279,0.0,0.0,0.0,0.0,0.0,0.0,0.0
2024-10-17 07:20:59.000000256,-0.0037096350072829,0.0239796291587721,-0.0005939654557835,0.9930220487301588,0.3568805451851852,0.0,0.00014773082994708995,0.00015561866835978836,0.0005607810694179895,0.00011551312891534393,0.0091900175,0.0002773996107407407,0.00017783781142857141,0.0,0.0,0.0,0.0,0.0,0.0,0.0
2024-10-17 10:38:18.428571392,0.0354369820021247,0.0341235310229358,-2.9291337772493434e-05,0.9929448693617021,0.3570576249468085,0.0,0.00014866239675531914,0.00015691859191489362,0.0005591970417553191,0.0001169129444574468,0.009191540614361702,0.00027566782473404256,0.0001777574179255319,0.0,0.0,0.0,0.0,0.0,0.0,0.0
2024-10-17 14:02:11.000000000,0.1383885119630008,0.0242373723754983,0.0008638596742078,0.9928654491534392,0.35709699455026456,0.0,0.00014794041830687828,0.0001555799698941799,0.0005622285124338624,0.00011784905480423281,0.009331449346560846,0.00027604183354497353,0.0001808496126984127,0.0,0.0,0.0,0.0,0.0,0.0,0.0
2024-10-17 16:43:23.333333248,-0.0770866147136644,0.0152699454369806,-0.002478235511496,0.9928024988297872,0.35655377808510635,0.0,0.00014859140021276598,0.00015800828707446807,0.0005579904934574468,0.00011605176111702127,0.00930715178457447,0.00027283387797872336,0.0001793251487234043,0.0,0.0,0.0,0.0,0.0,0.0,0.0
2024-10-17 20:23:25.562500096,0.0329544666921037,0.01661867021696,-0.0061771697960987,0.992716852180851,0.35560506661290314,0.0425531914893617,0.00014858443693548386,0.00015533611666666668,0.000556054024139785,0.00011558207175268819,0.009279649502688172,0.00027128976779569895,0.00017675723086021507,0.0425531914893617,0.0425531914893617,0.0425531914893617,0.0425531914893617,0.0425531914893617,0.0425531914893617,0.0425531914893617
2024-10-17 23:18:27.333333248,0.0784636325996643,0.0225520188131819,-0.005666406422002,0.9926488088829787,0.3547939691489363,0.0,0.00014848542595744682,0.00015603033781914897,0.0005544754743617022,0.00011551877631382978,0.009264764896276596,0.0002706269859574468,0.00017842463781914895,0.0,0.0,0.0,0.0,0.0,0.0,0.0
2024-10-18 02:23:29.157894656,-0.0093529221343828,0.0140904509473784,-0.0088106026631426,0.9925769599999998,0.3543834768617021,0.0,0.00014858555239361703,0.00015541289053191487,0.0005503106230851064,0.00011505712586170213,0.009238603478723404,0.00026840081053191493,0.00017614560015957444,0.0,0.0,0.0,0.0,0.0,0.0,0.0
2024-10-18 05:33:31.157894656,-0.0428803968884494,-0.0099305901508791,-0.0045785181697539,0.9925032752127659,0.35396591042553194,0.0,0.0001485404190957447,0.00015479528824468083,0.0005487428846808511,0.00011437580466489362,0.009188868098404255,0.00026680728186170215,0.00017444497792553195,0.0,0.0,0.0,0.0,0.0,0.0,0.0
2024-10-18 08:31:24.357143040,-0.002645992560474,0.0033156415020635,-0.006704182862406,0.9924343256382979,0.353620137393617,0.0,0.00014832678382978724,0.00015375763382978724,0.0005450801613297873,0.00011367396454787233,0.008928220625000002,0.00026613188255319146,0.0001727442299468085,0.0,0.0,0.0,0.0,0.0,0.0,0.0
2024-10-18 11:53:34.947368448,0.0496905023587146,0.0053561605781801,-0.0010340476382301,0.9923561795744681,0.35377357601063836,0.0,0.00014828701031914892,0.00015414947930851065,0.0005493639119680851,0.00011476047509574467,0.009149573691489362,0.00026734631117021276,0.00017634541122340424,0.0,0.0,0.0,0.0,0.0,0.0,0.0
2024-10-18 14:58:36.888888832,-0.0407171287901064,-0.0072487274957969,0.0023691403206062,0.9922847038297872,0.3537724614361702,0.0,0.00014855435212765956,0.00015331751484042554,0.0005473060917553192,0.00011201444725,0.009184659228723404,0.00026695663462765956,0.0001769870829255319,0.0,0.0,0.0,0.0,0.0,0.0,0.0
2024-10-18 18:00:42.235293952,-0.0778008579213178,-0.0094289302365003,0.0007453894803963,0.9922144722872341,0.3538586852127659,0.0,0.00014992153904255318,0.00015348473696808512,0.0005515070576063829,0.00011426033795212765,0.0092226645106383,0.0002676205770212766,0.0001771659101595745,0.0,0.0,0.0,0.0,0.0,0.0,0.0
2024-10-18 21:13:40.631578880,0.0421294701628198,-0.0021159093102925,0.0001154820383286,0.992140091861702,0.35339579822580636,0.0425531914893617,0.0001494443565591398,0.00015408692403225807,0.0005495179783333334,0.00011321881045161291,0.009206798970430106,0.0002668136716129032,0.00017633665580645162,0.0425531914893617,0.0425531914893617,0.0425531914893617,0.0425531914893617,0.0425531914893617,0.0425531914893617,0.0425531914893617
2024-10-19 00:23:42.631578880,0.0513191383771527,0.005259838742063,0.0044614183822147,0.9920669778723404,0.3528734362234043,0.0,0.00015034035361702124,0.00015557415914893617,0.0005471999758510638,0.00011507205306914893,0.009164469526595744,0.00026798596127659575,0.00017890928670212766,0.0,0.0,0.0,0.0,0.0,0.0,0.0
2024-10-19 03:33:44.526316032,-0.0349803600661289,-0.0076569969074095,0.0033759165350289,0.9919939481382978,0.3526220151595745,0.0,0.00015061457117021275,0.00015724850292553195,0.0005488220767021277,0.00011596827286702127,0.009176508122340426,0.0002668278098404255,0.00017773058925531912,0.0,0.0,0.0,0.0,0.0,0.0,0.0
2024-10-19 06:38:46.444444672,-0.0289747468007135,-0.0039559197780868,0.000637543030218,0.9919229214361702,0.3526695486170212,0.0,0.0001503857275531915,0.0001570059189893617,0.0005465649278191489,0.00011449902367021279,0.00909422654255319,0.00026732390271276595,0.00018050769829787235,0.0,0.0,0.0,0.0,0.0,0.0,0.0
2024-10-19 09:40:13.999999744,0.022936791447421,0.0150518823346348,0.0009654835763664,0.9918531284042553,0.3522186838829787,0.0,0.000150667700106383,0.0001578990569680851,0.0005422590631382979,0.00011334443934574469,0.008901159271276595,0.0002653408495744681,0.0001810532644148936,0.0,0.0,0.0,0.0,0.0,0.0,0.0
2024-10-19 12:53:50.263157760,0.0637357399107259,0.0159153047184001,0.0055451751808533,0.9917790171428571,0.3523674935449735,0.0,0.0001517149458730159,0.0001590176128042328,0.0005402104505291005,0.00011440560903703703,0.009091452833333333,0.00026526890698412694,0.00018031824513227516,0.0,0.0,0.0,0.0,0.0,0.0,0.0
2024-10-19 16:03:52.105263360,-0.0665610184865386,0.011680913445673,0.0083151154660299,0.9917063375661376,0.35281034328042316,0.0,0.00015158467137566135,0.00015776554687830689,0.0005426638595238095,0.00011544834343386243,0.009142991806878307,0.0002672916167195767,0.0001808926653439153,0.0,0.0,0.0,0.0,0.0,0.0,0.0
2024-10-19 18:59:53.866666496,-0.0074074346262023,0.0170808533354842,0.0045558883731463,0.9916390932804233,0.3532787606951872,0.042328042328042326,0.0001510748398395722,0.00015649477219251338,0.0005433794413368983,0.00011472827296791444,0.009183441187165776,0.00026795330909090915,0.0001808876479144385,0.042328042328042326,0.042328042328042326,0.042328042328042326,0.042328042328042326,0.042328042328042326,0.042328042328042326,0.042328042328042326
2024-10-19 22:18:55.888888832,0.0932693610931778,0.0284381399689992,0.0044619203328257,0.9915631523280424,0.3527790833862434,0.0,0.00015054138291005292,0.00015678112248677248,0.0005410459333862434,0.00011563309333333333,0.009171083941798943,0.00026632783317460316,0.00018062179920634922,0.0,0.0,0.0,0.0,0.0,0.0,0.0
2024-10-20 01:23:57.736841984,0.0499002716167069,0.0332550889010071,0.0065268874137937,0.9914926237037038,0.3527049413227514,0.0,0.00014997904322751324,0.00015689909883597885,0.0005387805777777779,0.00011482685163492063,0.00916832393121693,0.0002655075907936508,0.00018026545507936507,0.0,0.0,0.0,0.0,0.0,0.0,0.0
2024-10-20 04:33:59.736842240,0.0132096169226088,0.0327664323298222,0.0108057911225406,0.9914202923280422,0.35314464650793653,0.0,0.00014989856576719577,0.00015644503925925927,0.0005374298521164021,0.00011512234356084657,0.009161457957671957,0.00026689425920634925,0.00017715466021164022,0.0,0.0,0.0,0.0,0.0,0.0,0.0
2024-10-20 07:34:01.529411584,0.013619098942172,0.0354227223996367,-0.0024995524580248,0.9913518483597886,0.35378899391534396,0.0,0.00015065368026455028,0.00015664450915343916,0.000538087285925926,0.00011378163046560849,0.00901244832010582,0.0002678199677248677,0.00017668959412698413,0.0,0.0,0.0,0.0,0.0,0.0,0.0
2024-10-20 10:54:36.944444416,0.0732408329009217,0.0273920314050554,-0.0137424906086493,0.9912756992021277,0.35494926446808506,0.0,0.00015081803925531915,0.00015793459276595745,0.0005395079495212768,0.00011485546860638297,0.009111001914893618,0.00026906555813829787,0.00017827096526595743,0.0,0.0,0.0,0.0,0.0,0.0,0.0
2024-10-20 13:04:04.999999744,,0.0215539347570875,-0.0073637491442118,0.9912265647619047,0.3554170143386243,0.0,0.00015204188296296295,0.00015869639264550267,0.0005428290687301587,0.00011485194423280422,0.009212153365079365,0.00027033918444444445,0.00017872997142857146,0.0,0.0,0.0,0.0,0.0,0.0,0.0
2024-10-21 12:34:19.272727552,0.0593378307700618,0.0200537282922318,-0.0040119224941823,0.9906938410638298,0.3580885409574468,0.0,0.00015643457824468084,0.00016014153265957444,0.0005518269702659575,0.00011434035593085107,0.009355972329787235,0.000270897084893617,0.00017592000999999997,0.0,0.0,0.0,0.0,0.0,0.0,0.0
2024-10-21 15:04:20.789474048,-0.0426544078582082,0.0143642798078455,-0.0084522082902575,0.9906374475,0.35829317021276597,0.0,0.00015661784771276596,0.00016033488978723403,0.000551666779468085,0.00011524914835638296,0.009378588981382979,0.0002712196515957447,0.00017662704069148938,0.0,0.0,0.0,0.0,0.0,0.0,0.0
2024-10-21 18:02:22.666666240,-0.0796836535774332,0.0072110098831659,-0.0128559473749163,0.9905705885106382,0.3589335251595745,0.0,0.00015763144228723403,0.0001601660031914894,0.0005534750036170213,0.00011549475024468085,0.009416511446808511,0.0002716870747340425,0.00017638585904255317,0.0,0.0,0.0,0.0,0.0,0.0,0.0
2024-10-21 21:24:24.631579136,0.0407264912614664,0.0013500278587217,-0.0064680631369194,0.9904947947340426,0.3592683075806451,0.0425531914893617,0.0001580443605376344,0.00015962591016129032,0.0005557267787096773,0.00011619764625806452,0.009440944932795698,0.000272448475860215,0.0001773009319354839,0.0425531914893617,0.0425531914893617,0.0425531914893617,0.0425531914893617,0.0425531914893617,0.0425531914893617,0.0425531914893617
2024-10-22 00:29:26.500000000,0.0363984134330053,-0.002400390980578,0.0010225811560161,0.9904254807978723,0.359529004680851,0.010638297872340425,0.0001589734010638298,0.00015918434984042552,0.0005545809340957447,0.00011606577403191488,0.009454432170212766,0.0002722554325,0.00017791925755319146,0.010638297872340425,0.010638297872340425,0.010638297872340425,0.010638297872340425,0.010638297872340425,0.010638297872340425,0.010638297872340425
2024-10-22 03:34:28.473684224,-0.0379954194368679,-0.0195624135111466,-1.389909972905612e-05,0.9903562229787235,0.36014015702127655,0.0,0.0001586777094148936,0.0001588477400531915,0.0005565182896276595,0.0001172041737925532,0.00948815420212766,0.00027337824122340427,0.00017890835021276596,0.0,0.0,0.0,0.0,0.0,0.0,0.0
2024-10-22 06:39:30.333332992,-0.0507603303799442,-0.0230774686914464,-0.0055867313599681,0.9902870175531915,0.36100767308510634,0.0,0.00015846151739361703,0.0001588180430851064,0.0005563697212234043,0.00011760388370744681,0.009425334156914893,0.00027476261414893614,0.0001815651229255319,0.0,0.0,0.0,0.0,0.0,0.0,0.0
2024-10-22 10:11:48.909091072,0.0204919946809241,-0.0051847910812499,-0.0033420525267483,0.9902076064550265,0.3618725539153439,0.0,0.00015889827507936508,0.00015864763412698412,0.0005564181874074073,0.00011825511750793651,0.009344040796296296,0.00027703501751322754,0.00018205923809523812,0.0,0.0,0.0,0.0,0.0,0.0,0.0
2024-10-22 13:04:34.263158016,0.0325355622817937,-0.0078476605553166,0.0019469181402191,0.9901432085106383,0.3627196587234042,0.0,0.00015907172202127658,0.00015924137765957447,0.0005601814852659575,0.00011973172005851063,0.009551396090425532,0.00027929667510638296,0.00018487746946808508,0.0,0.0,0.0,0.0,0.0,0.0,0.0
2024-10-22 16:09:36.111111168,-0.0951203720050557,-0.0137930182001153,0.0050166146515882,0.9900742067021276,0.36289896675531913,0.0,0.0001597904549468085,0.00016108852686170212,0.0005647091420212765,0.00011956774344148935,0.009611848611702127,0.00028026381904255323,0.00018595410750000003,0.0,0.0,0.0,0.0,0.0,0.0,0.0
2024-10-22 18:42:24.111111168,-0.0742899044809064,-0.0092196891915692,0.0041302518712029,0.9900171873936171,0.3634774757526882,0.0425531914893617,0.00016043259951612903,0.00016410564360215053,0.0005697189044086022,0.00012044737779569892,0.009662919943548386,0.0002813936904301075,0.00018673083817204303,0.0425531914893617,0.0425531914893617,0.0425531914893617,0.0425531914893617,0.0425531914893617,0.0425531914893617,0.0425531914893617
2024-10-22 22:34:39.823529728,0.0813504449143351,0.0027358841346843,0.0050724996886989,0.9899308100531916,0.36287473324468084,0.010638297872340425,0.00015953387590425533,0.0001651113219680851,0.0005629840199468085,0.00012016841714893617,0.009608971795212766,0.0002779882450531915,0.00018586116877659576,0.010638297872340425,0.010638297872340425,0.010638297872340425,0.010638297872340425,0.010638297872340425,0.010638297872340425,0.010638297872340425
2024-10-23 01:34:41.631578880,0.016760665994866,0.0041433087251966,0.0085803710249422,0.9898638346276595,0.36251508547872346,0.0,0.00015966368271276595,0.00016593671154255322,0.0005613421453723404,0.00012041111374468087,0.009588289138297873,0.00027791448882978723,0.0001850026154255319,0.0,0.0,0.0,0.0,0.0,0.0,0.0
2024-10-23 04:44:43.631579136,-0.0171098053701825,-0.0061260091467577,0.0066776183352591,0.9897932290957445,0.3634330321276596,0.0,0.00016021329723404256,0.00016603966234042555,0.000562681434574468,0.00011921564694148938,0.00958793333244681,0.0002790104144148936,0.00018525230611702128,0.0,0.0,0.0,0.0,0.0,0.0,0.0
2024-10-23 07:44:45.470588160,0.0031645416400465,0.012116275132794,0.0042738344742455,0.9897263987765959,0.3637715848404255,0.0,0.00016159670191489363,0.0001669266225,0.0005630147802659574,0.00011913571336170212,0.009401405882978725,0.00027796220388297873,0.00018490277893617023,0.0,0.0,0.0,0.0,0.0,0.0,0.0
2024-10-23 10:54:47.368420864,0.0568398295563383,0.0319095297516961,0.0031888603035317,0.9896559151595743,0.3655762978191489,0.0,0.00016335119840425532,0.00016772808409574465,0.0005764015946276597,0.00012328213735638297,0.009596198973404255,0.0002857709395212766,0.00019332705675531914,0.0,0.0,0.0,0.0,0.0,0.0,0.0
2024-10-23 14:04:49.368420864,0.0331588159955344,0.0259154607776836,0.0070085561935201,0.9895853093121693,0.36580987719576724,0.0,0.0001637226022222222,0.00017002616640211636,0.0005744354027513228,0.00012293605637037037,0.009657515481481482,0.0002847826264021164,0.00019001872820105823,0.0,0.0,0.0,0.0,0.0,0.0,0.0
2024-10-23 16:59:51.125000192,-0.0598882985657951,0.0251551597377151,0.0051791563521163,0.9895205021693122,0.36607286534391537,0.0,0.00016171147925925924,0.00016976665047619045,0.0005715205168253968,0.00012211483198412698,0.00965414255820106,0.0002824727708465609,0.00018935605999999998,0.0,0.0,0.0,0.0,0.0,0.0,0.0
2024-10-23 20:28:38.187500032,0.0690601865109101,0.033318187769718,0.0037372284051334,0.9894433541489361,0.3663128856081081,0.851063829787234,0.0001633660018918919,0.00017222425986486485,0.0005735585258108109,0.00012086313230405408,0.009665532638513514,0.0002824247539189189,0.0001899779060810811,0.851063829787234,0.851063829787234,0.851063829787234,0.851063829787234,0.851063829787234,0.851063829787234,0.851063829787234
2024-10-23 23:34:55.157894656,0.1038493870892125,0.0481730977569061,0.0081271274779955,0.989374402962963,0.36676841105820096,0.0,0.0001646821366137566,0.00017402653492063492,0.0005768000322222223,0.00012095493208465606,0.009704856097883598,0.0002837087888359788,0.00019048174544973544,0.0,0.0,0.0,0.0,0.0,0.0,0.0
2024-10-24 02:39:56.999999744,0.027403824148223,0.0444870940205153,0.0072155350060758,0.9893060582539682,0.3679616331746031,0.0,0.00016796711936507938,0.00017623609962962963,0.0005916180912698413,0.00013136336024867725,0.009788079976190476,0.0002978851032804233,0.0002127770215873016,0.0,0.0,0.0,0.0,0.0,0.0,0.0
2024-10-24 05:44:58.842105088,0.0099179566351494,0.0405464927341527,0.0031519325305112,0.9892377733862434,0.36901041391534395,0.0,0.00016918485544973542,0.00018547430904761905,0.0006019946257671958,0.00012672372068783067,0.009812409470899472,0.0002932148908465609,0.0001985616071957672,0.0,0.0,0.0,0.0,0.0,0.0,0.0
2024-10-24 08:50:18.411764480,0.0563574469178433,0.0618506282568773,0.0008691951491537,0.98916936,0.3686949298404255,0.0,0.00016395283824468084,0.00018013291776595744,0.0005851353560638298,0.00012363195613297872,0.009540933885638297,0.00028591424670212765,0.00019359869984042556,0.0,0.0,0.0,0.0,0.0,0.0,0.0
2024-10-24 12:15:02.823529472,0.1368587315247396,0.0682700143742067,0.0058022605576563,0.9890939992592592,0.3695410184126984,0.0,0.00016431418232804233,0.00017952629656084657,0.0005824767607407408,0.0001232449502804233,0.009736500793650795,0.0002859476374074074,0.00019247910603174603,0.0,0.0,0.0,0.0,0.0,0.0,0.0
2024-10-24 15:15:04.631579136,0.0236657959288209,0.0634824519644325,0.0082666290190426,0.9890277206878307,0.37029101539682535,0.0,0.00016427617148148145,0.0001793447841269841,0.0005852039655026456,0.00012404376048148148,0.009800849637566137,0.00028628902010582007,0.00019207392798941802,0.0,0.0,0.0,0.0,0.0,0.0,0.0
2024-10-24 18:00:06.400000000,-0.0023065955817287,0.0668041809507889,0.004847872238425,0.988967006825397,0.3711585759259258,0.0,0.00016515474084656087,0.0001810579396825397,0.0005894221491005292,0.00012385569255026456,0.00986334602116402,0.0002872437419047619,0.0001916931847619048,0.0,0.0,0.0,0.0,0.0,0.0,0.0
2024-10-24 21:30:08.499999744,0.1318489211387259,0.0783489034094865,0.0032417720662977,0.988889791904762,0.3721481445989304,0.042328042328042326,0.00016743410994652405,0.0001843469279144385,0.000595397190053476,0.00012498094686631017,0.009938524069518716,0.00028939887331550803,0.00018925259336898396,0.042328042328042326,0.042328042328042326,0.042328042328042326,0.042328042328042326,0.042328042328042326,0.042328042328042326,0.042328042328042326
2024-10-25 00:35:10.368420608,0.1268346615668747,0.087222929688317,0.0052674693598495,0.9888218211111109,0.37273275761904756,0.0,0.00016833360275132273,0.0001835084652910053,0.0005927592996296296,0.00012194161429629629,0.009932578211640211,0.0002898050969312169,0.00019035959714285716,0.0,0.0,0.0,0.0,0.0,0.0,0.0
2024-10-25 03:45:12.368421120,0.0607613254012449,0.0737555370651471,0.0046324040614109,0.9887518818085107,0.37354431675531913,0.0,0.00016857153659574468,0.0001822170579787234,0.0005958415224468085,0.00012180787846808511,0.009959433933510639,0.00029059573968085107,0.00019033287223404254,0.0,0.0,0.0,0.0,0.0,0.0,0.0
2024-10-25 06:50:14.222222336,0.0572993850254306,0.0815039912458372,0.001768015399376,0.9886840106914894,0.37468296723404254,0.0,0.0001685857345744681,0.0001814365259574468,0.0006016323310106383,0.00012297726153723406,0.009911586845744681,0.00029255123409574463,0.0001924430964361702,0.0,0.0,0.0,0.0,0.0,0.0,0.0
2024-10-25 10:10:16.416666624,0.1138204587634277,0.1027524658931926,0.0019455121636544,0.9886106888297873,0.37574073558510646,0.0,0.00016877077473404254,0.00018123606585106384,0.0006035196798404256,0.00012241378034574468,0.00986364058244681,0.00029308006484042554,0.00019170035537234044,0.0,0.0,0.0,0.0,0.0,0.0,0.0
2024-10-25 13:05:18.052631296,0.1362236834273176,0.1025788680110698,0.0062058217212107,0.9885465777659574,0.37650039484042547,0.0,0.00016873688659574466,0.00018235508579787234,0.0006053324751063829,0.00012398633516489362,0.010040111188829788,0.0002946058834042553,0.0001951458644680851,0.0,0.0,0.0,0.0,0.0,0.0,0.0
2024-10-25 16:15:19.947368704,0.0156521979162107,0.0996106941025674,0.00806328640948,0.9884770165425533,0.37758299680851065,0.0,0.0001698718405319149,0.00018354909026595744,0.0006142855798936171,0.00012575070781914894,0.010141988837765957,0.0002987213414893617,0.00019700855063829788,0.0,0.0,0.0,0.0,0.0,0.0,0.0
2024-10-25 19:08:05.181817856,0.0934018835550318,0.1056220581892703,0.0058426995563034,0.988413905079365,0.3774144074866309,0.042328042328042326,0.00017043276524064172,0.00018435062577540107,0.0006142909796791443,0.00012343834271657752,0.010112797467914438,0.00029758393582887704,0.00019693672240641712,0.042328042328042326,0.042328042328042326,0.042328042328042326,0.042328042328042326,0.042328042328042326,0.042328042328042326,0.042328042328042326
2024-10-25 22:45:23.941176320,0.1889296762444701,0.118587264707148,0.006373422492454,0.9883343832446808,0.3775794861702127,0.0,0.00017033482978723403,0.00018554037122340425,0.0006144339801595744,0.0001239236301223404,0.010104737127659575,0.0002978980878723404,0.00019819044702127657,0.0,0.0,0.0,0.0,0.0,0.0,0.0
2024-10-26 01:40:25.666666752,0.13028654019962,0.1227898616210217,0.0081799597492202,0.9882704623404255,0.37880604,0.0,0.0001707734894680851,0.00018614377749999998,0.0006207432398936171,0.00012534275393617022,0.010175631965425532,0.0003003438158510638,0.00019835622686170215,0.0,0.0,0.0,0.0,0.0,0.0,0.0
2024-10-26 04:45:27.631579136,0.1001210963903531,0.116236810845319,0.0062632025547429,0.9882029136702127,0.3796989619148936,0.0,0.00017234212180851065,0.00018685245377659575,0.0006273498106914892,0.0001270111303244681,0.010186638388297871,0.000304387572606383,0.00020200441212765954,0.0,0.0,0.0,0.0,0.0,0.0,0.0
2024-10-26 07:47:29.399999744,0.1148636021815718,0.1375142466752663,0.0039419721133451,0.9881365004255318,0.3834845734042554,0.0,0.00018045886292553193,0.00020191102005319151,0.0006790594445744681,0.00014153028579787233,0.01029136495212766,0.0003352515209042553,0.00022564339851063831,0.0,0.0,0.0,0.0,0.0,0.0,0.0
2024-10-26 11:02:51.333333504,0.1739862436863291,0.159163724437595,0.0103148043027071,0.988065207037037,0.38118211190476176,0.0,0.00017167145624338625,0.00019713097380952383,0.0006385515717460318,0.00012695052957671958,0.010187854108465608,0.0003066663778835978,0.0002015470525396825,0.0,0.0,0.0,0.0,0.0,0.0,0.0
2024-10-26 14:09:39.000000000,0.1516438309882914,0.1636936004300082,0.0174976226691863,0.9879972379255318,0.38157526819148935,0.0,0.00017068603563829784,0.00019520609499999996,0.0006316958164893617,0.00012570434026595745,0.010231670688829788,0.00030346571920212764,0.00020034089170212763,0.0,0.0,0.0,0.0,0.0,0.0,0.0
2024-10-26 17:16:59.285714688,0.0772462264459932,0.1732990116193049,0.0182498103482061,0.9879289501587302,0.38204366666666667,0.0,0.0001718740062962963,0.000197702815978836,0.0006317467661375661,0.0001252127074867725,0.010253701272486773,0.0003028253906349206,0.00019881899629629635,0.0,0.0,0.0,0.0,0.0,0.0,0.0
2024-10-26 20:28:31.882352896,0.2071491203857363,0.1960691879789351,0.0209352288796414,0.9878592447340425,0.38201911602150534,0.0425531914893617,0.00017522303758064518,0.00020001161505376345,0.0006348973739247313,0.00012576706752688173,0.010260471661290323,0.0003021201016129032,0.00019943715682795701,0.0425531914893617,0.0425531914893617,0.0425531914893617,0.0425531914893617,0.0425531914893617,0.0425531914893617,0.0425531914893617
2024-10-26 23:37:37.266666496,0.2882471834159901,0.2240840900449698,0.0255633322496578,0.9877904859574468,0.382299791968085,0.0,0.00017503769925531913,0.0001979516413829787,0.0006339956510106382,0.00012545675481914894,0.01027869632712766,0.0003025478542553191,0.0002000265419148936,0.0,0.0,0.0,0.0,0.0,0.0,0.0
2024-10-27 02:40:39.722222336,0.2296985601761889,0.2354102047851445,0.0248443241399665,0.9877239507446808,0.38318246122340416,0.0,0.0001754743787765957,0.00020002453111702125,0.0006390637688829787,0.00012761811648936172,0.010340337813829786,0.00030496419420212765,0.00020273396271276598,0.0,0.0,0.0,0.0,0.0,0.0,0.0
2024-10-27 06:00:41.874999808,0.2167352409032901,0.2501820360746226,0.0211424668441253,0.9876512834042555,0.3840797731914894,0.0,0.00017669782659574467,0.00020151825180851062,0.0006421585687234042,0.00012602765441489363,0.010321748906914893,0.0003039950240957447,0.00019977553914893618,0.0,0.0,0.0,0.0,0.0,0.0,0.0
2024-10-27 09:01:03.600000000,0.3050526836270251,0.2881809329959234,0.0180014335526114,0.9875857405820104,0.38448772925925934,0.0,0.00017714882486772484,0.00020129949899470897,0.0006382101499470899,0.00012506389105820107,0.010121400880952383,0.00030369556634920634,0.00019933930021164017,0.0,0.0,0.0,0.0,0.0,0.0,0.0
2024-10-27 12:06:23.125000192,0.3669977207758848,0.31236134815095,0.0203549107540993,0.987518417819149,0.3856909142021276,0.0,0.00017787217984042554,0.00020415510563829786,0.0006446510060106383,0.0001262681405319149,0.010339166021276597,0.00030593999526595746,0.00020226359925531917,0.0,0.0,0.0,0.0,0.0,0.0,0.0
2024-10-27 15:15:48.473684224,0.2759212763479013,0.3224871227138806,0.0228132507816136,0.9874496852380953,0.38664480317460315,0.0,0.00018022553444444443,0.00020643376677248677,0.0006487825135449736,0.000127625927989418,0.010416637957671959,0.0003076464826984127,0.0002039923164021164,0.0,0.0,0.0,0.0,0.0,0.0,0.0
2024-10-27 18:14:18.000000000,0.2845903125935933,0.3409570012938161,0.0199768935489212,0.9873849780851062,0.3870643732446809,0.0,0.0001806893342021276,0.00020556694526595746,0.0006479228185106383,0.00012682843223404256,0.010429492867021278,0.00030711012771276596,0.00020257798787234042,0.0,0.0,0.0,0.0,0.0,0.0,0.0
2024-10-27 21:35:52.368421120,0.4192362987377009,0.3756787816570421,0.0221766977082779,0.9873119739682541,0.38743011347593587,0.042328042328042326,0.0001810555903208556,0.00020425731342245992,0.000648901488342246,0.00012770838839572192,0.010458473141711229,0.0003080229763636364,0.00020017107721925138,0.042328042328042326,0.042328042328042326,0.042328042328042326,0.042328042328042326,0.042328042328042326,0.042328042328042326,0.042328042328042326
2024-10-28 00:45:54.263158016,0.4247728567809758,0.3975137938982066,0.0246837903484741,0.987243201058201,0.3877614859259259,0.0,0.0001811807994179894,0.00020553385735449739,0.0006538193591005291,0.00012825554587301587,0.010502729801587302,0.00031116129370370373,0.00019914055042328043,0.0,0.0,0.0,0.0,0.0,0.0,0.0
2024-10-28 03:50:56.166666496,0.3793791544823648,0.4011681768259653,0.0222990091367809,0.9871762600529099,0.38791555222222224,0.0,0.00018082740089947087,0.00020566717148148147,0.000656297491111111,0.00012737185444444446,0.010530025174603174,0.00030955323920634924,0.00019763167164021163,0.0,0.0,0.0,0.0,0.0,0.0,0.0
2024-10-28 06:50:57.999999744,0.3959274673956088,0.4259064792941431,0.0183549555459781,0.9871111525925925,0.3884144246031746,0.0,0.00018074871126984128,0.00020557101269841273,0.000655717027989418,0.00012646775137566138,0.01044544532010582,0.0003091901876190476,0.00019883748301587298,0.0,0.0,0.0,0.0,0.0,0.0,0.0
2024-10-28 10:06:35.176470528,0.5292312641723242,0.4608380821796598,0.0181164922722056,0.987040474787234,0.3890357406914893,0.0,0.00018089129271276592,0.00020448978079787235,0.0006556555807978724,0.00012448746236170215,0.01036095552925532,0.00030977124808510636,0.00019847132867021271,0.0,0.0,0.0,0.0,0.0,0.0,0.0
2024-10-28 13:16:01.894736640,0.5015677937975056,0.4759986307567235,0.02097255390215,0.9869720072486772,0.38976988550264546,0.0,0.00018119074211640212,0.00020372244068783067,0.0006592531953439152,0.0001277189131216931,0.010542847854497354,0.000312211441005291,0.00020235342275132278,0.0,0.0,0.0,0.0,0.0,0.0,0.0
2024-10-28 16:26:03.842105088,0.399887167125712,0.4885266273892437,0.0208054857852999,0.9869033891534391,0.39075681804232804,0.0,0.00018371161206349207,0.00020578294005291003,0.0006759579899999999,0.00013007090746031745,0.010688655412698414,0.0003186113906349206,0.0002035758930687831,0.0,0.0,0.0,0.0,0.0,0.0,0.0
2024-10-28 19:23:57.071428864,0.4985659985615029,0.5138935223078787,0.0196535018004491,0.9868391429100528,0.3902625022994652,0.042328042328042326,0.00018388956663101602,0.00020578134021390372,0.0006704013903208557,0.00012811758967914437,0.010706527224598928,0.00031325101962566845,0.0002010390013903743,0.042328042328042326,0.042328042328042326,0.042328042328042326,0.042328042328042326,0.042328042328042326,0.042328042328042326,0.042328042328042326
2024-10-28 22:36:07.578947328,0.5989747385632427,0.5442128087625394,0.0201501654364051,0.9867698767195768,0.39118974211640206,0.0,0.00018263463296296295,0.00020214977820105822,0.0006706030247619049,0.000128613107989418,0.010720749304232806,0.0003156096248148148,0.00020247905275132274,0.0,0.0,0.0,0.0,0.0,0.0,0.0
2024-10-29 01:46:09.526315520,0.5556812359312744,0.5553131166848037,0.0245631185012314,0.9867013599470899,0.39166777746031745,0.0,0.00018183899402116405,0.0002034427573015873,0.0006680915893121692,0.00012771743238095237,0.010732219544973543,0.0003136036896825397,0.00019969734211640217,0.0,0.0,0.0,0.0,0.0,0.0,0.0
2024-10-29 04:56:11.473684224,0.537524826473657,0.5620216693664652,0.0205264516771336,0.9866328883068782,0.39150079232804236,0.0,0.00018169597671957672,0.0002031483904232804,0.0006662250037566138,0.00012748251433862434,0.010688252253968253,0.0003128009166137566,0.0001984973908465608,0.0,0.0,0.0,0.0,0.0,0.0,0.0
2024-10-29 07:54:04.785714688,0.6076812087500798,0.595083921698151,0.0160436277400322,0.9865687703703704,0.39153807740740737,0.0,0.00018223680666666663,0.0002013586816931217,0.00066364155,0.00012727298042328043,0.010505630484126985,0.0003135257139682539,0.0002000778367195767,0.0,0.0,0.0,0.0,0.0,0.0,0.0
2024-10-29 11:16:55.466666752,0.6688010454875553,0.6244065295250103,0.0191595039656505,0.9864956849735449,0.39163873508287295,0.1693121693121693,0.00018208591872928177,0.00020093146602209947,0.0006618902599447514,0.00012770024607734805,0.010616297820441989,0.00031021674127071824,0.00019914083220994472,0.1693121693121693,0.1693121693121693,0.1693121693121693,0.1693121693121693,0.1693121693121693,0.1693121693121693,0.1693121693121693
2024-10-29 14:16:17.157894656,0.6291340354727026,0.6373410130945181,0.02310542546309,0.9864311002659575,0.3915067606914894,0.0,0.00018111038090425538,0.0001992324353723404,0.0006620938144680852,0.0001272975429787234,0.010668106061170215,0.00031021686510638295,0.00019886948595744676,0.0,0.0,0.0,0.0,0.0,0.0,0.0
2024-10-29 17:17:29.529411584,0.5619447679324594,0.6554822843026059,0.0217412216134562,0.9863660005851065,0.39185935058510635,0.0,0.0001838026165425532,0.00020604776861702127,0.0006662849282446808,0.00012909484244680853,0.010682859300531915,0.00031233065824468086,0.0001995015754787234,0.0,0.0,0.0,0.0,0.0,0.0,0.0
2024-10-29 20:38:01.055555840,0.6974474381108848,0.6868196532044524,0.0228500242802217,0.986293920740741,0.39163540529411767,0.042328042328042326,0.00018472969459893044,0.00020700995716577543,0.0006631017610695187,0.00012823368470588236,0.010657278245989305,0.00031147049283422465,0.00019882581673796791,0.042328042328042326,0.042328042328042326,0.042328042328042326,0.042328042328042326,0.042328042328042326,0.042328042328042326,0.042328042328042326
2024-10-29 23:46:22.947368448,0.7624694690032356,0.7133352496080521,0.0268886154542258,0.9862261831382979,0.39107536085106387,0.0,0.00018458857872340423,0.00020579154569148935,0.0006608349967021276,0.0001281003749468085,0.010639768885638296,0.0003096150368085107,0.00019665280079787234,0.0,0.0,0.0,0.0,0.0,0.0,0.0
2024-10-30 02:51:24.777777664,0.7153850906888124,0.7221192622242951,0.0254788924058971,0.9861597273404257,0.39086285686170213,0.0,0.0001852370140957447,0.00020328130829787235,0.0006570314174999999,0.0001284474040425532,0.01063215432180851,0.00030905622936170215,0.00019614227590425534,0.0,0.0,0.0,0.0,0.0,0.0,0.0
2024-10-30 05:51:26.666667008,0.718952676804065,0.7396220305444293,0.0220327693852387,0.9860951165957446,0.3910227779787233,0.0,0.00018591938132978724,0.00020258375989361697,0.0006589810966489362,0.00012960724409574468,0.010600926768617023,0.0003097132056382979,0.00019712114260638297,0.0,0.0,0.0,0.0,0.0,0.0,0.0
2024-10-30 09:04:56.153846016,0.8195611465902743,0.7763860514219928,0.0174395925199812,0.9860256966666668,0.39220549142857136,0.0,0.00018611259962962964,0.0002031146457142857,0.0006646154277777777,0.00012980509386243384,0.010482649791005291,0.0003139747292063492,0.0001981008835978836,0.0,0.0,0.0,0.0,0.0,0.0,0.0
2024-10-30 12:16:30.526315520,0.8463215763824792,0.7988516269233326,0.019078145824119,0.9859570253191489,0.39295129074468077,0.0,0.00018580374510638296,0.00020543165159574465,0.0006703921314893618,0.00012992803484042551,0.010699424893617021,0.0003156932062765957,0.0002010970266489362,0.0,0.0,0.0,0.0,0.0,0.0,0.0
2024-10-30 15:26:32.526316032,0.7478571590337424,0.8097733431215299,0.0201738518550229,0.9858889311702128,0.3930513770212766,0.0,0.0001867142479255319,0.00020500737122340423,0.0006731721802127659,0.00012805868287234042,0.01075740792819149,0.0003146570089893617,0.00019920632005319147,0.0,0.0,0.0,0.0,0.0,0.0,0.0
2024-10-30 18:29:14.466667008,0.7866589503539103,0.8285716613381865,0.0172946049201092,0.9858233675531916,0.393164109787234,0.0,0.0001865708300531915,0.00020329786925531916,0.0006694843464361703,0.0001283358055851064,0.010730963643617022,0.0003149765672872341,0.0002007936146808511,0.0,0.0,0.0,0.0,0.0,0.0,0.0
2024-10-30 21:36:36.263158016,0.8928209558305298,0.8524730018307752,0.0151925615355442,0.9857564326063831,0.39381371689189193,0.851063829787234,0.0001890638866216216,0.00020661110932432427,0.0006809056696621622,0.00013227135317567568,0.01079991416891892,0.0003228269337162162,0.0002037064135135135,0.851063829787234,0.851063829787234,0.851063829787234,0.851063829787234,0.851063829787234,0.851063829787234,0.851063829787234
2024-10-31 00:46:38.210525952,0.8996376176229433,0.8693210048609785,0.0203645850675911,0.9856883886170213,0.39307288207446817,0.0,0.00019009702531914892,0.0002083517970212766,0.000672172855106383,0.00012920444840425533,0.010760127172872341,0.00031959738686170215,0.0002033852991489362,0.0,0.0,0.0,0.0,0.0,0.0,0.0
2024-10-31 03:56:40.157894912,0.860764914787012,0.870697172943071,0.0177403716450716,0.9856204391489363,0.3930621206914893,0.0,0.00019010254164893617,0.00020626912111702125,0.0006726360238829787,0.00012758625984042552,0.010758313534574468,0.0003189775063297872,0.00020215161888297874,0.0,0.0,0.0,0.0,0.0,0.0,0.0
2024-10-31 06:52:24.785714432,0.8845699546387209,0.895032551873328,0.0139155969168266,0.9855575387765956,0.39313770675531917,0.0,0.00019106227122340426,0.00020606633718085109,0.0006700708039893617,0.00012820279345744683,0.01066730335106383,0.0003171564128191489,0.00019987335085106387,0.0,0.0,0.0,0.0,0.0,0.0,0.0
2024-10-31 10:17:43.900000000,0.9340647412373642,0.9265653189041498,0.0165792169074071,0.9854843024468085,0.39331483632978725,0.0,0.00019135795824468086,0.00020544098707446807,0.0006745027838297873,0.00012897751138297872,0.010621953513297871,0.0003172247547340425,0.00020124107537234043,0.0,0.0,0.0,0.0,0.0,0.0,0.0
2024-10-31 13:16:45.421052416,0.9711931738621048,0.9409007079293904,0.0201187958615084,0.9854203644148937,0.393128389893617,0.0,0.00018974829132978728,0.00020319595845744683,0.0006710000138829788,0.0001294753736170213,0.010718665319148935,0.00031854393234042553,0.00020286660781914894,0.0,0.0,0.0,0.0,0.0,0.0,0.0
2024-10-31 16:22:54.388889088,0.8587070891213102,0.9529256087953526,0.0211442728351187,0.9853537799470898,0.39229074243386236,0.0,0.00018896275555555555,0.00020322829968253965,0.0006665161251322751,0.00012906081592592596,0.010701615246031746,0.00031489436873015874,0.00020061938111111112,0.0,0.0,0.0,0.0,0.0,0.0,0.0
2024-10-31 19:38:29.722222336,0.9668755694060563,0.9777428996607492,0.0222105432531056,0.9852840263297872,0.3924271821505377,0.0425531914893617,0.00019052005215053764,0.00020242945112903225,0.0006692682211827958,0.0001322736109139785,0.010718245948924732,0.00031911861258064513,0.00020358506376344084,0.0425531914893617,0.0425531914893617,0.0425531914893617,0.0425531914893617,0.0425531914893617,0.0425531914893617,0.0425531914893617
2024-10-31 22:46:51.631579136,1.0704538536313066,1.0036891985209688,0.0238023808159331,0.9852207258083832,0.39506548041916173,0.0,0.0001981227784431138,0.0002094888616167664,0.0007242999047904192,0.00014501993898203593,0.010999704332335328,0.0003480325167065868,0.00022916293808383233,0.0,0.0,0.0,0.0,0.0,0.0,0.0
2024-11-01 01:56:53.526315776,1.0218394570576947,1.0214250244359973,0.0240002077724095,0.9852207258083832,0.39506548041916173,0.0,0.0001981227784431138,0.0002094888616167664,0.0007242999047904192,0.00014501993898203593,0.010999704332335328,0.0003480325167065868,0.00022916293808383233,0.0,0.0,0.0,0.0,0.0,0.0,0.0
2024-11-01 05:01:55.444444416,1.0078617254166031,1.0254406367366693,0.0188747975667288,0.9852207258083832,0.39506548041916173,0.0,0.0001981227784431138,0.0002094888616167664,0.0007242999047904192,0.00014501993898203593,0.010999704332335328,0.0003480325167065868,0.00022916293808383233,0.0,0.0,0.0,0.0,0.0,0.0,0.0
2024-11-01 08:01:39.647058944,1.0841205325755825,1.0602260804032224,0.0147360316243568,0.9852207258083832,0.39506548041916173,0.0,0.0001981227784431138,0.0002094888616167664,0.0007242999047904192,0.00014501993898203593,0.010999704332335328,0.0003480325167065868,0.00022916293808383233,0.0,0.0,0.0,0.0,0.0,0.0,0.0
2024-11-01 11:16:59.263158016,1.1180866443806965,1.0892918649143692,0.01817292568147,0.9852207258083832,0.39506548041916173,0.0,0.0001981227784431138,0.0002094888616167664,0.0007242999047904192,0.00014501993898203593,0.010999704332335328,0.0003480325167065868,0.00022916293808383233,0.0,0.0,0.0,0.0,0.0,0.0,0.0
2024-11-01 14:27:01.157894912,1.0936871744726204,1.0992220450930923,0.0213053320962444,0.9852207258083832,0.39506548041916173,0.0,0.0001981227784431138,0.0002094888616167664,0.0007242999047904192,0.00014501993898203593,0.010999704332335328,0.0003480325167065868,0.00022916293808383233,0.0,0.0,0.0,0.0,0.0,0.0,0.0
2024-11-01 17:29:24.176470784,1.0073336845681524,1.1097017896372248,0.0159857906174143,0.9852207258083832,0.39506548041916173,0.0,0.0001981227784431138,0.0002094888616167664,0.0007242999047904192,0.00014501993898203593,0.010999704332335328,0.0003480325167065868,0.00022916293808383233,0.0,0.0,0.0,0.0,0.0,0.0,0.0
2024-11-01 20:43:33.235294208,1.1717760821202887,1.1384665821109554,0.0179686564685596,0.9852207258083832,0.39506548041916173,0.0,0.0001981227784431138,0.0002094888616167664,0.0007242999047904192,0.00014501993898203593,0.010999704332335328,0.0003480325167065868,0.00022916293808383233,0.0,0.0,0.0,0.0,0.0,0.0,0.0
2024-11-01 23:47:06.842105088,1.228467630006378,1.162473051584786,0.024220630722552,0.9852207258083832,0.39506548041916173,0.0,0.0001981227784431138,0.0002094888616167664,0.0007242999047904192,0.00014501993898203593,0.010999704332335328,0.0003480325167065868,0.00022916293808383233,0.0,0.0,0.0,0.0,0.0,0.0,0.0
2024-11-02 02:57:08.789474048,1.1598254752398134,1.1713678309391184,0.0228995372545379,0.9852207258083832,0.39506548041916173,0.0,0.0001981227784431138,0.0002094888616167664,0.0007242999047904192,0.00014501993898203593,0.010999704332335328,0.0003480325167065868,0.00022916293808383233,0.0,0.0,0.0,0.0,0.0,0.0,0.0
2024-11-02 06:12:10.750000128,1.1161571579548877,1.1735329488106332,0.012546509507472,0.9852207258083832,0.39506548041916173,0.0,0.0001981227784431138,0.0002094888616167664,0.0007242999047904192,0.00014501993898203593,0.010999704332335328,0.0003480325167065868,0.00022916293808383233,0.0,0.0,0.0,0.0,0.0,0.0,0.0
2024-11-02 09:17:52.533333504,1.2667448576801803,1.2144476858559743,0.0121654620983046,0.9852207258083832,0.39506548041916173,0.0,0.0001981227784431138,0.0002094888616167664,0.0007242999047904192,0.00014501993898203593,0.010999704332335328,0.0003480325167065868,0.00022916293808383233,0.0,0.0,0.0,0.0,0.0,0.0,0.0
2024-11-02 12:22:14.444444672,1.300178757840058,1.2381909041092043,0.0200106524898899,0.9852207258083832,0.39506548041916173,0.0,0.0001981227784431138,0.0002094888616167664,0.0007242999047904192,0.00014501993898203593,0.010999704332335328,0.0003480325167065868,0.00022916293808383233,0.0,0.0,0.0,0.0,0.0,0.0,0.0
2024-11-02 15:27:16.368420864,1.198139658569687,1.2533879872188498,0.0276704112402531,0.9852207258083832,0.39506548041916173,0.0,0.0001981227784431138,0.0002094888616167664,0.0007242999047904192,0.00014501993898203593,0.010999704332335328,0.0003480325167065868,0.00022916293808383233,0.0,0.0,0.0,0.0,0.0,0.0,0.0
2024-11-02 18:31:58.199999744,1.1131732353162531,1.2836787255361377,0.0318104774337702,0.9852207258083832,0.39506548041916173,0.0,0.0001981227784431138,0.0002094888616167664,0.0007242999047904192,0.00014501993898203593,0.010999704332335328,0.0003480325167065868,0.00022916293808383233,0.0,0.0,0.0,0.0,0.0,0.0,0.0
2024-11-02 21:47:20.210526464,1.3755663179762223,1.3277849571501927,0.0331459812650156,0.9852207258083832,0.39506548041916173,0.0,0.0001981227784431138,0.0002094888616167664,0.0007242999047904192,0.00014501993898203593,0.010999704332335328,0.0003480325167065868,0.00022916293808383233,0.0,0.0,0.0,0.0,0.0,0.0,0.0
2024-11-03 00:57:22.157894912,1.3854650463993607,1.352389062967461,0.0387524298348751,0.9852207258083832,0.39506548041916173,0.0,0.0001981227784431138,0.0002094888616167664,0.0007242999047904192,0.00014501993898203593,0.010999704332335328,0.0003480325167065868,0.00022916293808383233,0.0,0.0,0.0,0.0,0.0,0.0,0.0
2024-11-03 04:02:23.999999744,1.3652413779931862,1.360838459731484,0.0359905221241784,0.9852207258083832,0.39506548041916173,0.0,0.0001981227784431138,0.0002094888616167664,0.0007242999047904192,0.00014501993898203593,0.010999704332335328,0.0003480325167065868,0.00022916293808383233,0.0,0.0,0.0,0.0,0.0,0.0,0.0
2024-11-03 07:02:08.176470272,1.432442120095402,1.3884291290705986,0.0281401035533775,0.9852207258083832,0.39506548041916173,0.0,0.0001981227784431138,0.0002094888616167664,0.0007242999047904192,0.00014501993898203593,0.010999704332335328,0.0003480325167065868,0.00022916293808383233,0.0,0.0,0.0,0.0,0.0,0.0,0.0
2024-11-03 10:23:42.874999808,1.5131132424813811,1.4392553770528596,0.0173474682795822,0.9852207258083832,0.39506548041916173,0.0,0.0001981227784431138,0.0002094888616167664,0.0007242999047904192,0.00014501993898203593,0.010999704332335328,0.0003480325167065868,0.00022916293808383233,0.0,0.0,0.0,0.0,0.0,0.0,0.0
2024-11-03 13:27:29.736842240,1.4881818100355986,1.4552557308759964,0.017394321711969,0.9852207258083832,0.39506548041916173,0.0,0.0001981227784431138,0.0002094888616167664,0.0007242999047904192,0.00014501993898203593,0.010999704332335328,0.0003480325167065868,0.00022916293808383233,0.0,0.0,0.0,0.0,0.0,0.0,0.0
2024-11-03 16:33:38.333333248,1.3762233287162644,1.4677723377587943,0.0144356831701524,0.9852207258083832,0.39506548041916173,0.0,0.0001981227784431138,0.0002094888616167664,0.0007242999047904192,0.00014501993898203593,0.010999704332335328,0.0003480325167065868,0.00022916293808383233,0.0,0.0,0.0,0.0,0.0,0.0,0.0
2024-11-03 19:46:18.624999936,1.4464556826217176,1.505959575474252,0.0219683818345856,0.9852207258083832,0.39506548041916173,0.0,0.0001981227784431138,0.0002094888616167664,0.0007242999047904192,0.00014501993898203593,0.010999704332335328,0.0003480325167065868,0.00022916293808383233,0.0,0.0,0.0,0.0,0.0,0.0,0.0
2024-11-03 22:47:35.473684224,1.5706094671566009,1.5275536846840323,0.0238972290536262,0.9852207258083832,0.39506548041916173,0.0,0.0001981227784431138,0.0002094888616167664,0.0007242999047904192,0.00014501993898203593,0.010999704332335328,0.0003480325167065868,0.00022916293808383233,0.0,0.0,0.0,0.0,0.0,0.0,0.0
2024-11-04 01:57:37.368420864,1.5195695023844564,1.537387475383393,0.027631437142845,0.9852207258083832,0.39506548041916173,0.0,0.0001981227784431138,0.0002094888616167664,0.0007242999047904192,0.00014501993898203593,0.010999704332335328,0.0003480325167065868,0.00022916293808383233,0.0,0.0,0.0,0.0,0.0,0.0,0.0
2024-11-04 05:07:39.368420864,1.4981145083445426,1.5357956891274651,0.0192955155871193,0.9852207258083832,0.39506548041916173,0.0,0.0001981227784431138,0.0002094888616167664,0.0007242999047904192,0.00014501993898203593,0.010999704332335328,0.0003480325167065868,0.00022916293808383233,0.0,0.0,0.0,0.0,0.0,0.0,0.0
2024-11-04 08:07:01.200000256,1.7089265174323032,1.5678828301500531,0.0146119461389919,0.9852207258083832,0.39506548041916173,0.0,0.0001981227784431138,0.0002094888616167664,0.0007242999047904192,0.00014501993898203593,0.010999704332335328,0.0003480325167065868,0.00022916293808383233,0.0,0.0,0.0,0.0,0.0,0.0,0.0
2024-11-04 11:09:43.000000000,1.6267891029834232,1.601835875038344,0.0167697009427162,0.9852207258083832,0.39506548041916173,0.0,0.0001981227784431138,0.0002094888616167664,0.0007242999047904192,0.00014501993898203593,0.010999704332335328,0.0003480325167065868,0.00022916293808383233,0.0,0.0,0.0,0.0,0.0,0.0,0.0
2024-11-04 14:32:45.055555584,1.601617358775627,1.6186055759810594,0.0167697009427163,0.9852207258083832,0.39506548041916173,0.0,0.0001981227784431138,0.0002094888616167664,0.0007242999047904192,0.00014501993898203593,0.010999704332335328,0.0003480325167065868,0.00022916293808383233,0.0,0.0,0.0,0.0,0.0,0.0,0.0
2024-11-04 17:30:08.000000000,1.4738557337322504,1.6353752769237755,0.0167697009427163,0.9852207258083832,0.39506548041916173,0.0,0.0001981227784431138,0.0002094888616167664,0.0007242999047904192,0.00014501993898203593,0.010999704332335328,0.0003480325167065868,0.00022916293808383233,0.0,0.0,0.0,0.0,0.0,0.0,0.0
2024-11-04 20:50:45.294117888,1.6650075979195549,1.652144977866492,0.0167697009427163,0.9852207258083832,0.39506548041916173,0.0,0.0001981227784431138,0.0002094888616167664,0.0007242999047904192,0.00014501993898203593,0.010999704332335328,0.0003480325167065868,0.00022916293808383233,0.0,0.0,0.0,0.0,0.0,0.0,0.0
2024-11-04 23:12:50.300000000,1.7520330866163365,1.6689146788092084,0.0167697009427163,0.9852207258083832,0.39506548041916173,0.0,0.0001981227784431138,0.0002094888616167664,0.0007242999047904192,0.00014501993898203593,0.010999704332335328,0.0003480325167065868,0.00022916293808383233,0.0,0.0,0.0,0.0,0.0,0.0,0.0
