timestamp,altitude_diff,altitude_diff_smoothed,slope,AU_Factor,MgII_Index,MgII_Flag,irr_256,irr_284,irr_304,irr_1175,irr_1216,irr_1335,irr_1405,irr_256_flag_flag,irr_284_flag_flag,irr_304_flag_flag,irr_1175_flag_flag,irr_1216_flag_flag,irr_1335_flag_flag,irr_1405_flag_flag,estimated_slope,slope_difference
2024-09-27 01:38:19.526315520,-1.5579853381506723,-1.6003424837281557,0.0083106018959862,1.0024476940476188,0.3892678469047619,0.0,0.0001834312083333,0.0002050320016666,0.0006753519647619,0.0001284766323809,0.0106154601547619,0.0003243185010714,0.0002015055678571,0.0,0.0,0.0,0.0,0.0,0.0,0.0,,
2024-09-27 04:48:21.473684480,-1.6744939520712023,-1.5920318818321693,0.0083106018959862,1.0024476940476188,0.3892678469047619,0.0,0.0001834312083333,0.0002050320016666,0.0006753519647619,0.0001284766323809,0.0106154601547619,0.0003243185010714,0.0002015055678571,0.0,0.0,0.0,0.0,0.0,0.0,0.0,,
2024-09-27 07:58:23.421052928,-1.611171602697368,-1.583721279936183,0.0083106018959862,1.0024476940476188,0.3892678469047619,0.0,0.0001834312083333,0.0002050320016666,0.0006753519647619,0.0001284766323809,0.0106154601547619,0.0003243185010714,0.0002015055678571,0.0,0.0,0.0,0.0,0.0,0.0,0.0,,
2024-09-27 11:11:12.055555584,-1.490689837890443,-1.5754106780401969,0.0083106018959862,1.0024476940476188,0.3892678469047619,0.0,0.0001834312083333,0.0002050320016666,0.0006753519647619,0.0001284766323809,0.0106154601547619,0.0003243185010714,0.0002015055678571,0.0,0.0,0.0,0.0,0.0,0.0,0.0,,
2024-09-27 14:18:27.210526208,-1.5757532458282526,-1.567100076144211,0.0083106018959862,1.0024476940476188,0.3892678469047619,0.0,0.0001834312083333,0.0002050320016666,0.0006753519647619,0.0001284766323809,0.0106154601547619,0.0003243185010714,0.0002015055678571,0.0,0.0,0.0,0.0,0.0,0.0,0.0,,
2024-09-27 17:23:29.055555840,-1.612039324813452,-1.5773306240498264,0.0035394838516481,1.0024476940476188,0.3892678469047619,0.0,0.0001834312083333,0.0002050320016666,0.0006753519647619,0.0001284766323809,0.0106154601547619,0.0003243185010714,0.0002015055678571,0.0,0.0,0.0,0.0,0.0,0.0,0.0,,
2024-09-27 20:40:31.066666496,-1.4783107365472574,-1.5551752673920116,0.0022581986431305,1.0024476940476188,0.3892678469047619,0.0,0.0001834312083333,0.0002050320016666,0.0006753519647619,0.0001284766323809,0.0106154601547619,0.0003243185010714,0.0002015055678571,0.0,0.0,0.0,0.0,0.0,0.0,0.0,,
2024-09-27 23:38:32.842105088,-1.512667248762682,-1.5432707161340065,0.00100147910213,1.0024476940476188,0.3892678469047619,0.0,0.0001834312083333,0.0002050320016666,0.0006753519647619,0.0001284766323809,0.0106154601547619,0.0003243185010714,0.0002015055678571,0.0,0.0,0.0,0.0,0.0,0.0,0.0,,
2024-09-28 02:48:34.789473792,-1.5907893985365718,-1.555262370422516,0.0016936182655589,1.0024476940476188,0.3892678469047619,0.0,0.0001834312083333,0.0002050320016666,0.0006753519647619,0.0001284766323809,0.0106154601547619,0.0003243185010714,0.0002015055678571,0.0,0.0,0.0,0.0,0.0,0.0,0.0,,
2024-09-28 05:58:36.736842240,-1.650060269301207,-1.5598520139817036,-0.0041337991808139,1.0024476940476188,0.3892678469047619,0.0,0.0001834312083333,0.0002050320016666,0.0006753519647619,0.0001284766323809,0.0106154601547619,0.0003243185010714,0.0002015055678571,0.0,0.0,0.0,0.0,0.0,0.0,0.0,,
2024-09-28 09:00:59.705882368,-1.47509574215087,-1.5561898792588522,-0.0097646149718656,1.0024476940476188,0.3892678469047619,0.0,0.0001834312083333,0.0002050320016666,0.0006753519647619,0.0001284766323809,0.0106154601547619,0.0003243185010714,0.0002015055678571,0.0,0.0,0.0,0.0,0.0,0.0,0.0,,
2024-09-28 12:08:40.526316032,-1.5040306413753228,-1.5535257761029777,0.0035157183283985,1.0024476940476188,0.3892678469047619,0.0,0.0001834312083333,0.0002050320016666,0.0006753519647619,0.0001284766323809,0.0106154601547619,0.0003243185010714,0.0002015055678571,0.0,0.0,0.0,0.0,0.0,0.0,0.0,,
2024-09-28 15:18:42.473684224,-1.5986147264870283,-1.56339003910648,0.0037259396273412,1.0024476940476188,0.3892678469047619,0.0,0.0001834312083333,0.0002050320016666,0.0006753519647619,0.0001284766323809,0.0106154601547619,0.0003243185010714,0.0002015055678571,0.0,0.0,0.0,0.0,0.0,0.0,0.0,,
2024-09-28 18:21:14.249999872,-1.617060037860938,-1.5585372808270994,0.0025276906804558,1.0024476940476188,0.3892678469047619,0.0,0.0001834312083333,0.0002050320016666,0.0006753519647619,0.0001284766323809,0.0106154601547619,0.0003243185010714,0.0002015055678571,0.0,0.0,0.0,0.0,0.0,0.0,0.0,,
2024-09-28 21:46:25.176470784,-1.5790801123077929,-1.5291624045023016,0.0064241682042184,1.0024476940476188,0.3892678469047619,0.0,0.0001834312083333,0.0002050320016666,0.0006753519647619,0.0001284766323809,0.0106154601547619,0.0003243185010714,0.0002015055678571,0.0,0.0,0.0,0.0,0.0,0.0,0.0,,
2024-09-29 00:43:48.222222592,-1.4543338081443835,-1.5270474277238515,0.0158031536240031,1.0024476940476188,0.3892678469047619,0.0,0.0001834312083333,0.0002050320016666,0.0006753519647619,0.0001284766323809,0.0106154601547619,0.0003243185010714,0.0002015055678571,0.0,0.0,0.0,0.0,0.0,0.0,0.0,,
2024-09-29 03:48:50.052631552,-1.601445615794205,-1.5315558014446475,0.0165506473438048,1.0024476940476188,0.3892678469047619,0.0,0.0001834312083333,0.0002050320016666,0.0006753519647619,0.0001284766323809,0.0106154601547619,0.0003243185010714,0.0002015055678571,0.0,0.0,0.0,0.0,0.0,0.0,0.0,0.007818551320153633,0.008732096023651166
2024-09-29 06:55:31.944444672,-1.547114574022146,-1.532134254042401,0.0061447370287955,1.0024476940476188,0.3892678469047619,0.0,0.0001834312083333,0.0002050320016666,0.0006753519647619,0.0001284766323809,0.0106154601547619,0.0003243185010714,0.0002015055678571,0.0,0.0,0.0,0.0,0.0,0.0,0.0,0.007818551320153633,-0.001673814291358133
2024-09-29 09:54:16.769231104,-1.385686382378026,-1.508775349681015,0.0074212120728466,1.0024476940476188,0.3892678469047619,0.0,0.0001834312083333,0.0002050320016666,0.0006753519647619,0.0001284766323809,0.0106154601547619,0.0003243185010714,0.0002015055678571,0.0,0.0,0.0,0.0,0.0,0.0,0.0,0.007818551320153633,-0.0003973392473070325
2024-09-29 13:18:55.842105344,-1.4560609511448206,-1.492018342667008,0.0069297018872343,1.0024476940476188,0.3892678469047619,0.0,0.0001834312083333,0.0002050320016666,0.0006753519647619,0.0001284766323809,0.0106154601547619,0.0003243185010714,0.0002015055678571,0.0,0.0,0.0,0.0,0.0,0.0,0.0,0.007818551320153633,-0.0008888494329193329
2024-09-29 16:23:57.722222336,-1.5446060048624872,-1.4997826708165958,0.0079237851758752,1.0024476940476188,0.3892678469047619,0.0,0.0001834312083333,0.0002050320016666,0.0006753519647619,0.0001284766323809,0.0106154601547619,0.0003243185010714,0.0002015055678571,0.0,0.0,0.0,0.0,0.0,0.0,0.0,0.007818551320153633,0.00010523385572156797
2024-09-29 19:33:22.187500032,-1.60382079986681,-1.4805112229581017,0.0042372121443302,1.0024476940476188,0.3892678469047619,0.0,0.0001834312083333,0.0002050320016666,0.0006753519647619,0.0001284766323809,0.0106154601547619,0.0003243185010714,0.0002015055678571,0.0,0.0,0.0,0.0,0.0,0.0,0.0,0.007818551320153633,-0.0035813391758234324
2024-09-29 22:39:01.526315776,-1.4068298986084642,-1.452457251471584,0.011079092376634,1.0024476940476188,0.3892678469047619,0.0,0.0001834312083333,0.0002050320016666,0.0006753519647619,0.0001284766323809,0.0106154601547619,0.0003243185010714,0.0002015055678571,0.0,0.0,0.0,0.0,0.0,0.0,0.0,0.007818551320153633,0.0032605410564803677
2024-09-30 01:49:03.526315776,-1.428267049181727,-1.453286205319513,0.0205973504319104,1.0024476940476188,0.3892678469047619,0.0,0.0001834312083333,0.0002050320016666,0.0006753519647619,0.0001284766323809,0.0106154601547619,0.0003243185010714,0.0002015055678571,0.0,0.0,0.0,0.0,0.0,0.0,0.0,0.007818551320153633,0.012778799111756767
2024-09-30 04:59:05.473684224,-1.5242127614906735,-1.4657907486650037,0.0126784125508199,1.0024476940476188,0.3892678469047619,0.0,0.0001834312083333,0.0002050320016666,0.0006753519647619,0.0001284766323809,0.0106154601547619,0.0003243185010714,0.0002015055678571,0.0,0.0,0.0,0.0,0.0,0.0,0.0,0.007818551320153633,0.004859861230666267
2024-09-30 08:04:07.333333248,-1.428002585067759,-1.44420756678235,0.0138060332507895,1.0024476940476188,0.3892678469047619,0.0,0.0001834312083333,0.0002050320016666,0.0006753519647619,0.0001284766323809,0.0106154601547619,0.0003243185010714,0.0002015055678571,0.0,0.0,0.0,0.0,0.0,0.0,0.0,0.007818551320153633,0.005987481930635868
2024-09-30 11:13:16.294117632,-1.2946288306434894,-1.411989479497474,0.0091949006590463,1.0024476940476188,0.3892678469047619,0.0,0.0001834312083333,0.0002050320016666,0.0006753519647619,0.0001284766323809,0.0106154601547619,0.0003243185010714,0.0002015055678571,0.0,0.0,0.0,0.0,0.0,0.0,0.0,0.007818551320153633,0.001376349338892668
2024-09-30 14:19:11.157894656,-1.393146967009386,-1.409297327981872,0.0115841287017588,1.0024476940476188,0.3892678469047619,0.0,0.0001834312083333,0.0002050320016666,0.0006753519647619,0.0001284766323809,0.0106154601547619,0.0003243185010714,0.0002015055678571,0.0,0.0,0.0,0.0,0.0,0.0,0.0,0.007818551320153633,0.0037655773816051667
2024-09-30 17:33:35.624999936,-1.5686018412542353,-1.4088312104536524,0.0090183410387121,1.0024476940476188,0.3892678469047619,0.0,0.0001834312083333,0.0002050320016666,0.0006753519647619,0.0001284766323809,0.0106154601547619,0.0003243185010714,0.0002015055678571,0.0,0.0,0.0,0.0,0.0,0.0,0.0,0.007818551320153633,0.0011997897185584677
2024-09-30 20:51:33.615384832,-1.3503573679186047,-1.3754128482870178,0.0117621256831398,1.0024476940476188,0.3892678469047619,0.0,0.0001834312083333,0.0002050320016666,0.0006753519647619,0.0001284766323809,0.0106154601547619,0.0003243185010714,0.0002015055678571,0.0,0.0,0.0,0.0,0.0,0.0,0.0,0.007818551320153633,0.003943574362986167
2024-09-30 23:49:16.947368704,-1.313858014302923,-1.358049010885528,0.0142919676069226,1.0024476940476188,0.3892678469047619,0.0,0.0001834312083333,0.0002050320016666,0.0006753519647619,0.0001284766323809,0.0106154601547619,0.0003243185010714,0.0002015055678571,0.0,0.0,0.0,0.0,0.0,0.0,0.0,0.007818551320153633,0.006473416286768967
2024-10-01 02:54:18.777777664,-1.3826005349680486,-1.3669329565488828,0.0184746272452154,1.0023951117021277,0.3881197561170212,0.0,0.0001829737075531,0.0002075714271808,0.0006582894293085,0.0001246836616595,0.0105216125478723,0.000313039936117,0.0001970419456382,0.0,0.0,0.0,0.0,0.0,0.0,0.0,0.007818551320153633,0.010656075925061768
2024-10-01 05:59:20.736842240,-1.424071991427752,-1.3692679108114651,0.0131415531185903,1.0023219297872343,0.3879835689361702,0.0,0.0001846273121808,0.0002089314313297,0.000655246408617,0.0001230645437446,0.0104350248351063,0.0003101805815425,0.0001960049288829,0.0,0.0,0.0,0.0,0.0,0.0,0.0,0.007818551320153633,0.0053230017984366666
2024-10-01 09:07:04.230769664,-1.223447501990961,-1.3371953927115974,0.0024849744120956,1.002247711111111,0.3891529052325581,2.2857142857142856,0.0001737786795232,0.0001962663006811,0.0006198817977906,0.0001198661700697,0.0100053463953488,0.0003026607515116,0.0001911049818604,2.2857142857142856,2.3015873015873014,2.2857142857142856,2.2857142857142856,2.2857142857142856,2.2857142857142856,2.2857142857142856,0.007818551320153633,-0.005333576908058033
2024-10-01 12:19:24.578947328,-1.2717280484543494,-1.3262965071689845,0.0070500094566123,1.0021714510638298,0.3895672072340426,0.0,0.0001833030420212,0.0002040961882978,0.0006580547248936,0.0001259275582446,0.0104864009335106,0.0003129226434042,0.0001958543469148,0.0,0.0,0.0,0.0,0.0,0.0,0.0,0.007818551320153633,-0.0007685418635413324
2024-10-01 15:29:26.526315520,-1.3745843416136836,-1.3325812939414228,0.0051449113230584,1.0020961356382978,0.3908228003723404,0.0,0.000183847686968,0.0002052587101595,0.0006651800375,0.0001294524552659,0.010561797412234,0.0003175464047872,0.0001973595374999,0.0,0.0,0.0,0.0,0.0,0.0,0.0,0.007818551320153633,-0.002673639997095233
2024-10-01 18:32:24.882353152,-1.4141615553726297,-1.3258462684148389,0.0016830404850149,1.0020235430851063,0.3916273966666667,0.1702127659574468,0.0001849050981333,0.0002060832653333,0.0006730893836666,0.0001302539642,0.0106335840533333,0.0003218901508,0.0001995868486,0.8085106382978723,0.8085106382978723,0.8085106382978723,0.8085106382978723,0.8085106382978723,0.8085106382978723,0.8085106382978723,0.007818551320153633,-0.006135510835138733
2024-10-01 21:42:16.944444416,-1.279949178355423,-1.2996331832394756,0.0026770331382957,1.0019481180851064,0.394212369691358,0.5531914893617021,0.0001910594580645,0.0002118360078225,0.000718029332258,0.0001449544420967,0.0108191671774193,0.0003483550808064,0.0002218734579838,1.3617021276595744,1.3617021276595744,1.3617021276595744,1.3617021276595744,1.3617021276595744,1.3617021276595744,1.3617021276595744,0.007818551320153633,-0.005141518181857933
2024-10-02 00:49:32.263158016,-1.2522673980350874,-1.296929900887954,0.0157268547364859,1.0018738712765958,0.3939314712234043,0.0,0.0001841464179255,0.000211110463351,0.0006902165184042,0.0001322332527659,0.0108227473723404,0.000328593201117,0.000201757996968,0.0,0.0,0.0,0.0,0.0,0.0,0.0,0.007818551320153633,0.007908303416332266
2024-10-02 03:59:34.157894400,-1.3704210952548692,-1.303182849273444,0.0157553635702328,1.0017983734042553,0.3934377634574469,0.0,0.0001853245674999,0.0002155874604255,0.0006765655931914,0.0001291186957978,0.0107375279601063,0.0003231199411702,0.0002011488094148,0.0,0.0,0.0,0.0,0.0,0.0,0.0,0.007818551320153633,0.007936812250079167
2024-10-02 07:09:36.105263616,-1.321985305228793,-1.2978473888351991,0.0082464159821436,1.0017227845744685,0.3932979137647059,0.4361702127659574,0.0001806239969647,0.0002083045307882,0.0006662740481764,0.0001283015450941,0.0105383568441176,0.0003205637944117,0.0002019533283529,0.4361702127659574,0.4361702127659574,0.4361702127659574,0.4361702127659574,0.4361702127659574,0.4361702127659574,0.4361702127659574,0.007818551320153633,0.0004278646619899681
2024-10-02 10:18:23.000000000,-1.188154224849484,-1.2720115656263211,0.0063007849268558,1.0016475579787234,0.3942838346666665,1.819148936170213,0.0001791007090504,0.0002053850925262,0.0006570356923809,0.0001266782627619,0.0104993661380952,0.0003158476435238,0.0001993537010476,1.819148936170213,1.819148936170213,1.819148936170213,1.819148936170213,1.819148936170213,1.819148936170213,1.819148936170213,0.007818551320153633,-0.001517766393297833
2024-10-02 13:19:39.842105088,-1.199117960827266,-1.2634305980033107,0.0102587235912968,1.0015754670212764,0.3948149869148936,0.0,0.0001840810963297,0.0002088213909042,0.0006805388631914,0.0001293881846276,0.0107631612792553,0.0003226901616489,0.0002043372004255,0.0,0.0,0.0,0.0,0.0,0.0,0.0,0.007818551320153633,0.002440172271143168
2024-10-02 16:29:41.789473536,-1.3280045839237573,-1.2652333279360986,0.0108515656268575,1.0014997345744685,0.394879989574468,0.0,0.0001851342265957,0.0002108548121808,0.0006816911615957,0.0001295769382446,0.0108044273563829,0.0003218804684042,0.000203853836117,0.0,0.0,0.0,0.0,0.0,0.0,0.0,0.007818551320153633,0.0030330143067038677
2024-10-02 19:36:52.357143040,-1.3265651976694812,-1.2374044849452353,0.0117707063235599,1.0014249523809524,0.3952387318120805,0.8465608465608465,0.0001869623581879,0.0002141715197315,0.0006853076589261,0.0001314729548993,0.010803716533557,0.0003254593557046,0.0002064925223489,0.8465608465608465,0.8465608465608465,0.8465608465608465,0.8465608465608465,0.8465608465608465,0.8465608465608465,0.8465608465608465,0.007818551320153633,0.003952155003406267
2024-10-02 22:56:13.941176320,-1.1816391464927278,-1.2087682599426002,0.0162653182826072,1.0013453212765957,0.3947564548404256,0.0,0.0001850317938829,0.0002104659469148,0.0006799141523936,0.0001298867195744,0.0108047954999999,0.0003248579374468,0.0002060071792021,0.0,0.0,0.0,0.0,0.0,0.0,0.0,0.007818551320153633,0.008446766962453566
2024-10-03 01:54:47.500000000,-1.2027204697483285,-1.2065585575936857,0.0206832449559234,1.0012741904255318,0.3950999559574468,0.0,0.0001858219613829,0.0002119379713829,0.0006851726620744,0.000130481999734,0.010848659537234,0.0003272564421808,0.000207706051117,0.0,0.0,0.0,0.0,0.0,0.0,0.0,0.007818551320153633,0.012864693635769767
2024-10-03 04:59:49.473684480,-1.2684919674301796,-1.2113540977406072,0.0189220103827333,1.0012000576719575,0.3954969395767196,0.0,0.0001863494079365,0.0002122925410052,0.0006920041130158,0.0001317208469841,0.0108754471164021,0.0003296823388359,0.0002086419901587,0.0,0.0,0.0,0.0,0.0,0.0,0.0,0.00574419661806401,0.01317781376466929
2024-10-03 08:03:36.312500224,-1.1199615083370986,-1.191114727213978,0.0135680597712384,1.0011266861702128,0.396599231328125,1.3829787234042554,0.0001791831877179,0.0002055529791496,0.0006672224798437,0.0001316293721874,0.0105678236054687,0.0003243401021875,0.0002067280176093,1.3829787234042554,1.398936170212766,1.3829787234042554,1.3829787234042554,1.3829787234042554,1.3829787234042554,1.3829787234042554,0.005262269502145936,0.008305790269092464
2024-10-03 11:08:59.181818112,-1.0642592802050783,-1.1580146962824012,0.0131105077618589,1.0010524661375662,0.3979575984666666,0.8359788359788359,0.0001953304294,0.0002204194626666,0.0007408665282,0.000150007803,0.0109651289533333,0.0003605440838666,0.0002455246058666,0.8359788359788359,0.8359788359788359,0.8359788359788359,0.8359788359788359,0.8359788359788359,0.8359788359788359,0.8359788359788359,0.0029851439642643307,0.010125363797594569
2024-10-03 14:31:02.444444672,-1.1682669037092523,-1.1167138607793785,0.0343473415321237,1.0009715920634925,0.3953553016666666,0.4444444444444444,0.0001863611608333,0.0002158203849404,0.0006933605875595,0.0001314124059523,0.0108510232648809,0.0003313317786309,0.0002082096589285,0.4444444444444444,0.4444444444444444,0.4444444444444444,0.4444444444444444,0.4444444444444444,0.4444444444444444,0.4444444444444444,0.00519229036899807,0.029155051163125632
2024-10-03 17:33:42.562500096,-1.2422778221495605,-1.1077418595705746,0.0268295509120633,1.0008984803191487,0.3947184735638298,0.0,0.0001865656368085,0.0002159170188829,0.0006842232190425,0.0001313789803723,0.0107918107234042,0.000326974351117,0.0002053351239893,0.0,0.0,0.0,0.0,0.0,0.0,0.0,0.005891789344185244,0.020937761567878056
2024-10-03 20:34:59.375000064,-1.1458502491840932,-1.0646073741270294,0.0285977259992497,1.0008257243386245,0.3958477895721924,0.0423280423280423,0.0001898073617112,0.0002196616260962,0.0007019208765775,0.0001378101447058,0.0109086147085561,0.0003353160539037,0.0002128622995721,0.0423280423280423,0.0423280423280423,0.0423280423280423,0.0423280423280423,0.0423280423280423,0.0423280423280423,0.0423280423280423,0.006926875430535856,0.021670850568713845
2024-10-03 23:41:53.687499776,-1.0286649192852906,-1.0449236322243045,0.0321048510093741,1.0007507402116402,0.3949454838624338,0.0,0.0001860359789947,0.0002158257231746,0.0006888490121164,0.0001344426535978,0.0108785070185185,0.0003290373903174,0.0002114075147619,0.0,0.0,0.0,0.0,0.0,0.0,0.0,0.017284009323536575,0.014820841685837527
2024-10-04 02:56:03.000000000,-0.8099316269655219,-1.0449645693069431,0.029179941562675,1.000672906878307,0.3944437724338623,0.0,0.0001867670098941,0.0002167771841798,0.0006820581657671,0.0001330199792063,0.0108186418941798,0.0003251565032804,0.0002094921171957,0.0,0.0,0.0,0.0,0.0,0.0,0.0,0.007935861318056792,0.02124408024461821
2024-10-04 06:01:57.437499904,-1.1219724588690951,-1.0337075383982135,0.0174388099475663,1.000598216931217,0.3946531192592593,0.0,0.0001865095330687,0.0002137431440211,0.0006855129506349,0.000132211822328,0.0107468767724867,0.0003289997868783,0.0002098318582539,0.0,0.0,0.0,0.0,0.0,0.0,0.0,0.007652756923584483,0.009786053023981816
2024-10-04 09:00:53.692307712,-0.8802815984382732,-0.994518161102538,0.0096668937622695,1.0005262962962962,0.3946931933695652,2.1587301587301586,0.000174286137801,0.0002035524674659,0.0006340257072826,0.0001223755096195,0.0101860194858695,0.0003129206580869,0.0001995686368478,2.1587301587301586,2.1746031746031744,2.1587301587301586,2.1587301587301586,2.1587301587301586,2.1587301587301586,2.1587301587301586,0.008026636602537038,0.0016402571597324625
2024-10-04 12:21:16.388889088,-0.9428078312125764,-0.9675670691854572,0.0031377357002848,1.000445689893617,0.3939708604787234,0.0,0.0001882871990425,0.0002114990107446,0.0006790988556382,0.0001273402878191,0.0106823130531914,0.000326819093351,0.000207077713617,0.0,0.0,0.0,0.0,0.0,0.0,0.0,0.00681852604569011,-0.0036807903454053096
2024-10-04 15:27:59.111110912,-1.0646277139488234,-0.965647920429136,-0.0048754525608975,1.000370668253968,0.3926287451764705,0.4021164021164021,0.0001864109463095,0.000210021281488,0.0006673596426785,0.0001261721761309,0.0106116102053571,0.0003192188422619,0.0002054573707738,0.4444444444444444,0.4444444444444444,0.4444444444444444,0.4444444444444444,0.4444444444444444,0.4444444444444444,0.4444444444444444,0.009134480411997381,-0.014009932972894882
2024-10-04 18:37:55.923076608,-1.0669536255306866,-0.9808632707434666,0.0093527812700462,1.0002941973544974,0.3927339907222222,0.1904761904761904,0.0001861374525233,0.0002074685268224,0.0006694042149532,0.0001296472992523,0.0106459993037383,0.0003204937563551,0.0002058391219626,1.7354497354497354,1.7354497354497354,1.7354497354497354,1.7354497354497354,1.7354497354497354,1.7354497354497354,1.7354497354497354,0.008909849164775385,0.0004429321052708147
2024-10-04 21:57:46.437499904,-0.8895734264884823,-0.9496865576346762,0.0068924309164761,1.0002138622340426,0.3916826631891892,0.0638297872340425,0.0001861290348648,0.0002065707266486,0.0006716250299459,0.0001315560476756,0.0106332730945945,0.0003212303729189,0.0002056876769729,0.0638297872340425,0.0638297872340425,0.0638297872340425,0.0638297872340425,0.0638297872340425,0.0638297872340425,0.0638297872340425,0.010136111362616537,-0.0032436804461404376
2024-10-05 01:00:18.263158016,-0.9032904219303646,-0.9429293604006136,0.0213574931363742,1.0001401574468085,0.3908887680319148,0.0,0.0001842053011702,0.0002043038139893,0.0006648572543085,0.0001318173432446,0.010592218037234,0.000319449863617,0.000205674063351,0.0,0.0,0.0,0.0,0.0,0.0,0.0,0.009910560500711471,0.011446932635662727
2024-10-05 04:05:20.166666496,-1.0113925804784003,-0.943056494049573,0.0212994423252041,1.0000655877659574,0.390878117287234,0.0,0.000182484591117,0.000202993825851,0.0006637539798936,0.000130976036117,0.0105599209015957,0.0003204649801063,0.000204098344734,0.0,0.0,0.0,0.0,0.0,0.0,0.0,0.010700067939311247,0.010599374385892854
2024-10-05 07:10:22.052631296,-0.9468697797944968,-0.9030979170162002,0.0270389055603402,0.999990970638298,0.3905115377777777,0.4148936170212766,0.000178106557073,0.0002007443211882,0.0006468328288888,0.0001288023711461,0.0103415722350877,0.0003154718134502,0.0002027206970175,0.4148936170212766,0.4308510638297872,0.4148936170212766,0.4148936170212766,0.4148936170212766,0.4148936170212766,0.4148936170212766,0.011135021763091182,0.015903883797249017
2024-10-05 10:24:23.933333760,-0.8413820408899824,-0.8681673769804661,0.0234188733046077,0.99991268856383,0.3894192904310344,1.5851063829787233,0.0001769144783318,0.0002007559954782,0.0006321081356896,0.0001233416893534,0.0102119027284482,0.0003070559955172,0.0001975789141034,1.5851063829787233,1.601063829787234,1.5851063829787233,1.5851063829787233,1.5851063829787233,1.5851063829787233,1.5851063829787233,0.010245551784940396,0.013173321519667304
2024-10-05 13:30:25.894736640,-0.8194668233317088,-0.860192318373,0.024993001042885,0.9998375964893618,0.3879831410752688,0.0425531914893617,0.0001817579711827,0.0002043714604301,0.0006500111542473,0.0001276136266129,0.010394954626344,0.0003103946302688,0.0002010542187096,0.0425531914893617,0.0425531914893617,0.0425531914893617,0.0425531914893617,0.0425531914893617,0.0425531914893617,0.0425531914893617,0.028275277718242606,-0.0032822766753576073
2024-10-05 16:40:27.842105088,-0.9439520340532112,-0.8572037204691519,0.020321444251589,0.9997608519148936,0.3870234491666666,0.1702127659574468,0.0001809865090555,0.0002021508658333,0.000642582286,0.0001271863360555,0.0103313915805555,0.0003093118722222,0.0001998846245555,0.1702127659574468,0.1702127659574468,0.1702127659574468,0.1702127659574468,0.1702127659574468,0.1702127659574468,0.1702127659574468,0.010934106838788621,0.00938733741280038
2024-10-05 19:32:43.000000000,-0.7050005206484684,-0.8275778733759581,0.0149686235061182,0.9996913486702128,0.3860506774719101,0.2127659574468085,0.0001799661384848,0.0002019085345454,0.000636331920909,0.000125540530909,0.0102844982575757,0.0003067844721212,0.0001992056112121,3.297872340425532,3.297872340425532,3.297872340425532,3.297872340425532,3.297872340425532,3.297872340425532,3.297872340425532,0.00959823996318196,0.0053703835429362405
2024-10-05 22:50:31.578947328,-0.7525787652090798,-0.8031164690319645,0.0117516801497335,0.999611297393617,0.3847542251724138,0.2978723404255319,0.0001773534608333,0.0001987129195238,0.0006373452639285,0.000123914874238,0.0102847066249999,0.0003051141607142,0.0001957656489285,2.2127659574468086,2.2127659574468086,2.2127659574468086,2.2127659574468086,2.2127659574468086,2.2127659574468086,2.2127659574468086,0.013096303037947107,-0.001344622888213607
2024-10-06 02:00:33.526315520,-0.8177978990212864,-0.7950667066409981,0.0108417018056106,0.999611297393617,0.3847542251724138,0.2978723404255319,0.0001773534608333,0.0001987129195238,0.0006373452639285,0.000123914874238,0.0102847066249999,0.0003051141607142,0.0001957656489285,2.2127659574468086,2.2127659574468086,2.2127659574468086,2.2127659574468086,2.2127659574468086,2.2127659574468086,2.2127659574468086,0.012420228862406638,-0.001578527056796038
2024-10-06 05:10:35.473684224,-0.8763930407957332,-0.7975418193528742,0.0056966166748784,0.999611297393617,0.3847542251724138,0.2978723404255319,0.0001773534608333,0.0001987129195238,0.0006373452639285,0.000123914874238,0.0102847066249999,0.0003051141607142,0.0001957656489285,2.2127659574468086,2.2127659574468086,2.2127659574468086,2.2127659574468086,2.2127659574468086,2.2127659574468086,2.2127659574468086,0.011530096644004617,-0.005833479969126217
2024-10-06 08:09:11.571428864,-0.7447599566396548,-0.7600629466323375,0.0062224081021497,0.999611297393617,0.3847542251724138,0.2978723404255319,0.0001773534608333,0.0001987129195238,0.0006373452639285,0.000123914874238,0.0102847066249999,0.0003051141607142,0.0001957656489285,2.2127659574468086,2.2127659574468086,2.2127659574468086,2.2127659574468086,2.2127659574468086,2.2127659574468086,2.2127659574468086,0.01168798264488212,-0.00546557454273242
2024-10-06 11:27:07.588235520,-0.726717140698554,-0.7514466867341222,0.0196515279386593,0.9989996740425532,0.3784027460000001,0.3829787234042553,0.0001735661126373,0.0001871585821978,0.0006062605996703,0.0001193431460989,0.0099957805604395,0.0002926154506593,0.0001902434130769,2.0638297872340425,2.0638297872340425,2.0638297872340425,2.0638297872340425,2.0638297872340425,2.0638297872340425,2.0638297872340425,0.0069184119826998375,0.012733115955959464
2024-10-06 14:30:41.157894656,-0.7689341793712856,-0.7464101927437493,0.0225036125616393,0.9989996740425532,0.3784027460000001,0.3829787234042553,0.0001735661126373,0.0001871585821978,0.0006062605996703,0.0001193431460989,0.0099957805604395,0.0002926154506593,0.0001902434130769,2.0638297872340425,2.0638297872340425,2.0638297872340425,2.0638297872340425,2.0638297872340425,2.0638297872340425,2.0638297872340425,0.010408064094965863,0.012095548466673437
2024-10-06 17:29:27.874999808,-0.8417428377385932,-0.7324565129971082,0.0201676644679935,0.9989996740425532,0.3784027460000001,0.3829787234042553,0.0001735661126373,0.0001871585821978,0.0006062605996703,0.0001193431460989,0.0099957805604395,0.0002926154506593,0.0001902434130769,2.0638297872340425,2.0638297872340425,2.0638297872340425,2.0638297872340425,2.0638297872340425,2.0638297872340425,2.0638297872340425,0.00965505104167537,0.01051261342631813
2024-10-06 20:46:07.923077120,-0.6066421795683823,-0.700207117625919,0.0179268225209133,0.9989996740425532,0.3784027460000001,0.3829787234042553,0.0001735661126373,0.0001871585821978,0.0006062605996703,0.0001193431460989,0.0099957805604395,0.0002926154506593,0.0001902434130769,2.0638297872340425,2.0638297872340425,2.0638297872340425,2.0638297872340425,2.0638297872340425,2.0638297872340425,2.0638297872340425,0.009832460180415323,0.008094362340497978
2024-10-07 00:00:46.947368448,-0.6274541815645307,-0.6761303413935404,0.0256899624082801,0.9989996740425532,0.3784027460000001,0.3829787234042553,0.0001735661126373,0.0001871585821978,0.0006062605996703,0.0001193431460989,0.0099957805604395,0.0002926154506593,0.0001902434130769,2.0638297872340425,2.0638297872340425,2.0638297872340425,2.0638297872340425,2.0638297872340425,2.0638297872340425,2.0638297872340425,0.00976207997996692,0.01592788242831318
2024-10-07 03:05:48.777777664,-0.7072503192957242,-0.6668533886686925,0.0236681141474368,0.9989244101058202,0.3774862402116402,0.0,0.0001731169777248,0.0001856228189417,0.0006079139988888,0.0001191026348571,0.0099837231851851,0.0002922514797354,0.0001928271719576,0.0,0.0,0.0,0.0,0.0,0.0,0.0,0.009755753396036695,0.013912360751400104
2024-10-07 06:06:24.000000000,-0.6922147813015158,-0.6510051325615854,0.017864949206312,0.9988511618617022,0.3766286681914893,0.0,0.0001706739539361,0.0001833426329787,0.0006044277818085,0.0001182637567978,0.0098850249228723,0.0002909274725531,0.0001916833411702,0.0,0.0,0.0,0.0,0.0,0.0,0.0,0.009023478314936842,0.008841470891375158
2024-10-07 09:12:18.285714176,-0.5861484824550303,-0.6090521502465107,0.0144260828188057,0.9987756596276596,0.376943451459854,1.1914893617021276,0.0001616660229094,0.0001771703547999,0.0005747394861313,0.00011492736827,0.0095061404189781,0.0002835862908029,0.0001841238045547,1.1914893617021276,1.2234042553191489,1.1914893617021276,1.1914893617021276,1.1914893617021276,1.1914893617021276,1.1914893617021276,0.008383251638394956,0.006042831180410744
2024-10-07 12:30:54.526315520,-0.5280689705482473,-0.5930236842097859,0.0244046580425598,0.9986950588359788,0.3756207889417989,0.0,0.0001684908351322,0.0001825940022222,0.0005960993380423,0.0001148416359841,0.0098308309365079,0.0002863142601058,0.0001855997861375,0.0,0.0,0.0,0.0,0.0,0.0,0.0,0.005993739031385878,0.01841091901117392
2024-10-07 15:40:56.526316032,-0.6432245661749221,-0.5814091985328548,0.0262087748455068,0.9986178885714284,0.3751529342857143,0.0,0.000167851169365,0.0001835870049206,0.0005966809049206,0.0001170114735978,0.0098441852248677,0.0002876602502116,0.0001866167338624,0.0,0.0,0.0,0.0,0.0,0.0,0.0,0.007608798303324282,0.01859997654218252
2024-10-07 18:40:58.416666624,-0.6262998744073229,-0.5528678889873947,0.0244573924583524,0.998544762169312,0.3758565286170213,0.0211640211640211,0.0001713285792021,0.0001847868099468,0.0006128816871808,0.0001250122851117,0.0099410623670212,0.0003009469831914,0.0002003618846276,0.0211640211640211,0.0211640211640211,0.0211640211640211,0.0211640211640211,0.0211640211640211,0.0211640211640211,0.0211640211640211,0.007065259219120212,0.017392133239232187
2024-10-07 21:51:00.263158016,-0.4641659969029206,-0.515174721464651,0.0261712591248804,0.9984675535449736,0.374852202513369,0.0423280423280423,0.0001741592741711,0.000188919735401,0.0006175877516577,0.0001229595153957,0.0099691483262032,0.0002970542739572,0.0001953443781818,0.0423280423280423,0.0423280423280423,0.0423280423280423,0.0423280423280423,0.0423280423280423,0.0423280423280423,0.0423280423280423,0.006749705067673556,0.019421554057206844
2024-10-08 01:01:02.210525952,-0.4623859852378587,-0.4866749247965775,0.0326250729771677,0.9983903473544974,0.3732101266666666,0.0,0.0001691462033333,0.0001843023074074,0.000605680747037,0.0001177378654021,0.0098982250396825,0.0002891023829629,0.0001870737088888,0.0,0.0,0.0,0.0,0.0,0.0,0.0,0.005151070239711994,0.027474002737455705
2024-10-08 04:11:04.157894912,-0.5229238104721503,-0.4781884709433687,0.0315078384263425,0.9983131112169312,0.372630858941799,0.0,0.0001667252986243,0.0001803621942328,0.0005997508504761,0.0001168496278994,0.0098651957195767,0.0002887615160317,0.0001866373430687,0.0,0.0,0.0,0.0,0.0,0.0,0.0,0.005151070239711994,0.026356768186630505
2024-10-08 07:12:16.529411584,-0.4503785333865835,-0.4443828213015561,0.027035813926697,0.9982393115425532,0.3745752009826589,0.3776595744680851,0.0001626364069219,0.0001766591648359,0.000595716154682,0.0001179645253468,0.0097202507150289,0.0002919136813294,0.0001880478696531,0.3776595744680851,0.3936170212765957,0.3776595744680851,0.3776595744680851,0.3776595744680851,0.3776595744680851,0.3776595744680851,0.005151070239711994,0.021884743686985005
2024-10-08 10:29:07.933332992,-0.3529762735968234,-0.4031199467428021,0.0245059806960843,0.9981593995238096,0.3722875246951219,0.582010582010582,0.0001627488289554,0.0001780618700591,0.0005855992501829,0.0001152729556341,0.0096234211646341,0.0002855258953658,0.0001853322043536,0.582010582010582,0.582010582010582,0.582010582010582,0.582010582010582,0.582010582010582,0.582010582010582,0.582010582010582,0.005151070239711994,0.019354910456372307
2024-10-08 13:31:09.842105088,-0.329650312442368,-0.3880447479588724,0.0243941924424244,0.9980853727513228,0.3709970814285714,0.0,0.0001638457497883,0.0001779373124867,0.000585947494074,0.0001145780849682,0.009693079510582,0.0002829976766137,0.0001836706210582,0.0,0.0,0.0,0.0,0.0,0.0,0.0,0.0025847518231778,0.0218094406192466
2024-10-08 16:37:51.722222336,-0.4516908858693682,-0.3786402418374956,0.0188857105234026,0.998009302063492,0.3701415935978836,0.0,0.0001631498608994,0.0001748153091005,0.0005827832867195,0.0001145861778677,0.0096617634232804,0.0002827437227513,0.0001856561066666,0.0,0.0,0.0,0.0,0.0,0.0,0.0,0.0025847518231778,0.0163009587002248
2024-10-08 19:53:26.999999744,-0.3389737193986093,-0.3538235547801997,0.0121331874625819,0.9979297646276596,0.3703812603763441,0.0425531914893617,0.0001639482632258,0.0001730409003225,0.0005874295219892,0.000117800489586,0.0096993006639784,0.0002869654976881,0.0001873341891397,0.0425531914893617,0.0425531914893617,0.0425531914893617,0.0425531914893617,0.0425531914893617,0.0425531914893617,0.0425531914893617,0.0025847518231778,0.0095484356394041
2024-10-08 23:01:15.631579136,-0.254934003378537,-0.3278296749332854,0.0132462685797728,0.9978532720212764,0.3684461703723403,0.0,0.0001629061860638,0.0001717638845212,0.000579189563617,0.0001169837281595,0.0096253160292553,0.0002835078711702,0.0001849309865425,0.0,0.0,0.0,0.0,0.0,0.0,0.0,0.0025847518231778,0.010661516756595
2024-10-09 02:11:17.526315776,-0.3284892078475536,-0.3210188972110978,0.0135607454135547,0.9977759618085106,0.3724525872340425,0.0,0.0001714383704787,0.000182634229468,0.000656407741968,0.0001356509992978,0.0100163239601063,0.0003426216405319,0.0002160672786702,0.0,0.0,0.0,0.0,0.0,0.0,0.0,0.0025847518231778,0.0109759935903769
2024-10-09 05:16:19.444444416,-0.3777454301454668,-0.3236419845443758,0.0106921807288974,0.9977006761702129,0.3686212329787234,0.0,0.0001652539394148,0.0001800078423936,0.0006089847686702,0.0001187947744946,0.0097729524627659,0.0002953898873936,0.0001870698340425,0.0,0.0,0.0,0.0,0.0,0.0,0.0,0.0037854879339875164,0.0069066927949098834
2024-10-09 08:12:01.266666496,-0.2995736269564872,-0.2962584640807601,0.007914957808318,0.9976292552380952,0.367830770486111,1.0634920634920637,0.0001555086834194,0.0001697878766604,0.0005646949191666,0.0001132427882013,0.00928862434375,0.0002806353742361,0.0001827001938541,1.0634920634920637,1.0793650793650793,1.0634920634920637,1.0634920634920637,1.0634920634920637,1.0634920634920637,1.0634920634920637,0.003253921718058342,0.004661036090259658
2024-10-09 11:44:43.466666752,-0.2164336147643553,-0.2793104910219818,0.0116764533459075,0.9975427748404256,0.3670570774193548,0.0425531914893617,0.000162784821129,0.0001751424226881,0.0005794003106451,0.0001163141415,0.0095250441129032,0.0002838745419892,0.0001857209883333,0.0425531914893617,0.0425531914893617,0.0425531914893617,0.0425531914893617,0.0425531914893617,0.0425531914893617,0.0425531914893617,-0.0002591803221599076,0.011935633668067408
2024-10-09 14:41:25.157894912,-0.2916792740971345,-0.2815775913270057,0.0139726663094099,0.9974707418617024,0.3670287964893617,0.0,0.0001617421167553,0.0001726046534574,0.0005813294761702,0.0001185236726702,0.009563960643617,0.0002861716835638,0.0001900222656382,0.0,0.0,0.0,0.0,0.0,0.0,0.0,0.0004267445133951525,0.013545921796014748
2024-10-09 17:48:40.277777664,-0.35325809844187,-0.2801617627655952,0.0077854209681741,0.9973946419148936,0.3662518778191488,0.0,0.0001595442351595,0.0001694261451595,0.0005767647687234,0.0001169153595212,0.0095308936675531,0.000284286141968,0.0001870645789361,0.0,0.0,0.0,0.0,0.0,0.0,0.0,0.0008993450587534702,0.00688607590942063
2024-10-09 21:01:28.866666752,-0.2052392016968269,-0.2639204463908856,0.0028926606860191,0.9973160995212766,0.3653501652027027,0.851063829787234,0.0001591280871621,0.0001689878264189,0.0005763780937837,0.0001186391997432,0.0095268170675675,0.0002831643066891,0.0001863533074324,0.851063829787234,0.851063829787234,0.851063829787234,0.851063829787234,0.851063829787234,0.851063829787234,0.851063829787234,0.007287053677998992,-0.004394392991979892
2024-10-10 00:01:30.736842240,-0.1864419618696047,-0.2513884760104979,0.0050638658294114,0.9972428410638298,0.3648689715957446,0.0,0.0001602285842021,0.0001696116822872,0.0005843183645212,0.0001197201955425,0.0095414013404255,0.0002841062377659,0.0001890403779787,0.0,0.0,0.0,0.0,0.0,0.0,0.0,0.0049552953933170996,0.0001085704360943001
2024-10-10 03:01:32.529411840,-0.2753379061237524,-0.2629074334370468,0.0033957205604034,0.9971695889361702,0.3642227940223464,0.1914893617021276,0.0001592534965363,0.0001694304390502,0.0005757691280446,0.0001166930197486,0.0094956562234636,0.0002795264786033,0.0001830816255307,0.1914893617021276,0.1914893617021276,0.1914893617021276,0.1914893617021276,0.1914893617021276,0.1914893617021276,0.1914893617021276,0.0011117125594654748,0.002284008000937925
2024-10-10 06:22:09.941176576,-0.3157467507948581,-0.2619738551175096,-0.0003599085468872,0.9970880132804232,0.3639452907407408,0.0,0.0001593662085185,0.0001692142094708,0.000572139219947,0.0001176583936402,0.0094031503386243,0.000278981554074,0.0001831249324338,0.0,0.0,0.0,0.0,0.0,0.0,0.0,0.000908922662300124,-0.001268831209187324
2024-10-10 09:23:36.533333504,-0.2315735827730805,-0.2357084586728572,0.00170669282125,0.99701417856383,0.3643383752054794,1.00531914893617,0.0001528172289835,0.0001624274230486,0.0005480307973972,0.0001136324294315,0.0090741857636986,0.0002733989293835,0.0001772809947945,1.00531914893617,1.00531914893617,1.00531914893617,1.00531914893617,1.00531914893617,1.00531914893617,1.00531914893617,0.0015644289550108964,0.00014226386623910356
2024-10-10 12:36:38.444444672,-0.1867858935329991,-0.2230916140659928,0.0138471881317732,0.9969356762234044,0.3639851306382979,0.0,0.0001605222953723,0.0001686525743085,0.0005718710599468,0.000113402713851,0.0094017168829787,0.0002760810365957,0.0001777638696276,0.0,0.0,0.0,0.0,0.0,0.0,0.0,0.00030239269677494185,0.013544795434998258
2024-10-10 15:41:40.368420864,-0.3201042316032954,-0.2127291077740854,0.0255621397363758,0.9968604383510636,0.3639596890425531,0.0,0.0001603276380851,0.0001678546679787,0.000569991165,0.0001132935133936,0.0094075189893617,0.0002763558567021,0.0001784956165957,0.0,0.0,0.0,0.0,0.0,0.0,0.0,-0.00046978580595147257,0.026031925542327274
2024-10-10 18:42:22.133333248,-0.2832770692212989,-0.1847794778575588,0.0329405979338418,0.9967868426595746,0.3633935270967742,0.0425531914893617,0.0001585890147849,0.0001652981301075,0.0005662385583333,0.0001125812261881,0.0093909314139784,0.000275773186344,0.0001768330305376,0.0425531914893617,0.0425531914893617,0.0425531914893617,0.0425531914893617,0.0425531914893617,0.0425531914893617,0.0425531914893617,0.00045291804436022043,0.03248767988948158
2024-10-10 22:01:44.157894912,-0.1168695304399989,-0.1402788268912647,0.0399958975730233,0.9967059436702128,0.3632409275,0.0,0.0001576011925,0.0001631961673404,0.0005662389513829,0.0001131402812606,0.0093983675718085,0.0002765448451063,0.0001779485690957,0.0,0.0,0.0,0.0,0.0,0.0,0.0,0.0012327641195567368,0.03876313345346656
2024-10-11 01:11:46.105263360,-0.0916876002350477,-0.1019920666529022,0.0492737403337685,0.9966287089361702,0.3634615932446808,0.0,0.0001585558057978,0.0001638561248936,0.0005688324398404,0.0001131522867393,0.0094322669414893,0.0002768920342021,0.0001784507354255,0.0,0.0,0.0,0.0,0.0,0.0,0.0,0.00011593694129155563,0.04915780339247695
2024-10-11 04:16:47.999999744,-0.0931794052424379,-0.0816922208511591,0.0487345737827998,0.9965535373404256,0.363461341968085,0.0,0.0001569015446808,0.0001621957377127,0.0005656616219148,0.0001137781168989,0.0094037212739361,0.0002760930943085,0.0001774583878191,0.0,0.0,0.0,0.0,0.0,0.0,0.0,0.014585735417347936,0.034148838365451864
2024-10-11 07:11:49.687499776,-0.023791236875013,-0.0321788190449928,0.0426808132536791,0.9964822450793652,0.3636123184269663,0.291005291005291,0.00015240932425,0.0001576513903853,0.0005524108396067,0.0001111938655617,0.0091943951073033,0.0002728776943258,0.0001743304928089,0.291005291005291,0.3068783068783068,0.291005291005291,0.291005291005291,0.291005291005291,0.291005291005291,0.291005291005291,0.0011099118233708488,0.04157090143030825
2024-10-11 10:33:11.733333504,0.0847591079017888,0.0182723060898158,0.0352867508081184,0.996400618095238,0.3638898242528735,0.365079365079365,0.0001526460698232,0.0001574440426031,0.0005528925271428,0.0001116720997657,0.0091863805279999,0.0002730893688571,0.0001743397882285,0.3492063492063492,0.365079365079365,0.3492063492063492,0.3492063492063492,0.3492063492063492,0.3492063492063492,0.3492063492063492,-0.0009207671245175797,0.03620751793263598
2024-10-11 13:41:53.736842240,0.113007259372182,0.0404042974768306,0.0282946701608551,0.9963238913227512,0.3639989343915343,0.0,0.0001561729519047,0.0001609438694708,0.0005661443919047,0.0001134361169206,0.0093853932486772,0.0002771479891534,0.0001777572506349,0.0,0.0,0.0,0.0,0.0,0.0,0.0,0.000483070145904263,0.027811600014950838
2024-10-11 16:44:16.764705792,-0.0040872813173109,0.0544749844683944,0.0169232976990116,0.9962498273404254,0.3647686767021276,0.0,0.0001577847914893,0.0001645544307446,0.000578527984468,0.0001170894485585,0.0094765863590425,0.0002844496568085,0.0001800645345212,0.0,0.0,0.0,0.0,0.0,0.0,0.0,0.0024819791854352735,0.014441318513576325
2024-10-11 20:02:40.500000512,0.1255163846522009,0.0745226958685078,0.0068037660824548,0.9961695028723404,0.3642131201075269,0.0425531914893617,0.0001563082665053,0.0001625408289247,0.000570797384301,0.0001153482560053,0.0094547575510752,0.0002800751346236,0.0001784935054301,0.0425531914893617,0.0425531914893617,0.0425531914893617,0.0425531914893617,0.0425531914893617,0.0425531914893617,0.0425531914893617,0.0011074696465610406,0.0056962964358937595
2024-10-11 23:01:59.473684224,0.1707830569919792,0.0933528518043797,0.0033547697324498,0.996096717089947,0.3631943738624338,0.0,0.0001566476989417,0.0001612224515873,0.0005668747284656,0.0001147784871904,0.0094172668650793,0.0002789537823809,0.0001798396794708,0.0,0.0,0.0,0.0,0.0,0.0,0.0,0.0007769243369882134,0.0025778453954615867
2024-10-12 02:12:01.368420864,0.0823183920431347,0.0910729953993406,0.0006977943040377,0.9960197171957672,0.362827744117647,0.0423280423280423,0.0001558912541711,0.0001611876122994,0.0005659645245989,0.0001141115152994,0.0094070839839572,0.0002780185352941,0.000180499427647,0.0423280423280423,0.0423280423280423,0.0423280423280423,0.0423280423280423,0.0423280423280423,0.0423280423280423,0.0423280423280423,0.002025671912211438,-0.001327877608173738
2024-10-12 05:22:03.263158016,0.0349485826890259,0.0780706085238496,-0.0038134982253306,0.9959427373544976,0.3628990596296296,0.0,0.0001562757833333,0.0001620304770899,0.000566569074074,0.0001141012985185,0.0093940958174603,0.0002771698188359,0.0001799068056613,0.0,0.0,0.0,0.0,0.0,0.0,0.0,-0.0007435064709320482,-0.0030699917543985517
2024-10-12 08:22:45.200000256,0.0872499973585831,0.094043939451669,-0.0065531831448131,0.9958696385106384,0.3634871972903226,0.8138297872340425,0.00014917988836,0.00015579237226,0.0005455335376129,0.0001125746249354,0.0090634836458064,0.0002728400166709,0.0001768153370709,0.8138297872340425,0.8138297872340425,0.8138297872340425,0.8138297872340425,0.8138297872340425,0.8138297872340425,0.8138297872340425,-0.0007233806910893897,-0.00582980245372371
2024-10-12 11:47:07.222222336,0.1456801665478337,0.0961487724357033,-0.0005694165743127,0.9957868592592592,0.3639345621164021,0.0,0.000155978991746,0.0001640124071428,0.0005673221606878,0.0001158679904867,0.0093974919497354,0.0002793017171957,0.000179987774656,0.0,0.0,0.0,0.0,0.0,0.0,0.0,-0.0034392018171406635,0.0028697852428279636
2024-10-12 14:47:08.999999744,0.0642404002564376,0.0800033976152007,0.0009385012168271,0.9957140354497354,0.3635481561904762,0.0,0.0001568523002645,0.0001651394603703,0.0005669868512698,0.0001148150194603,0.0094050491137566,0.0002787873348148,0.0001796065795238,0.0,0.0,0.0,0.0,0.0,0.0,0.0,-0.0032147980411399713,0.004153299257967071
2024-10-12 17:32:10.600000256,-0.0040142225072372,0.0729862540921304,-0.002924535732825,0.9956473146560846,0.3632084770899471,0.0,0.0001578067131746,0.0001667701141269,0.0005706968010052,0.0001139720329841,0.0094219759074074,0.0002792327751851,0.0001808973464021,0.0,0.0,0.0,0.0,0.0,0.0,0.0,-0.0028747372811610133,-4.97984516639868e-05
2024-10-12 21:07:50.375000064,0.1396726970330633,0.0766194337828475,-0.0064502786288604,0.99556002015873,0.3624263366473988,0.3386243386243386,0.0001582254854385,0.0001658696752046,0.0005721194301169,0.0001144149506959,0.0094282232573099,0.0002790023475438,0.0001826581090058,0.3809523809523809,0.3809523809523809,0.3809523809523809,0.3809523809523809,0.3809523809523809,0.3809523809523809,0.3809523809523809,-0.0036473817923038665,-0.0028028968365565333
2024-10-13 00:12:14.736841984,0.14445988150851,0.079828356240278,-0.0029303406180417,0.9954854913829788,0.3623030952150537,0.0425531914893617,0.0001576864909677,0.000165481974086,0.0005701881788709,0.0001156788526129,0.0094335267795698,0.000278607387258,0.0001816928925268,0.0425531914893617,0.0425531914893617,0.0425531914893617,0.0425531914893617,0.0425531914893617,0.0425531914893617,0.0425531914893617,-0.003128963669112597,0.00019862305107089728
2024-10-13 03:22:16.684210432,0.0254746836074559,0.0609169267077049,-0.0043994267914522,0.9954087909574468,0.3618343990425532,0.0,0.0001571879780851,0.000164994711968,0.000566084528351,0.0001156186394095,0.0094039688297872,0.0002777332374468,0.0001801303820212,0.0,0.0,0.0,0.0,0.0,0.0,0.0,-0.0028955946615292355,-0.0015038321299229648
2024-10-13 06:22:18.529411840,0.0191641003355016,0.0561249595398925,-0.0067760860598298,0.9953361805319147,0.361811292287234,0.0,0.0001578700107446,0.0001655869918085,0.0005694557956382,0.0001157735454095,0.0093540177047872,0.0002796947335638,0.0001813750418085,0.0,0.0,0.0,0.0,0.0,0.0,0.0,-0.0033567629285763817,-0.003419323131253418
2024-10-13 09:14:00.000000000,,0.0682708562456089,-0.0085094253434694,0.9952670421164024,0.3623352763190184,0.6666666666666666,0.0001483019247662,0.0001564033851962,0.0005419752487116,0.0001130509671717,0.0089934502496932,0.0002723791967484,0.0001764207658282,0.6666666666666666,0.6825396825396826,0.6666666666666666,0.6666666666666666,0.6666666666666666,0.6666666666666666,0.6666666666666666,-0.004810372442073704,-0.0036990529013956955
2024-10-13 12:43:41.599999488,0.1161302994754578,0.0595226892462379,-0.0030480494249739,0.9951826435106382,0.361750969680851,0.0,0.0001554493603723,0.0001625571589893,0.0005622295540425,0.0001140292780106,0.0093463780159574,0.0002764154552127,0.0001817658890957,0.0,0.0,0.0,0.0,0.0,0.0,0.0,-0.0048060526326432484,0.0017580032076693485
2024-10-13 15:52:24.368421120,-0.024522699245324,0.0444958488729475,0.0006764251903926,0.9951065595212768,0.3615646001063829,0.0,0.0001551518391489,0.0001614887712765,0.0005618463113829,0.0001147654817074,0.0093582304707446,0.0002770649001063,0.000183914928617,0.0,0.0,0.0,0.0,0.0,0.0,0.0,-0.003217874049358624,0.003894299239751224
2024-10-13 18:53:26.200000000,0.021112695746126,0.0431233987138296,-0.0030002196949018,0.9950337510638296,0.3612268013043477,0.0851063829787234,0.0001552007613586,0.0001608691075543,0.0005624616074456,0.0001158033599999,0.0093730051005434,0.0002777129842934,0.0001842121473913,0.0851063829787234,0.0851063829787234,0.0851063829787234,0.0851063829787234,0.0851063829787234,0.0851063829787234,0.0851063829787234,-0.002145622648167811,-0.000854597046733989
2024-10-13 22:07:28.111111168,0.1052988478442102,0.0490340622180395,-0.003047716349125,0.9949557699468085,0.3605849914516128,0.0425531914893617,0.000153823641344,0.000161006685215,0.0005595601774731,0.000115510484715,0.009360458188172,0.0002758017024731,0.0001841347888709,0.0425531914893617,0.0425531914893617,0.0425531914893617,0.0425531914893617,0.0425531914893617,0.0425531914893617,0.0425531914893617,-0.002875718391585347,-0.00017199795753965316
2024-10-14 01:12:30.052631296,0.060939194038724,0.0481648325291719,-0.0007772835093296,0.9948814662765958,0.3598202798404256,0.0,0.0001532750610638,0.0001595358450531,0.0005582393420744,0.0001156106489946,0.0093437710664893,0.0002763930602127,0.0001827457118085,0.0,0.0,0.0,0.0,0.0,0.0,0.0,-0.002250118303985374,0.001472834794655774
2024-10-14 04:25:18.666666752,0.0092183181488962,0.0280488203648019,-0.0026520707660087,0.9948040122340424,0.3590192588829787,0.0,0.0001518318805851,0.0001583187744148,0.0005547102632446,0.0001152037185691,0.0092999438776595,0.0002741829256914,0.0001813714260638,0.0,0.0,0.0,0.0,0.0,0.0,0.0,-0.0019435171481571034,-0.0007085536178515965
2024-10-14 07:20:25.071428096,0.0131226321753956,0.033262372083685,-0.0074096676761977,0.9947338401595744,0.3587673056741572,0.2765957446808511,0.0001457101716724,0.0001519253760379,0.0005369517900561,0.0001126854619606,0.0090394330157303,0.0002698861218539,0.0001808963188202,0.2765957446808511,0.2765957446808511,0.2765957446808511,0.2765957446808511,0.2765957446808511,0.2765957446808511,0.2765957446808511,-0.0022189231171912266,-0.005190744559006474
2024-10-14 10:44:28.312500224,0.0723600718733905,0.0406957747979137,-0.0047720774982944,0.9946521096276596,0.3585123234574468,0.0159574468085106,0.0001504400240957,0.0001575386228723,0.0005483566894148,0.0001123925813936,0.0091343358803191,0.0002733217257446,0.0001830822751063,0.0159574468085106,0.0159574468085106,0.0159574468085106,0.0159574468085106,0.0159574468085106,0.0159574468085106,0.0159574468085106,-0.0036556043801586335,-0.0011164731181357666
2024-10-14 13:47:37.666666752,0.0598241327056712,0.0276349481875841,-0.0029181125075477,0.994578858138298,0.3585752025268817,0.0425531914893617,0.000150219493387,0.0001587808405376,0.0005493579558064,0.0001138284993064,0.0092593005672043,0.0002748335326881,0.0001835673939247,0.0425531914893617,0.0425531914893617,0.0425531914893617,0.0425531914893617,0.0425531914893617,0.0425531914893617,0.0425531914893617,-0.0021812948398320514,-0.0007368176677156487
2024-10-14 16:32:39.400000256,-0.0649138100038726,0.0163192215970992,-0.0047119115841676,0.9945128678723404,0.3577120021505376,0.0425531914893617,0.0001499881567204,0.0001586513019892,0.0005463912823118,0.0001130331996236,0.0092367130188172,0.000273142838387,0.0001808676508064,0.0425531914893617,0.0425531914893617,0.0425531914893617,0.0425531914893617,0.0425531914893617,0.0425531914893617,0.0425531914893617,-0.0023584455654343667,-0.002353466018733233
2024-10-14 19:57:21.533332992,0.0223992662246246,0.0152015288567844,-0.0064476627455869,0.9944309523404254,0.3570091926630435,0.0851063829787234,0.0001495700235326,0.0001588151459782,0.000547384562663,0.0001142866006141,0.0092334278315217,0.0002739548630434,0.0001811624105978,0.0851063829787234,0.0851063829787234,0.0851063829787234,0.0851063829787234,0.0851063829787234,0.0851063829787234,0.0851063829787234,-0.001758594544896394,-0.004689068200690506
2024-10-14 23:12:43.473684224,0.0880133201741841,0.0215127776862686,-0.0029727479501047,0.9943531067553192,0.356698137204301,0.0425531914893617,0.0001493826859677,0.0001575281440322,0.0005471193406989,0.0001148699266129,0.0092452525134408,0.0002734586330645,0.0001803353721505,0.0425531914893617,0.0425531914893617,0.0425531914893617,0.0425531914893617,0.0425531914893617,0.0425531914893617,0.0425531914893617,-0.0009403249855274576,-0.0020324229645772426
2024-10-15 02:22:45.368421120,-0.0122485916487562,0.0113102176561723,-0.0014671898400943,0.9942773230851064,0.3566440177659574,0.0,0.0001493871715957,0.0001590157685638,0.0005526416339893,0.0001157072157074,0.0092868862420212,0.0002760282538829,0.0001829351603191,0.0,0.0,0.0,0.0,0.0,0.0,0.0,-0.0013888847523621656,-7.830508773213436e-05
2024-10-15 05:27:47.277777920,-0.04090234527564,-0.0033777304065551,-0.003002871420306,0.9942036216489362,0.3563095510106383,0.0,0.000149076073351,0.0001585341704787,0.000554727556968,0.0001150632761436,0.0092435324787234,0.0002759751062234,0.0001828187450531,0.0,0.0,0.0,0.0,0.0,0.0,0.0,-0.002115021700205083,-0.0008878497201009168
2024-10-15 08:20:40.499999488,-0.0008409165139369,0.0119133323685029,-0.0030586456948687,0.9941347655851064,0.3561260838829788,0.1648936170212765,0.0001327633993111,0.0001417632636734,0.0005051150182978,0.000110655380734,0.008652276493617,0.0002608656895744,0.0001709623682659,0.1648936170212765,0.1648936170212765,0.1648936170212765,0.1648936170212765,0.1648936170212765,0.1648936170212765,0.1648936170212765,-0.0015365977754931148,-0.001522047919375585
2024-10-15 11:52:51.176470528,0.0699238716407535,0.0170427969926992,0.0015919231580672,0.9940502841798944,0.3560365934391534,0.0,0.0001470103974603,0.0001568684002116,0.0005523892839153,0.0001176015144603,0.0092037882116402,0.0002768159694708,0.0001825466050793,0.0,0.0,0.0,0.0,0.0,0.0,0.0,-0.0038389713123193475,0.005430894470386548
2024-10-15 14:52:53.000000256,-0.0194629683974767,0.004869089268747,0.0049332770009186,0.9939787895238096,0.3558188913756615,0.0,0.000146173907619,0.0001567369738095,0.0005513210379894,0.0001158984821269,0.009239972515873,0.0002755620744973,0.0001801998147089,0.0,0.0,0.0,0.0,0.0,0.0,0.0,-0.001354961456772108,0.006288238457690708
2024-10-15 17:53:49.272727552,-0.0723673998588765,0.0028370754759458,0.0011464165876124,0.9939069786772488,0.3552476262499999,0.1058201058201058,0.0001450714360869,0.0001552145755434,0.0005500527453804,0.0001170411372717,0.0092504598668478,0.0002744201988586,0.0001782121555978,0.1058201058201058,0.1058201058201058,0.1058201058201058,0.1058201058201058,0.1058201058201058,0.1058201058201058,0.1058201058201058,-0.0003562500924659123,0.0015026666800783124
2024-10-15 21:12:56.800000256,0.0727057549716505,0.0103924511474941,-0.0008812711221963,0.9938281133333332,0.3554104593103449,0.9312169312169312,0.00014478238032,0.00015561336616,0.00055240381056,0.000117182499104,0.009282888316,0.00027597383568,0.0001796649036,1.3544973544973544,1.3544973544973544,1.3544973544973544,1.3544973544973544,1.3544973544973544,1.3544973544973544,1.3544973544973544,-0.0002181252396484118,-0.0006631458825478883
2024-10-16 00:12:58.684210432,0.068564447842391,0.0184687820343975,0.0022795222607309,0.9937568583597884,0.3560689725142857,0.2962962962962963,0.0001463478675949,0.0001578682550632,0.0005611626711392,0.0001185678053227,0.0093454698987341,0.0002814519944936,0.0001800623923417,0.656084656084656,0.656084656084656,0.656084656084656,0.656084656084656,0.656084656084656,0.656084656084656,0.656084656084656,-0.0002540756410643191,0.002533597901795219
2024-10-16 03:23:00.631578880,-0.0215500493413856,0.0024127936910392,0.0003641926956693,0.9936817248677248,0.3563611266137566,0.0,0.0001479630525396,0.0001604416875132,0.0005707091892063,0.0001213848021693,0.0093628884788359,0.0002860952462433,0.000184819353492,0.0,0.0,0.0,0.0,0.0,0.0,0.0,-0.0008996138149163918,0.001263806510585692
2024-10-16 06:23:02.470588160,-0.0305367157839668,0.0031496252710023,-0.0024750726696301,0.993610623968254,0.3555962228571429,0.0,0.0001473348872486,0.0001600857578835,0.0005566977131746,0.0001162726258571,0.0092243112169312,0.0002779761723809,0.0001789900842328,0.0,0.0,0.0,0.0,0.0,0.0,0.0,-0.0015382781007205054,-0.0009367945689095947
2024-10-16 09:52:10.000000000,0.0270960357682952,0.0200373925544946,-0.0036699660690165,0.993528167724868,0.3558580448663102,0.0952380952380952,0.0001420889112673,0.0001512982986149,0.0005318573032085,0.0001140815241871,0.0090223436871657,0.0002733136538502,0.000175762165401,0.0952380952380952,0.0952380952380952,0.0952380952380952,0.0952380952380952,0.0952380952380952,0.0952380952380952,0.0952380952380952,-0.001759072087403682,-0.0019108939816128183
2024-10-16 13:03:06.470588160,0.071846061468193,0.016161913730779,0.0019050009993274,0.993452905873016,0.3564395356084656,0.0,0.0001472275139153,0.0001558125837566,0.0005554609835449,0.0001165766442857,0.0092670182407407,0.0002765184232275,0.0001774575283068,0.0,0.0,0.0,0.0,0.0,0.0,0.0,-0.0007432045972218249,0.0026482055965492248
2024-10-16 15:58:08.222222336,-0.0745800234494709,0.0069009177949258,0.0042087835545572,0.993384025978836,0.3565627012698412,0.0,0.0001472634094708,0.0001575669869312,0.0005589149972486,0.0001163685225502,0.0093142224735449,0.0002768618498412,0.0001809207126455,0.0,0.0,0.0,0.0,0.0,0.0,0.0,-0.0005177579862252202,0.0047265415407824205
2024-10-16 18:48:37.090909184,-0.0128314841778092,0.0088831860542705,0.0011304994397174,0.9933169922340426,0.3563761140555556,0.1702127659574468,0.0001476128596111,0.0001568821540555,0.0005573679682777,0.0001150810195333,0.0093223191972222,0.0002745015409444,0.0001796649377222,0.1702127659574468,0.1702127659574468,0.1702127659574468,0.1702127659574468,0.1702127659574468,0.1702127659574468,0.1702127659574468,-0.0017723948164137249,0.0029028942561311246
2024-10-16 22:13:12.000000256,0.079622505692555,0.0162135969193918,-0.0003842393169454,0.993236490531915,0.3559092940462428,0.3191489361702128,0.0001475886147976,0.0001555339122543,0.0005544208429479,0.0001144125575433,0.0093062135231213,0.000274017494104,0.0001777598034104,0.3191489361702128,0.3191489361702128,0.3191489361702128,0.3191489361702128,0.3191489361702128,0.3191489361702128,0.3191489361702128,-0.001635412713249046,0.0012511733963036459
2024-10-17 01:23:13.947368704,0.0378264455582098,0.0285794276076924,0.0086676249233704,0.9931620075531916,0.355989847819149,0.0,0.0001474545888297,0.0001555130485106,0.0005572261388297,0.0001151216030638,0.0093292748537234,0.0002768062113297,0.0001784956385106,0.0,0.0,0.0,0.0,0.0,0.0,0.0,-0.002019757760350363,0.010687382683720763
2024-10-17 04:33:15.842105088,-0.0147845155802883,0.0120313524763749,0.005228774923655,0.993087581861702,0.3561649643085106,0.0,0.0001482291548404,0.0001563786714893,0.0005622711371276,0.0001157756374255,0.0093457333856382,0.0002779586118085,0.0001796740861702,0.0,0.0,0.0,0.0,0.0,0.0,0.0,-0.0008115724463832324,0.006040347370038232
2024-10-17 07:20:59.000000256,-0.0037096350072829,0.0239796291587721,-0.0005939654557835,0.9930220487301588,0.3568805451851852,0.0,0.000147730829947,0.0001556186683597,0.0005607810694179,0.0001155131289153,0.0091900175,0.0002773996107407,0.0001778378114285,0.0,0.0,0.0,0.0,0.0,0.0,0.0,-0.0008656734752291728,0.0002717080194456728
2024-10-17 10:38:18.428571392,0.0354369820021247,0.0341235310229358,-2.9291337772493434e-05,0.992944869361702,0.3570576249468085,0.0,0.0001486623967553,0.0001569185919148,0.0005591970417553,0.0001169129444574,0.0091915406143617,0.000275667824734,0.0001777574179255,0.0,0.0,0.0,0.0,0.0,0.0,0.0,-0.006375622510373005,0.006346331172600512
2024-10-17 14:02:11.000000000,0.1383885119630008,0.0242373723754983,0.0008638596742078,0.9928654491534392,0.3570969945502645,0.0,0.0001479404183068,0.0001555799698941,0.0005622285124338,0.0001178490548042,0.0093314493465608,0.0002760418335449,0.0001808496126984,0.0,0.0,0.0,0.0,0.0,0.0,0.0,-0.0009921435944718615,0.0018560032686796616
2024-10-17 16:43:23.333333248,-0.0770866147136644,0.0152699454369806,-0.002478235511496,0.9928024988297872,0.3565537780851063,0.0,0.0001485914002127,0.0001580082870744,0.0005579904934574,0.000116051761117,0.0093071517845744,0.0002728338779787,0.0001793251487234,0.0,0.0,0.0,0.0,0.0,0.0,0.0,-0.002082754627602157,-0.00039548088389384324
2024-10-17 20:23:25.562500096,0.0329544666921037,0.01661867021696,-0.0061771697960987,0.992716852180851,0.3556050666129031,0.0425531914893617,0.0001485844369354,0.0001553361166666,0.0005560540241397,0.0001155820717526,0.0092796495026881,0.0002712897677956,0.0001767572308602,0.0425531914893617,0.0425531914893617,0.0425531914893617,0.0425531914893617,0.0425531914893617,0.0425531914893617,0.0425531914893617,-0.003006468557917183,-0.0031707012381815168
2024-10-17 23:18:27.333333248,0.0784636325996643,0.0225520188131819,-0.005666406422002,0.9926488088829788,0.3547939691489363,0.0,0.0001484854259574,0.0001560303378191,0.0005544754743617,0.0001155187763138,0.0092647648962765,0.0002706269859574,0.0001784246378191,0.0,0.0,0.0,0.0,0.0,0.0,0.0,-0.0023313409370009225,-0.0033350654850010774
2024-10-18 02:23:29.157894656,-0.0093529221343828,0.0140904509473784,-0.0088106026631426,0.9925769599999998,0.3543834768617021,0.0,0.0001485855523936,0.0001554128905319,0.0005503106230851,0.0001150571258617,0.0092386034787234,0.0002684008105319,0.0001761456001595,0.0,0.0,0.0,0.0,0.0,0.0,0.0,-0.002146618171511988,-0.0066639844916306125
2024-10-18 05:33:31.157894656,-0.0428803968884494,-0.0099305901508791,-0.0045785181697539,0.992503275212766,0.3539659104255319,0.0,0.0001485404190957,0.0001547952882446,0.0005487428846808,0.0001143758046648,0.0091888680984042,0.0002668072818617,0.0001744449779255,0.0,0.0,0.0,0.0,0.0,0.0,0.0,6.405832525797905e-05,-0.004642576495011879
2024-10-18 08:31:24.357143040,-0.002645992560474,0.0033156415020635,-0.006704182862406,0.992434325638298,0.353620137393617,0.0,0.0001483267838297,0.0001537576338297,0.0005450801613297,0.0001136739645478,0.008928220625,0.0002661318825531,0.0001727442299468,0.0,0.0,0.0,0.0,0.0,0.0,0.0,-0.00264494604486272,-0.00405923681754328
2024-10-18 11:53:34.947368448,0.0496905023587146,0.0053561605781801,-0.0010340476382301,0.992356179574468,0.3537735760106383,0.0,0.0001482870103191,0.0001541494793085,0.000549363911968,0.0001147604750957,0.0091495736914893,0.0002673463111702,0.0001763454112234,0.0,0.0,0.0,0.0,0.0,0.0,0.0,-0.004145039081042232,0.0031109914428121316
2024-10-18 14:58:36.888888832,-0.0407171287901064,-0.0072487274957969,0.0023691403206062,0.9922847038297872,0.3537724614361702,0.0,0.0001485543521276,0.0001533175148404,0.0005473060917553,0.00011201444725,0.0091846592287234,0.0002669566346276,0.0001769870829255,0.0,0.0,0.0,0.0,0.0,0.0,0.0,-0.0033571623650191507,0.005726302685625351
2024-10-18 18:00:42.235293952,-0.0778008579213178,-0.0094289302365003,0.0007453894803963,0.992214472287234,0.3538586852127659,0.0,0.0001499215390425,0.000153484736968,0.0005515070576063,0.0001142603379521,0.0092226645106383,0.0002676205770212,0.0001771659101595,0.0,0.0,0.0,0.0,0.0,0.0,0.0,-0.0017477356786012588,0.0024931251589975587
2024-10-18 21:13:40.631578880,0.0421294701628198,-0.0021159093102925,0.0001154820383286,0.992140091861702,0.3533957982258063,0.0425531914893617,0.0001494443565591,0.0001540869240322,0.0005495179783333,0.0001132188104516,0.0092067989704301,0.0002668136716129,0.0001763366558064,0.0425531914893617,0.0425531914893617,0.0425531914893617,0.0425531914893617,0.0425531914893617,0.0425531914893617,0.0425531914893617,-0.0023313250795778395,0.0024468071179064394
2024-10-19 00:23:42.631578880,0.0513191383771527,0.005259838742063,0.0044614183822147,0.9920669778723404,0.3528734362234043,0.0,0.000150340353617,0.0001555741591489,0.000547199975851,0.0001150720530691,0.0091644695265957,0.0002679859612765,0.0001789092867021,0.0,0.0,0.0,0.0,0.0,0.0,0.0,-0.003216687711984606,0.007678106094199306
2024-10-19 03:33:44.526316032,-0.0349803600661289,-0.0076569969074095,0.0033759165350289,0.9919939481382978,0.3526220151595745,0.0,0.0001506145711702,0.0001572485029255,0.0005488220767021,0.000115968272867,0.0091765081223404,0.0002668278098404,0.0001777305892553,0.0,0.0,0.0,0.0,0.0,0.0,0.0,-0.002874727096769586,0.006250643631798486
2024-10-19 06:38:46.444444672,-0.0289747468007135,-0.0039559197780868,0.000637543030218,0.9919229214361702,0.3526695486170212,0.0,0.0001503857275531,0.0001570059189893,0.0005465649278191,0.0001144990236702,0.0090942265425531,0.0002673239027127,0.0001805076982978,0.0,0.0,0.0,0.0,0.0,0.0,0.0,-0.0023270735714539525,0.0029646166016719525
2024-10-19 09:40:13.999999744,0.022936791447421,0.0150518823346348,0.0009654835763664,0.9918531284042552,0.3522186838829787,0.0,0.0001506677001063,0.000157899056968,0.0005422590631382,0.0001133444393457,0.0089011592712765,0.0002653408495744,0.0001810532644148,0.0,0.0,0.0,0.0,0.0,0.0,0.0,-0.0031804354730605167,0.004145919049426917
2024-10-19 12:53:50.263157760,0.0637357399107259,0.0159153047184001,0.0055451751808533,0.9917790171428572,0.3523674935449735,0.0,0.000151714945873,0.0001590176128042,0.0005402104505291,0.000114405609037,0.0090914528333333,0.0002652689069841,0.0001803182451322,0.0,0.0,0.0,0.0,0.0,0.0,0.0,-0.0032177963053145048,0.008762971486167805
2024-10-19 16:03:52.105263360,-0.0665610184865386,0.011680913445673,0.0083151154660299,0.9917063375661376,0.3528103432804231,0.0,0.0001515846713756,0.0001577655468783,0.0005426638595238,0.0001154483434338,0.0091429918068783,0.0002672916167195,0.0001808926653439,0.0,0.0,0.0,0.0,0.0,0.0,0.0,-0.0017807775675318938,0.010095893033561794
2024-10-19 18:59:53.866666496,-0.0074074346262023,0.0170808533354842,0.0045558883731463,0.9916390932804232,0.3532787606951872,0.0423280423280423,0.0001510748398395,0.0001564947721925,0.0005433794413368,0.0001147282729679,0.0091834411871657,0.0002679533090909,0.0001808876479144,0.0423280423280423,0.0423280423280423,0.0423280423280423,0.0423280423280423,0.0423280423280423,0.0423280423280423,0.0423280423280423,-0.0024892333596277655,0.007045121732774065
2024-10-19 22:18:55.888888832,0.0932693610931778,0.0284381399689992,0.0044619203328257,0.9915631523280424,0.3527790833862434,0.0,0.00015054138291,0.0001567811224867,0.0005410459333862,0.0001156330933333,0.0091710839417989,0.0002663278331746,0.0001806217992063,0.0,0.0,0.0,0.0,0.0,0.0,0.0,-0.0036826077611517294,0.008144528093977428
2024-10-20 01:23:57.736841984,0.0499002716167069,0.0332550889010071,0.0065268874137937,0.9914926237037038,0.3527049413227514,0.0,0.0001499790432275,0.0001568990988359,0.0005387805777777,0.0001148268516349,0.0091683239312169,0.0002655075907936,0.0001802654550793,0.0,0.0,0.0,0.0,0.0,0.0,0.0,-0.0029077228591889576,0.009434610272982657
2024-10-20 04:33:59.736842240,0.0132096169226088,0.0327664323298222,0.0108057911225406,0.9914202923280422,0.3531446465079365,0.0,0.0001498985657671,0.0001564450392592,0.0005374298521164,0.0001151223435608,0.0091614579576719,0.0002668942592063,0.0001771546602116,0.0,0.0,0.0,0.0,0.0,0.0,0.0,-0.003966847546178168,0.014772638668718767
2024-10-20 07:34:01.529411584,0.013619098942172,0.0354227223996367,-0.0024995524580248,0.9913518483597886,0.3537889939153439,0.0,0.0001506536802645,0.0001566445091534,0.0005380872859259,0.0001137816304656,0.0090124483201058,0.0002678199677248,0.0001766895941269,0.0,0.0,0.0,0.0,0.0,0.0,0.0,-0.004757168400985071,0.0022576159429602708
2024-10-20 10:54:36.944444416,0.0732408329009217,0.0273920314050554,-0.0137424906086493,0.9912756992021275,0.354949264468085,0.0,0.0001508180392553,0.0001579345927659,0.0005395079495212,0.0001148554686063,0.0091110019148936,0.0002690655581382,0.0001782709652659,0.0,0.0,0.0,0.0,0.0,0.0,0.0,-0.005547547692437552,-0.008194942916211749
2024-10-20 13:04:04.999999744,,0.0215539347570875,-0.0073637491442118,0.9912265647619048,0.3554170143386243,0.0,0.0001520418829629,0.0001586963926455,0.0005428290687301,0.0001148519442328,0.0092121533650793,0.0002703391844444,0.0001787299714285,0.0,0.0,0.0,0.0,0.0,0.0,0.0,-0.0038739904450159207,-0.003489758699195879
2024-10-21 12:34:19.272727552,0.0593378307700618,0.0200537282922318,-0.0040119224941823,0.9906938410638298,0.3580885409574468,0.0,0.0001564345782446,0.0001601415326595,0.0005518269702659,0.0001143403559308,0.0093559723297872,0.0002708970848936,0.0001759200099999,0.0,0.0,0.0,0.0,0.0,0.0,0.0,-0.0035757898699732976,-0.00043613262420900273
2024-10-21 15:04:20.789474048,-0.0426544078582082,0.0143642798078455,-0.0084522082902575,0.9906374475,0.3582931702127659,0.0,0.0001566178477127,0.0001603348897872,0.000551666779468,0.0001152491483563,0.0093785889813829,0.0002712196515957,0.0001766270406914,0.0,0.0,0.0,0.0,0.0,0.0,0.0,-0.0034926844691311604,-0.004959523821126339
2024-10-21 18:02:22.666666240,-0.0796836535774332,0.0072110098831659,-0.0128559473749163,0.9905705885106382,0.3589335251595745,0.0,0.0001576314422872,0.0001601660031914,0.000553475003617,0.0001154947502446,0.0094165114468085,0.000271687074734,0.0001763858590425,0.0,0.0,0.0,0.0,0.0,0.0,0.0,-0.003878059301996209,-0.008977888072920092
2024-10-21 21:24:24.631579136,0.0407264912614664,0.0013500278587217,-0.0064680631369194,0.9904947947340426,0.3592683075806451,0.0425531914893617,0.0001580443605376,0.0001596259101612,0.0005557267787096,0.000116197646258,0.0094409449327956,0.0002724484758602,0.0001773009319354,0.0425531914893617,0.0425531914893617,0.0425531914893617,0.0425531914893617,0.0425531914893617,0.0425531914893617,0.0425531914893617,-0.002682494638696478,-0.0037855684982229217
2024-10-22 00:29:26.500000000,0.0363984134330053,-0.002400390980578,0.0010225811560161,0.9904254807978724,0.359529004680851,0.0106382978723404,0.0001589734010638,0.0001591843498404,0.0005545809340957,0.0001160657740319,0.0094544321702127,0.0002722554325,0.0001779192575531,0.0106382978723404,0.0106382978723404,0.0106382978723404,0.0106382978723404,0.0106382978723404,0.0106382978723404,0.0106382978723404,-0.003230264246249226,0.004252845402265326
2024-10-22 03:34:28.473684224,-0.0379954194368679,-0.0195624135111466,-1.389909972905612e-05,0.9903562229787236,0.3601401570212765,0.0,0.0001586777094148,0.0001588477400531,0.0005565182896276,0.0001172041737925,0.0094881542021276,0.0002733782412234,0.0001789083502127,0.0,0.0,0.0,0.0,0.0,0.0,0.0,-0.0019396735739173887,0.0019257744741883326
2024-10-22 06:39:30.333332992,-0.0507603303799442,-0.0230774686914464,-0.0055867313599681,0.9902870175531916,0.3610076730851063,0.0,0.0001584615173936,0.0001588180430851,0.0005563697212234,0.0001176038837074,0.0094253341569148,0.0002747626141489,0.0001815651229255,0.0,0.0,0.0,0.0,0.0,0.0,0.0,-0.00168613562097239,-0.00390059573899571
2024-10-22 10:11:48.909091072,0.0204919946809241,-0.0051847910812499,-0.0033420525267483,0.9902076064550264,0.3618725539153439,0.0,0.0001588982750793,0.0001586476341269,0.0005564181874074,0.0001182551175079,0.0093440407962962,0.0002770350175132,0.0001820592380952,0.0,0.0,0.0,0.0,0.0,0.0,0.0,-0.002027717105743204,-0.0013143354210050956
2024-10-22 13:04:34.263158016,0.0325355622817937,-0.0078476605553166,0.0019469181402191,0.9901432085106384,0.3627196587234042,0.0,0.0001590717220212,0.0001592413776595,0.0005601814852659,0.0001197317200585,0.0095513960904255,0.0002792966751063,0.000184877469468,0.0,0.0,0.0,0.0,0.0,0.0,0.0,-0.0017607699474308652,0.003707688087649965
2024-10-22 16:09:36.111111168,-0.0951203720050557,-0.0137930182001153,0.0050166146515882,0.9900742067021276,0.3628989667553191,0.0,0.0001597904549468,0.0001610885268617,0.0005647091420212,0.0001195677434414,0.0096118486117021,0.0002802638190425,0.0001859541075,0.0,0.0,0.0,0.0,0.0,0.0,0.0,-0.0017631016699569402,0.00677971632154514
2024-10-22 18:42:24.111111168,-0.0742899044809064,-0.0092196891915692,0.0041302518712029,0.9900171873936172,0.3634774757526882,0.0425531914893617,0.0001604325995161,0.0001641056436021,0.0005697189044086,0.0001204473777956,0.0096629199435483,0.0002813936904301,0.000186730838172,0.0425531914893617,0.0425531914893617,0.0425531914893617,0.0425531914893617,0.0425531914893617,0.0425531914893617,0.0425531914893617,-0.001886648083754383,0.006016899954957283
2024-10-22 22:34:39.823529728,0.0813504449143351,0.0027358841346843,0.0050724996886989,0.9899308100531916,0.3628747332446808,0.0106382978723404,0.0001595338759042,0.000165111321968,0.0005629840199468,0.0001201684171489,0.0096089717952127,0.0002779882450531,0.0001858611687765,0.0106382978723404,0.0106382978723404,0.0106382978723404,0.0106382978723404,0.0106382978723404,0.0106382978723404,0.0106382978723404,-0.002052249937843781,0.007124749626542681
2024-10-23 01:34:41.631578880,0.016760665994866,0.0041433087251966,0.0085803710249422,0.9898638346276596,0.3625150854787234,0.0,0.0001596636827127,0.0001659367115425,0.0005613421453723,0.0001204111137446,0.0095882891382978,0.0002779144888297,0.0001850026154255,0.0,0.0,0.0,0.0,0.0,0.0,0.0,-0.0034979125957915747,0.012078283620733774
2024-10-23 04:44:43.631579136,-0.0171098053701825,-0.0061260091467577,0.0066776183352591,0.9897932290957444,0.3634330321276596,0.0,0.000160213297234,0.0001660396623404,0.0005626814345744,0.0001192156469414,0.0095879333324468,0.0002790104144148,0.000185252306117,0.0,0.0,0.0,0.0,0.0,0.0,0.0,-0.003714040209704561,0.01039165854496366
2024-10-23 07:44:45.470588160,0.0031645416400465,0.012116275132794,0.0042738344742455,0.989726398776596,0.3637715848404255,0.0,0.0001615967019148,0.0001669266225,0.0005630147802659,0.0001191357133617,0.0094014058829787,0.0002779622038829,0.0001849027789361,0.0,0.0,0.0,0.0,0.0,0.0,0.0,-0.0029791382630201257,0.007252972737265626
2024-10-23 10:54:47.368420864,0.0568398295563383,0.0319095297516961,0.0031888603035317,0.9896559151595744,0.3655762978191489,0.0,0.0001633511984042,0.0001677280840957,0.0005764015946276,0.0001232821373563,0.0095961989734042,0.0002857709395212,0.0001933270567553,0.0,0.0,0.0,0.0,0.0,0.0,0.0,-0.0027658268435084427,0.005954687147040142
2024-10-23 14:04:49.368420864,0.0331588159955344,0.0259154607776836,0.0070085561935201,0.9895853093121691,0.3658098771957672,0.0,0.0001637226022222,0.0001700261664021,0.0005744354027513,0.0001229360563703,0.0096575154814814,0.0002847826264021,0.000190018728201,0.0,0.0,0.0,0.0,0.0,0.0,0.0,-0.004071684825267333,0.011080241018787433
2024-10-23 16:59:51.125000192,-0.0598882985657951,0.0251551597377151,0.0051791563521163,0.9895205021693122,0.3660728653439153,0.0,0.0001617114792592,0.0001697666504761,0.0005715205168253,0.0001221148319841,0.009654142558201,0.0002824727708465,0.0001893560599999,0.0,0.0,0.0,0.0,0.0,0.0,0.0,-0.003743110325117066,0.008922266677233366
2024-10-23 20:28:38.187500032,0.0690601865109101,0.033318187769718,0.0037372284051334,0.989443354148936,0.3663128856081081,0.851063829787234,0.0001633660018918,0.0001722242598648,0.0005735585258108,0.000120863132304,0.0096655326385135,0.0002824247539189,0.000189977906081,0.851063829787234,0.851063829787234,0.851063829787234,0.851063829787234,0.851063829787234,0.851063829787234,0.851063829787234,-0.0038551933516185327,0.007592421756751932
2024-10-23 23:34:55.157894656,0.1038493870892125,0.0481730977569061,0.0081271274779955,0.989374402962963,0.3667684110582009,0.0,0.0001646821366137,0.0001740265349206,0.0005768000322222,0.0001209549320846,0.0097048560978835,0.0002837087888359,0.0001904817454497,0.0,0.0,0.0,0.0,0.0,0.0,0.0,-0.003429936538865752,0.011557064016861253
2024-10-24 02:39:56.999999744,0.027403824148223,0.0444870940205153,0.0072155350060758,0.9893060582539682,0.3679616331746031,0.0,0.000167967119365,0.0001762360996296,0.0005916180912698,0.0001313633602486,0.0097880799761904,0.0002978851032804,0.0002127770215873,0.0,0.0,0.0,0.0,0.0,0.0,0.0,-0.0031425854617366106,0.01035812046781241
2024-10-24 05:44:58.842105088,0.0099179566351494,0.0405464927341527,0.0031519325305112,0.9892377733862434,0.3690104139153439,0.0,0.0001691848554497,0.0001854743090476,0.0006019946257671,0.0001267237206878,0.0098124094708994,0.0002932148908465,0.0001985616071957,0.0,0.0,0.0,0.0,0.0,0.0,0.0,-0.002682929848285262,0.005834862378796463
2024-10-24 08:50:18.411764480,0.0563574469178433,0.0618506282568773,0.0008691951491537,0.98916936,0.3686949298404255,0.0,0.0001639528382446,0.0001801329177659,0.0005851353560638,0.0001236319561329,0.0095409338856382,0.0002859142467021,0.0001935986998404,0.0,0.0,0.0,0.0,0.0,0.0,0.0,-0.0014482624192530963,0.0023174575684067962
2024-10-24 12:15:02.823529472,0.1368587315247396,0.0682700143742067,0.0058022605576563,0.9890939992592592,0.3695410184126984,0.0,0.000164314182328,0.0001795262965608,0.0005824767607407,0.0001232449502804,0.0097365007936507,0.0002859476374074,0.0001924791060317,0.0,0.0,0.0,0.0,0.0,0.0,0.0,-0.0012186349831987964,0.007020895540855096
2024-10-24 15:15:04.631579136,0.0236657959288209,0.0634824519644325,0.0082666290190426,0.9890277206878308,0.3702910153968253,0.0,0.0001642761714814,0.0001793447841269,0.0005852039655026,0.0001240437604814,0.0098008496375661,0.0002862890201058,0.0001920739279894,0.0,0.0,0.0,0.0,0.0,0.0,0.0,9.106624442543898e-05,0.008175562774617161
2024-10-24 18:00:06.400000000,-0.0023065955817287,0.0668041809507889,0.004847872238425,0.988967006825397,0.3711585759259258,0.0,0.0001651547408465,0.0001810579396825,0.0005894221491005,0.0001238556925502,0.009863346021164,0.0002872437419047,0.0001916931847619,0.0,0.0,0.0,0.0,0.0,0.0,0.0,0.0005914063392191554,0.004256465899205844
2024-10-24 21:30:08.499999744,0.1318489211387259,0.0783489034094865,0.0032417720662977,0.988889791904762,0.3721481445989304,0.0423280423280423,0.0001674341099465,0.0001843469279144,0.0005953971900534,0.0001249809468663,0.0099385240695187,0.0002893988733155,0.0001892525933689,0.0423280423280423,0.0423280423280423,0.0423280423280423,0.0423280423280423,0.0423280423280423,0.0423280423280423,0.0423280423280423,0.0009523721294910498,0.00228939993680665
2024-10-25 00:35:10.368420608,0.1268346615668747,0.087222929688317,0.0052674693598495,0.9888218211111108,0.3727327576190475,0.0,0.0001683336027513,0.000183508465291,0.0005927592996296,0.0001219416142962,0.0099325782116402,0.0002898050969312,0.0001903595971428,0.0,0.0,0.0,0.0,0.0,0.0,0.0,0.0005482154353648461,0.004719253924484654
2024-10-25 03:45:12.368421120,0.0607613254012449,0.0737555370651471,0.0046324040614109,0.9887518818085108,0.3735443167553191,0.0,0.0001685715365957,0.0001822170579787,0.0005958415224468,0.000121807878468,0.0099594339335106,0.0002905957396808,0.000190332872234,0.0,0.0,0.0,0.0,0.0,0.0,0.0,0.00014922463970550026,0.0044831794217054
2024-10-25 06:50:14.222222336,0.0572993850254306,0.0815039912458372,0.001768015399376,0.9886840106914894,0.3746829672340425,0.0,0.0001685857345744,0.0001814365259574,0.0006016323310106,0.0001229772615372,0.0099115868457446,0.0002925512340957,0.0001924430964361,0.0,0.0,0.0,0.0,0.0,0.0,0.0,0.00026526202696196266,0.0015027533724140374
2024-10-25 10:10:16.416666624,0.1138204587634277,0.1027524658931926,0.0019455121636544,0.9886106888297872,0.3757407355851064,0.0,0.000168770774734,0.000181236065851,0.0006035196798404,0.0001224137803457,0.0098636405824468,0.0002930800648404,0.0001917003553723,0.0,0.0,0.0,0.0,0.0,0.0,0.0,0.00010282817489042084,0.0018426839887639792
2024-10-25 13:05:18.052631296,0.1362236834273176,0.1025788680110698,0.0062058217212107,0.9885465777659574,0.3765003948404254,0.0,0.0001687368865957,0.0001823550857978,0.0006053324751063,0.0001239863351648,0.0100401111888297,0.0002946058834042,0.000195145864468,0.0,0.0,0.0,0.0,0.0,0.0,0.0,0.004017796657656267,0.002188025063554433
2024-10-25 16:15:19.947368704,0.0156521979162107,0.0996106941025674,0.00806328640948,0.9884770165425532,0.3775829968085106,0.0,0.0001698718405319,0.0001835490902659,0.0006142855798936,0.0001257507078191,0.0101419888377659,0.0002987213414893,0.0001970085506382,0.0,0.0,0.0,0.0,0.0,0.0,0.0,0.002480335251623389,0.005582951157856611
2024-10-25 19:08:05.181817856,0.0934018835550318,0.1056220581892703,0.0058426995563034,0.988413905079365,0.3774144074866309,0.0423280423280423,0.0001704327652406,0.0001843506257754,0.0006142909796791,0.0001234383427165,0.0101127974679144,0.0002975839358288,0.0001969367224064,0.0423280423280423,0.0423280423280423,0.0423280423280423,0.0423280423280423,0.0423280423280423,0.0423280423280423,0.0423280423280423,0.0021723770886192123,0.0036703224676841876
2024-10-25 22:45:23.941176320,0.1889296762444701,0.118587264707148,0.006373422492454,0.9883343832446808,0.3775794861702127,0.0,0.0001703348297872,0.0001855403712234,0.0006144339801595,0.0001239236301223,0.0101047371276595,0.0002978980878723,0.0001981904470212,0.0,0.0,0.0,0.0,0.0,0.0,0.0,0.0024613642114191536,0.003912058281034846
2024-10-26 01:40:25.666666752,0.13028654019962,0.1227898616210217,0.0081799597492202,0.9882704623404256,0.37880604,0.0,0.000170773489468,0.0001861437774999,0.0006207432398936,0.0001253427539361,0.0101756319654255,0.000300343815851,0.0001983562268617,0.0,0.0,0.0,0.0,0.0,0.0,0.0,0.0026955107212056073,0.005484449028014593
2024-10-26 04:45:27.631579136,0.1001210963903531,0.116236810845319,0.0062632025547429,0.9882029136702128,0.3796989619148936,0.0,0.0001723421218085,0.0001868524537765,0.0006273498106914,0.0001270111303244,0.0101866383882978,0.0003043875726063,0.0002020044121276,0.0,0.0,0.0,0.0,0.0,0.0,0.0,0.01305667226722336,-0.00679346971248046
2024-10-26 07:47:29.399999744,0.1148636021815718,0.1375142466752663,0.0039419721133451,0.9881365004255318,0.3834845734042554,0.0,0.0001804588629255,0.0002019110200531,0.0006790594445744,0.0001415302857978,0.0102913649521276,0.0003352515209042,0.0002256433985106,0.0,0.0,0.0,0.0,0.0,0.0,0.0,0.00645042060898271,-0.00250844849563761
2024-10-26 11:02:51.333333504,0.1739862436863291,0.159163724437595,0.0103148043027071,0.988065207037037,0.3811821119047617,0.0,0.0001716714562433,0.0001971309738095,0.000638551571746,0.0001269505295767,0.0101878541084656,0.0003066663778835,0.0002015470525396,0.0,0.0,0.0,0.0,0.0,0.0,0.0,0.004144035860535342,0.006170768442171758
2024-10-26 14:09:39.000000000,0.1516438309882914,0.1636936004300082,0.0174976226691863,0.9879972379255318,0.3815752681914893,0.0,0.0001706860356382,0.0001952060949999,0.0006316958164893,0.0001257043402659,0.0102316706888297,0.0003034657192021,0.0002003408917021,0.0,0.0,0.0,0.0,0.0,0.0,0.0,0.003623733162947382,0.01387388950623892
2024-10-26 17:16:59.285714688,0.0772462264459932,0.1732990116193049,0.0182498103482061,0.9879289501587302,0.3820436666666666,0.0,0.0001718740062962,0.0001977028159788,0.0006317467661375,0.0001252127074867,0.0102537012724867,0.0003028253906349,0.0001988189962962,0.0,0.0,0.0,0.0,0.0,0.0,0.0,0.0034354369909125465,0.014814373357293555
2024-10-26 20:28:31.882352896,0.2071491203857363,0.1960691879789351,0.0209352288796414,0.9878592447340424,0.3820191160215053,0.0425531914893617,0.0001752230375806,0.0002000116150537,0.0006348973739247,0.0001257670675268,0.0102604716612903,0.0003021201016129,0.0001994371568279,0.0425531914893617,0.0425531914893617,0.0425531914893617,0.0425531914893617,0.0425531914893617,0.0425531914893617,0.0425531914893617,0.003258496276505929,0.017676732603135473
2024-10-26 23:37:37.266666496,0.2882471834159901,0.2240840900449698,0.0255633322496578,0.9877904859574468,0.382299791968085,0.0,0.0001750376992553,0.0001979516413829,0.0006339956510106,0.0001254567548191,0.0102786963271276,0.0003025478542553,0.0002000265419148,0.0,0.0,0.0,0.0,0.0,0.0,0.0,0.0021242936079842595,0.02343903864167354
2024-10-27 02:40:39.722222336,0.2296985601761889,0.2354102047851445,0.0248443241399665,0.9877239507446808,0.3831824612234041,0.0,0.0001754743787765,0.000200024531117,0.0006390637688829,0.0001276181164893,0.0103403378138297,0.0003049641942021,0.0002027339627127,0.0,0.0,0.0,0.0,0.0,0.0,0.0,0.0026387454076677724,0.02220557873229873
2024-10-27 06:00:41.874999808,0.2167352409032901,0.2501820360746226,0.0211424668441253,0.9876512834042556,0.3840797731914894,0.0,0.0001766978265957,0.0002015182518085,0.0006421585687234,0.0001260276544148,0.0103217489069148,0.0003039950240957,0.0001997755391489,0.0,0.0,0.0,0.0,0.0,0.0,0.0,0.0026263256872000734,0.018516141156925226
2024-10-27 09:01:03.600000000,0.3050526836270251,0.2881809329959234,0.0180014335526114,0.9875857405820104,0.3844877292592593,0.0,0.0001771488248677,0.0002012994989947,0.000638210149947,0.0001250638910582,0.0101214008809523,0.0003036955663492,0.0001993393002116,0.0,0.0,0.0,0.0,0.0,0.0,0.0,0.0036069986208445703,0.014394434931766828
2024-10-27 12:06:23.125000192,0.3669977207758848,0.31236134815095,0.0203549107540993,0.987518417819149,0.3856909142021276,0.0,0.0001778721798404,0.0002041551056382,0.0006446510060106,0.0001262681405319,0.0103391660212765,0.0003059399952659,0.0002022635992553,0.0,0.0,0.0,0.0,0.0,0.0,0.0,0.0032618286349965636,0.017093082119102737
2024-10-27 15:15:48.473684224,0.2759212763479013,0.3224871227138806,0.0228132507816136,0.9874496852380952,0.3866448031746031,0.0,0.0001802255344444,0.0002064337667724,0.0006487825135449,0.0001276259279894,0.0104166379576719,0.0003076464826984,0.0002039923164021,0.0,0.0,0.0,0.0,0.0,0.0,0.0,0.004863041202559953,0.017950209579053647
2024-10-27 18:14:18.000000000,0.2845903125935933,0.3409570012938161,0.0199768935489212,0.9873849780851062,0.3870643732446809,0.0,0.0001806893342021,0.0002055669452659,0.0006479228185106,0.000126828432234,0.0104294928670212,0.0003071101277127,0.0002025779878723,0.0,0.0,0.0,0.0,0.0,0.0,0.0,0.005728677142651642,0.014248216406269557
2024-10-27 21:35:52.368421120,0.4192362987377009,0.3756787816570421,0.0221766977082779,0.987311973968254,0.3874301134759358,0.0423280423280423,0.0001810555903208,0.0002042573134224,0.0006489014883422,0.0001277083883957,0.0104584731417112,0.0003080229763636,0.0002001710772192,0.0423280423280423,0.0423280423280423,0.0423280423280423,0.0423280423280423,0.0423280423280423,0.0423280423280423,0.0423280423280423,0.005695296801961916,0.016481400906315984
2024-10-28 00:45:54.263158016,0.4247728567809758,0.3975137938982066,0.0246837903484741,0.987243201058201,0.3877614859259259,0.0,0.0001811807994179,0.0002055338573544,0.0006538193591005,0.000128255545873,0.0105027298015873,0.0003111612937037,0.0001991405504232,0.0,0.0,0.0,0.0,0.0,0.0,0.0,0.0062779333743008675,0.018405856974173233
2024-10-28 03:50:56.166666496,0.3793791544823648,0.4011681768259653,0.0222990091367809,0.98717626005291,0.3879155522222222,0.0,0.0001808274008994,0.0002056671714814,0.0006562974911111,0.0001273718544444,0.0105300251746031,0.0003095532392063,0.0001976316716402,0.0,0.0,0.0,0.0,0.0,0.0,0.0,0.006354975331435309,0.015944033805345592
2024-10-28 06:50:57.999999744,0.3959274673956088,0.4259064792941431,0.0183549555459781,0.9871111525925924,0.3884144246031746,0.0,0.0001807487112698,0.0002055710126984,0.0006557170279894,0.0001264677513756,0.0104454453201058,0.000309190187619,0.0001988374830158,0.0,0.0,0.0,0.0,0.0,0.0,0.0,0.008050376485316715,0.010304579060661383
2024-10-28 10:06:35.176470528,0.5292312641723242,0.4608380821796598,0.0181164922722056,0.987040474787234,0.3890357406914893,0.0,0.0001808912927127,0.0002044897807978,0.0006556555807978,0.0001244874623617,0.0103609555292553,0.0003097712480851,0.0001984713286702,0.0,0.0,0.0,0.0,0.0,0.0,0.0,0.019035993132841336,-0.0009195008606357365
2024-10-28 13:16:01.894736640,0.5015677937975056,0.4759986307567235,0.02097255390215,0.9869720072486772,0.3897698855026454,0.0,0.0001811907421164,0.0002037224406878,0.0006592531953439,0.0001277189131216,0.0105428478544973,0.0003122114410052,0.0002023534227513,0.0,0.0,0.0,0.0,0.0,0.0,0.0,0.00783783026939898,0.01313472363275102
2024-10-28 16:26:03.842105088,0.399887167125712,0.4885266273892437,0.0208054857852999,0.9869033891534392,0.390756818042328,0.0,0.0001837116120634,0.0002057829400529,0.0006759579899999,0.0001300709074603,0.0106886554126984,0.0003186113906349,0.0002035758930687,0.0,0.0,0.0,0.0,0.0,0.0,0.0,0.007277297750730521,0.013528188034569379
2024-10-28 19:23:57.071428864,0.4985659985615029,0.5138935223078787,0.0196535018004491,0.9868391429100528,0.3902625022994652,0.0423280423280423,0.000183889566631,0.0002057813402139,0.0006704013903208,0.0001281175896791,0.0107065272245989,0.0003132510196256,0.0002010390013903,0.0423280423280423,0.0423280423280423,0.0423280423280423,0.0423280423280423,0.0423280423280423,0.0423280423280423,0.0423280423280423,0.006570035635681884,0.013083466164767216
2024-10-28 22:36:07.578947328,0.5989747385632427,0.5442128087625394,0.0201501654364051,0.9867698767195768,0.391189742116402,0.0,0.0001826346329629,0.000202149778201,0.0006706030247619,0.0001286131079894,0.0107207493042328,0.0003156096248148,0.0002024790527513,0.0,0.0,0.0,0.0,0.0,0.0,0.0,0.006857309993298602,0.013292855443106499
2024-10-29 01:46:09.526315520,0.5556812359312744,0.5553131166848037,0.0245631185012314,0.98670135994709,0.3916677774603174,0.0,0.0001818389940211,0.0002034427573015,0.0006680915893121,0.0001277174323809,0.0107322195449735,0.0003136036896825,0.0001996973421164,0.0,0.0,0.0,0.0,0.0,0.0,0.0,0.0071312116960851185,0.01743190680514628
2024-10-29 04:56:11.473684224,0.537524826473657,0.5620216693664652,0.0205264516771336,0.9866328883068782,0.3915007923280423,0.0,0.0001816959767195,0.0002031483904232,0.0006662250037566,0.0001274825143386,0.0106882522539682,0.0003128009166137,0.0001984973908465,0.0,0.0,0.0,0.0,0.0,0.0,0.0,0.008389416532255861,0.01213703514487774
2024-10-29 07:54:04.785714688,0.6076812087500798,0.595083921698151,0.0160436277400322,0.9865687703703704,0.3915380774074073,0.0,0.0001822368066666,0.0002013586816931,0.00066364155,0.0001272729804232,0.0105056304841269,0.0003135257139682,0.0002000778367195,0.0,0.0,0.0,0.0,0.0,0.0,0.0,0.0070145645556802805,0.00902906318435192
2024-10-29 11:16:55.466666752,0.6688010454875553,0.6244065295250103,0.0191595039656505,0.9864956849735448,0.3916387350828729,0.1693121693121693,0.0001820859187292,0.000200931466022,0.0006618902599447,0.0001277002460773,0.0106162978204419,0.0003102167412707,0.0001991408322099,0.1693121693121693,0.1693121693121693,0.1693121693121693,0.1693121693121693,0.1693121693121693,0.1693121693121693,0.1693121693121693,0.00681183362406354,0.012347670341586958
2024-10-29 14:16:17.157894656,0.6291340354727026,0.6373410130945181,0.02310542546309,0.9864311002659576,0.3915067606914894,0.0,0.0001811103809042,0.0001992324353723,0.000662093814468,0.0001272975429787,0.0106681060611702,0.0003102168651063,0.0001988694859574,0.0,0.0,0.0,0.0,0.0,0.0,0.0,0.00817082709934698,0.014934598363743019
2024-10-29 17:17:29.529411584,0.5619447679324594,0.6554822843026059,0.0217412216134562,0.9863660005851064,0.3918593505851063,0.0,0.0001838026165425,0.000206047768617,0.0006662849282446,0.0001290948424468,0.0106828593005319,0.0003123306582446,0.0001995015754787,0.0,0.0,0.0,0.0,0.0,0.0,0.0,0.008974204349075615,0.012767017264380585
2024-10-29 20:38:01.055555840,0.6974474381108848,0.6868196532044524,0.0228500242802217,0.986293920740741,0.3916354052941176,0.0423280423280423,0.0001847296945989,0.0002070099571657,0.0006631017610695,0.0001282336847058,0.0106572782459893,0.0003114704928342,0.0001988258167379,0.0423280423280423,0.0423280423280423,0.0423280423280423,0.0423280423280423,0.0423280423280423,0.0423280423280423,0.0423280423280423,0.008316931199106148,0.014533093081115552
2024-10-29 23:46:22.947368448,0.7624694690032356,0.7133352496080521,0.0268886154542258,0.986226183138298,0.3910753608510638,0.0,0.0001845885787234,0.0002057915456914,0.0006608349967021,0.0001281003749468,0.0106397688856382,0.0003096150368085,0.0001966528007978,0.0,0.0,0.0,0.0,0.0,0.0,0.0,0.007198380796335266,0.019690234657890535
2024-10-30 02:51:24.777777664,0.7153850906888124,0.7221192622242951,0.0254788924058971,0.9861597273404256,0.3908628568617021,0.0,0.0001852370140957,0.0002032813082978,0.0006570314174999,0.0001284474040425,0.0106321543218085,0.0003090562293617,0.0001961422759042,0.0,0.0,0.0,0.0,0.0,0.0,0.0,0.006719469723650728,0.018759422682246372
2024-10-30 05:51:26.666667008,0.718952676804065,0.7396220305444293,0.0220327693852387,0.9860951165957446,0.3910227779787233,0.0,0.0001859193813297,0.0002025837598936,0.0006589810966489,0.0001296072440957,0.010600926768617,0.0003097132056382,0.0001971211426063,0.0,0.0,0.0,0.0,0.0,0.0,0.0,0.006018256752457429,0.01601451263278127
2024-10-30 09:04:56.153846016,0.8195611465902743,0.7763860514219928,0.0174395925199812,0.9860256966666668,0.3922054914285713,0.0,0.0001861125996296,0.0002031146457142,0.0006646154277777,0.0001298050938624,0.0104826497910052,0.0003139747292063,0.0001981008835978,0.0,0.0,0.0,0.0,0.0,0.0,0.0,0.006578626867611445,0.010860965652369756
2024-10-30 12:16:30.526315520,0.8463215763824792,0.7988516269233326,0.019078145824119,0.9859570253191487,0.3929512907446807,0.0,0.0001858037451063,0.0002054316515957,0.0006703921314893,0.0001299280348404,0.010699424893617,0.0003156932062765,0.0002010970266489,0.0,0.0,0.0,0.0,0.0,0.0,0.0,0.0064084659643724035,0.012669679859746596
2024-10-30 15:26:32.526316032,0.7478571590337424,0.8097733431215299,0.0201738518550229,0.9858889311702128,0.3930513770212766,0.0,0.0001867142479255,0.0002050073712234,0.0006731721802127,0.0001280586828723,0.0107574079281914,0.0003146570089893,0.0001992063200531,0.0,0.0,0.0,0.0,0.0,0.0,0.0,0.0082125702805904,0.011961281574432499
2024-10-30 18:29:14.466667008,0.7866589503539103,0.8285716613381865,0.0172946049201092,0.9858233675531916,0.393164109787234,0.0,0.0001865708300531,0.0002032978692553,0.0006694843464361,0.0001283358055851,0.010730963643617,0.0003149765672872,0.0002007936146808,0.0,0.0,0.0,0.0,0.0,0.0,0.0,0.008780682214509533,0.008513922705599666
2024-10-30 21:36:36.263158016,0.8928209558305298,0.8524730018307752,0.0151925615355442,0.9857564326063832,0.3938137168918919,0.851063829787234,0.0001890638866216,0.0002066111093243,0.0006809056696621,0.0001322713531756,0.0107999141689189,0.0003228269337162,0.0002037064135135,0.851063829787234,0.851063829787234,0.851063829787234,0.851063829787234,0.851063829787234,0.851063829787234,0.851063829787234,0.007601726441886392,0.007590835093657808
2024-10-31 00:46:38.210525952,0.8996376176229433,0.8693210048609785,0.0203645850675911,0.9856883886170212,0.3930728820744681,0.0,0.0001900970253191,0.0002083517970212,0.0006721728551063,0.0001292044484042,0.0107601271728723,0.0003195973868617,0.0002033852991489,0.0,0.0,0.0,0.0,0.0,0.0,0.0,0.008270953622289898,0.012093631445301203
2024-10-31 03:56:40.157894912,0.860764914787012,0.870697172943071,0.0177403716450716,0.9856204391489364,0.3930621206914893,0.0,0.0001901025416489,0.000206269121117,0.0006726360238829,0.0001275862598404,0.0107583135345744,0.0003189775063297,0.0002021516188829,0.0,0.0,0.0,0.0,0.0,0.0,0.0,0.006978224477129508,0.010762147167942094
2024-10-31 06:52:24.785714432,0.8845699546387209,0.895032551873328,0.0139155969168266,0.9855575387765956,0.3931377067553191,0.0,0.0001910622712234,0.0002060663371808,0.0006700708039893,0.0001282027934574,0.0106673033510638,0.0003171564128191,0.000199873350851,0.0,0.0,0.0,0.0,0.0,0.0,0.0,0.006420577696795826,0.0074950192200307734
2024-10-31 10:17:43.900000000,0.9340647412373642,0.9265653189041498,0.0165792169074071,0.9854843024468084,0.3933148363297872,0.0,0.0001913579582446,0.0002054409870744,0.0006745027838297,0.0001289775113829,0.0106219535132978,0.000317224754734,0.0002012410753723,0.0,0.0,0.0,0.0,0.0,0.0,0.0,0.007155049649680681,0.00942416725772642
2024-10-31 13:16:45.421052416,0.9711931738621048,0.9409007079293904,0.0201187958615084,0.9854203644148936,0.393128389893617,0.0,0.0001897482913297,0.0002031959584574,0.0006710000138829,0.000129475373617,0.0107186653191489,0.0003185439323404,0.0002028666078191,0.0,0.0,0.0,0.0,0.0,0.0,0.0,0.006719600676840201,0.0133991951846682
2024-10-31 16:22:54.388889088,0.8587070891213102,0.9529256087953526,0.0211442728351187,0.9853537799470898,0.3922907424338623,0.0,0.0001889627555555,0.0002032282996825,0.0006665161251322,0.0001290608159259,0.0107016152460317,0.0003148943687301,0.0002006193811111,0.0,0.0,0.0,0.0,0.0,0.0,0.0,0.006593499419349266,0.014550773415769432
2024-10-31 19:38:29.722222336,0.9668755694060563,0.9777428996607492,0.0222105432531056,0.9852840263297872,0.3924271821505377,0.0425531914893617,0.0001905200521505,0.000202429451129,0.0006692682211827,0.0001322736109139,0.0107182459489247,0.0003191186125806,0.0002035850637634,0.0425531914893617,0.0425531914893617,0.0425531914893617,0.0425531914893617,0.0425531914893617,0.0425531914893617,0.0425531914893617,0.006887246919999826,0.015323296333105776
2024-10-31 22:46:51.631579136,1.0704538536313066,1.0036891985209688,0.0238023808159331,0.9852207258083832,0.3950654804191617,0.0,0.0001981227784431,0.0002094888616167,0.0007242999047904,0.000145019938982,0.0109997043323353,0.0003480325167065,0.0002291629380838,0.0,0.0,0.0,0.0,0.0,0.0,0.0,0.006573205262190782,0.01722917555374232
2024-11-01 01:56:53.526315776,1.0218394570576947,1.0214250244359973,0.0240002077724095,0.9852207258083832,0.3950654804191617,0.0,0.0001981227784431,0.0002094888616167,0.0007242999047904,0.000145019938982,0.0109997043323353,0.0003480325167065,0.0002291629380838,0.0,0.0,0.0,0.0,0.0,0.0,0.0,0.005563351468118358,0.018436856304291142
2024-11-01 05:01:55.444444416,1.0078617254166031,1.0254406367366693,0.0188747975667288,0.9852207258083832,0.3950654804191617,0.0,0.0001981227784431,0.0002094888616167,0.0007242999047904,0.000145019938982,0.0109997043323353,0.0003480325167065,0.0002291629380838,0.0,0.0,0.0,0.0,0.0,0.0,0.0,0.005326098030968396,0.013548699535760406
2024-11-01 08:01:39.647058944,1.0841205325755825,1.0602260804032224,0.0147360316243568,0.9852207258083832,0.3950654804191617,0.0,0.0001981227784431,0.0002094888616167,0.0007242999047904,0.000145019938982,0.0109997043323353,0.0003480325167065,0.0002291629380838,0.0,0.0,0.0,0.0,0.0,0.0,0.0,0.005781001391208532,0.008955030233148269
2024-11-01 11:16:59.263158016,1.1180866443806965,1.0892918649143692,0.01817292568147,0.9852207258083832,0.3950654804191617,0.0,0.0001981227784431,0.0002094888616167,0.0007242999047904,0.000145019938982,0.0109997043323353,0.0003480325167065,0.0002291629380838,0.0,0.0,0.0,0.0,0.0,0.0,0.0,0.006236311055172167,0.011936614626297835
2024-11-01 14:27:01.157894912,1.0936871744726204,1.0992220450930923,0.0213053320962444,0.9852207258083832,0.3950654804191617,0.0,0.0001981227784431,0.0002094888616167,0.0007242999047904,0.000145019938982,0.0109997043323353,0.0003480325167065,0.0002291629380838,0.0,0.0,0.0,0.0,0.0,0.0,0.0,0.007628692202453505,0.013676639893790896
2024-11-01 17:29:24.176470784,1.0073336845681524,1.1097017896372248,0.0159857906174143,0.9852207258083832,0.3950654804191617,0.0,0.0001981227784431,0.0002094888616167,0.0007242999047904,0.000145019938982,0.0109997043323353,0.0003480325167065,0.0002291629380838,0.0,0.0,0.0,0.0,0.0,0.0,0.0,0.006750034483468462,0.009235756133945838
2024-11-01 20:43:33.235294208,1.1717760821202887,1.1384665821109554,0.0179686564685596,0.9852207258083832,0.3950654804191617,0.0,0.0001981227784431,0.0002094888616167,0.0007242999047904,0.000145019938982,0.0109997043323353,0.0003480325167065,0.0002291629380838,0.0,0.0,0.0,0.0,0.0,0.0,0.0,0.0074876892206075935,0.010480967247952007
2024-11-01 23:47:06.842105088,1.228467630006378,1.162473051584786,0.024220630722552,0.9852207258083832,0.3950654804191617,0.0,0.0001981227784431,0.0002094888616167,0.0007242999047904,0.000145019938982,0.0109997043323353,0.0003480325167065,0.0002291629380838,0.0,0.0,0.0,0.0,0.0,0.0,0.0,0.008841338265831111,0.01537929245672089
2024-11-02 02:57:08.789474048,1.1598254752398134,1.1713678309391184,0.0228995372545379,0.9852207258083832,0.3950654804191617,0.0,0.0001981227784431,0.0002094888616167,0.0007242999047904,0.000145019938982,0.0109997043323353,0.0003480325167065,0.0002291629380838,0.0,0.0,0.0,0.0,0.0,0.0,0.0,0.008692108546233396,0.014207428708304503
2024-11-02 06:12:10.750000128,1.1161571579548877,1.1735329488106332,0.012546509507472,0.9852207258083832,0.3950654804191617,0.0,0.0001981227784431,0.0002094888616167,0.0007242999047904,0.000145019938982,0.0109997043323353,0.0003480325167065,0.0002291629380838,0.0,0.0,0.0,0.0,0.0,0.0,0.0,0.008118787074309436,0.004427722433162563
2024-11-02 09:17:52.533333504,1.2667448576801803,1.2144476858559743,0.0121654620983046,0.9852207258083832,0.3950654804191617,0.0,0.0001981227784431,0.0002094888616167,0.0007242999047904,0.000145019938982,0.0109997043323353,0.0003480325167065,0.0002291629380838,0.0,0.0,0.0,0.0,0.0,0.0,0.0,0.007060020052185215,0.005105442046119386
2024-11-02 12:22:14.444444672,1.300178757840058,1.2381909041092043,0.0200106524898899,0.9852207258083832,0.3950654804191617,0.0,0.0001981227784431,0.0002094888616167,0.0007242999047904,0.000145019938982,0.0109997043323353,0.0003480325167065,0.0002291629380838,0.0,0.0,0.0,0.0,0.0,0.0,0.0,0.007695635176581006,0.012315017313308894
2024-11-02 15:27:16.368420864,1.198139658569687,1.2533879872188498,0.0276704112402531,0.9852207258083832,0.3950654804191617,0.0,0.0001981227784431,0.0002094888616167,0.0007242999047904,0.000145019938982,0.0109997043323353,0.0003480325167065,0.0002291629380838,0.0,0.0,0.0,0.0,0.0,0.0,0.0,0.008451059965923907,0.019219351274329194
2024-11-02 18:31:58.199999744,1.1131732353162531,1.2836787255361377,0.0318104774337702,0.9852207258083832,0.3950654804191617,0.0,0.0001981227784431,0.0002094888616167,0.0007242999047904,0.000145019938982,0.0109997043323353,0.0003480325167065,0.0002291629380838,0.0,0.0,0.0,0.0,0.0,0.0,0.0,0.007406718608211529,0.024403758825558668
2024-11-02 21:47:20.210526464,1.3755663179762223,1.3277849571501927,0.0331459812650156,0.9852207258083832,0.3950654804191617,0.0,0.0001981227784431,0.0002094888616167,0.0007242999047904,0.000145019938982,0.0109997043323353,0.0003480325167065,0.0002291629380838,0.0,0.0,0.0,0.0,0.0,0.0,0.0,0.008784944061220434,0.024361037203795163
2024-11-03 00:57:22.157894912,1.3854650463993607,1.352389062967461,0.0387524298348751,0.9852207258083832,0.3950654804191617,0.0,0.0001981227784431,0.0002094888616167,0.0007242999047904,0.000145019938982,0.0109997043323353,0.0003480325167065,0.0002291629380838,0.0,0.0,0.0,0.0,0.0,0.0,0.0,0.02067160947867472,0.01808082035620038
2024-11-03 04:02:23.999999744,1.3652413779931862,1.360838459731484,0.0359905221241784,0.9852207258083832,0.3950654804191617,0.0,0.0001981227784431,0.0002094888616167,0.0007242999047904,0.000145019938982,0.0109997043323353,0.0003480325167065,0.0002291629380838,0.0,0.0,0.0,0.0,0.0,0.0,0.0,0.02067160947867472,0.015318912645503682
2024-11-03 07:02:08.176470272,1.432442120095402,1.3884291290705986,0.0281401035533775,0.9852207258083832,0.3950654804191617,0.0,0.0001981227784431,0.0002094888616167,0.0007242999047904,0.000145019938982,0.0109997043323353,0.0003480325167065,0.0002291629380838,0.0,0.0,0.0,0.0,0.0,0.0,0.0,0.02067160947867472,0.007468494074702781
2024-11-03 10:23:42.874999808,1.5131132424813811,1.4392553770528596,0.0173474682795822,0.9852207258083832,0.3950654804191617,0.0,0.0001981227784431,0.0002094888616167,0.0007242999047904,0.000145019938982,0.0109997043323353,0.0003480325167065,0.0002291629380838,0.0,0.0,0.0,0.0,0.0,0.0,0.0,0.02067160947867472,-0.0033241411990925195
2024-11-03 13:27:29.736842240,1.4881818100355986,1.4552557308759964,0.017394321711969,0.9852207258083832,0.3950654804191617,0.0,0.0001981227784431,0.0002094888616167,0.0007242999047904,0.000145019938982,0.0109997043323353,0.0003480325167065,0.0002291629380838,0.0,0.0,0.0,0.0,0.0,0.0,0.0,0.02067160947867472,-0.00327728776670572
2024-11-03 16:33:38.333333248,1.3762233287162644,1.4677723377587943,0.0144356831701524,0.9852207258083832,0.3950654804191617,0.0,0.0001981227784431,0.0002094888616167,0.0007242999047904,0.000145019938982,0.0109997043323353,0.0003480325167065,0.0002291629380838,0.0,0.0,0.0,0.0,0.0,0.0,0.0,0.02067160947867472,-0.006235926308522318
2024-11-03 19:46:18.624999936,1.4464556826217176,1.505959575474252,0.0219683818345856,0.9852207258083832,0.3950654804191617,0.0,0.0001981227784431,0.0002094888616167,0.0007242999047904,0.000145019938982,0.0109997043323353,0.0003480325167065,0.0002291629380838,0.0,0.0,0.0,0.0,0.0,0.0,0.0,0.02067160947867472,0.0012967723559108822
2024-11-03 22:47:35.473684224,1.5706094671566009,1.5275536846840323,0.0238972290536262,0.9852207258083832,0.3950654804191617,0.0,0.0001981227784431,0.0002094888616167,0.0007242999047904,0.000145019938982,0.0109997043323353,0.0003480325167065,0.0002291629380838,0.0,0.0,0.0,0.0,0.0,0.0,0.0,0.02067160947867472,0.0032256195749514813
2024-11-04 01:57:37.368420864,1.5195695023844564,1.537387475383393,0.027631437142845,0.9852207258083832,0.3950654804191617,0.0,0.0001981227784431,0.0002094888616167,0.0007242999047904,0.000145019938982,0.0109997043323353,0.0003480325167065,0.0002291629380838,0.0,0.0,0.0,0.0,0.0,0.0,0.0,0.02067160947867472,0.006959827664170283
2024-11-04 05:07:39.368420864,1.4981145083445426,1.5357956891274651,0.0192955155871193,0.9852207258083832,0.3950654804191617,0.0,0.0001981227784431,0.0002094888616167,0.0007242999047904,0.000145019938982,0.0109997043323353,0.0003480325167065,0.0002291629380838,0.0,0.0,0.0,0.0,0.0,0.0,0.0,0.02067160947867472,-0.0013760938915554181
2024-11-04 08:07:01.200000256,1.7089265174323032,1.5678828301500531,0.0146119461389919,0.9852207258083832,0.3950654804191617,0.0,0.0001981227784431,0.0002094888616167,0.0007242999047904,0.000145019938982,0.0109997043323353,0.0003480325167065,0.0002291629380838,0.0,0.0,0.0,0.0,0.0,0.0,0.0,0.02067160947867472,-0.006059663339682818
2024-11-04 11:09:43.000000000,1.6267891029834232,1.601835875038344,0.0167697009427162,0.9852207258083832,0.3950654804191617,0.0,0.0001981227784431,0.0002094888616167,0.0007242999047904,0.000145019938982,0.0109997043323353,0.0003480325167065,0.0002291629380838,0.0,0.0,0.0,0.0,0.0,0.0,0.0,0.02067160947867472,-0.0039019085359585197
2024-11-04 14:32:45.055555584,1.601617358775627,1.6186055759810594,0.0167697009427163,0.9852207258083832,0.3950654804191617,0.0,0.0001981227784431,0.0002094888616167,0.0007242999047904,0.000145019938982,0.0109997043323353,0.0003480325167065,0.0002291629380838,0.0,0.0,0.0,0.0,0.0,0.0,0.0,0.02067160947867472,-0.003901908535958419
2024-11-04 17:30:08.000000000,1.4738557337322504,1.6353752769237755,0.0167697009427163,0.9852207258083832,0.3950654804191617,0.0,0.0001981227784431,0.0002094888616167,0.0007242999047904,0.000145019938982,0.0109997043323353,0.0003480325167065,0.0002291629380838,0.0,0.0,0.0,0.0,0.0,0.0,0.0,0.02067160947867472,-0.003901908535958419
2024-11-04 20:50:45.294117888,1.6650075979195549,1.652144977866492,0.0167697009427163,0.9852207258083832,0.3950654804191617,0.0,0.0001981227784431,0.0002094888616167,0.0007242999047904,0.000145019938982,0.0109997043323353,0.0003480325167065,0.0002291629380838,0.0,0.0,0.0,0.0,0.0,0.0,0.0,0.02067160947867472,-0.003901908535958419
2024-11-04 23:12:50.300000000,1.7520330866163365,1.6689146788092084,0.0167697009427163,0.9852207258083832,0.3950654804191617,0.0,0.0001981227784431,0.0002094888616167,0.0007242999047904,0.000145019938982,0.0109997043323353,0.0003480325167065,0.0002291629380838,0.0,0.0,0.0,0.0,0.0,0.0,0.0,0.02067160947867472,-0.003901908535958419
