datetime,satellite,rho_mean,rho_median,alt_mean,n_samples
2024-05-01 00:00:00,Swarm_A,9.712156448055555e-13,9.01338485e-13,483148.4681722222,360
2024-05-01 03:00:00,Swarm_A,9.609791323333333e-13,1.0085263999999999e-12,483391.6886666666,360
2024-05-01 06:00:00,Swarm_A,9.851126589722223e-13,1.0308478000000001e-12,483514.95735,360
2024-05-01 09:00:00,Swarm_A,9.392456525833333e-13,1.0311478e-12,483237.9443944444,360
2024-05-01 12:00:00,Swarm_A,8.891708881666666e-13,9.02031785e-13,482787.8553305556,360
2024-05-01 15:00:00,Swarm_A,8.710560708055555e-13,9.22473895e-13,482332.59392222227,360
2024-05-01 18:00:00,Swarm_A,8.230435234444445e-13,8.67379895e-13,482362.75757222227,360
2024-05-01 21:00:00,Swarm_A,8.131259409166667e-13,8.34434765e-13,482883.2297527778,360
2024-05-02 00:00:00,Swarm_A,8.285552875833333e-13,8.71840555e-13,483461.62598611106,360
2024-05-02 03:00:00,Swarm_A,7.929358893333333e-13,7.9779416e-13,483489.5255527778,360
2024-05-02 06:00:00,Swarm_A,8.304755194444444e-13,8.41479665e-13,483215.3698916667,360
2024-05-02 09:00:00,Swarm_A,8.86643972e-13,8.80827805e-13,483049.03935277776,360
2024-05-02 12:00:00,Swarm_A,9.711197286944443e-13,9.74617635e-13,483228.3996555555,360
2024-05-02 15:00:00,Swarm_A,1.1514661788055556e-12,1.13279205e-12,483440.2308472222,360
2024-05-02 18:00:00,Swarm_A,1.4107047399444445e-12,1.36954545e-12,483365.00078055554,360
2024-05-02 21:00:00,Swarm_A,1.382356172972222e-12,1.45410865e-12,482940.75925000006,360
2024-05-03 00:00:00,Swarm_A,1.3389967322222221e-12,1.3236862e-12,482477.38615,360
2024-05-03 03:00:00,Swarm_A,1.1265486833888889e-12,1.1893614e-12,482253.4719972222,360
2024-05-03 06:00:00,Swarm_A,9.91089531972222e-13,1.05638895e-12,482512.9913416666,360
2024-05-03 09:00:00,Swarm_A,8.962200905277778e-13,9.10247675e-13,483085.62393611117,360
2024-05-03 12:00:00,Swarm_A,8.03776096111111e-13,8.37666215e-13,483477.984725,360
2024-05-03 15:00:00,Swarm_A,7.854351679722223e-13,8.59506375e-13,483346.4035916667,360
2024-05-03 18:00:00,Swarm_A,7.496719480277778e-13,8.3446481e-13,483038.234075,360
2024-05-03 21:00:00,Swarm_A,7.354096313333334e-13,7.9126552e-13,482996.9698166667,360
2024-05-04 00:00:00,Swarm_A,7.220145817500001e-13,7.25131005e-13,483250.96770277777,360
2024-05-04 03:00:00,Swarm_A,6.978307321666667e-13,7.5547482e-13,483433.1995166667,360
2024-05-04 06:00:00,Swarm_A,7.146630510277777e-13,7.74332625e-13,483172.289625,360
2024-05-04 09:00:00,Swarm_A,7.346493605555555e-13,7.482228149999999e-13,482598.4501444444,360
2024-05-04 12:00:00,Swarm_A,7.395307935555555e-13,8.0895417e-13,482279.02305,360
2024-05-04 15:00:00,Swarm_A,7.439242896944445e-13,7.769243699999999e-13,482291.0326861111,360
2024-05-04 18:00:00,Swarm_A,7.269168519722222e-13,8.06483005e-13,482734.4632861111,360
2024-05-04 21:00:00,Swarm_A,7.701413349166667e-13,7.506629149999999e-13,483246.99025000003,360
2024-05-05 00:00:00,Swarm_A,7.690545144444445e-13,7.84536455e-13,483434.4737277778,360
2024-05-05 03:00:00,Swarm_A,7.932236765833333e-13,8.0603745e-13,483154.5927944444,360
2024-05-05 06:00:00,Swarm_A,7.97151504111111e-13,8.2860919e-13,482937.1712277777,360
2024-05-05 09:00:00,Swarm_A,8.263973852222223e-13,8.494751400000001e-13,483042.80580833333,360
2024-05-05 12:00:00,Swarm_A,8.398604145833334e-13,8.8574967e-13,483363.7026416667,360
2024-05-05 15:00:00,Swarm_A,8.171247345277778e-13,9.0515392e-13,483324.3330083333,360
2024-05-05 18:00:00,Swarm_A,8.401927728333334e-13,9.0140012e-13,482860.5969305556,360
2024-05-05 21:00:00,Swarm_A,9.218802668611111e-13,8.60251035e-13,482329.62149166665,360
2024-05-06 00:00:00,Swarm_A,1.0772730186944444e-12,1.0475864e-12,482197.55940277776,360
2024-05-06 03:00:00,Swarm_A,1.0745747119444444e-12,1.05470065e-12,482438.00646388886,360
2024-05-06 06:00:00,Swarm_A,1.1722282730833332e-12,1.1818120500000002e-12,482936.67157222226,360
2024-05-06 09:00:00,Swarm_A,1.1303062358333334e-12,1.1764766e-12,483320.7752027778,360
2024-05-06 12:00:00,Swarm_A,1.1653461077222222e-12,1.2607711e-12,483301.45835277776,360
2024-05-06 15:00:00,Swarm_A,1.0974163990833334e-12,1.1689206e-12,482998.97918888886,360
2024-05-06 18:00:00,Swarm_A,1.0155580704722222e-12,1.10689075e-12,482875.04878055555,360
2024-05-06 21:00:00,Swarm_A,9.6996753675e-13,1.0209728e-12,483095.06923055556,360
2024-05-07 00:00:00,Swarm_A,9.142094105e-13,9.66170225e-13,483324.73803611106,360
2024-05-07 03:00:00,Swarm_A,9.377127874722222e-13,9.8749743e-13,483137.5608861111,360
2024-05-07 06:00:00,Swarm_A,9.506348553055556e-13,1.0146069500000001e-12,482549.43938055553,360
2024-05-07 09:00:00,Swarm_A,9.858881211666668e-13,1.0041784e-12,482074.031025,360
2024-05-07 12:00:00,Swarm_A,9.621585768611111e-13,1.0249392e-12,482202.98707222217,360
2024-05-07 15:00:00,Swarm_A,9.687774389444445e-13,1.05675955e-12,482628.88594722224,360
2024-05-07 18:00:00,Swarm_A,9.305202968055556e-13,1.02417845e-12,483101.32382222224,360
2024-05-07 21:00:00,Swarm_A,9.384827528333333e-13,9.8339549e-13,483262.46927777777,360
2024-05-08 00:00:00,Swarm_A,9.352264991388889e-13,9.707731100000002e-13,483103.73048333335,360
2024-05-08 03:00:00,Swarm_A,9.245015391388888e-13,9.43272345e-13,482850.4431111111,360
2024-05-08 06:00:00,Swarm_A,9.708871326111112e-13,1.0385909e-12,482901.860475,360
2024-05-08 09:00:00,Swarm_A,1.0608200714166667e-12,1.1057951e-12,483144.23103611113,360
2024-05-08 12:00:00,Swarm_A,1.1107576433888889e-12,1.1715649e-12,483268.9591805556,360
2024-05-08 15:00:00,Swarm_A,1.0936607984722221e-12,1.1595432e-12,482834.634625,360
2024-05-08 18:00:00,Swarm_A,1.0754438561111111e-12,1.2094999e-12,482218.6174972222,360
2024-05-08 21:00:00,Swarm_A,1.0606077476666666e-12,1.1388811e-12,481976.7448527778,360
2024-05-09 00:00:00,Swarm_A,1.079418954138889e-12,1.12592415e-12,482330.0246055556,360
2024-05-09 03:00:00,Swarm_A,1.0587083455555556e-12,1.15570365e-12,482814.1988333334,360
2024-05-09 06:00:00,Swarm_A,1.0483352564166666e-12,1.14550015e-12,483154.43975,360
2024-05-09 09:00:00,Swarm_A,1.0921383719722222e-12,1.179819e-12,483154.67806111113,360
2024-05-09 12:00:00,Swarm_A,1.1308356010555555e-12,1.1538392999999999e-12,482932.53602777777,360
2024-05-09 15:00:00,Swarm_A,1.1225097765833333e-12,1.20151465e-12,482785.59955555556,360
2024-05-09 18:00:00,Swarm_A,1.1271779566944445e-12,1.22925095e-12,482927.119925,360
2024-05-09 21:00:00,Swarm_A,1.1282596695833333e-12,1.16442305e-12,483155.6246555555,360
2024-05-10 00:00:00,Swarm_A,1.1871158157777778e-12,1.22172405e-12,483067.207825,360
2024-05-10 03:00:00,Swarm_A,1.2476740601666667e-12,1.23372125e-12,482528.3005805555,360
2024-05-10 06:00:00,Swarm_A,1.28135178e-12,1.3641608e-12,481978.45725555555,360
2024-05-10 09:00:00,Swarm_A,1.2950756772499998e-12,1.3970285e-12,481959.5328722222,360
2024-05-10 12:00:00,Swarm_A,1.3110816872777777e-12,1.3954434e-12,482494.6057416667,360
2024-05-10 15:00:00,Swarm_A,1.343008190111111e-12,1.33662345e-12,482982.3064416667,360
2024-05-10 18:00:00,Swarm_A,2.2004165877777777e-12,2.2592245500000003e-12,483134.0809194445,360
2024-05-10 21:00:00,Swarm_A,3.298537453333333e-12,3.3962752e-12,482952.8203888889,360
2024-05-11 00:00:00,Swarm_A,4.365176491111111e-12,4.3110513e-12,482729.45043888886,360
2024-05-11 03:00:00,Swarm_A,5.044782215833333e-12,4.9452675e-12,482722.34898055554,360
2024-05-11 06:00:00,Swarm_A,4.8397157944444445e-12,5.05023495e-12,482921.23926388886,360
2024-05-11 09:00:00,Swarm_A,4.371741471944445e-12,4.4600351e-12,482967.3736944444,360
2024-05-11 12:00:00,Swarm_A,3.8019833919444445e-12,3.7852724e-12,482707.89174444444,360
2024-05-11 15:00:00,Swarm_A,3.0637454016666667e-12,3.1764622e-12,482063.26546944445,360
2024-05-11 18:00:00,Swarm_A,2.5180709355555554e-12,2.44554525e-12,481684.19971666666,360
2024-05-11 21:00:00,Swarm_A,1.9172555444444443e-12,2.0348968000000003e-12,481920.3592055556,360
2024-05-12 00:00:00,Swarm_A,1.500272207611111e-12,1.46932185e-12,482558.2675472222,360
2024-05-12 03:00:00,Swarm_A,1.4327821279444444e-12,1.4276127000000002e-12,482899.71598333336,360
2024-05-12 06:00:00,Swarm_A,1.2631874294166666e-12,1.301639e-12,482871.1717972222,360
2024-05-12 09:00:00,Swarm_A,1.1913773647222221e-12,1.23845575e-12,482641.5716583333,360
2024-05-12 12:00:00,Swarm_A,1.1005635094722222e-12,1.03907835e-12,482545.94076666667,360
2024-05-12 15:00:00,Swarm_A,1.1100604512222222e-12,1.0937539e-12,482658.159675,360
2024-05-12 18:00:00,Swarm_A,1.1183037111111112e-12,1.1512539999999999e-12,482836.23693055555,360
2024-05-12 21:00:00,Swarm_A,1.2746021945e-12,1.1503086e-12,482772.0112083333,360
2024-05-13 00:00:00,Swarm_A,1.3532036032499999e-12,1.3782893e-12,482351.61103333335,360
2024-05-13 03:00:00,Swarm_A,1.478060463611111e-12,1.4219297e-12,481786.4882861111,360
2024-05-13 06:00:00,Swarm_A,1.3958036936666667e-12,1.4289350500000001e-12,481630.0227916667,360
2024-05-13 09:00:00,Swarm_A,1.4386609324444443e-12,1.5145651500000001e-12,482078.10384722217,360
2024-05-13 12:00:00,Swarm_A,1.380859670777778e-12,1.34661905e-12,482691.47445,360
2024-05-13 15:00:00,Swarm_A,1.2877498929444444e-12,1.3100842e-12,482891.371225,360
2024-05-13 18:00:00,Swarm_A,1.2596598245e-12,1.36361825e-12,482697.9402166666,360
2024-05-13 21:00:00,Swarm_A,1.2614745210555556e-12,1.37334425e-12,482467.72493333335,360
2024-05-14 00:00:00,Swarm_A,1.2490235355277777e-12,1.26262845e-12,482488.97109166667,360
2024-05-14 03:00:00,Swarm_A,1.2975555890000002e-12,1.31833225e-12,482706.08964444447,360
2024-05-14 06:00:00,Swarm_A,1.3309129459444442e-12,1.43129165e-12,482787.49854166666,360
2024-05-14 09:00:00,Swarm_A,1.408855934388889e-12,1.42761555e-12,482506.9873555556,360
2024-05-14 12:00:00,Swarm_A,1.4332032364722223e-12,1.4437924e-12,482031.573725,360
2024-05-14 15:00:00,Swarm_A,1.4026968130555554e-12,1.43195545e-12,481578.44327222224,360
2024-05-14 18:00:00,Swarm_A,1.4089978635833333e-12,1.43397875e-12,481676.8944555556,360
2024-05-14 21:00:00,Swarm_A,1.36250786875e-12,1.4437591e-12,482255.58526944445,360
2024-05-15 00:00:00,Swarm_A,1.3241048801666666e-12,1.327902e-12,482782.12015000003,360
2024-05-15 03:00:00,Swarm_A,1.3218904468055555e-12,1.3594954e-12,482761.09010555554,360
2024-05-15 06:00:00,Swarm_A,1.4173341169722222e-12,1.4914396000000001e-12,482492.7155222222,360
2024-05-15 09:00:00,Swarm_A,1.4603865349444445e-12,1.45710865e-12,482348.4666777778,360
2024-05-15 12:00:00,Swarm_A,1.5756432753333334e-12,1.5462801e-12,482512.71816666663,360
2024-05-15 15:00:00,Swarm_A,1.5633380319444443e-12,1.5795857e-12,482683.1259472222,360
2024-05-15 18:00:00,Swarm_A,1.6266386406111111e-12,1.6759816e-12,482595.2450305555,360
2024-05-15 21:00:00,Swarm_A,1.6618502991666666e-12,1.68429595e-12,482196.92506111105,360
2024-05-16 00:00:00,Swarm_A,1.6923307353055556e-12,1.70324615e-12,481728.6170611111,360
2024-05-16 03:00:00,Swarm_A,1.6985429715833334e-12,1.7510818e-12,481482.59909722226,360
2024-05-16 06:00:00,Swarm_A,1.917951924861111e-12,2.0702372e-12,481779.52207222226,360
2024-05-16 09:00:00,Swarm_A,2.1051383366666667e-12,2.1108271499999998e-12,482397.9847361111,360
2024-05-16 12:00:00,Swarm_A,2.1160874862222223e-12,2.1233594e-12,482746.9835555556,360
2024-05-16 15:00:00,Swarm_A,1.980333067777778e-12,1.9961157499999997e-12,482579.56837500003,360
2024-05-16 18:00:00,Swarm_A,1.8549788657222223e-12,1.9519422500000004e-12,482279.52970277774,360
2024-05-16 21:00:00,Swarm_A,1.7772370237500001e-12,1.76570895e-12,482251.8817472222,360
2024-05-17 00:00:00,Swarm_A,1.7019113710277779e-12,1.66561305e-12,482492.04928055557,360
2024-05-17 03:00:00,Swarm_A,1.6886442887222222e-12,1.7459816e-12,482628.24060555553,360
2024-05-17 06:00:00,Swarm_A,1.7445746600277779e-12,1.83011915e-12,482356.6472027778,360
2024-05-17 09:00:00,Swarm_A,1.7955690764166666e-12,1.7764469e-12,481842.7054277778,360
2024-05-17 12:00:00,Swarm_A,1.8434178014166665e-12,1.84565165e-12,481473.981425,360
2024-05-17 15:00:00,Swarm_A,1.8934312803055557e-12,1.8403645e-12,481450.6688027778,360
2024-05-17 18:00:00,Swarm_A,2.125694368611111e-12,2.1983446e-12,481917.57892222225,360
2024-05-17 21:00:00,Swarm_A,2.1740313619444446e-12,2.1401351e-12,482477.451375,360
2024-05-18 00:00:00,Swarm_A,2.2090455555555554e-12,2.1918222e-12,482627.9134472222,360
2024-05-18 03:00:00,Swarm_A,2.2347818994444446e-12,2.28089295e-12,482335.4679583333,360
2024-05-18 06:00:00,Swarm_A,2.2272632030555557e-12,2.21628075e-12,482111.5031416667,360
2024-05-18 09:00:00,Swarm_A,2.1477843055555554e-12,2.0525135999999998e-12,482219.52560833335,360
2024-05-18 12:00:00,Swarm_A,2.0502479172222223e-12,2.02103495e-12,482493.07910000003,360
2024-05-18 15:00:00,Swarm_A,1.9473964417777778e-12,2.0014480500000002e-12,482436.03723888885,360
2024-05-18 18:00:00,Swarm_A,1.8180507951944445e-12,1.8523456499999998e-12,481994.9261888889,360
2024-05-18 21:00:00,Swarm_A,1.7294763973333332e-12,1.8481991499999997e-12,481507.767175,360
2024-05-19 00:00:00,Swarm_A,1.6776366499166666e-12,1.73208705e-12,481312.8870388889,360
2024-05-19 03:00:00,Swarm_A,1.661466551e-12,1.7117518500000001e-12,481500.61365277774,360
2024-05-19 06:00:00,Swarm_A,1.6511586857777777e-12,1.6189852999999999e-12,482019.69236388884,360
2024-05-19 09:00:00,Swarm_A,1.674699369888889e-12,1.67526715e-12,482469.2114861111,360
2024-05-19 12:00:00,Swarm_A,1.7170998141944445e-12,1.65538315e-12,482443.7118305556,360
2024-05-19 15:00:00,Swarm_A,1.7561356795555556e-12,1.78870285e-12,482116.3633583333,360
2024-05-19 18:00:00,Swarm_A,1.7480332557777779e-12,1.73430445e-12,481981.05892222223,360
2024-05-19 21:00:00,Swarm_A,1.6792219578055557e-12,1.64214225e-12,482192.52766111115,360
2024-05-20 00:00:00,Swarm_A,1.5863696375555554e-12,1.5839035e-12,482426.0736777777,360
2024-05-20 03:00:00,Swarm_A,1.5842475636111112e-12,1.69945755e-12,482235.01794166665,360
2024-05-20 06:00:00,Swarm_A,1.6308129701944444e-12,1.62252235e-12,481667.6153416667,360
2024-05-20 09:00:00,Swarm_A,1.6148339116944444e-12,1.5628474e-12,481237.11571944447,360
2024-05-20 12:00:00,Swarm_A,1.592203034222222e-12,1.49759865e-12,481250.6862333333,360
2024-05-20 15:00:00,Swarm_A,1.4997565018333334e-12,1.45469325e-12,481619.65399722225,360
2024-05-20 18:00:00,Swarm_A,1.4446647764166667e-12,1.3902397999999998e-12,482136.2657583334,360
2024-05-20 21:00:00,Swarm_A,1.4027632581388888e-12,1.3103714e-12,482396.3574111111,360
2024-05-21 00:00:00,Swarm_A,1.3500053646944445e-12,1.3754221499999998e-12,482223.450425,360
2024-05-21 03:00:00,Swarm_A,1.3627598687499999e-12,1.3749639e-12,481943.91695555556,360
2024-05-21 06:00:00,Swarm_A,1.4183875596666667e-12,1.3910538e-12,481952.92998611106,360
2024-05-21 09:00:00,Swarm_A,1.4766151742777779e-12,1.45324325e-12,482227.7070944444,360
2024-05-21 12:00:00,Swarm_A,1.51969672275e-12,1.47946015e-12,482341.3948611111,360
2024-05-21 15:00:00,Swarm_A,1.5636206889722223e-12,1.5013008000000001e-12,481934.9957083334,360
2024-05-21 18:00:00,Swarm_A,1.5503194862500001e-12,1.56904e-12,481339.61588611116,360
2024-05-21 21:00:00,Swarm_A,1.5201899015277777e-12,1.4315331e-12,481088.6629694445,360
2024-05-22 00:00:00,Swarm_A,1.471835679e-12,1.39284625e-12,481307.58960833336,360
2024-05-22 03:00:00,Swarm_A,1.4015322097777777e-12,1.404134e-12,481759.5156972222,360
2024-05-22 06:00:00,Swarm_A,1.4026383360277779e-12,1.3496445e-12,482177.7864277778,360
2024-05-22 09:00:00,Swarm_A,1.3934143891666665e-12,1.36157285e-12,482286.4059277778,360
2024-05-22 12:00:00,Swarm_A,1.3817828989722223e-12,1.3463019e-12,482041.4330138889,360
2024-05-22 15:00:00,Swarm_A,1.3454252528888888e-12,1.250085e-12,481826.7658722222,360
2024-05-22 18:00:00,Swarm_A,1.3524508961944446e-12,1.2248491499999999e-12,481933.74319444445,360
2024-05-22 21:00:00,Swarm_A,1.3369100605833333e-12,1.28075905e-12,482200.81986388884,360
2024-05-23 00:00:00,Swarm_A,1.291401272388889e-12,1.2316915e-12,482169.89153888886,360
2024-05-23 03:00:00,Swarm_A,1.3450751982499999e-12,1.34201515e-12,481648.7197805555,360
2024-05-23 06:00:00,Swarm_A,1.4294823635555556e-12,1.40968525e-12,481060.9210138889,360
2024-05-23 09:00:00,Swarm_A,1.4272916045e-12,1.3778121e-12,481003.41525,360
2024-05-23 12:00:00,Swarm_A,1.4382215359999998e-12,1.3679258999999999e-12,481407.20153888885,360
2024-05-23 15:00:00,Swarm_A,1.4750180853888889e-12,1.3342001e-12,481896.09962777776,360
2024-05-23 18:00:00,Swarm_A,1.4667321636666668e-12,1.4234277e-12,482166.7581472222,360
2024-05-23 21:00:00,Swarm_A,1.4947964805555557e-12,1.4123128e-12,482081.3935361111,360
2024-05-24 00:00:00,Swarm_A,1.4488389475833334e-12,1.372806e-12,481827.7208166666,360
2024-05-24 03:00:00,Swarm_A,1.5054775189722223e-12,1.35995865e-12,481757.19873611105,360
2024-05-24 06:00:00,Swarm_A,1.5395507271944444e-12,1.4658293e-12,481945.8817361111,360
2024-05-24 09:00:00,Swarm_A,1.5507672596944446e-12,1.49372285e-12,482136.64410555555,360
2024-05-24 12:00:00,Swarm_A,1.4829676631666667e-12,1.42391855e-12,481920.7960888889,360
2024-05-24 15:00:00,Swarm_A,1.40608715425e-12,1.4016109999999999e-12,481294.4951,360
2024-05-24 18:00:00,Swarm_A,1.2945920830277778e-12,1.2038477499999999e-12,480850.02632222226,360
2024-05-24 21:00:00,Swarm_A,1.2297843861666666e-12,1.1344366499999998e-12,481011.6042638889,360
2024-05-25 00:00:00,Swarm_A,1.1881767739166667e-12,1.0958157e-12,481527.12210833334,360
2024-05-25 03:00:00,Swarm_A,1.1886516593611112e-12,1.0961496000000001e-12,481951.7171666667,360
2024-05-25 06:00:00,Swarm_A,1.1800224926944445e-12,1.10799665e-12,482068.90839166666,360
2024-05-25 09:00:00,Swarm_A,1.093992434111111e-12,1.0033541500000001e-12,481912.3229888889,360
2024-05-25 12:00:00,Swarm_A,1.0781880214166667e-12,9.8605723e-13,481710.81826666667,360
2024-05-25 15:00:00,Swarm_A,1.0833338229166666e-12,9.39387595e-13,481734.6954916667,360
2024-05-25 18:00:00,Swarm_A,1.1004099073888889e-12,1.0526173e-12,481948.24096666666,360
2024-05-25 21:00:00,Swarm_A,1.03224166025e-12,8.83059575e-13,482024.61214166664,360
2024-05-26 00:00:00,Swarm_A,1.0309453515555555e-12,9.5234677e-13,481663.3074611111,360
2024-05-26 03:00:00,Swarm_A,1.0753083657222222e-12,1.0075469e-12,481038.21986111114,360
2024-05-26 06:00:00,Swarm_A,1.0800396035833334e-12,9.8704821e-13,480731.485775,360
2024-05-26 09:00:00,Swarm_A,1.037222267111111e-12,9.74834895e-13,481112.4428527777,360
2024-05-26 12:00:00,Swarm_A,1.0188296446944444e-12,8.8319459e-13,481687.15986944444,360
2024-05-26 15:00:00,Swarm_A,9.743046084166666e-13,8.902943650000001e-13,482006.7267388888,360
2024-05-26 18:00:00,Swarm_A,9.847337853333334e-13,8.3471511e-13,481948.0016611111,360
2024-05-26 21:00:00,Swarm_A,9.499555816666668e-13,8.414501450000001e-13,481732.4093388888,360
2024-05-27 00:00:00,Swarm_A,9.174323419444445e-13,8.2617006e-13,481627.3801083333,360
2024-05-27 03:00:00,Swarm_A,9.019222050833334e-13,8.0355543e-13,481778.64389166667,360
2024-05-27 06:00:00,Swarm_A,9.350856861944446e-13,9.171005e-13,481939.7022972222,360
2024-05-27 09:00:00,Swarm_A,1.0147053847222223e-12,9.47989565e-13,481861.8220833333,360
2024-05-27 12:00:00,Swarm_A,9.907792602777778e-13,9.0296263e-13,481367.20752222225,360
2024-05-27 15:00:00,Swarm_A,9.759560993611112e-13,8.81115005e-13,480797.4619111111,360
2024-05-27 18:00:00,Swarm_A,9.493307265277777e-13,8.47514735e-13,480730.67329444445,360
2024-05-27 21:00:00,Swarm_A,9.245902521388889e-13,8.1383105e-13,481262.0310805556,360
2024-05-28 00:00:00,Swarm_A,8.770434066944445e-13,7.72853855e-13,481805.1133027778,360
2024-05-28 03:00:00,Swarm_A,8.534889597777778e-13,7.94785575e-13,481968.119375,360
2024-05-28 06:00:00,Swarm_A,9.024075525000001e-13,8.5373516e-13,481805.73396111117,360
2024-05-28 09:00:00,Swarm_A,8.805701701944445e-13,7.58692385e-13,481612.36477777775,360
2024-05-28 12:00:00,Swarm_A,8.704032449444444e-13,7.89345625e-13,481622.39320833335,360
2024-05-28 15:00:00,Swarm_A,8.655963935277777e-13,7.95396285e-13,481802.6745527777,360
2024-05-28 18:00:00,Swarm_A,8.473177384722222e-13,7.68275405e-13,481884.42296388885,360
2024-05-28 21:00:00,Swarm_A,8.450098942500001e-13,7.21150275e-13,481644.4864805555,360
2024-05-29 00:00:00,Swarm_A,8.326509233055556e-13,7.24341405e-13,481103.8250166667,360
2024-05-29 03:00:00,Swarm_A,8.416993257222222e-13,7.8293654e-13,480672.4235555555,360
2024-05-29 06:00:00,Swarm_A,8.718875714166667e-13,8.505102949999999e-13,480795.25984444446,360
2024-05-29 09:00:00,Swarm_A,8.632551786944444e-13,7.73318825e-13,481436.9831111111,360
2024-05-29 12:00:00,Swarm_A,8.550060118333332e-13,8.01364735e-13,481896.2237388889,360
2024-05-29 15:00:00,Swarm_A,8.704149757222222e-13,7.498028049999999e-13,481899.16758888884,360
2024-05-29 18:00:00,Swarm_A,9.14019893e-13,7.9868021e-13,481647.82591388887,360
2024-05-29 21:00:00,Swarm_A,9.895531327000001e-13,9.2572941e-13,482593.75238666666,300
2024-05-30 00:00:00,Swarm_A,8.915887504242425e-13,7.09162125e-13,481856.7168606061,330
2024-05-30 03:00:00,Swarm_A,9.201807311944444e-13,8.50034135e-13,481845.4091222222,360
2024-05-30 06:00:00,Swarm_A,9.3916982675e-13,8.7212484e-13,481759.4844055556,360
2024-05-30 09:00:00,Swarm_A,9.748001514444445e-13,9.28666075e-13,481403.4989944445,360
2024-05-30 12:00:00,Swarm_A,9.782367047777778e-13,9.64450755e-13,480851.8074666666,360
2024-05-30 15:00:00,Swarm_A,1.0077965081666665e-12,9.63171485e-13,480598.9874833333,360
2024-05-30 18:00:00,Swarm_A,1.0193052535833334e-12,1.0050498e-12,480930.3237,360
2024-05-30 21:00:00,Swarm_A,1.0036642932777777e-12,9.026152499999999e-13,481598.73600833333,360
2024-05-31 00:00:00,Swarm_A,9.65318171e-13,8.35462245e-13,481893.41836944444,360
2024-05-31 03:00:00,Swarm_A,1.0321190934166667e-12,9.4148959e-13,481756.4079194445,360
2024-05-31 06:00:00,Swarm_A,1.0331510402777778e-12,9.24845955e-13,481502.3980416666,360
2024-05-31 09:00:00,Swarm_A,1.0467809312777776e-12,9.241486749999999e-13,481486.7377861111,360
2024-05-31 12:00:00,Swarm_A,1.0448731379166668e-12,9.14404855e-13,481676.9794277778,360
2024-05-31 15:00:00,Swarm_A,1.0295573741388888e-12,9.405638e-13,481786.3296444444,360
2024-05-31 18:00:00,Swarm_A,1.0217276344166667e-12,8.9069135e-13,481571.78674166667,360
2024-05-31 21:00:00,Swarm_A,1.0063479249444445e-12,8.26646515e-13,481111.61473055556,360
2024-10-01 00:00:00,Swarm_A,2.2605712622222223e-12,1.90234615e-12,473435.0019777778,360
2024-10-01 03:00:00,Swarm_A,2.329414253611111e-12,1.9674347999999998e-12,473310.63958333334,360
2024-10-01 06:00:00,Swarm_A,2.326326523611111e-12,2.1013745999999998e-12,473450.54455833335,360
2024-10-01 09:00:00,Swarm_A,2.3181616647222224e-12,2.05634135e-12,473664.5981694444,360
2024-10-01 12:00:00,Swarm_A,2.3151747897222224e-12,2.0700179499999997e-12,473573.4629805556,360
2024-10-01 15:00:00,Swarm_A,2.3043347525e-12,1.9996836e-12,473041.07220833335,360
2024-10-01 18:00:00,Swarm_A,2.367907158888889e-12,1.9708795e-12,472482.37383888883,360
2024-10-01 21:00:00,Swarm_A,2.390786851111111e-12,1.9913189e-12,472407.3207861111,360
2024-10-02 00:00:00,Swarm_A,2.4077013166666665e-12,2.09843145e-12,472772.4092,360
2024-10-02 03:00:00,Swarm_A,2.424383773888889e-12,2.06030775e-12,473217.75718333333,360
2024-10-02 06:00:00,Swarm_A,2.4650573977777778e-12,2.1857475e-12,473512.1512888888,360
2024-10-02 09:00:00,Swarm_A,2.4898832005555557e-12,2.32167365e-12,473506.68437777774,360
2024-10-02 12:00:00,Swarm_A,2.5519737883333334e-12,2.3322451e-12,473282.8661388889,360
2024-10-02 15:00:00,Swarm_A,2.520937067222222e-12,2.28839865e-12,473157.235525,360
2024-10-02 18:00:00,Swarm_A,2.457086014722222e-12,2.0467327e-12,473290.90675,360
2024-10-02 21:00:00,Swarm_A,2.3690681241666667e-12,2.0827772999999998e-12,473521.60778888885,360
2024-10-03 00:00:00,Swarm_A,2.408113261111111e-12,2.0068067499999997e-12,473456.635525,360
2024-10-03 03:00:00,Swarm_A,2.4452874669444444e-12,2.0483964000000004e-12,472926.33204444445,360
2024-10-03 06:00:00,Swarm_A,2.497558590833333e-12,2.09523715e-12,472375.57364722225,360
2024-10-03 09:00:00,Swarm_A,2.5648837772222224e-12,2.27250635e-12,472265.9300111111,360
2024-10-03 12:00:00,Swarm_A,2.771788029722222e-12,2.60266315e-12,472565.4765666667,360
2024-10-03 15:00:00,Swarm_A,2.771796406111111e-12,2.3354713e-12,472987.5244194445,360
2024-10-03 18:00:00,Swarm_A,2.8259187030555553e-12,2.39550605e-12,473322.2152111111,360
2024-10-03 21:00:00,Swarm_A,2.806753556666667e-12,2.40007815e-12,473386.3843583333,360
2024-10-04 00:00:00,Swarm_A,2.8367282711111113e-12,2.37190905e-12,473163.92014444445,360
2024-10-04 03:00:00,Swarm_A,2.793869115e-12,2.4082856e-12,472980.31468888884,360
2024-10-04 06:00:00,Swarm_A,2.7769632041666664e-12,2.46895665e-12,473080.0752888889,360
2024-10-04 09:00:00,Swarm_A,2.752033927777778e-12,2.46583175e-12,473326.71440833336,360
2024-10-04 12:00:00,Swarm_A,2.7802987183333333e-12,2.45339165e-12,473312.5774833333,360
2024-10-04 15:00:00,Swarm_A,2.8021090000000003e-12,2.51588885e-12,472841.52706666663,360
2024-10-04 18:00:00,Swarm_A,2.825872171666667e-12,2.3874413e-12,472246.3448833333,360
2024-10-04 21:00:00,Swarm_A,2.8643008138888886e-12,2.4314712500000003e-12,472077.0036,360
2024-10-05 00:00:00,Swarm_A,2.823558919444444e-12,2.3875754e-12,472321.3410583333,360
2024-10-05 03:00:00,Swarm_A,2.7732922377777775e-12,2.3823283e-12,472748.96493055555,360
2024-10-05 06:00:00,Swarm_A,2.7729731966666668e-12,2.41447295e-12,473119.9853333333,360
2024-10-05 09:00:00,Swarm_A,2.7312171955555555e-12,2.4918735e-12,473208.6375638889,360
2024-10-05 12:00:00,Swarm_A,2.769802806111111e-12,2.4525416999999997e-12,472991.5603694445,360
2024-10-05 15:00:00,Swarm_A,2.660867879722222e-12,2.25062205e-12,472805.2184444444,360
2024-10-05 18:00:00,Swarm_A,2.5859134033333333e-12,2.16643315e-12,472886.8714027778,360
2024-10-05 21:00:00,Swarm_A,2.5570971327777778e-12,2.14176375e-12,473143.42092222226,360
2024-10-06 00:00:00,Swarm_A,2.4805573125e-12,1.9993812500000002e-12,473160.39958888886,360
2024-10-06 03:00:00,Swarm_A,2.4693566986111112e-12,2.1123321e-12,472714.9833305556,360
2024-10-06 06:00:00,Swarm_A,2.457715787222222e-12,2.2556844999999997e-12,472150.7433166667,360
2024-10-06 09:00:00,Swarm_A,2.5877945522222224e-12,2.5581579e-12,471928.77284444444,360
2024-10-06 12:00:00,Swarm_A,2.681016236388889e-12,2.58787295e-12,472097.1107388889,360
2024-10-06 15:00:00,Swarm_A,2.8079764211111116e-12,2.8014014499999998e-12,472497.9017833333,360
2024-10-06 18:00:00,Swarm_A,2.970784664722222e-12,2.81534755e-12,472910.4650944444,360
2024-10-06 21:00:00,Swarm_A,2.9515849399999998e-12,2.6829046e-12,473072.4750722222,360
2024-10-07 00:00:00,Swarm_A,3.213211125277778e-12,2.8559421e-12,472868.8136333333,360
2024-10-07 03:00:00,Swarm_A,3.3560195363888886e-12,3.0201722999999998e-12,472630.8572138889,360
2024-10-07 06:00:00,Swarm_A,3.1560969911111112e-12,2.9230101499999998e-12,472674.6668972222,360
2024-10-07 09:00:00,Swarm_A,2.8813302983333332e-12,2.5375215e-12,472929.6885777778,360
2024-10-07 12:00:00,Swarm_A,2.981365712777778e-12,2.92048075e-12,473003.4130777778,360
2024-10-07 15:00:00,Swarm_A,3.043508253611111e-12,2.9077816e-12,472627.40185,360
2024-10-07 18:00:00,Swarm_A,3.2606775266666667e-12,3.1410626500000003e-12,472025.8205666667,360
2024-10-07 21:00:00,Swarm_A,3.2905266688888892e-12,3.07111115e-12,471754.8661111111,360
2024-10-08 00:00:00,Swarm_A,3.448685312222222e-12,3.07628475e-12,471843.85244444443,360
2024-10-08 03:00:00,Swarm_A,3.5465890625e-12,3.3625891999999997e-12,472222.81628611113,360
2024-10-08 06:00:00,Swarm_A,3.5895658147222224e-12,3.3953766e-12,472660.5891277778,360
2024-10-08 09:00:00,Swarm_A,3.2748154538888893e-12,3.1960658499999998e-12,472868.31892222224,360
2024-10-08 12:00:00,Swarm_A,3.138694540277778e-12,2.95584655e-12,472674.1237722222,360
2024-10-08 15:00:00,Swarm_A,2.823565205e-12,2.55181925e-12,472435.2947472222,360
2024-10-08 18:00:00,Swarm_A,2.616167263333333e-12,2.3494719e-12,472447.1316861111,360
2024-10-08 21:00:00,Swarm_A,2.362488821944444e-12,2.08980245e-12,472706.1218833333,360
2024-10-09 00:00:00,Swarm_A,2.3275702447222223e-12,1.95296965e-12,472806.5743583333,360
2024-10-09 03:00:00,Swarm_A,2.4094411155555556e-12,2.0138901999999997e-12,472476.52611944446,360
2024-10-09 06:00:00,Swarm_A,2.502574585277778e-12,2.1588313e-12,471933.11257500004,360
2024-10-09 09:00:00,Swarm_A,2.3982080433333332e-12,2.0841903999999997e-12,471600.8540222223,360
2024-10-09 12:00:00,Swarm_A,2.393702498888889e-12,2.3223575e-12,471615.1374666667,360
2024-10-09 15:00:00,Swarm_A,2.3291943358333334e-12,2.17399705e-12,471953.6396694444,360
2024-10-09 18:00:00,Swarm_A,2.284816611388889e-12,2.05016435e-12,472432.506225,360
2024-10-09 21:00:00,Swarm_A,2.1692110923055555e-12,1.8387419500000002e-12,472712.17946388887,360
2024-10-10 00:00:00,Swarm_A,2.0920532947500002e-12,1.7642231000000001e-12,472567.7813611111,360
2024-10-10 03:00:00,Swarm_A,2.0115617877777778e-12,1.70943995e-12,472300.9193666667,360
2024-10-10 06:00:00,Swarm_A,1.9578713563055554e-12,1.53052265e-12,472279.49176111113,360
2024-10-10 09:00:00,Swarm_A,1.940633208333333e-12,1.6042962e-12,472514.7310888889,360
2024-10-10 12:00:00,Swarm_A,2.02063289e-12,1.83362125e-12,472676.28081944445,360
2024-10-10 15:00:00,Swarm_A,2.904527708055556e-12,3.0192701e-12,472432.0213638889,360
2024-10-10 18:00:00,Swarm_A,3.860595413888889e-12,3.835188e-12,471872.5780277778,360
2024-10-10 21:00:00,Swarm_A,4.542836455e-12,4.369173049999999e-12,471503.9343833333,360
2024-10-11 00:00:00,Swarm_A,5.155603875e-12,5.19028455e-12,471403.97133333335,360
2024-10-11 03:00:00,Swarm_A,4.729300352222222e-12,4.6812646e-12,471684.99203611107,360
2024-10-11 06:00:00,Swarm_A,4.288811876944444e-12,4.1960013499999995e-12,472166.1170083333,360
2024-10-11 09:00:00,Swarm_A,3.936629575555555e-12,3.98753075e-12,472506.257425,360
2024-10-11 12:00:00,Swarm_A,3.258433568888889e-12,3.1841897e-12,472375.8380638889,360
2024-10-11 15:00:00,Swarm_A,2.555291675555556e-12,2.42730275e-12,472108.732775,360
2024-10-11 18:00:00,Swarm_A,2.0328117091666668e-12,1.83577755e-12,472041.8533972222,360
2024-10-11 21:00:00,Swarm_A,1.8960571849166668e-12,1.4908888e-12,472272.2966416667,360
2024-10-12 00:00:00,Swarm_A,1.7642255802777778e-12,1.40306785e-12,472433.8258833333,360
2024-10-12 03:00:00,Swarm_A,1.6789084928611111e-12,1.4971064499999998e-12,472246.5160138889,360
2024-10-12 06:00:00,Swarm_A,1.6425621651666666e-12,1.33316365e-12,471775.35377222224,360
2024-10-12 09:00:00,Swarm_A,1.7480125481666669e-12,1.6927244e-12,471364.7605472222,360
2024-10-12 12:00:00,Swarm_A,1.821807843611111e-12,1.5532983e-12,471204.1184861111,360
2024-10-12 15:00:00,Swarm_A,1.845248175222222e-12,1.6383237e-12,471428.71178888885,360
2024-10-12 18:00:00,Swarm_A,1.879558500638889e-12,1.5597594499999999e-12,471935.8833277778,360
2024-10-12 21:00:00,Swarm_A,1.83564998525e-12,1.4858923e-12,472340.73421666666,360
2024-10-13 00:00:00,Swarm_A,1.7879767250833333e-12,1.32777765e-12,472295.9036555556,360
2024-10-13 03:00:00,Swarm_A,1.6996119562777778e-12,1.4902139e-12,472023.81313055556,360
2024-10-13 06:00:00,Swarm_A,1.6473405043055557e-12,1.3320528000000002e-12,471920.7144972223,360
2024-10-13 09:00:00,Swarm_A,1.6251222877500001e-12,1.2726241999999999e-12,472092.70331388887,360
2024-10-13 12:00:00,Swarm_A,1.6562949323611112e-12,1.33433165e-12,472312.06093055557,360
2024-10-13 15:00:00,Swarm_A,1.6567043279722222e-12,1.30451135e-12,472218.22035277775,360
2024-10-13 18:00:00,Swarm_A,1.6266024646666667e-12,1.23086035e-12,471766.00927222223,360
2024-10-13 21:00:00,Swarm_A,1.6596397019444444e-12,1.2444464e-12,471350.51355555555,360
2024-10-14 00:00:00,Swarm_A,1.7074196029166667e-12,1.2368265e-12,471074.6911666666,360
2024-10-14 03:00:00,Swarm_A,1.7266610099166665e-12,1.4693699000000002e-12,471231.58848055557,360
2024-10-14 06:00:00,Swarm_A,1.7096149622777779e-12,1.4722791e-12,471733.3532444445,360
2024-10-14 09:00:00,Swarm_A,1.67727332725e-12,1.4442440499999998e-12,472217.5454111111,360
2024-10-14 12:00:00,Swarm_A,1.7065624680833334e-12,1.4311383000000001e-12,472205.5496111112,360
2024-10-14 15:00:00,Swarm_A,1.7439203367777777e-12,1.5024085999999999e-12,471956.21122500004,360
2024-10-14 18:00:00,Swarm_A,1.763032920861111e-12,1.5195434000000002e-12,471816.5803805556,360
2024-10-14 21:00:00,Swarm_A,1.8111815070833334e-12,1.4653542e-12,471975.4892916667,360
2024-10-15 00:00:00,Swarm_A,1.8472217335277778e-12,1.40457985e-12,472162.1893444444,360
2024-10-15 03:00:00,Swarm_A,1.8624901530555557e-12,1.48913265e-12,472117.6833194445,360
2024-10-15 06:00:00,Swarm_A,1.9551277155555554e-12,1.7640363000000001e-12,471763.702875,360
2024-10-15 09:00:00,Swarm_A,1.9715837850000002e-12,1.7248561000000002e-12,471315.6929,360
2024-10-15 12:00:00,Swarm_A,1.9880353500000002e-12,1.76908915e-12,470976.66828611115,360
2024-10-15 15:00:00,Swarm_A,2.068755523888889e-12,2.14531595e-12,471037.0707111111,360
2024-10-15 18:00:00,Swarm_A,2.03169859825e-12,1.6285960499999999e-12,471509.53139722225,360
2024-10-15 21:00:00,Swarm_A,1.9953627244444445e-12,1.6715665e-12,471989.49156666663,360
2024-10-16 00:00:00,Swarm_A,1.992642193888889e-12,1.64223315e-12,472070.40971944446,360
2024-10-16 03:00:00,Swarm_A,1.9067508052777776e-12,1.5870669e-12,471837.4263555556,360
2024-10-16 06:00:00,Swarm_A,1.933459930277778e-12,1.68602485e-12,471658.3044083334,360
2024-10-16 09:00:00,Swarm_A,2.0178897908333334e-12,1.72565465e-12,471734.6632166666,360
2024-10-16 12:00:00,Swarm_A,2.007846189722222e-12,1.7266749e-12,471961.55950555555,360
2024-10-16 15:00:00,Swarm_A,2.0622589958333333e-12,1.9683932999999997e-12,472004.8405666667,360
2024-10-16 18:00:00,Swarm_A,2.048165586388889e-12,1.6919301500000001e-12,471691.8054777778,360
2024-10-16 21:00:00,Swarm_A,2.0403382522222223e-12,1.6268852e-12,471269.87882777775,360
2024-10-17 00:00:00,Swarm_A,2.0440241341666665e-12,1.6911656999999999e-12,470823.7615888889,360
2024-10-17 03:00:00,Swarm_A,1.969951791944444e-12,1.7846664499999999e-12,470796.84461944446,360
2024-10-17 06:00:00,Swarm_A,1.9322060391666664e-12,1.5798272000000001e-12,471236.80613888893,360
2024-10-17 09:00:00,Swarm_A,1.9300201964444445e-12,1.6988310000000001e-12,471811.96926944447,360
2024-10-17 12:00:00,Swarm_A,1.8744705643611113e-12,1.4831971e-12,471933.7837111111,360
2024-10-17 15:00:00,Swarm_A,1.873353375055556e-12,1.48841715e-12,471753.1244472222,360
2024-10-17 18:00:00,Swarm_A,1.8859608137777778e-12,1.55758505e-12,471564.4478222222,360
2024-10-17 21:00:00,Swarm_A,1.906760778611111e-12,1.42159265e-12,471618.33476388885,360
2024-10-18 00:00:00,Swarm_A,1.906089475722222e-12,1.3862535e-12,471783.69782777777,360
2024-10-18 03:00:00,Swarm_A,1.856227790277778e-12,1.5551959000000001e-12,471860.64107222226,360
2024-10-18 06:00:00,Swarm_A,1.8376069851944442e-12,1.5816185999999999e-12,471670.9275611111,360
2024-10-18 09:00:00,Swarm_A,1.8714703178333335e-12,1.4697862e-12,471250.3031416667,360
2024-10-18 12:00:00,Swarm_A,1.9403894980833333e-12,1.7379945000000001e-12,470771.0259638889,360
2024-10-18 15:00:00,Swarm_A,2.1984664119444444e-12,2.1186482e-12,470633.04164722224,360
2024-10-18 18:00:00,Swarm_A,2.1886610586111112e-12,1.7297903e-12,470998.31401666667,360
2024-10-18 21:00:00,Swarm_A,2.2305640916666667e-12,1.94336775e-12,471585.2469388889,360
2024-10-19 00:00:00,Swarm_A,2.2380519027777775e-12,1.9710406e-12,471816.15345277777,360
2024-10-19 03:00:00,Swarm_A,2.3224319847222223e-12,2.0135485e-12,471679.33321388887,360
2024-10-19 06:00:00,Swarm_A,2.2970497886111112e-12,2.0203575000000003e-12,471457.2159111111,360
2024-10-19 09:00:00,Swarm_A,2.1582574280555554e-12,1.96626835e-12,471426.1018694445,360
2024-10-19 12:00:00,Swarm_A,2.0548549308333333e-12,1.8142655e-12,471598.97734166664,360
2024-10-19 15:00:00,Swarm_A,2.002011067777778e-12,1.76342805e-12,471747.36894722225,360
2024-10-19 18:00:00,Swarm_A,2.0388476019444445e-12,1.7327039e-12,471606.40486666665,360
2024-10-19 21:00:00,Swarm_A,2.1037833458333334e-12,1.5668048e-12,471251.7438305556,360
2024-10-20 00:00:00,Swarm_A,2.1078660733333334e-12,1.6005057e-12,470693.30518055556,360
2024-10-20 03:00:00,Swarm_A,1.994584695277778e-12,1.6411415e-12,470462.0872777777,360
2024-10-20 06:00:00,Swarm_A,1.8827575004444445e-12,1.4865926e-12,470765.7844166666,360
2024-10-20 09:00:00,Swarm_A,1.8850613221944445e-12,1.4847845e-12,471366.5048305555,360
2024-10-20 12:00:00,Swarm_A,1.871290845e-12,1.47866675e-12,471633.61549444444,360
2024-10-20 15:00:00,Swarm_A,1.7933741404166665e-12,1.3891420999999999e-12,471581.08896666666,360
2024-10-20 18:00:00,Swarm_A,1.8185323662222222e-12,1.23886945e-12,471391.7745694444,360
2024-10-20 21:00:00,Swarm_A,1.8482915768333332e-12,1.41262445e-12,471328.636525,360
2024-10-21 00:00:00,Swarm_A,1.8231728635833334e-12,1.2787798999999999e-12,471418.3284388889,360
2024-10-21 03:00:00,Swarm_A,1.7493807405833333e-12,1.4045572e-12,471573.9918388889,360
2024-10-21 06:00:00,Swarm_A,1.7507416309444446e-12,1.35813435e-12,471564.7853611111,360
2024-10-21 09:00:00,Swarm_A,1.830665729138889e-12,1.394184e-12,471243.3469694445,360
2024-10-21 12:00:00,Swarm_A,1.8690847165277777e-12,1.3329212499999999e-12,470691.1428111111,360
2024-10-21 15:00:00,Swarm_A,1.8619153629166667e-12,1.4643421e-12,470351.54625,360
2024-10-21 18:00:00,Swarm_A,1.9307785639444443e-12,1.5184874e-12,470546.0704611111,360
2024-10-21 21:00:00,Swarm_A,1.9288375132222222e-12,1.43195635e-12,471123.27258611115,360
2024-10-22 00:00:00,Swarm_A,1.9562246214444443e-12,1.3998267e-12,471490.1302694445,360
2024-10-22 03:00:00,Swarm_A,1.9691064555e-12,1.66110375e-12,471508.8017277778,360
2024-10-22 06:00:00,Swarm_A,2.0506671975000003e-12,1.80083435e-12,471311.3229527778,360
2024-10-22 09:00:00,Swarm_A,2.1737362720833335e-12,1.8665617e-12,471182.5761305556,360
2024-10-22 12:00:00,Swarm_A,2.272667241388889e-12,1.9923187e-12,471242.6951722222,360
2024-10-22 15:00:00,Swarm_A,2.3588484397222224e-12,2.13833e-12,471433.3926416667,360
2024-10-22 18:00:00,Swarm_A,2.340304065e-12,1.8572274500000003e-12,471461.9612305556,360
2024-10-22 21:00:00,Swarm_A,2.302560890555556e-12,1.79167655e-12,471242.56217499997,360
2024-10-23 00:00:00,Swarm_A,2.2717681719444444e-12,1.85085455e-12,470650.55785555555,360
2024-10-23 03:00:00,Swarm_A,2.1698788252777778e-12,1.92283365e-12,470231.13060833333,360
2024-10-23 06:00:00,Swarm_A,2.1456472594444444e-12,1.79855505e-12,470336.16759722226,360
2024-10-23 09:00:00,Swarm_A,2.1790258891666667e-12,1.7947405e-12,470872.4846722222,360
2024-10-23 12:00:00,Swarm_A,2.2633243116666666e-12,1.7796511e-12,471254.9086861111,360
2024-10-23 15:00:00,Swarm_A,2.210651961666667e-12,1.70416795e-12,471369.4469527778,360
2024-10-23 18:00:00,Swarm_A,2.2330593213888887e-12,1.79983075e-12,471244.48634999996,360
2024-10-23 21:00:00,Swarm_A,2.2369818558333333e-12,1.7983721000000001e-12,471085.1830888889,360
2024-10-24 00:00:00,Swarm_A,2.199256652777778e-12,1.8391546e-12,471055.2390111111,360
2024-10-24 03:00:00,Swarm_A,2.2685078302777778e-12,1.83825075e-12,471218.21623055555,360
2024-10-24 06:00:00,Swarm_A,2.3435317330555557e-12,1.9225293000000003e-12,471361.7765638889,360
2024-10-24 09:00:00,Swarm_A,2.3850855216666666e-12,1.8926143e-12,471194.4071888889,360
2024-10-24 12:00:00,Swarm_A,2.3355635816666664e-12,1.77860075e-12,470657.0550694444,360
2024-10-24 15:00:00,Swarm_A,2.3005177047222225e-12,1.86036755e-12,470153.4933222222,360
2024-10-24 18:00:00,Swarm_A,2.346305801111111e-12,1.8107616e-12,470128.7585083333,360
2024-10-24 21:00:00,Swarm_A,2.3622646802777778e-12,1.89926275e-12,470593.35766111105,360
2024-10-25 00:00:00,Swarm_A,2.3296447975e-12,1.7855142e-12,471034.86460833333,360
2024-10-25 03:00:00,Swarm_A,2.2348705097222225e-12,1.7699397e-12,471235.6695111111,360
2024-10-25 06:00:00,Swarm_A,2.2324375122222223e-12,1.8465553e-12,471144.0257555556,360
2024-10-25 09:00:00,Swarm_A,2.258920545638889e-12,1.833028e-12,470957.77200833336,360
2024-10-25 12:00:00,Swarm_A,2.238270995277778e-12,1.6525355e-12,470875.8459277778,360
2024-10-25 15:00:00,Swarm_A,2.16677503125e-12,1.5780991e-12,471033.80433333333,360
2024-10-25 18:00:00,Swarm_A,2.110556146e-12,1.5209445e-12,471197.87543888885,360
2024-10-25 21:00:00,Swarm_A,2.1504600671944444e-12,1.5355165e-12,471155.26120277774,360
2024-10-26 00:00:00,Swarm_A,2.2435475411111113e-12,1.69286785e-12,470624.71753333334,360
2024-10-26 03:00:00,Swarm_A,2.283902010833333e-12,1.8303895e-12,470078.5031166667,360
2024-10-26 06:00:00,Swarm_A,2.3795350980555554e-12,1.9687072e-12,469958.3829138889,360
2024-10-26 09:00:00,Swarm_A,2.6204204108333333e-12,2.2729160999999997e-12,470334.0481111111,360
2024-10-26 12:00:00,Swarm_A,2.7028564202777778e-12,2.2020348999999997e-12,470752.7678805556,360
2024-10-26 15:00:00,Swarm_A,2.8140230302777777e-12,2.88940465e-12,471042.54315000004,360
2024-10-26 18:00:00,Swarm_A,3.1863060016666664e-12,3.1557310999999998e-12,471056.9342944444,360
2024-10-26 21:00:00,Swarm_A,3.3765766213888887e-12,2.66885725e-12,470864.1570055556,360
2024-10-27 00:00:00,Swarm_A,3.407664543611111e-12,2.8282219e-12,470696.64524166664,360
2024-10-27 03:00:00,Swarm_A,3.128447929722222e-12,2.4927854499999997e-12,470784.34671944444,360
2024-10-27 06:00:00,Swarm_A,2.9747602913888886e-12,2.6161674e-12,471013.8718972222,360
2024-10-27 09:00:00,Swarm_A,2.8674783847222218e-12,2.4359118e-12,471026.4322194445,360
2024-10-27 12:00:00,Swarm_A,2.910002493888889e-12,2.42490525e-12,470603.7692111111,360
2024-10-27 15:00:00,Swarm_A,2.978319151666667e-12,2.5059407499999997e-12,470019.28980277776,360
2024-10-27 18:00:00,Swarm_A,3.1039642505555556e-12,2.43829705e-12,469767.0732972222,360
2024-10-27 21:00:00,Swarm_A,3.032506889722222e-12,2.3007126e-12,470019.5246138889,360
2024-10-28 00:00:00,Swarm_A,2.969814663888889e-12,2.595952e-12,470434.6301388889,360
2024-10-28 03:00:00,Swarm_A,2.973209841388889e-12,2.5022183999999997e-12,470803.0463138889,360
2024-10-28 06:00:00,Swarm_A,3.1993058761111112e-12,2.7378224e-12,470894.4175055555,360
2024-10-28 09:00:00,Swarm_A,3.245436866111111e-12,2.8780589499999998e-12,470723.5235055556,360
2024-10-28 12:00:00,Swarm_A,3.149800841388889e-12,2.7323511e-12,470504.4691666667,360
2024-10-28 15:00:00,Swarm_A,3.095713269166667e-12,2.5952511999999998e-12,470549.8919333333,360
2024-10-28 18:00:00,Swarm_A,3.0499518227777775e-12,2.3514792500000004e-12,470769.59209166665,360
2024-10-28 21:00:00,Swarm_A,3.003246765e-12,2.2404732000000003e-12,470890.3538666666,360
2024-10-29 00:00:00,Swarm_A,3.0401388616666666e-12,2.3804584e-12,470513.27417777776,360
2024-10-29 03:00:00,Swarm_A,3.0225757316666668e-12,2.4921026e-12,469937.7547027777,360
2024-10-29 06:00:00,Swarm_A,3.042239466388889e-12,2.683998e-12,469612.7548277778,360
2024-10-29 09:00:00,Swarm_A,2.9796300991666668e-12,2.65998455e-12,469739.0831055556,360
2024-10-29 12:00:00,Swarm_A,2.975315408333334e-12,2.50175035e-12,470078.4097166667,360
2024-10-29 15:00:00,Swarm_A,3.0182849488888892e-12,2.5808559e-12,470499.8100777778,360
2024-10-29 18:00:00,Swarm_A,3.191317106388889e-12,2.67624775e-12,470721.6608722222,360
2024-10-29 21:00:00,Swarm_A,3.2076537869444446e-12,2.67080575e-12,470601.32755833335,360
2024-10-30 00:00:00,Swarm_A,3.3293188824999997e-12,2.7914356e-12,470333.6276777777,360
2024-10-30 03:00:00,Swarm_A,3.145657388055556e-12,2.66731285e-12,470289.1770722222,360
2024-10-30 06:00:00,Swarm_A,3.086589653611111e-12,2.51973325e-12,470511.8061944444,360
2024-10-30 09:00:00,Swarm_A,3.185478808888889e-12,2.63344975e-12,470682.67874722223,360
2024-10-30 12:00:00,Swarm_A,3.1672422419444445e-12,2.50930965e-12,470457.06583888887,360
2024-10-30 15:00:00,Swarm_A,3.2004730083333334e-12,2.7682468e-12,469911.2370277778,360
2024-10-30 18:00:00,Swarm_A,3.2285309991666664e-12,2.4080691e-12,469484.540175,360
2024-10-30 21:00:00,Swarm_A,3.3058733905555554e-12,2.62751895e-12,469460.4725972222,360
2024-10-31 00:00:00,Swarm_A,3.3174699575e-12,2.68703755e-12,469726.88639444445,360
2024-10-31 03:00:00,Swarm_A,3.2324566863888887e-12,2.8178053500000002e-12,470188.1340305555,360
2024-10-31 06:00:00,Swarm_A,3.1820634419444445e-12,2.784639e-12,470507.5479361111,360
2024-10-31 09:00:00,Swarm_A,3.1968972469444444e-12,2.7211581500000002e-12,470458.1455027778,360
2024-10-31 12:00:00,Swarm_A,3.2157111038888887e-12,2.63958645e-12,470170.8531722222,360
2024-10-31 15:00:00,Swarm_A,3.1472185905555555e-12,2.48929885e-12,470070.01523333334,360
2024-10-31 18:00:00,Swarm_A,3.136287426388889e-12,2.32115725e-12,470250.1381111111,360
2024-10-31 21:00:00,Swarm_A,3.3318907819444445e-12,2.65406305e-12,470478.0069805556,360
2024-05-01 00:00:00,Swarm_B,7.007795322222222e-13,6.622441e-13,518890.7943527778,360
2024-05-01 03:00:00,Swarm_B,6.922847883333334e-13,5.9366443e-13,518605.14677222224,360
2024-05-01 06:00:00,Swarm_B,6.393032943611111e-13,5.22035305e-13,518568.57991944446,360
2024-05-01 09:00:00,Swarm_B,6.032929886111111e-13,5.1781821e-13,518835.5481111111,360
2024-05-01 12:00:00,Swarm_B,5.868270710277778e-13,5.09217685e-13,518851.38228055555,360
2024-05-01 15:00:00,Swarm_B,5.417389326666667e-13,4.71026405e-13,518329.3691277778,360
2024-05-01 18:00:00,Swarm_B,5.400495321944444e-13,4.3469029e-13,517667.744825,360
2024-05-01 21:00:00,Swarm_B,5.517791263611111e-13,4.738794250000001e-13,517598.9031166667,360
2024-05-02 00:00:00,Swarm_B,5.663092949722222e-13,4.70394025e-13,518273.0829444445,360
2024-05-02 03:00:00,Swarm_B,5.590123290277778e-13,4.63537755e-13,518954.4353166666,360
2024-05-02 06:00:00,Swarm_B,5.620404684722223e-13,5.03272095e-13,518891.22005,360
2024-05-02 09:00:00,Swarm_B,5.846505354444444e-13,5.33688645e-13,518500.8492277778,360
2024-05-02 12:00:00,Swarm_B,6.516091561666666e-13,6.33807935e-13,518514.08892500005,360
2024-05-02 15:00:00,Swarm_B,8.396737852499999e-13,8.75931805e-13,518883.32182222226,360
2024-05-02 18:00:00,Swarm_B,1.002987365388889e-12,9.61851295e-13,518866.27630833327,360
2024-05-02 21:00:00,Swarm_B,8.951300814722222e-13,8.015882649999999e-13,518142.8499222222,360
2024-05-03 00:00:00,Swarm_B,8.891055133888888e-13,8.22005245e-13,517462.48908611113,360
2024-05-03 03:00:00,Swarm_B,7.698455777777778e-13,6.26272775e-13,517708.0038055556,360
2024-05-03 06:00:00,Swarm_B,6.486133611666667e-13,5.43315065e-13,518451.5821055556,360
2024-05-03 09:00:00,Swarm_B,5.810060423611111e-13,4.59713745e-13,518900.11399166664,360
2024-05-03 12:00:00,Swarm_B,5.222100197777777e-13,4.06641355e-13,518743.01955555554,360
2024-05-03 15:00:00,Swarm_B,4.942146784722222e-13,4.2023532e-13,518471.6811444445,360
2024-05-03 18:00:00,Swarm_B,4.877219350555556e-13,3.3487864000000003e-13,518573.76831388887,360
2024-05-03 21:00:00,Swarm_B,4.910018416944444e-13,4.0139262000000003e-13,518860.35061666666,360
2024-05-04 00:00:00,Swarm_B,4.909593490277777e-13,4.16857085e-13,518671.9907638889,360
2024-05-04 03:00:00,Swarm_B,5.013088860555555e-13,3.9434904e-13,518048.11600833334,360
2024-05-04 06:00:00,Swarm_B,4.847613982222223e-13,3.7771987e-13,517503.9388138889,360
2024-05-04 09:00:00,Swarm_B,4.857732271111111e-13,4.1299942999999997e-13,517689.9526583333,360
2024-05-04 12:00:00,Swarm_B,4.682523299166666e-13,3.3831944e-13,518441.6689222222,360
2024-05-04 15:00:00,Swarm_B,4.5086404775e-13,3.8540581e-13,518947.9039305555,360
2024-05-04 18:00:00,Swarm_B,4.4222993247222225e-13,3.85218475e-13,518709.2830388889,360
2024-05-04 21:00:00,Swarm_B,4.865493263611111e-13,4.5956343e-13,518396.779825,360
2024-05-05 00:00:00,Swarm_B,5.251802548888889e-13,4.4648228e-13,518540.5231833333,360
2024-05-05 03:00:00,Swarm_B,5.652890581388889e-13,5.1939876e-13,518888.67381944443,360
2024-05-05 06:00:00,Swarm_B,5.541961529444444e-13,4.804694850000001e-13,518646.9894166667,360
2024-05-05 09:00:00,Swarm_B,5.758015395555555e-13,5.08308705e-13,517831.6219277778,360
2024-05-05 12:00:00,Swarm_B,5.509766213055555e-13,4.581362699999999e-13,517363.7709444444,360
2024-05-05 15:00:00,Swarm_B,5.273333224722222e-13,4.2766139e-13,517835.7861111111,360
2024-05-05 18:00:00,Swarm_B,5.336674084444444e-13,4.50814e-13,518580.8443138889,360
2024-05-05 21:00:00,Swarm_B,6.233835399166667e-13,6.39514815e-13,518850.1668777778,360
2024-05-06 00:00:00,Swarm_B,7.357546131388889e-13,6.52539425e-13,518595.30334444443,360
2024-05-06 03:00:00,Swarm_B,7.388286655555556e-13,6.8000004e-13,518402.90234166663,360
2024-05-06 06:00:00,Swarm_B,7.612039567222223e-13,7.16692155e-13,518609.05001388886,360
2024-05-06 09:00:00,Swarm_B,7.758714657777777e-13,6.8766434e-13,518804.64845555555,360
2024-05-06 12:00:00,Swarm_B,7.540782435555555e-13,7.15906675e-13,518456.85075000004,360
2024-05-06 15:00:00,Swarm_B,7.024937587777778e-13,6.58745585e-13,517777.67240833334,360
2024-05-06 18:00:00,Swarm_B,6.816797566388888e-13,5.806326149999999e-13,517425.53981111106,360
2024-05-06 21:00:00,Swarm_B,6.243905917777778e-13,5.02480055e-13,517817.17251111113,360
2024-05-07 00:00:00,Swarm_B,6.100970648611111e-13,4.99584315e-13,518569.9401833333,360
2024-05-07 03:00:00,Swarm_B,6.316283851944445e-13,5.995739700000001e-13,518871.0606,360
2024-05-07 06:00:00,Swarm_B,6.027843854444445e-13,5.031103799999999e-13,518551.63933888887,360
2024-05-07 09:00:00,Swarm_B,6.252199286666667e-13,5.44223285e-13,518327.3161694445,360
2024-05-07 12:00:00,Swarm_B,6.21869894e-13,5.38656585e-13,518584.9173361111,360
2024-05-07 15:00:00,Swarm_B,6.05594224e-13,5.5211608e-13,518822.1013833333,360
2024-05-07 18:00:00,Swarm_B,6.389278487777778e-13,5.90000955e-13,518417.19622777775,360
2024-05-07 21:00:00,Swarm_B,6.447359755555555e-13,5.62737985e-13,517595.6344861111,360
2024-05-08 00:00:00,Swarm_B,6.66806056888889e-13,5.7312356e-13,517319.2817,360
2024-05-08 03:00:00,Swarm_B,6.778259993055555e-13,5.6943537e-13,517978.3609472223,360
2024-05-08 06:00:00,Swarm_B,6.534679953888888e-13,5.57068455e-13,518675.6864972222,360
2024-05-08 09:00:00,Swarm_B,6.579141376388888e-13,6.010758499999999e-13,518763.9099861111,360
2024-05-08 12:00:00,Swarm_B,6.731230295555555e-13,5.8111901e-13,518434.9395166667,360
2024-05-08 15:00:00,Swarm_B,6.912218172777777e-13,5.985929050000001e-13,518346.5012638889,360
2024-05-08 18:00:00,Swarm_B,6.940738813611111e-13,5.75657805e-13,518649.2695916667,360
2024-05-08 21:00:00,Swarm_B,7.035676865555556e-13,5.985553850000001e-13,518746.5949861111,360
2024-05-09 00:00:00,Swarm_B,7.350919936111111e-13,6.465464e-13,518197.89630555554,360
2024-05-09 03:00:00,Swarm_B,7.658072789166667e-13,7.187097049999999e-13,517566.7452111111,360
2024-05-09 06:00:00,Swarm_B,7.317007755277777e-13,6.47615725e-13,517401.82916388893,360
2024-05-09 09:00:00,Swarm_B,7.277665348055556e-13,5.88807075e-13,517974.37122777774,360
2024-05-09 12:00:00,Swarm_B,7.121053989166667e-13,5.8439007e-13,518648.3817555556,360
2024-05-09 15:00:00,Swarm_B,7.035062543055555e-13,6.2271325e-13,518766.6178055555,360
2024-05-09 18:00:00,Swarm_B,7.254612836944445e-13,6.68957895e-13,518385.07288333337,360
2024-05-09 21:00:00,Swarm_B,7.646778548055555e-13,6.7447492e-13,518307.89441388886,360
2024-05-10 00:00:00,Swarm_B,8.178513323333333e-13,7.72272125e-13,518612.2415972222,360
2024-05-10 03:00:00,Swarm_B,8.617601563055555e-13,8.7239146e-13,518746.21944444446,360
2024-05-10 06:00:00,Swarm_B,8.586377424722222e-13,7.3727305e-13,518124.1409694445,360
2024-05-10 09:00:00,Swarm_B,8.563359755555555e-13,7.7373899e-13,517358.7164944444,360
2024-05-10 12:00:00,Swarm_B,8.880168985277778e-13,7.896715e-13,517349.84558333334,360
2024-05-10 15:00:00,Swarm_B,9.085738249444444e-13,7.324035100000001e-13,518147.35604722216,360
2024-05-10 18:00:00,Swarm_B,1.7533991977222224e-12,1.6522629000000001e-12,518697.4258194444,360
2024-05-10 21:00:00,Swarm_B,2.7550237894444442e-12,2.76774595e-12,518611.3377277777,360
2024-05-11 00:00:00,Swarm_B,3.713778007222222e-12,3.6082402e-12,518271.50711944443,360
2024-05-11 03:00:00,Swarm_B,3.771749067777777e-12,3.65662945e-12,518318.77502777777,360
2024-05-11 06:00:00,Swarm_B,3.710377867222222e-12,3.74616995e-12,518595.7476138889,360
2024-05-11 09:00:00,Swarm_B,3.1967315411111114e-12,3.1923407999999998e-12,518493.305125,360
2024-05-11 12:00:00,Swarm_B,2.892094413611111e-12,2.9342017500000004e-12,517837.5530138889,360
2024-05-11 15:00:00,Swarm_B,2.2453003675e-12,2.23473165e-12,517282.4075,360
2024-05-11 18:00:00,Swarm_B,1.7331432819444443e-12,1.7363007999999998e-12,517344.1588138889,360
2024-05-11 21:00:00,Swarm_B,1.2647709788611111e-12,1.1395484e-12,517999.50165833335,360
2024-05-12 00:00:00,Swarm_B,1.0124473605e-12,9.2540904e-13,518562.9602527778,360
2024-05-12 03:00:00,Swarm_B,1.0253210898611113e-12,9.10018905e-13,518504.1361055555,360
2024-05-12 06:00:00,Swarm_B,9.211496056388888e-13,7.4766967e-13,518150.19279722223,360
2024-05-12 09:00:00,Swarm_B,8.5693096625e-13,8.10655155e-13,518172.1285,360
2024-05-12 12:00:00,Swarm_B,7.431831484722223e-13,6.466045700000001e-13,518492.4699527778,360
2024-05-12 15:00:00,Swarm_B,7.329237872777778e-13,6.61578085e-13,518437.2148166666,360
2024-05-12 18:00:00,Swarm_B,7.341390918055555e-13,6.803328e-13,517737.8247,360
2024-05-12 21:00:00,Swarm_B,8.858126131944445e-13,9.853927600000002e-13,517090.81686388893,360
2024-05-13 00:00:00,Swarm_B,8.992356837222223e-13,7.8101995e-13,517294.9722388889,360
2024-05-13 03:00:00,Swarm_B,9.904589068055556e-13,9.5000448e-13,518144.62931111106,360
2024-05-13 06:00:00,Swarm_B,8.668944019722223e-13,8.7648035e-13,518575.058975,360
2024-05-13 09:00:00,Swarm_B,8.690625985000001e-13,8.08062435e-13,518348.1973777778,360
2024-05-13 12:00:00,Swarm_B,8.709851450277778e-13,7.570485500000001e-13,518056.86943888885,360
2024-05-13 15:00:00,Swarm_B,8.512892260555555e-13,7.9281803e-13,518215.26775833336,360
2024-05-13 18:00:00,Swarm_B,8.303371578611111e-13,7.50938375e-13,518521.6894916667,360
2024-05-13 21:00:00,Swarm_B,8.366646323333333e-13,7.26431475e-13,518280.32748055557,360
2024-05-14 00:00:00,Swarm_B,8.849427816111111e-13,8.06620535e-13,517517.0936638889,360
2024-05-14 03:00:00,Swarm_B,8.820363035833333e-13,8.1505714e-13,517126.0867527778,360
2024-05-14 06:00:00,Swarm_B,8.649082314444445e-13,8.06040905e-13,517390.76105,360
2024-05-14 09:00:00,Swarm_B,8.678990075277779e-13,7.3374995e-13,518107.2883194444,360
2024-05-14 12:00:00,Swarm_B,8.489049862499999e-13,7.23955165e-13,518499.1798638888,360
2024-05-14 15:00:00,Swarm_B,8.361106590833333e-13,7.79911205e-13,518318.18135277776,360
2024-05-14 18:00:00,Swarm_B,8.651890271111111e-13,7.6278696e-13,518026.87486944447,360
2024-05-14 21:00:00,Swarm_B,8.699842747222222e-13,7.755185799999999e-13,518190.6037777778,360
2024-05-15 00:00:00,Swarm_B,8.9154177975e-13,8.08651765e-13,518448.2744194445,360
2024-05-15 03:00:00,Swarm_B,9.191203263333334e-13,8.7646879e-13,518252.7092916667,360
2024-05-15 06:00:00,Swarm_B,9.772597925555555e-13,9.76455995e-13,517442.55651111115,360
2024-05-15 09:00:00,Swarm_B,9.927185294444445e-13,8.661770150000001e-13,516965.8589388889,360
2024-05-15 12:00:00,Swarm_B,1.038804433361111e-12,9.67948625e-13,517391.9180361111,360
2024-05-15 15:00:00,Swarm_B,9.975781693055556e-13,9.47552685e-13,518244.2055555555,360
2024-05-15 18:00:00,Swarm_B,1.0188898800277779e-12,9.45890515e-13,518468.2337944445,360
2024-05-15 21:00:00,Swarm_B,1.063789309111111e-12,1.02764865e-12,518163.943975,360
2024-05-16 00:00:00,Swarm_B,1.1161219654722221e-12,1.0846416e-12,517971.14816388884,360
2024-05-16 03:00:00,Swarm_B,1.0899690007222223e-12,1.1226007500000001e-12,518255.5115388889,360
2024-05-16 06:00:00,Swarm_B,1.3380196592499999e-12,1.413668e-12,518434.0802722222,360
2024-05-16 09:00:00,Swarm_B,1.468765580138889e-12,1.4176058e-12,518010.09616944444,360
2024-05-16 12:00:00,Swarm_B,1.4240231959444446e-12,1.40765855e-12,517270.21945833333,360
2024-05-16 15:00:00,Swarm_B,1.3234614998611112e-12,1.2949035e-12,517037.70208611107,360
2024-05-16 18:00:00,Swarm_B,1.2124111860833332e-12,1.1750535e-12,517461.33888611116,360
2024-05-16 21:00:00,Swarm_B,1.1356294180277778e-12,1.0325711e-12,518145.00875000004,360
2024-05-17 00:00:00,Swarm_B,1.1006730941666668e-12,9.9321992e-13,518401.49654444447,360
2024-05-17 03:00:00,Swarm_B,1.1025232749722223e-12,1.0417160999999999e-12,518141.04584166664,360
2024-05-17 06:00:00,Swarm_B,1.134178370388889e-12,9.9731562e-13,517934.1715111111,360
2024-05-17 09:00:00,Swarm_B,1.145082472472222e-12,9.969891949999999e-13,518147.1827611111,360
2024-05-17 12:00:00,Swarm_B,1.1622976972777778e-12,1.03842065e-12,518345.60974166665,360
2024-05-17 15:00:00,Swarm_B,1.277062235e-12,1.23816615e-12,517967.7257777778,360
2024-05-17 18:00:00,Swarm_B,1.4408333604444444e-12,1.4959988499999998e-12,517182.1072083333,360
2024-05-17 21:00:00,Swarm_B,1.5158740435833332e-12,1.4908744e-12,516880.42799166666,360
2024-05-18 00:00:00,Swarm_B,1.6155767902222223e-12,1.6375454e-12,517466.817125,360
2024-05-18 03:00:00,Swarm_B,1.4883654213055555e-12,1.5200094000000002e-12,518250.2284694445,360
2024-05-18 06:00:00,Swarm_B,1.4146806261944445e-12,1.42424295e-12,518340.2712861111,360
2024-05-18 09:00:00,Swarm_B,1.3703673251666666e-12,1.3298081500000001e-12,517961.27011944447,360
2024-05-18 12:00:00,Swarm_B,1.3255419354166666e-12,1.22769755e-12,517856.3852194444,360
2024-05-18 15:00:00,Swarm_B,1.2451625256666665e-12,1.2078223000000001e-12,518180.3744944444,360
2024-05-18 18:00:00,Swarm_B,1.1622722320555555e-12,1.17531965e-12,518297.9064277778,360
2024-05-18 21:00:00,Swarm_B,1.1012028119444444e-12,1.0534926e-12,517727.42979444447,360
2024-05-19 00:00:00,Swarm_B,1.1042318379444445e-12,1.0360348e-12,516980.73995,360
2024-05-19 03:00:00,Swarm_B,1.0936215136111112e-12,1.1443085e-12,516954.3165416667,360
2024-05-19 06:00:00,Swarm_B,1.0342512858611111e-12,1.035287e-12,517527.3135694444,360
2024-05-19 09:00:00,Swarm_B,1.0550884587777777e-12,9.8274103e-13,518156.6931861111,360
2024-05-19 12:00:00,Swarm_B,1.0183768364722222e-12,9.2000088e-13,518221.65885833337,360
2024-05-19 15:00:00,Swarm_B,1.0776333151111111e-12,1.0881610499999999e-12,517923.2795222222,360
2024-05-19 18:00:00,Swarm_B,1.072294929e-12,1.0497004e-12,517831.4879666667,360
2024-05-19 21:00:00,Swarm_B,1.03830849275e-12,1.02482345e-12,518116.82805833337,360
2024-05-20 00:00:00,Swarm_B,1.0156732931944446e-12,9.69889625e-13,518160.3614166667,360
2024-05-20 03:00:00,Swarm_B,1.0077775245555556e-12,9.8607993e-13,517677.96326111106,360
2024-05-20 06:00:00,Swarm_B,1.024869551888889e-12,1.0451226999999998e-12,516905.9268611111,360
2024-05-20 09:00:00,Swarm_B,9.695468948055554e-13,9.28154515e-13,516824.7697027778,360
2024-05-20 12:00:00,Swarm_B,9.197406696666668e-13,8.4328866e-13,517536.2047222222,360
2024-05-20 15:00:00,Swarm_B,8.635849070833334e-13,8.567927e-13,518235.2278194444,360
2024-05-20 18:00:00,Swarm_B,8.41847049361111e-13,8.105087e-13,518142.9984194444,360
2024-05-20 21:00:00,Swarm_B,8.714692751944445e-13,8.41496085e-13,517788.34681666666,360
2024-05-21 00:00:00,Swarm_B,8.965365543888888e-13,8.710857849999999e-13,517796.80474166665,360
2024-05-21 03:00:00,Swarm_B,8.81432267611111e-13,8.92274725e-13,518175.92915277777,360
2024-05-21 06:00:00,Swarm_B,8.761805356111111e-13,8.850813099999999e-13,518110.5853555556,360
2024-05-21 09:00:00,Swarm_B,9.040784219166666e-13,8.26638105e-13,517425.54126944445,360
2024-05-21 12:00:00,Swarm_B,9.127849470277778e-13,8.3797984e-13,516801.4497027778,360
2024-05-21 15:00:00,Swarm_B,9.231954623611112e-13,9.3022667e-13,516953.57100555557,360
2024-05-21 18:00:00,Swarm_B,8.784846091111112e-13,9.052380199999999e-13,517593.589925,360
2024-05-21 21:00:00,Swarm_B,8.733998186111111e-13,8.3295001e-13,518118.0768972222,360
2024-05-22 00:00:00,Swarm_B,8.577060907777777e-13,8.21702905e-13,518078.38534166664,360
2024-05-22 03:00:00,Swarm_B,8.538490207777778e-13,8.6520201e-13,517789.41517777776,360
2024-05-22 06:00:00,Swarm_B,8.501892309444444e-13,7.8198711e-13,517794.2356083334,360
2024-05-22 09:00:00,Swarm_B,8.297257618333333e-13,7.652676549999999e-13,518072.1792333333,360
2024-05-22 12:00:00,Swarm_B,8.264918679166667e-13,7.7812965e-13,518022.5239527778,360
2024-05-22 15:00:00,Swarm_B,8.197021664722221e-13,7.93375125e-13,517410.823425,360
2024-05-22 18:00:00,Swarm_B,8.199017753611111e-13,7.8750154e-13,516746.5724666667,360
2024-05-22 21:00:00,Swarm_B,8.117702230833333e-13,7.84858495e-13,516847.90689444443,360
2024-05-23 00:00:00,Swarm_B,7.940000970555556e-13,7.3924639e-13,517642.56991944445,360
2024-05-23 03:00:00,Swarm_B,7.647572793333333e-13,7.59063325e-13,518192.7372638889,360
2024-05-23 06:00:00,Swarm_B,7.874899844722222e-13,7.58440295e-13,518001.3559166667,360
2024-05-23 09:00:00,Swarm_B,8.001612312222223e-13,7.789132649999999e-13,517659.0065527778,360
2024-05-23 12:00:00,Swarm_B,8.535627103333334e-13,7.5552005e-13,517785.2813361111,360
2024-05-23 15:00:00,Swarm_B,8.785418420555556e-13,8.73865255e-13,518130.85492222226,360
2024-05-23 18:00:00,Swarm_B,9.22939407388889e-13,9.7824491e-13,517958.99252499995,360
2024-05-23 21:00:00,Swarm_B,9.506199946666666e-13,9.777728900000002e-13,517186.27375833335,360
2024-05-24 00:00:00,Swarm_B,9.194930380833335e-13,8.9698917e-13,516663.1200527778,360
2024-05-24 03:00:00,Swarm_B,9.278826434722222e-13,9.8860462e-13,516987.1652027778,360
2024-05-24 06:00:00,Swarm_B,8.840890573333332e-13,8.71352855e-13,517687.3312666667,360
2024-05-24 09:00:00,Swarm_B,9.048879160833333e-13,8.65967225e-13,518088.0247777777,360
2024-05-24 12:00:00,Swarm_B,8.334627233888889e-13,7.8590913e-13,517918.28225833335,360
2024-05-24 15:00:00,Swarm_B,7.978570804722222e-13,7.7881702e-13,517662.07049722224,360
2024-05-24 18:00:00,Swarm_B,7.387270605833334e-13,7.138613749999999e-13,517789.5844583333,360
2024-05-24 21:00:00,Swarm_B,6.810550964166666e-13,6.926980850000001e-13,518049.7643222222,360
2024-05-25 00:00:00,Swarm_B,7.197530894444444e-13,7.413864e-13,517833.9636444444,360
2024-05-25 03:00:00,Swarm_B,7.251670266388889e-13,7.291602e-13,517169.72343888885,360
2024-05-25 06:00:00,Swarm_B,6.904907895555556e-13,6.82598535e-13,516611.4453138889,360
2024-05-25 09:00:00,Swarm_B,6.518549062499999e-13,6.497539649999999e-13,516914.80049166665,360
2024-05-25 12:00:00,Swarm_B,6.061621301388889e-13,5.5250268e-13,517733.3927166666,360
2024-05-25 15:00:00,Swarm_B,5.73049186e-13,5.467511499999999e-13,518140.5347138889,360
2024-05-25 18:00:00,Swarm_B,5.687890874166666e-13,5.79654945e-13,517831.72028055554,360
2024-05-25 21:00:00,Swarm_B,5.902651469166667e-13,5.9061695e-13,517573.5033027778,360
2024-05-26 00:00:00,Swarm_B,5.821491735000001e-13,5.6660352e-13,517788.73585833336,360
2024-05-26 03:00:00,Swarm_B,5.813854265277777e-13,5.9490408e-13,518102.89920000004,360
2024-05-26 06:00:00,Swarm_B,5.800291663055555e-13,6.20048535e-13,517730.4591416667,360
2024-05-26 09:00:00,Swarm_B,5.693446188888888e-13,5.687185350000001e-13,516928.11251111113,360
2024-05-26 12:00:00,Swarm_B,5.851268103611111e-13,5.293973399999999e-13,516589.4737138889,360
2024-05-26 15:00:00,Swarm_B,5.472045573333333e-13,5.678216750000001e-13,517076.70890555554,360
2024-05-26 18:00:00,Swarm_B,5.334895371388889e-13,5.1860106e-13,517746.847075,360
2024-05-26 21:00:00,Swarm_B,5.203897865555556e-13,4.99020855e-13,518011.8398527778,360
2024-05-27 00:00:00,Swarm_B,4.835993089444444e-13,4.695474299999999e-13,517789.18185555557,360
2024-05-27 03:00:00,Swarm_B,4.862362824722222e-13,4.620615300000001e-13,517606.93150277773,360
2024-05-27 06:00:00,Swarm_B,5.061998168888889e-13,4.45046665e-13,517782.2585333333,360
2024-05-27 09:00:00,Swarm_B,5.497620761944444e-13,5.13388235e-13,517966.4785027778,360
2024-05-27 12:00:00,Swarm_B,5.452474986944444e-13,5.211890899999999e-13,517646.18429999996,360
2024-05-27 15:00:00,Swarm_B,5.190039619722222e-13,5.162064149999999e-13,516949.4828972222,360
2024-05-27 18:00:00,Swarm_B,5.110695261111112e-13,5.2945726e-13,516550.6400861111,360
2024-05-27 21:00:00,Swarm_B,5.018850385833333e-13,5.064616350000001e-13,516995.3999833333,360
2024-05-28 00:00:00,Swarm_B,4.923131569722222e-13,4.78668455e-13,517811.0505333333,360
2024-05-28 03:00:00,Swarm_B,4.816314785833334e-13,4.708795349999999e-13,518063.2496472222,360
2024-05-28 06:00:00,Swarm_B,4.84859896e-13,4.36833165e-13,517704.43004999997,360
2024-05-28 09:00:00,Swarm_B,4.769002088611112e-13,4.3886769000000003e-13,517509.453475,360
2024-05-28 12:00:00,Swarm_B,4.720800017777778e-13,4.4328397000000004e-13,517803.8140194444,360
2024-05-28 15:00:00,Swarm_B,4.555269546388889e-13,4.52377855e-13,518033.2219888889,360
2024-05-28 18:00:00,Swarm_B,4.614811381111111e-13,4.622980750000001e-13,517554.44742222223,360
2024-05-28 21:00:00,Swarm_B,4.564092252222222e-13,4.3489326499999996e-13,516741.75998055557,360
2024-05-29 00:00:00,Swarm_B,4.5128745083333335e-13,4.53038715e-13,516559.3809194445,360
2024-05-29 03:00:00,Swarm_B,4.4313706058333335e-13,4.2984979499999997e-13,517167.636875,360
2024-05-29 06:00:00,Swarm_B,4.3666680572222224e-13,3.6867952999999997e-13,517821.41374999995,360
2024-05-29 09:00:00,Swarm_B,4.585954885e-13,3.970556e-13,517944.65820833336,360
2024-05-29 12:00:00,Swarm_B,4.487524516666667e-13,4.0307226500000003e-13,517660.040125,360
2024-05-29 15:00:00,Swarm_B,4.708691475277778e-13,4.3688533000000004e-13,517558.5436388889,360
2024-05-29 18:00:00,Swarm_B,5.090017293888889e-13,4.63083485e-13,517828.99955277774,360
2024-05-29 21:00:00,Swarm_B,5.252855125277777e-13,5.08435005e-13,517926.74722499994,360
2024-05-30 00:00:00,Swarm_B,5.159040805e-13,5.2223642e-13,517463.9138194444,360
2024-05-30 03:00:00,Swarm_B,5.086094575833333e-13,5.0250495e-13,516771.7005555555,360
2024-05-30 06:00:00,Swarm_B,5.046114028333333e-13,5.3532497e-13,516535.97116111114,360
2024-05-30 09:00:00,Swarm_B,4.978333523611112e-13,4.859788e-13,517127.87481666665,360
2024-05-30 12:00:00,Swarm_B,4.963508054444445e-13,4.442714e-13,517877.53253333335,360
2024-05-30 15:00:00,Swarm_B,5.164990230555556e-13,4.76601425e-13,517966.2776138889,360
2024-05-30 18:00:00,Swarm_B,5.270315985833334e-13,5.07167185e-13,517585.6373638889,360
2024-05-30 21:00:00,Swarm_B,5.612675125000001e-13,5.565883550000001e-13,517506.60874722217,360
2024-05-31 00:00:00,Swarm_B,5.687895654166666e-13,5.896366e-13,517853.7135333334,360
2024-05-31 03:00:00,Swarm_B,5.921699679722223e-13,5.87931845e-13,517967.32364722225,360
2024-05-31 06:00:00,Swarm_B,6.114239426388888e-13,6.56043905e-13,517325.9806861111,360
2024-05-31 09:00:00,Swarm_B,6.036605049444444e-13,6.1313255e-13,516577.0958472222,360
2024-05-31 12:00:00,Swarm_B,6.081104570555556e-13,5.8193892e-13,516597.19941111107,360
2024-05-31 15:00:00,Swarm_B,5.534336175555556e-13,5.90700175e-13,517291.0114,360
2024-05-31 18:00:00,Swarm_B,5.253417308333333e-13,4.9980722e-13,517844.03402500006,360
2024-05-31 21:00:00,Swarm_B,5.272042278888889e-13,5.283562149999999e-13,517847.0854638889,360
2024-10-01 00:00:00,Swarm_B,1.4783176565277778e-12,1.2858706e-12,513033.7817638889,360
2024-10-01 03:00:00,Swarm_B,1.556899143722222e-12,1.47441435e-12,513091.86125555553,360
2024-10-01 06:00:00,Swarm_B,1.5394089516666667e-12,1.1903993e-12,512736.89200833335,360
2024-10-01 09:00:00,Swarm_B,1.5279295984166666e-12,1.2283331e-12,512705.84666944447,360
2024-10-01 12:00:00,Swarm_B,1.5205779416666667e-12,1.2399161e-12,513012.50810277776,360
2024-10-01 15:00:00,Swarm_B,1.5243927051111111e-12,1.2686945500000001e-12,513135.1678,360
2024-10-01 18:00:00,Swarm_B,1.5509820650555554e-12,1.236844e-12,512509.33098333335,360
2024-10-01 21:00:00,Swarm_B,1.5590529689444444e-12,1.19057105e-12,511745.0836666667,360
2024-10-02 00:00:00,Swarm_B,1.6171658564722223e-12,1.38916555e-12,511677.78338333336,360
2024-10-02 03:00:00,Swarm_B,1.616331050611111e-12,1.4364551500000001e-12,512392.53079444444,360
2024-10-02 06:00:00,Swarm_B,1.6255388434722221e-12,1.34522845e-12,512947.0468888889,360
2024-10-02 09:00:00,Swarm_B,1.623266783861111e-12,1.3350088e-12,512961.3539916667,360
2024-10-02 12:00:00,Swarm_B,1.6881387075555557e-12,1.4504368999999999e-12,512682.1882388889,360
2024-10-02 15:00:00,Swarm_B,1.6171096499166666e-12,1.31211395e-12,512675.4711888889,360
2024-10-02 18:00:00,Swarm_B,1.5468629503888888e-12,1.27738415e-12,512932.00662222225,360
2024-10-02 21:00:00,Swarm_B,1.5403600005555555e-12,1.2973139e-12,512973.29251666664,360
2024-10-03 00:00:00,Swarm_B,1.5573179510277779e-12,1.2733554e-12,512476.2512138889,360
2024-10-03 03:00:00,Swarm_B,1.5958300210277778e-12,1.3069653e-12,511836.94817499997,360
2024-10-03 06:00:00,Swarm_B,1.6751981245833333e-12,1.4352510500000002e-12,511621.0548444444,360
2024-10-03 09:00:00,Swarm_B,1.698005839972222e-12,1.4285979e-12,512117.63255555555,360
2024-10-03 12:00:00,Swarm_B,1.873716738611111e-12,1.6527474e-12,512816.2405138889,360
2024-10-03 15:00:00,Swarm_B,1.8223345469444443e-12,1.50530395e-12,512990.19083888887,360
2024-10-03 18:00:00,Swarm_B,1.8507039394444444e-12,1.63731275e-12,512649.0931638889,360
2024-10-03 21:00:00,Swarm_B,1.8159250019444446e-12,1.5553668999999999e-12,512493.8175361111,360
2024-10-04 00:00:00,Swarm_B,1.7271817708333333e-12,1.47990125e-12,512787.0304138889,360
2024-10-04 03:00:00,Swarm_B,1.7985550136111113e-12,1.5419352e-12,512981.4602666667,360
2024-10-04 06:00:00,Swarm_B,1.8067496019444443e-12,1.4192568e-12,512514.6822944444,360
2024-10-04 09:00:00,Swarm_B,1.831411881388889e-12,1.4868327e-12,511705.6678,360
2024-10-04 12:00:00,Swarm_B,1.8346976316666667e-12,1.5944577e-12,511451.84023611114,360
2024-10-04 15:00:00,Swarm_B,1.9014211219444445e-12,1.7875839e-12,512055.8103222222,360
2024-10-04 18:00:00,Swarm_B,1.8435361533333333e-12,1.60301265e-12,512702.5540138889,360
2024-10-04 21:00:00,Swarm_B,1.926485145e-12,1.8811101e-12,512839.65148055553,360
2024-10-05 00:00:00,Swarm_B,1.8662717966666666e-12,1.56217085e-12,512556.28472777776,360
2024-10-05 03:00:00,Swarm_B,1.7342434883333335e-12,1.477273e-12,512439.41093333333,360
2024-10-05 06:00:00,Swarm_B,1.7275571669444444e-12,1.47951355e-12,512681.51733055554,360
2024-10-05 09:00:00,Swarm_B,1.7253463277777777e-12,1.5029021e-12,512841.73950277775,360
2024-10-05 12:00:00,Swarm_B,1.6948969483333333e-12,1.4399677e-12,512427.3366166667,360
2024-10-05 15:00:00,Swarm_B,1.698182631388889e-12,1.3847506500000001e-12,511787.02293055557,360
2024-10-05 18:00:00,Swarm_B,1.6667696004166665e-12,1.4869427e-12,511390.4253277778,360
2024-10-05 21:00:00,Swarm_B,1.632496995361111e-12,1.5179149e-12,511782.93748888886,360
2024-10-06 00:00:00,Swarm_B,1.5934171441666666e-12,1.42066235e-12,512516.4131194444,360
2024-10-06 03:00:00,Swarm_B,1.5234103964444444e-12,1.2995685999999999e-12,512839.92775277776,360
2024-10-06 06:00:00,Swarm_B,1.519785330861111e-12,1.3407230500000001e-12,512516.33907222224,360
2024-10-06 09:00:00,Swarm_B,1.6482297508333334e-12,1.58871485e-12,512309.22732500004,360
2024-10-06 12:00:00,Swarm_B,1.6619838272222223e-12,1.5081342e-12,512534.83122222224,360
2024-10-06 15:00:00,Swarm_B,1.7608388e-12,1.6400929999999998e-12,512840.6077138889,360
2024-10-06 18:00:00,Swarm_B,1.7437056166666666e-12,1.5930664e-12,512462.3213333333,360
2024-10-06 21:00:00,Swarm_B,1.9211389766666666e-12,1.94785395e-12,511663.7772833333,360
2024-10-07 00:00:00,Swarm_B,2.2291628499999998e-12,2.1976297e-12,511281.43732777773,360
2024-10-07 03:00:00,Swarm_B,2.0922489605555556e-12,1.9951151499999997e-12,511733.7880361111,360
2024-10-07 06:00:00,Swarm_B,2.0081076230555555e-12,1.85251125e-12,512375.64161666663,360
2024-10-07 09:00:00,Swarm_B,1.8927360272222223e-12,1.7498772e-12,512660.8953972222,360
2024-10-07 12:00:00,Swarm_B,1.9916296997222223e-12,2.02788305e-12,512469.9224194445,360
2024-10-07 15:00:00,Swarm_B,2.0606077302777778e-12,1.9559260000000002e-12,512280.1400861111,360
2024-10-07 18:00:00,Swarm_B,2.2484991794444446e-12,2.23818885e-12,512416.49820277776,360
2024-10-07 21:00:00,Swarm_B,2.1059156897222222e-12,1.9255327499999997e-12,512638.2645166667,360
2024-10-08 00:00:00,Swarm_B,2.2258078775e-12,2.16663345e-12,512420.71431111114,360
2024-10-08 03:00:00,Swarm_B,2.245813175e-12,2.0332524500000002e-12,511762.3750388889,360
2024-10-08 06:00:00,Swarm_B,2.2628781302777777e-12,2.0660917e-12,511216.2868083333,360
2024-10-08 09:00:00,Swarm_B,2.157344403888889e-12,2.0012013e-12,511431.6898583333,360
2024-10-08 12:00:00,Swarm_B,2.0084807769444443e-12,1.7964651e-12,512196.11445,360
2024-10-08 15:00:00,Swarm_B,1.831023348611111e-12,1.6213327499999999e-12,512642.5625416666,360
2024-10-08 18:00:00,Swarm_B,1.6976996891666665e-12,1.53407855e-12,512412.2906861111,360
2024-10-08 21:00:00,Swarm_B,1.5215471930833333e-12,1.32320595e-12,512110.24347222224,360
2024-10-09 00:00:00,Swarm_B,1.5136798508611112e-12,1.3775115e-12,512271.2624972223,360
2024-10-09 03:00:00,Swarm_B,1.4430426881666668e-12,1.2928032000000001e-12,512605.56667499995,360
2024-10-09 06:00:00,Swarm_B,1.471898091111111e-12,1.3055815499999999e-12,512425.5237,360
2024-10-09 09:00:00,Swarm_B,1.4679150180555556e-12,1.3398553e-12,511668.3282055556,360
2024-10-09 12:00:00,Swarm_B,1.5353989080833332e-12,1.4391245e-12,511127.98363055557,360
2024-10-09 15:00:00,Swarm_B,1.4008098809722223e-12,1.2546497e-12,511398.65173333336,360
2024-10-09 18:00:00,Swarm_B,1.3106349525833332e-12,1.1953372e-12,512050.6778833333,360
2024-10-09 21:00:00,Swarm_B,1.2326974987777778e-12,1.19425115e-12,512481.1234888889,360
2024-10-10 00:00:00,Swarm_B,1.196309188111111e-12,1.10170955e-12,512372.57081666664,360
2024-10-10 03:00:00,Swarm_B,1.2003225303611112e-12,1.0614596e-12,512114.7333083333,360
2024-10-10 06:00:00,Swarm_B,1.1183843978611111e-12,9.5606651e-13,512178.16966111114,360
2024-10-10 09:00:00,Swarm_B,1.0869854232222222e-12,9.834576900000001e-13,512463.20759722224,360
2024-10-10 12:00:00,Swarm_B,1.1898477348611112e-12,1.1141796000000002e-12,512377.64853055554,360
2024-10-10 15:00:00,Swarm_B,1.90004508675e-12,1.7190630499999999e-12,511804.1417972222,360
2024-10-10 18:00:00,Swarm_B,2.479627751111111e-12,2.5080383e-12,511106.5926194444,360
2024-10-10 21:00:00,Swarm_B,3.3748294374999997e-12,3.30588135e-12,511146.70071666664,360
2024-10-11 00:00:00,Swarm_B,3.4913856766666664e-12,3.33485895e-12,511865.2403194444,360
2024-10-11 03:00:00,Swarm_B,3.1708461305555556e-12,3.22072525e-12,512446.79568333336,360
2024-10-11 06:00:00,Swarm_B,2.811943907222222e-12,2.7180965000000003e-12,512293.6425027778,360
2024-10-11 09:00:00,Swarm_B,2.4933546691666665e-12,2.39526945e-12,511966.22016666667,360
2024-10-11 12:00:00,Swarm_B,2.0605244005555555e-12,1.9680364999999998e-12,512012.7319388889,360
2024-10-11 15:00:00,Swarm_B,1.63287375875e-12,1.53162505e-12,512378.4595111111,360
2024-10-11 18:00:00,Swarm_B,1.2917257129166667e-12,1.17870375e-12,512304.08767499996,360
2024-10-11 21:00:00,Swarm_B,1.1178390337222224e-12,1.014583e-12,511649.61975,360
2024-10-12 00:00:00,Swarm_B,1.0132185261111111e-12,8.9405162e-13,511036.95941944444,360
2024-10-12 03:00:00,Swarm_B,9.709253790555554e-13,8.780343749999999e-13,511103.5483805555,360
2024-10-12 06:00:00,Swarm_B,9.032854016944444e-13,8.1688106e-13,511662.7531888889,360
2024-10-12 09:00:00,Swarm_B,1.0477274386666667e-12,1.1163946500000001e-12,512219.6952083334,360
2024-10-12 12:00:00,Swarm_B,1.035256079e-12,9.600056950000002e-13,512278.3146555555,360
2024-10-12 15:00:00,Swarm_B,9.996303100833333e-13,8.88985455e-13,511996.5845833333,360
2024-10-12 18:00:00,Swarm_B,9.680493073888889e-13,8.77942145e-13,511920.9300777778,360
2024-10-12 21:00:00,Swarm_B,9.144235443888889e-13,8.716107449999999e-13,512194.9189638889,360
2024-10-13 00:00:00,Swarm_B,8.899136244722223e-13,8.2202417e-13,512298.22006666666,360
2024-10-13 03:00:00,Swarm_B,8.640564491944445e-13,7.305705700000001e-13,511820.4348583333,360
2024-10-13 06:00:00,Swarm_B,8.60648049638889e-13,7.31251625e-13,511057.43940833333,360
2024-10-13 09:00:00,Swarm_B,8.932338591666666e-13,8.0305272e-13,510884.4340138889,360
2024-10-13 12:00:00,Swarm_B,8.986768893333333e-13,8.66455625e-13,511532.87782222225,360
2024-10-13 15:00:00,Swarm_B,9.295862051944443e-13,8.568479850000001e-13,512222.06947777775,360
2024-10-13 18:00:00,Swarm_B,9.286693391944445e-13,8.43289645e-13,512251.3133611111,360
2024-10-13 21:00:00,Swarm_B,8.936661782222222e-13,8.50576155e-13,511914.0131583333,360
2024-10-14 00:00:00,Swarm_B,8.800958829999999e-13,8.0719588e-13,511859.06613611116,360
2024-10-14 03:00:00,Swarm_B,8.670181866111112e-13,7.7116752e-13,512182.02753333334,360
2024-10-14 06:00:00,Swarm_B,8.540958412222223e-13,7.77700935e-13,512299.15356944443,360
2024-10-14 09:00:00,Swarm_B,8.685363669999999e-13,8.22125045e-13,511781.8427527778,360
2024-10-14 12:00:00,Swarm_B,8.944555928888889e-13,8.5581798e-13,511088.30546666664,360
2024-10-14 15:00:00,Swarm_B,9.052498046944444e-13,8.4422887e-13,510925.80689166667,360
2024-10-14 18:00:00,Swarm_B,9.192946815555555e-13,9.3569041e-13,511376.13766944443,360
2024-10-14 21:00:00,Swarm_B,1.0019950469444444e-12,1.0480763e-12,512034.1839638889,360
2024-10-15 00:00:00,Swarm_B,1.0347550132222223e-12,1.03600935e-12,512244.8208583333,360
2024-10-15 03:00:00,Swarm_B,1.0466308054722222e-12,9.42302305e-13,511968.93744722224,360
2024-10-15 06:00:00,Swarm_B,1.0553055503055557e-12,9.33182915e-13,511794.63301388884,360
2024-10-15 09:00:00,Swarm_B,1.1171010667777778e-12,1.14854505e-12,512038.8911638889,360
2024-10-15 12:00:00,Swarm_B,1.0602109145833332e-12,1.023299e-12,512263.02170833334,360
2024-10-15 15:00:00,Swarm_B,1.1130691946388887e-12,1.18046085e-12,511928.0426638889,360
2024-10-15 18:00:00,Swarm_B,1.0103792729444444e-12,9.1982862e-13,511102.89413055556,360
2024-10-15 21:00:00,Swarm_B,1.0113102822777778e-12,9.99737755e-13,510744.9808472222,360
2024-10-16 00:00:00,Swarm_B,1.0163389338333334e-12,1.0333602e-12,511262.30512777774,360
2024-10-16 03:00:00,Swarm_B,1.0177886539166666e-12,9.48704655e-13,512009.5049138889,360
2024-10-16 06:00:00,Swarm_B,1.06319166975e-12,1.0055363e-12,512177.5375222222,360
2024-10-16 09:00:00,Swarm_B,1.1147965305e-12,1.1172642e-12,511904.7147361111,360
2024-10-16 12:00:00,Swarm_B,1.1363305773611111e-12,1.1332331e-12,511758.7621888889,360
2024-10-16 15:00:00,Swarm_B,1.1439132435555556e-12,1.1820746e-12,512008.4929861111,360
2024-10-16 18:00:00,Swarm_B,1.0707508396944445e-12,1.07143595e-12,512185.5603944445,360
2024-10-16 21:00:00,Swarm_B,1.0885180438055556e-12,1.0774748000000002e-12,511839.5015277778,360
2024-10-17 00:00:00,Swarm_B,1.0416947878611111e-12,1.0142245499999999e-12,511180.1917833333,360
2024-10-17 03:00:00,Swarm_B,1.0692498310277778e-12,1.0053221e-12,510813.9754611111,360
2024-10-17 06:00:00,Swarm_B,1.0116860305277777e-12,9.35694035e-13,511075.2455527777,360
2024-10-17 09:00:00,Swarm_B,1.0002455665833332e-12,9.5439162e-13,511758.36884444446,360
2024-10-17 12:00:00,Swarm_B,9.894830968333334e-13,9.3464778e-13,512174.60571388894,360
2024-10-17 15:00:00,Swarm_B,9.471891845833334e-13,8.572554249999999e-13,511970.00378055556,360
2024-10-17 18:00:00,Swarm_B,9.399262254444444e-13,9.172311549999998e-13,511675.55159722216,360
2024-10-17 21:00:00,Swarm_B,8.697477050833334e-13,8.20725445e-13,514012.69085,120
2024-10-18 00:00:00,Swarm_B,9.544089862777778e-13,9.296263150000002e-13,512181.95430833334,360
2024-10-18 03:00:00,Swarm_B,9.612831660555556e-13,8.806888749999999e-13,512017.7997027778,360
2024-10-18 06:00:00,Swarm_B,9.450299383055556e-13,8.7449826e-13,511247.65865555557,360
2024-10-18 09:00:00,Swarm_B,9.341052675277779e-13,8.815149699999999e-13,510686.4879027778,360
2024-10-18 12:00:00,Swarm_B,9.906926535833333e-13,1.00885955e-12,511016.966375,360
2024-10-18 15:00:00,Swarm_B,1.1329819979722223e-12,1.17649295e-12,511770.7593111111,360
2024-10-18 18:00:00,Swarm_B,1.0868987679166667e-12,1.0798906e-12,512125.2201611111,360
2024-10-18 21:00:00,Swarm_B,1.1241980806111111e-12,1.1584734e-12,511932.61891666666,360
2024-10-19 00:00:00,Swarm_B,1.1217559557777778e-12,1.1102345e-12,511692.00816666667,360
2024-10-19 03:00:00,Swarm_B,1.1711298344999999e-12,1.1193817e-12,511829.493675,360
2024-10-19 06:00:00,Swarm_B,1.231617503611111e-12,1.1894722499999999e-12,512108.48423611105,360
2024-10-19 09:00:00,Swarm_B,1.1715405231388888e-12,1.0944158e-12,511940.27517499996,360
2024-10-19 12:00:00,Swarm_B,1.1385442906388889e-12,1.09035155e-12,511320.1014305555,360
2024-10-19 15:00:00,Swarm_B,1.1026766771111111e-12,1.0266016e-12,510782.4619027778,360
2024-10-19 18:00:00,Swarm_B,1.0999072579722223e-12,1.1191550999999998e-12,510842.72306111106,360
2024-10-19 21:00:00,Swarm_B,1.0869731045277778e-12,1.0826988e-12,511517.9349944444,360
2024-10-20 00:00:00,Swarm_B,1.0921013430555556e-12,1.0572696000000002e-12,512081.23050833336,360
2024-10-20 03:00:00,Swarm_B,1.013050384388889e-12,9.48960865e-13,511983.7449611111,360
2024-10-20 06:00:00,Swarm_B,9.37483088138889e-13,8.9257637e-13,511643.28072222223,360
2024-10-20 09:00:00,Swarm_B,8.854833573055556e-13,8.967846199999999e-13,511686.1370888889,360
2024-10-20 12:00:00,Swarm_B,8.817914546388888e-13,8.32017065e-13,512046.89547499997,360
2024-10-20 15:00:00,Swarm_B,8.721693113055557e-13,8.139863e-13,512039.43883055553,360
2024-10-20 18:00:00,Swarm_B,8.362777378888889e-13,7.73065665e-13,511342.1271305555,360
2024-10-20 21:00:00,Swarm_B,8.693333163055556e-13,8.252382e-13,510672.3882638889,360
2024-10-21 00:00:00,Swarm_B,8.571126162777777e-13,8.213115699999999e-13,510789.8525888889,360
2024-10-21 03:00:00,Swarm_B,8.551626098333334e-13,8.00209385e-13,511464.3860666667,360
2024-10-21 06:00:00,Swarm_B,8.718374327222221e-13,8.5254744e-13,511952.2092361111,360
2024-10-21 09:00:00,Swarm_B,9.220406810277778e-13,9.4781786e-13,511924.6515972222,360
2024-10-21 12:00:00,Swarm_B,9.053267350277779e-13,8.62472065e-13,511671.1651305556,360
2024-10-21 15:00:00,Swarm_B,8.990072262777777e-13,8.63709495e-13,511671.0025944444,360
2024-10-21 18:00:00,Swarm_B,8.760277252222222e-13,8.653263149999999e-13,511925.09544722224,360
2024-10-21 21:00:00,Swarm_B,9.024043023055555e-13,8.7228236e-13,511944.05398611113,360
2024-10-22 00:00:00,Swarm_B,8.912632635277777e-13,8.6708731e-13,511466.95194999996,360
2024-10-22 03:00:00,Swarm_B,9.515324978611112e-13,9.081503749999999e-13,510809.35726388893,360
2024-10-22 06:00:00,Swarm_B,9.938747921388889e-13,9.765199649999999e-13,510636.59365833335,360
2024-10-22 09:00:00,Swarm_B,1.056233827888889e-12,1.0774417500000001e-12,511204.62690000003,360
2024-10-22 12:00:00,Swarm_B,1.1609584138333334e-12,1.1974727e-12,511927.6177388889,360
2024-10-22 15:00:00,Swarm_B,1.2368255675555554e-12,1.27493785e-12,511991.9085638889,360
2024-10-22 18:00:00,Swarm_B,1.2334173056944443e-12,1.2657561999999999e-12,511619.50063055556,360
2024-10-22 21:00:00,Swarm_B,1.2088890647222223e-12,1.15059835e-12,511521.2372194444,360
2024-10-23 00:00:00,Swarm_B,1.1396310963333334e-12,1.0832161500000001e-12,511856.58989722223,360
2024-10-23 03:00:00,Swarm_B,1.1094002838055556e-12,1.05406325e-12,512013.69207777776,360
2024-10-23 06:00:00,Swarm_B,1.0744241165277778e-12,1.01791315e-12,511482.55882499996,360
2024-10-23 09:00:00,Swarm_B,1.0868079670277778e-12,1.05201965e-12,510702.0037916667,360
2024-10-23 12:00:00,Swarm_B,1.1427530690833333e-12,1.1578085e-12,510599.43744999997,360
2024-10-23 15:00:00,Swarm_B,1.0990053269166666e-12,1.0474414499999999e-12,511145.65424722224,360
2024-10-23 18:00:00,Swarm_B,1.079435106361111e-12,1.0762061e-12,511753.568175,360
2024-10-23 21:00:00,Swarm_B,1.0895976496944444e-12,1.0759636e-12,511884.52070555557,360
2024-10-24 00:00:00,Swarm_B,1.1194112179444445e-12,1.1276225499999999e-12,511635.43682222225,360
2024-10-24 03:00:00,Swarm_B,1.1571902694722222e-12,1.0860988000000001e-12,511495.4588555555,360
2024-10-24 06:00:00,Swarm_B,1.275403848611111e-12,1.2572972e-12,511730.34455,360
2024-10-24 09:00:00,Swarm_B,1.2560027794444443e-12,1.2449614e-12,511881.4118166667,360
2024-10-24 12:00:00,Swarm_B,1.2528856758333334e-12,1.2383384e-12,511557.78472222225,360
2024-10-24 15:00:00,Swarm_B,1.2014296157777777e-12,1.1512140999999998e-12,510839.82757499994,360
2024-10-24 18:00:00,Swarm_B,1.1353572752777778e-12,1.07023325e-12,510446.1963861111,360
2024-10-24 21:00:00,Swarm_B,1.1365144451666667e-12,1.1120625e-12,510875.9473611111,360
2024-10-25 00:00:00,Swarm_B,1.1171362475555556e-12,1.1083822999999999e-12,511670.3628888889,360
2024-10-25 03:00:00,Swarm_B,1.1001044880555555e-12,1.03441925e-12,511900.03739722224,360
2024-10-25 06:00:00,Swarm_B,1.0909653367500001e-12,1.05993855e-12,511586.6762138889,360
2024-10-25 09:00:00,Swarm_B,1.0768464129444445e-12,1.0903638e-12,511387.20345000003,360
2024-10-25 12:00:00,Swarm_B,1.0832015269166667e-12,1.0617789000000001e-12,511650.23237222224,360
2024-10-25 15:00:00,Swarm_B,1.082677350111111e-12,1.065415e-12,511902.3550222222,360
2024-10-25 18:00:00,Swarm_B,1.0584049787777777e-12,1.0325834e-12,511539.96335,360
2024-10-25 21:00:00,Swarm_B,1.0835593740277778e-12,1.0541139e-12,510794.1439333334,360
2024-10-26 00:00:00,Swarm_B,1.1048767038333334e-12,1.06299125e-12,510463.9746472222,360
2024-10-26 03:00:00,Swarm_B,1.1139633462777779e-12,1.0654562e-12,510812.28090833337,360
2024-10-26 06:00:00,Swarm_B,1.1591441840555555e-12,1.1267281000000001e-12,511453.03880555555,360
2024-10-26 09:00:00,Swarm_B,1.2539209165555556e-12,1.2768497e-12,511796.56910555554,360
2024-10-26 12:00:00,Swarm_B,1.3646265005555554e-12,1.37040175e-12,511633.24218055554,360
2024-10-26 15:00:00,Swarm_B,1.4545994152777779e-12,1.4703747e-12,511380.67878055555,360
2024-10-26 18:00:00,Swarm_B,1.593930387222222e-12,1.6076368e-12,511496.46181111113,360
2024-10-26 21:00:00,Swarm_B,1.6615330594444445e-12,1.634377e-12,511764.65962777776,360
2024-10-27 00:00:00,Swarm_B,1.7071414497222222e-12,1.6780192500000001e-12,511621.87049166666,360
2024-10-27 03:00:00,Swarm_B,1.6696689427777777e-12,1.61565165e-12,510936.8129166667,360
2024-10-27 06:00:00,Swarm_B,1.6001808027777777e-12,1.54375755e-12,510346.1111583333,360
2024-10-27 09:00:00,Swarm_B,1.549348509722222e-12,1.55565505e-12,510545.4596805556,360
2024-10-27 12:00:00,Swarm_B,1.5436244050000002e-12,1.5300651000000002e-12,511353.31725,360
2024-10-27 15:00:00,Swarm_B,1.560483497777778e-12,1.54033245e-12,511773.06512499996,360
2024-10-27 18:00:00,Swarm_B,1.5415479394444444e-12,1.5260977e-12,511561.03452499997,360
2024-10-27 21:00:00,Swarm_B,1.5395698738888888e-12,1.4987773499999999e-12,511270.0766555555,360
2024-10-28 00:00:00,Swarm_B,1.4929310641666667e-12,1.46113095e-12,511402.38879166666,360
2024-10-28 03:00:00,Swarm_B,1.4528568352777778e-12,1.44033385e-12,511727.86853611114,360
2024-10-28 06:00:00,Swarm_B,1.6207694925e-12,1.64543425e-12,511584.82739999995,360
2024-10-28 09:00:00,Swarm_B,1.6142454636111113e-12,1.59787745e-12,510877.0976361111,360
2024-10-28 12:00:00,Swarm_B,1.6669834644444443e-12,1.68978015e-12,510385.6495666667,360
2024-10-28 15:00:00,Swarm_B,1.6445757683333332e-12,1.5588910999999999e-12,510476.9304305556,360
2024-10-28 18:00:00,Swarm_B,1.5629244983333332e-12,1.54643125e-12,511096.8770166667,360
2024-10-28 21:00:00,Swarm_B,1.5697064497222224e-12,1.5389724e-12,511605.62258055556,360
2024-10-29 00:00:00,Swarm_B,1.5471290197222223e-12,1.5179716e-12,511589.79184444447,360
2024-10-29 03:00:00,Swarm_B,1.5399022891666668e-12,1.5054195e-12,511252.90962777776,360
2024-10-29 06:00:00,Swarm_B,1.5713154127777778e-12,1.57300105e-12,511256.10353888886,360
2024-10-29 09:00:00,Swarm_B,1.5200745369444444e-12,1.50450475e-12,511547.27706666663,360
2024-10-29 12:00:00,Swarm_B,1.4939975530555554e-12,1.5497885e-12,511617.6398472222,360
2024-10-29 15:00:00,Swarm_B,1.4960539758333333e-12,1.4700772000000001e-12,511002.6142583333,360
2024-10-29 18:00:00,Swarm_B,1.5350353866666669e-12,1.501272e-12,510269.82686944446,360
2024-10-29 21:00:00,Swarm_B,1.5751214369444445e-12,1.5671859e-12,510244.03508611117,360
2024-10-30 00:00:00,Swarm_B,1.5932337877777778e-12,1.5881450499999998e-12,510985.8235305555,360
2024-10-30 03:00:00,Swarm_B,1.6206011625e-12,1.5894267e-12,511532.6618055556,360
2024-10-30 06:00:00,Swarm_B,1.6314991475e-12,1.6350777e-12,511489.7954055555,360
2024-10-30 09:00:00,Swarm_B,1.7125328619444444e-12,1.70864435e-12,511180.03494166664,360
2024-10-30 12:00:00,Swarm_B,1.721580351388889e-12,1.7318236e-12,511182.17901111115,360
2024-10-30 15:00:00,Swarm_B,1.6824086574999999e-12,1.6829526500000001e-12,511463.96354722226,360
2024-10-30 18:00:00,Swarm_B,1.624001813888889e-12,1.61858705e-12,511490.651175,360
2024-10-30 21:00:00,Swarm_B,1.5986663616666666e-12,1.6189631e-12,510966.2569277777,360
2024-10-31 00:00:00,Swarm_B,1.6120685047222224e-12,1.6189402e-12,510349.06490833336,360
2024-10-31 03:00:00,Swarm_B,1.6100773755555556e-12,1.575345e-12,510186.4114472222,360
2024-10-31 06:00:00,Swarm_B,1.6020496563888888e-12,1.6024261e-12,510676.5251611111,360
2024-10-31 09:00:00,Swarm_B,1.5848978952777778e-12,1.64880655e-12,511338.32310277777,360
2024-10-31 12:00:00,Swarm_B,1.6212958652777777e-12,1.6775889500000001e-12,511506.6482805556,360
2024-10-31 15:00:00,Swarm_B,1.6130901505555554e-12,1.6315129e-12,511176.00395,360
2024-10-31 18:00:00,Swarm_B,1.5842841197222223e-12,1.63162645e-12,511015.37638055556,360
2024-10-31 21:00:00,Swarm_B,1.6635451030555556e-12,1.66790765e-12,511289.2988305555,360
2024-05-01 00:00:00,GRACE-FO,9.17597263712963e-13,8.11651185e-13,490963.99080925924,1080
2024-05-01 03:00:00,GRACE-FO,9.137429023055555e-13,7.66398715e-13,491122.24740925926,1080
2024-05-01 06:00:00,GRACE-FO,9.072445848055556e-13,7.696850450000001e-13,491612.92504444445,1080
2024-05-01 09:00:00,GRACE-FO,8.526566782870371e-13,7.320683e-13,491956.4533009259,1080
2024-05-01 12:00:00,GRACE-FO,8.238037317037036e-13,6.89828095e-13,491692.4303861111,1080
2024-05-01 15:00:00,GRACE-FO,7.82514793537037e-13,6.46341485e-13,491168.6602564815,1080
2024-05-01 18:00:00,GRACE-FO,7.577674390555556e-13,5.8507671e-13,490969.6174148148,1080
2024-05-01 21:00:00,GRACE-FO,7.530061594074074e-13,6.181599849999999e-13,491255.15559074073,1080
2024-05-02 00:00:00,GRACE-FO,7.615901059351851e-13,6.437753300000001e-13,491590.3246898148,1080
2024-05-02 03:00:00,GRACE-FO,7.824368686111112e-13,6.88358025e-13,491489.0702851852,1080
2024-05-02 06:00:00,GRACE-FO,8.610790267777778e-13,8.1335452e-13,491054.8118537037,1080
2024-05-02 09:00:00,GRACE-FO,9.045103066851852e-13,8.8255602e-13,490902.90972962964,1080
2024-05-02 12:00:00,GRACE-FO,9.625363479722222e-13,8.6456616e-13,491129.9535740741,1080
2024-05-02 15:00:00,GRACE-FO,1.131470815074074e-12,1.09309355e-12,491590.91270555556,1080
2024-05-02 18:00:00,GRACE-FO,1.2882268681944445e-12,1.14736335e-12,491878.66627129633,1080
2024-05-02 21:00:00,GRACE-FO,1.1917011695092592e-12,1.04170525e-12,491733.05690648145,1080
2024-05-03 00:00:00,GRACE-FO,1.1241371199537037e-12,1.0100056e-12,491225.7959740741,1080
2024-05-03 03:00:00,GRACE-FO,9.919482051018517e-13,8.8413104e-13,490954.8142759259,1080
2024-05-03 06:00:00,GRACE-FO,9.205994591296296e-13,7.6631328e-13,491129.51557962963,1080
2024-05-03 09:00:00,GRACE-FO,8.736137219074074e-13,7.79682395e-13,491487.638312037,1080
2024-05-03 12:00:00,GRACE-FO,7.921035625277778e-13,6.054228700000001e-13,491477.00972407404,1080
2024-05-03 15:00:00,GRACE-FO,7.714605731203703e-13,6.18473075e-13,491040.6731675926,1080
2024-05-03 18:00:00,GRACE-FO,7.178478082407408e-13,5.52462605e-13,490746.63395555556,1080
2024-05-03 21:00:00,GRACE-FO,7.037293713888888e-13,5.57443865e-13,491044.59476944443,1080
2024-05-04 00:00:00,GRACE-FO,6.811831256574075e-13,4.912283699999999e-13,491582.99864537036,1080
2024-05-04 03:00:00,GRACE-FO,6.431619648703703e-13,4.89110255e-13,491876.35979444446,1080
2024-05-04 06:00:00,GRACE-FO,6.648974428796297e-13,5.0894718e-13,491720.6682796296,1080
2024-05-04 09:00:00,GRACE-FO,6.846785617407407e-13,5.24693135e-13,491279.04553425923,1080
2024-05-04 12:00:00,GRACE-FO,7.019588050370371e-13,5.353541200000001e-13,490980.7550462963,1080
2024-05-04 15:00:00,GRACE-FO,7.069147293888889e-13,5.21600485e-13,491080.0984805556,1080
2024-05-04 18:00:00,GRACE-FO,7.134159520092593e-13,5.4061283e-13,491363.4009324074,1080
2024-05-04 21:00:00,GRACE-FO,7.298538622129629e-13,5.7431246e-13,491425.46684537036,1080
2024-05-05 00:00:00,GRACE-FO,7.629011437314814e-13,5.872155750000001e-13,491095.5563564815,1080
2024-05-05 03:00:00,GRACE-FO,7.943885251944445e-13,6.738123500000001e-13,490729.33212037035,1080
2024-05-05 06:00:00,GRACE-FO,8.048947825462964e-13,5.781574699999999e-13,490868.4607398148,1080
2024-05-05 09:00:00,GRACE-FO,8.033703966018518e-13,6.35348645e-13,491524.0346157407,1080
2024-05-05 12:00:00,GRACE-FO,7.749743421018518e-13,5.91987505e-13,491932.4830898148,1080
2024-05-05 15:00:00,GRACE-FO,7.451125377222223e-13,5.63804285e-13,491771.70379537035,1080
2024-05-05 18:00:00,GRACE-FO,7.818609933425926e-13,6.07320245e-13,491283.41646851855,1080
2024-05-05 21:00:00,GRACE-FO,8.683899571018519e-13,7.02357245e-13,490982.0637990741,1080
2024-05-06 00:00:00,GRACE-FO,1.0100438755370371e-12,8.68441125e-13,491069.8211703704,1080
2024-05-06 03:00:00,GRACE-FO,1.0200676501296296e-12,9.24313185e-13,491317.5038305556,1080
2024-05-06 06:00:00,GRACE-FO,1.1189230351388889e-12,1.0756423000000002e-12,491306.8534175926,1080
2024-05-06 09:00:00,GRACE-FO,1.1585857447407406e-12,9.29597455e-13,491065.70345925924,1080
2024-05-06 12:00:00,GRACE-FO,1.1650413853703702e-12,1.08071735e-12,490738.3159694444,1080
2024-05-06 15:00:00,GRACE-FO,1.0754235435740742e-12,8.7317294e-13,490803.96955555555,1080
2024-05-06 18:00:00,GRACE-FO,9.753812519537036e-13,7.922531350000001e-13,491345.89245648147,1080
2024-05-06 21:00:00,GRACE-FO,8.783705967222223e-13,6.799995e-13,491923.4284555555,1080
2024-05-07 00:00:00,GRACE-FO,8.364451123518518e-13,6.028437e-13,491834.6693712963,1080
2024-05-07 03:00:00,GRACE-FO,8.709117587962964e-13,6.285119e-13,491327.3744361111,1080
2024-05-07 06:00:00,GRACE-FO,9.142939121944444e-13,7.16506995e-13,490945.09776203707,1080
2024-05-07 09:00:00,GRACE-FO,9.499951221296296e-13,8.868091050000001e-13,491019.5828583333,1080
2024-05-07 12:00:00,GRACE-FO,9.67519386425926e-13,8.27423715e-13,491271.8611888889,1080
2024-05-07 15:00:00,GRACE-FO,9.722162474444444e-13,7.50901475e-13,491261.64286666666,1080
2024-05-07 18:00:00,GRACE-FO,9.443388463333332e-13,7.6235852e-13,490930.1728009259,1080
2024-05-07 21:00:00,GRACE-FO,9.52704141074074e-13,7.3492366e-13,490688.7698740741,1080
2024-05-08 00:00:00,GRACE-FO,9.2677119075e-13,7.33468985e-13,490779.51175,1080
2024-05-08 03:00:00,GRACE-FO,9.342497400092593e-13,6.94642675e-13,491256.2717037037,1080
2024-05-08 06:00:00,GRACE-FO,9.479686745092592e-13,7.2409421e-13,491794.1555018518,1080
2024-05-08 09:00:00,GRACE-FO,9.980581617314814e-13,7.83361925e-13,491879.71125092596,1080
2024-05-08 12:00:00,GRACE-FO,1.0312583088518518e-12,8.387594300000001e-13,491419.9580203704,1080
2024-05-08 15:00:00,GRACE-FO,1.0384619647685185e-12,7.69524975e-13,490956.9106824074,1080
2024-05-08 18:00:00,GRACE-FO,1.0309117100462964e-12,7.5264233e-13,490930.390112963,1080
2024-05-08 21:00:00,GRACE-FO,1.0395088804907407e-12,7.910745350000001e-13,491198.6786537037,1080
2024-05-09 00:00:00,GRACE-FO,1.059960992111111e-12,8.1348193e-13,491280.54863981484,1080
2024-05-09 03:00:00,GRACE-FO,1.0772183576944443e-12,8.90651325e-13,490920.55018703704,1080
2024-05-09 06:00:00,GRACE-FO,1.0985929565648149e-12,8.92273775e-13,490531.1532259259,1080
2024-05-09 09:00:00,GRACE-FO,1.1474464423055555e-12,9.1269925e-13,490703.69570833334,1080
2024-05-09 12:00:00,GRACE-FO,1.1376013991203703e-12,8.493579150000001e-13,491215.4603564815,1080
2024-05-09 15:00:00,GRACE-FO,1.0768767071944444e-12,8.1181864e-13,491737.7837787037,1080
2024-05-09 18:00:00,GRACE-FO,1.0705482583703704e-12,8.10094335e-13,491837.57420555555,1080
2024-05-09 21:00:00,GRACE-FO,1.0519322981203705e-12,7.53789425e-13,491489.4804055556,1080
2024-05-10 00:00:00,GRACE-FO,1.134184190074074e-12,8.64306295e-13,491003.58359351853,1080
2024-05-10 03:00:00,GRACE-FO,1.1836186888518518e-12,9.1419114e-13,490895.20011481486,1080
2024-05-10 06:00:00,GRACE-FO,1.2404008689629628e-12,9.70434315e-13,491091.3997777778,1080
2024-05-10 09:00:00,GRACE-FO,1.3049052893981481e-12,1.08953595e-12,491245.43943425926,1080
2024-05-10 12:00:00,GRACE-FO,1.3299280127777778e-12,1.10115565e-12,490926.3875046296,1080
2024-05-10 15:00:00,GRACE-FO,1.3503841881296296e-12,1.2039734500000001e-12,490483.3462185185,1080
2024-05-10 18:00:00,GRACE-FO,2.0987378512685186e-12,2.1636668e-12,490495.36463796295,1080
2024-05-10 21:00:00,GRACE-FO,3.1794685969444445e-12,2.94664e-12,491130.874937037,1080
2024-05-11 00:00:00,GRACE-FO,4.220073155092593e-12,3.9437907e-12,491688.4339388889,1080
2024-05-11 03:00:00,GRACE-FO,4.393251107685185e-12,4.188394e-12,491795.51427129627,1080
2024-05-11 06:00:00,GRACE-FO,4.139004290277777e-12,3.8685675500000005e-12,491444.6264342593,1080
2024-05-11 09:00:00,GRACE-FO,3.873880444259259e-12,3.7124873000000005e-12,490999.9490518519,1080
2024-05-11 12:00:00,GRACE-FO,3.4197656139814813e-12,3.3618451e-12,490829.1591212963,1080
2024-05-11 15:00:00,GRACE-FO,2.772281395462963e-12,2.5471403499999998e-12,490951.11750092596,1080
2024-05-11 18:00:00,GRACE-FO,2.1126529135555555e-12,2.0317919e-12,491031.2074509259,1080
2024-05-11 21:00:00,GRACE-FO,1.6690116061203704e-12,1.57998255e-12,490829.52996296296,1080
2024-05-12 00:00:00,GRACE-FO,1.4501298423425927e-12,1.23336715e-12,490422.85782407405,1080
2024-05-12 03:00:00,GRACE-FO,1.3790608599814815e-12,1.1979501999999999e-12,490315.2927185185,1080
2024-05-12 06:00:00,GRACE-FO,1.2338511855833334e-12,9.29960335e-13,490814.8515166667,1080
2024-05-12 09:00:00,GRACE-FO,1.1504696427592592e-12,1.0242541000000001e-12,491561.0980101852,1080
2024-05-12 12:00:00,GRACE-FO,1.0395552090277778e-12,7.00560935e-13,491790.83267407404,1080
2024-05-12 15:00:00,GRACE-FO,1.0653936993333333e-12,7.747923200000001e-13,491438.67676296295,1080
2024-05-12 18:00:00,GRACE-FO,1.0973191018055554e-12,8.487913e-13,490957.189212037,1080
2024-05-12 21:00:00,GRACE-FO,1.231871529388889e-12,1.0115599000000001e-12,490791.8065435185,1080
2024-05-13 00:00:00,GRACE-FO,1.2975482564444445e-12,1.02434375e-12,490935.26025833335,1080
2024-05-13 03:00:00,GRACE-FO,1.402639656787037e-12,1.2926415e-12,490991.3820166667,1080
2024-05-13 06:00:00,GRACE-FO,1.3912484816944445e-12,1.13264235e-12,490709.72441296297,1080
2024-05-13 09:00:00,GRACE-FO,1.4435673364074075e-12,1.27744805e-12,490403.7901527778,1080
2024-05-13 12:00:00,GRACE-FO,1.3557156902037038e-12,1.06456835e-12,490266.1545101852,1080
2024-05-13 15:00:00,GRACE-FO,1.2899351151944446e-12,9.5923302e-13,490673.9284555555,1080
2024-05-13 18:00:00,GRACE-FO,1.2127662051944446e-12,9.327324299999998e-13,491376.1757759259,1080
2024-05-13 21:00:00,GRACE-FO,1.1516035358055555e-12,8.331888949999999e-13,491804.2728324074,1080
2024-05-14 00:00:00,GRACE-FO,1.192191713175926e-12,8.68080715e-13,491495.8563814815,1080
2024-05-14 03:00:00,GRACE-FO,1.257507931361111e-12,9.17464965e-13,490979.14727592596,1080
2024-05-14 06:00:00,GRACE-FO,1.3207218732870371e-12,9.09074855e-13,490748.1373564815,1080
2024-05-14 09:00:00,GRACE-FO,1.393252809851852e-12,1.1611858999999999e-12,490909.4738009259,1080
2024-05-14 12:00:00,GRACE-FO,1.4155747490277777e-12,1.1535901e-12,490967.86171851854,1080
2024-05-14 15:00:00,GRACE-FO,1.3812468988425926e-12,1.1122997499999999e-12,490675.45201018517,1080
2024-05-14 18:00:00,GRACE-FO,1.357991955287037e-12,1.1119316999999999e-12,490256.985787037,1080
2024-05-14 21:00:00,GRACE-FO,1.3070392504444444e-12,1.04067505e-12,490216.12597037037,1080
2024-05-15 00:00:00,GRACE-FO,1.2954571252314815e-12,9.80765445e-13,490585.9879712963,1080
2024-05-15 03:00:00,GRACE-FO,1.3035865614907408e-12,9.11596465e-13,491232.1812351852,1080
2024-05-15 06:00:00,GRACE-FO,1.3679640597777778e-12,1.0494822500000002e-12,491688.39125740743,1080
2024-05-15 09:00:00,GRACE-FO,1.4358297163888889e-12,1.1078714999999999e-12,491567.88026203704,1080
2024-05-15 12:00:00,GRACE-FO,1.534534329212963e-12,1.1927337e-12,491054.91637037037,1080
2024-05-15 15:00:00,GRACE-FO,1.5223288559537037e-12,1.1367314000000001e-12,490717.84380925924,1080
2024-05-15 18:00:00,GRACE-FO,1.5473866964074074e-12,1.32985975e-12,490784.58406574075,1080
2024-05-15 21:00:00,GRACE-FO,1.5821773201203704e-12,1.2700919e-12,490929.87706203706,1080
2024-05-16 00:00:00,GRACE-FO,1.6079184542777779e-12,1.2122360499999998e-12,490710.6121101852,1080
2024-05-16 03:00:00,GRACE-FO,1.652260303648148e-12,1.36513585e-12,490203.7032944445,1080
2024-05-16 06:00:00,GRACE-FO,1.9507785353796294e-12,1.7368603500000001e-12,489985.8722990741,1080
2024-05-16 09:00:00,GRACE-FO,2.1061142402592595e-12,1.8720884000000002e-12,490460.20012962964,1080
2024-05-16 12:00:00,GRACE-FO,2.012154600351852e-12,1.5674464500000001e-12,491138.49556666665,1080
2024-05-16 15:00:00,GRACE-FO,1.860698274824074e-12,1.4925666e-12,491591.03767685185,1080
2024-05-16 18:00:00,GRACE-FO,1.7046545742870372e-12,1.3557948000000002e-12,491508.2648092593,1080
2024-05-16 21:00:00,GRACE-FO,1.6113213797592594e-12,1.2384220499999999e-12,491094.432512037,1080
2024-05-17 00:00:00,GRACE-FO,1.6174486057685184e-12,1.1674885499999999e-12,490732.6867694445,1080
2024-05-17 03:00:00,GRACE-FO,1.6364138707407407e-12,1.3091893e-12,490725.12205833336,1080
2024-05-17 06:00:00,GRACE-FO,1.6989704892592593e-12,1.42156735e-12,490810.1416175926,1080
2024-05-17 09:00:00,GRACE-FO,1.7752649805555555e-12,1.52288205e-12,490705.7151333333,1080
2024-05-17 12:00:00,GRACE-FO,1.812758139814815e-12,1.56928625e-12,490195.26934074075,1080
2024-05-17 15:00:00,GRACE-FO,1.9220817681574077e-12,1.69360105e-12,489874.87214074074,1080
2024-05-17 18:00:00,GRACE-FO,2.0969198173518515e-12,1.69336505e-12,490197.85640833335,1080
2024-05-17 21:00:00,GRACE-FO,2.0105793089166666e-12,1.5597498e-12,491021.27447222226,1080
2024-05-18 00:00:00,GRACE-FO,2.060776822787037e-12,1.63698745e-12,491517.10319537035,1080
2024-05-18 03:00:00,GRACE-FO,2.0396076091666668e-12,1.62584695e-12,491477.8011537037,1080
2024-05-18 06:00:00,GRACE-FO,2.049639400972222e-12,1.5661688500000001e-12,491081.2410861111,1080
2024-05-18 09:00:00,GRACE-FO,2.074512401592593e-12,1.60786465e-12,490756.06327222224,1080
2024-05-18 12:00:00,GRACE-FO,2.0166802268703704e-12,1.6592618e-12,490686.8678564815,1080
2024-05-18 15:00:00,GRACE-FO,1.8886300142499998e-12,1.53305485e-12,490731.79925925925,1080
2024-05-18 18:00:00,GRACE-FO,1.7569389731666669e-12,1.5188522e-12,490581.5495861111,1080
2024-05-18 21:00:00,GRACE-FO,1.6588769697037037e-12,1.3774647e-12,490200.5970083333,1080
2024-05-19 00:00:00,GRACE-FO,1.5985773369074074e-12,1.29073405e-12,489837.36453703704,1080
2024-05-19 03:00:00,GRACE-FO,1.6229171161944445e-12,1.24736745e-12,490000.36898055556,1080
2024-05-19 06:00:00,GRACE-FO,1.5915111589537039e-12,1.15674555e-12,490742.37608333334,1080
2024-05-19 09:00:00,GRACE-FO,1.604508416e-12,1.407457e-12,491454.7992046296,1080
2024-05-19 12:00:00,GRACE-FO,1.65237935025e-12,1.3556675999999998e-12,491512.46979166666,1080
2024-05-19 15:00:00,GRACE-FO,1.673845165962963e-12,1.3041285e-12,491080.68964351853,1080
2024-05-19 18:00:00,GRACE-FO,1.6767966923981482e-12,1.2808319e-12,490698.3989916667,1080
2024-05-19 21:00:00,GRACE-FO,1.5810726323055555e-12,1.2133086e-12,490658.802912963,1080
2024-05-20 00:00:00,GRACE-FO,1.536510413824074e-12,1.2612032e-12,490736.43371018517,1080
2024-05-20 03:00:00,GRACE-FO,1.5665412287222223e-12,1.3946608500000001e-12,490546.8034222222,1080
2024-05-20 06:00:00,GRACE-FO,1.6029676737962964e-12,1.20871665e-12,490068.8604481481,1080
2024-05-20 09:00:00,GRACE-FO,1.5682376821203704e-12,1.14386305e-12,489800.3714648148,1080
2024-05-20 12:00:00,GRACE-FO,1.534048019925926e-12,1.2137274e-12,489890.47633611114,1080
2024-05-20 15:00:00,GRACE-FO,1.4506633126944445e-12,9.8412854e-13,490527.2316407407,1080
2024-05-20 18:00:00,GRACE-FO,1.3196491301481482e-12,9.71750935e-13,491249.64677777776,1080
2024-05-20 21:00:00,GRACE-FO,1.2700954348333333e-12,9.16320315e-13,491521.67272129626,1080
2024-05-21 00:00:00,GRACE-FO,1.2917316627314815e-12,9.69999615e-13,491126.7942685185,1080
2024-05-21 03:00:00,GRACE-FO,1.3360359062499999e-12,9.61088545e-13,490700.19539814815,1080
2024-05-21 06:00:00,GRACE-FO,1.4164305928518519e-12,1.13771915e-12,490593.1239333333,1080
2024-05-21 09:00:00,GRACE-FO,1.4911376199166666e-12,1.3446246499999998e-12,490731.55985185184,1080
2024-05-21 12:00:00,GRACE-FO,1.505950371925926e-12,1.2482943999999998e-12,490559.7504009259,1080
2024-05-21 15:00:00,GRACE-FO,1.5447962352222222e-12,1.2415794000000001e-12,490055.15520833334,1080
2024-05-21 18:00:00,GRACE-FO,1.4739936207962963e-12,1.2080205e-12,489648.09319907404,1080
2024-05-21 21:00:00,GRACE-FO,1.4258873642407408e-12,1.1542012e-12,489808.1535407407,1080
2024-05-22 00:00:00,GRACE-FO,1.3748892792777779e-12,9.787648199999999e-13,490378.23800833337,1080
2024-05-22 03:00:00,GRACE-FO,1.3273947907592592e-12,9.9965331e-13,491081.52003148146,1080
2024-05-22 06:00:00,GRACE-FO,1.3454695158240742e-12,1.0256681e-12,491428.07479444443,1080
2024-05-22 09:00:00,GRACE-FO,1.3558346443240742e-12,9.71447075e-13,491202.4703527778,1080
2024-05-22 12:00:00,GRACE-FO,1.3607868105462962e-12,9.15716305e-13,490748.1788175926,1080
2024-05-22 15:00:00,GRACE-FO,1.3521991627222221e-12,9.05313735e-13,490554.17897592596,1080
2024-05-22 18:00:00,GRACE-FO,1.2907174190277777e-12,9.989536149999999e-13,490640.9457212963,1080
2024-05-22 21:00:00,GRACE-FO,1.2693185023425927e-12,9.91202215e-13,490596.64814999996,1080
2024-05-23 00:00:00,GRACE-FO,1.2523107183148147e-12,1.009813e-12,490130.04842314817,1080
2024-05-23 03:00:00,GRACE-FO,1.3175317253425924e-12,1.0907704e-12,489582.1409888889,1080
2024-05-23 06:00:00,GRACE-FO,1.386127687138889e-12,1.2585919e-12,489581.4710083333,1080
2024-05-23 09:00:00,GRACE-FO,1.367170998824074e-12,1.0653184e-12,490253.30144537037,1080
2024-05-23 12:00:00,GRACE-FO,1.3918223837592594e-12,1.2060227e-12,490987.05791574076,1080
2024-05-23 15:00:00,GRACE-FO,1.405436885712963e-12,1.1188465499999998e-12,491343.48275555554,1080
2024-05-23 18:00:00,GRACE-FO,1.4031780085277779e-12,1.14396595e-12,491176.1042981482,1080
2024-05-23 21:00:00,GRACE-FO,1.4291106892777777e-12,1.10662645e-12,490801.07893518516,1080
2024-05-24 00:00:00,GRACE-FO,1.4073721423703703e-12,1.0531895e-12,490576.76844814816,1080
2024-05-24 03:00:00,GRACE-FO,1.465923534064815e-12,1.2290727500000001e-12,490596.8786703704,1080
2024-05-24 06:00:00,GRACE-FO,1.489440266324074e-12,1.0834254e-12,490521.2993814815,1080
2024-05-24 09:00:00,GRACE-FO,1.508431688574074e-12,1.2700702999999998e-12,490187.37820185185,1080
2024-05-24 12:00:00,GRACE-FO,1.4367494496018519e-12,1.09363015e-12,489585.8433185185,1080
2024-05-24 15:00:00,GRACE-FO,1.3335706563240742e-12,1.0745922499999999e-12,489418.9836277778,1080
2024-05-24 18:00:00,GRACE-FO,1.1847692851944445e-12,8.7930331e-13,489977.040575,1080
2024-05-24 21:00:00,GRACE-FO,1.089755762175926e-12,7.6710259e-13,490871.6273953704,1080
2024-05-25 00:00:00,GRACE-FO,1.063019784324074e-12,8.13521535e-13,491276.4639111111,1080
2024-05-25 03:00:00,GRACE-FO,1.0852454351296298e-12,8.122798949999999e-13,491154.87710740743,1080
2024-05-25 06:00:00,GRACE-FO,1.1257997197685186e-12,8.0392879e-13,490798.1134638889,1080
2024-05-25 09:00:00,GRACE-FO,1.1059828163888888e-12,7.43280175e-13,490608.189212963,1080
2024-05-25 12:00:00,GRACE-FO,1.0747592924907407e-12,8.0264419e-13,490590.7181537037,1080
2024-05-25 15:00:00,GRACE-FO,1.0732426702314816e-12,7.82532215e-13,490506.1798231481,1080
2024-05-25 18:00:00,GRACE-FO,1.042937022824074e-12,8.3978568e-13,490139.0959388889,1080
2024-05-25 21:00:00,GRACE-FO,1.0155764563518518e-12,7.6907069e-13,489649.22589166666,1080
2024-05-26 00:00:00,GRACE-FO,9.840851041481481e-13,7.5073447e-13,489374.886587963,1080
2024-05-26 03:00:00,GRACE-FO,1.0221573376296295e-12,7.4800704e-13,489757.9359185185,1080
2024-05-26 06:00:00,GRACE-FO,9.797051718981481e-13,7.1369388e-13,490626.6475388889,1080
2024-05-26 09:00:00,GRACE-FO,9.31915755101852e-13,6.683790799999999e-13,491250.44604444446,1080
2024-05-26 12:00:00,GRACE-FO,9.561751818981482e-13,7.5854968e-13,491200.655325,1080
2024-05-26 15:00:00,GRACE-FO,9.476119659166667e-13,6.5101982e-13,490807.97311203706,1080
2024-05-26 18:00:00,GRACE-FO,9.472930169537036e-13,6.420123949999999e-13,490579.82217685186,1080
2024-05-26 21:00:00,GRACE-FO,9.32966198537037e-13,6.70012365e-13,490614.50488333334,1080
2024-05-27 00:00:00,GRACE-FO,8.843177574351852e-13,6.588487500000001e-13,490576.9400435185,1080
2024-05-27 03:00:00,GRACE-FO,8.870775776666667e-13,6.831905850000001e-13,490163.2391898148,1080
2024-05-27 06:00:00,GRACE-FO,9.419488867962963e-13,7.34860595e-13,489593.8004277778,1080
2024-05-27 09:00:00,GRACE-FO,1.0067390392592593e-12,8.9752734e-13,489370.1031481481,1080
2024-05-27 12:00:00,GRACE-FO,9.282805082222222e-13,6.6676965e-13,489638.9752824074,1080
2024-05-27 15:00:00,GRACE-FO,8.772889822592592e-13,6.51302095e-13,490404.2722296296,1080
2024-05-27 18:00:00,GRACE-FO,8.10627641287037e-13,5.68820595e-13,491107.49483796296,1080
2024-05-27 21:00:00,GRACE-FO,8.047764103148148e-13,5.8290956e-13,491245.0084768518,1080
2024-05-28 00:00:00,GRACE-FO,8.290967767037037e-13,5.35695085e-13,490863.89912962966,1080
2024-05-28 03:00:00,GRACE-FO,8.570834968518519e-13,5.4377078e-13,490574.9434537037,1080
2024-05-28 06:00:00,GRACE-FO,8.905588044537037e-13,7.32269245e-13,490577.97147037036,1080
2024-05-28 09:00:00,GRACE-FO,8.907558280185185e-13,6.282864900000001e-13,490633.86806203704,1080
2024-05-28 12:00:00,GRACE-FO,8.51517025574074e-13,6.263235e-13,490235.64663333335,1080
2024-05-28 15:00:00,GRACE-FO,8.389327720092593e-13,5.80906295e-13,489581.0203601852,1080
2024-05-28 18:00:00,GRACE-FO,7.942621391203704e-13,5.555002949999999e-13,489244.9058083333,1080
2024-05-28 21:00:00,GRACE-FO,7.826843684166667e-13,5.91908945e-13,489561.55604814814,1080
2024-05-29 00:00:00,GRACE-FO,7.609129775185185e-13,5.044871600000001e-13,490238.40242500004,1080
2024-05-29 03:00:00,GRACE-FO,7.486358337129629e-13,5.102319500000001e-13,490928.9849777778,1080
2024-05-29 06:00:00,GRACE-FO,7.818259265925926e-13,6.453788600000001e-13,491190.56862314814,1080
2024-05-29 09:00:00,GRACE-FO,8.072856414537037e-13,6.169913200000001e-13,490947.7515287037,1080
2024-05-29 12:00:00,GRACE-FO,8.081758245e-13,5.7545362e-13,490611.48693148146,1080
2024-05-29 15:00:00,GRACE-FO,8.578648303611111e-13,5.67081205e-13,490542.30315925926,1080
2024-05-29 18:00:00,GRACE-FO,8.772357358333333e-13,6.8374088e-13,490591.2509601852,1080
2024-05-29 21:00:00,GRACE-FO,9.340112050185186e-13,7.630821149999999e-13,490355.0742351852,1080
2024-05-30 00:00:00,GRACE-FO,9.017210195648148e-13,7.172207250000001e-13,489694.48635185184,1080
2024-05-30 03:00:00,GRACE-FO,9.229130656203703e-13,7.44499005e-13,489161.6885,1080
2024-05-30 06:00:00,GRACE-FO,9.068726136759258e-13,6.84035415e-13,489348.713062037,1080
2024-05-30 09:00:00,GRACE-FO,8.950606916018519e-13,7.097915399999999e-13,490117.86911851855,1080
2024-05-30 12:00:00,GRACE-FO,8.785319081018519e-13,6.693245399999999e-13,490832.8105055556,1080
2024-05-30 15:00:00,GRACE-FO,8.772361318055556e-13,6.43988445e-13,491108.47901944444,1080
2024-05-30 18:00:00,GRACE-FO,9.13944324037037e-13,7.2959939e-13,490942.13185833336,1080
2024-05-30 21:00:00,GRACE-FO,9.415701338796295e-13,6.4689074e-13,490662.24512222223,1080
2024-05-31 00:00:00,GRACE-FO,9.371833284814814e-13,6.533506350000001e-13,490574.60548796295,1080
2024-05-31 03:00:00,GRACE-FO,1.0294033789907407e-12,9.010703499999999e-13,490581.0626268519,1080
2024-05-31 06:00:00,GRACE-FO,1.0651646967407407e-12,8.047200500000001e-13,490365.60255,1080
2024-05-31 09:00:00,GRACE-FO,1.0494715032962962e-12,7.82659925e-13,489820.7980037037,1080
2024-05-31 12:00:00,GRACE-FO,1.0261561347407407e-12,7.76892445e-13,489183.5769,1080
2024-05-31 15:00:00,GRACE-FO,9.915536449537035e-13,7.7731033e-13,489161.5039490741,1080
2024-05-31 18:00:00,GRACE-FO,9.388713265555555e-13,7.08664535e-13,489887.64027314814,1080
2024-05-31 21:00:00,GRACE-FO,8.693576846481482e-13,6.002147599999999e-13,490740.595012963,1080
2024-10-01 00:00:00,GRACE-FO,1.9209638875925923e-12,1.588102e-12,484740.72119629633,1080
2024-10-01 03:00:00,GRACE-FO,2.0163114584259262e-12,1.7075008e-12,485000.7665675926,1080
2024-10-01 06:00:00,GRACE-FO,2.0246495314814815e-12,1.69917025e-12,485497.91092685185,1080
2024-10-01 09:00:00,GRACE-FO,2.0365788001851854e-12,1.7736719e-12,485825.44346574077,1080
2024-10-01 12:00:00,GRACE-FO,2.0252624387962962e-12,1.84098745e-12,485803.2546685185,1080
2024-10-01 15:00:00,GRACE-FO,2.0123407907407405e-12,1.69275515e-12,485751.15403796296,1080
2024-10-01 18:00:00,GRACE-FO,2.0219868958333335e-12,1.6200315e-12,485993.6816407407,1080
2024-10-01 21:00:00,GRACE-FO,1.9462120602777777e-12,1.56843295e-12,486394.8519333333,1080
2024-10-02 00:00:00,GRACE-FO,1.9795996013888887e-12,1.6356821e-12,486461.75258796295,1080
2024-10-02 03:00:00,GRACE-FO,1.9827780269444446e-12,1.63428705e-12,485864.35848703707,1080
2024-10-02 06:00:00,GRACE-FO,2.0667552602777777e-12,1.7297966499999998e-12,485058.58176851855,1080
2024-10-02 09:00:00,GRACE-FO,2.0956670892592593e-12,1.8488708e-12,484682.09320370376,1080
2024-10-02 12:00:00,GRACE-FO,2.204117256111111e-12,2.0234879000000003e-12,484845.08358981484,1080
2024-10-02 15:00:00,GRACE-FO,2.1521553830555555e-12,1.8059371999999999e-12,485241.1265574074,1080
2024-10-02 18:00:00,GRACE-FO,2.158705141666667e-12,1.77892315e-12,485603.8345064815,1080
2024-10-02 21:00:00,GRACE-FO,2.089913413611111e-12,1.681288e-12,485723.5018564815,1080
2024-10-03 00:00:00,GRACE-FO,2.1021941437962964e-12,1.74055155e-12,485659.2088462963,1080
2024-10-03 03:00:00,GRACE-FO,2.0914388891666667e-12,1.6743509500000002e-12,485755.8814361111,1080
2024-10-03 06:00:00,GRACE-FO,2.091901084814815e-12,1.6752306499999999e-12,486103.5807555556,1080
2024-10-03 09:00:00,GRACE-FO,2.1271965106481483e-12,1.72858645e-12,486381.82169351855,1080
2024-10-03 12:00:00,GRACE-FO,2.272395266111111e-12,1.9444624e-12,486131.975325,1080
2024-10-03 15:00:00,GRACE-FO,2.3000360725925923e-12,1.9166365e-12,485343.26341388887,1080
2024-10-03 18:00:00,GRACE-FO,2.4052083560185183e-12,1.9841072e-12,484647.85693796293,1080
2024-10-03 21:00:00,GRACE-FO,2.3940568e-12,1.98324635e-12,484624.83183981484,1080
2024-10-04 00:00:00,GRACE-FO,2.399395357777778e-12,1.9373116e-12,485038.3872592593,1080
2024-10-04 03:00:00,GRACE-FO,2.4227035425e-12,2.19439765e-12,485426.2654962963,1080
2024-10-04 06:00:00,GRACE-FO,2.405026007037037e-12,2.1488873500000002e-12,485556.97941666667,1080
2024-10-04 09:00:00,GRACE-FO,2.4171366114814814e-12,2.1797773e-12,485522.43386666663,1080
2024-10-04 12:00:00,GRACE-FO,2.422709879166667e-12,2.0977081999999997e-12,485560.90572314814,1080
2024-10-04 15:00:00,GRACE-FO,2.4206373487037035e-12,2.09907895e-12,485854.70375092595,1080
2024-10-04 18:00:00,GRACE-FO,2.3334288061111112e-12,1.8490457e-12,486183.69853703707,1080
2024-10-04 21:00:00,GRACE-FO,2.3149881725925928e-12,1.8149314499999998e-12,486186.83455462963,1080
2024-10-05 00:00:00,GRACE-FO,2.3313507610185185e-12,1.8124596e-12,485643.18579444446,1080
2024-10-05 03:00:00,GRACE-FO,2.3258138783333335e-12,1.8750009499999997e-12,484831.4667212963,1080
2024-10-05 06:00:00,GRACE-FO,2.3513839712962963e-12,1.94237705e-12,484454.7050101852,1080
2024-10-05 09:00:00,GRACE-FO,2.3360785945370374e-12,2.03005655e-12,484757.02118425927,1080
2024-10-05 12:00:00,GRACE-FO,2.358892882222222e-12,2.1953755999999998e-12,485235.51116203703,1080
2024-10-05 15:00:00,GRACE-FO,2.255464916574074e-12,1.9268397999999998e-12,485437.41597314813,1080
2024-10-05 18:00:00,GRACE-FO,2.245362470833333e-12,1.8756215e-12,485396.3538537037,1080
2024-10-05 21:00:00,GRACE-FO,2.238079932037037e-12,1.7278257e-12,485383.89322407404,1080
2024-10-06 00:00:00,GRACE-FO,2.1535142250925927e-12,1.6489664e-12,485605.15992314817,1080
2024-10-06 03:00:00,GRACE-FO,2.0630521059259257e-12,1.66711565e-12,485962.7870111111,1080
2024-10-06 06:00:00,GRACE-FO,2.0283356250925926e-12,1.7906592e-12,486114.3434472222,1080
2024-10-06 09:00:00,GRACE-FO,2.1392676749074074e-12,2.09891835e-12,485825.315587037,1080
2024-10-06 12:00:00,GRACE-FO,2.2164562327777776e-12,1.94778355e-12,485136.4956981481,1080
2024-10-06 15:00:00,GRACE-FO,2.4020385319444447e-12,2.3407013000000003e-12,484505.7737092593,1080
2024-10-06 18:00:00,GRACE-FO,2.4731159771296294e-12,2.0858795e-12,484456.7039037037,1080
2024-10-06 21:00:00,GRACE-FO,2.5236736916666667e-12,2.30313515e-12,484968.88472777774,1080
2024-10-07 00:00:00,GRACE-FO,2.7317814692592595e-12,2.2683266e-12,485349.7529740741,1080
2024-10-07 03:00:00,GRACE-FO,2.842287666388889e-12,2.4032022499999998e-12,485343.0175037037,1080
2024-10-07 06:00:00,GRACE-FO,2.6951369218518516e-12,2.35184545e-12,485202.34434444446,1080
2024-10-07 09:00:00,GRACE-FO,2.479249760648148e-12,2.15335065e-12,485321.11898611113,1080
2024-10-07 12:00:00,GRACE-FO,2.5368197785185185e-12,2.3786917e-12,485706.9320611111,1080
2024-10-07 15:00:00,GRACE-FO,2.5155461846296295e-12,2.32370185e-12,486016.5428944444,1080
2024-10-07 18:00:00,GRACE-FO,2.720130155648148e-12,2.60061275e-12,485858.52603055554,1080
2024-10-07 21:00:00,GRACE-FO,2.704593953425926e-12,2.3532239e-12,485321.3602657408,1080
2024-10-08 00:00:00,GRACE-FO,2.8949969825e-12,2.5431145e-12,484669.48692592594,1080
2024-10-08 03:00:00,GRACE-FO,2.9822105805555554e-12,2.62027955e-12,484347.3918175926,1080
2024-10-08 06:00:00,GRACE-FO,3.0236047625925926e-12,2.7204646499999998e-12,484598.5952509259,1080
2024-10-08 09:00:00,GRACE-FO,2.754118233518518e-12,2.6689711500000003e-12,485114.837587037,1080
2024-10-08 12:00:00,GRACE-FO,2.6164831998148145e-12,2.24085535e-12,485277.46866574074,1080
2024-10-08 15:00:00,GRACE-FO,2.3842501574074074e-12,2.19774375e-12,485119.5841259259,1080
2024-10-08 18:00:00,GRACE-FO,2.1645133397222223e-12,1.9682726e-12,485067.91291574074,1080
2024-10-08 21:00:00,GRACE-FO,1.9848552268518516e-12,1.64933725e-12,485376.1251472222,1080
2024-10-09 00:00:00,GRACE-FO,1.96897544225e-12,1.61920835e-12,485813.0522555555,1080
2024-10-09 03:00:00,GRACE-FO,1.9996318989166663e-12,1.73923345e-12,485887.9354731481,1080
2024-10-09 06:00:00,GRACE-FO,2.0437520749074075e-12,1.59210325e-12,485450.6514148148,1080
2024-10-09 09:00:00,GRACE-FO,1.9848905666666666e-12,1.5776971e-12,484834.3749555556,1080
2024-10-09 12:00:00,GRACE-FO,1.9831048884537036e-12,1.765028e-12,484398.5982638889,1080
2024-10-09 15:00:00,GRACE-FO,1.965316667324074e-12,1.7170129999999999e-12,484400.1075953704,1080
2024-10-09 18:00:00,GRACE-FO,1.923256507444444e-12,1.70377245e-12,484797.82156666665,1080
2024-10-09 21:00:00,GRACE-FO,1.816880304990741e-12,1.5666218e-12,485175.55896111106,1080
2024-10-10 00:00:00,GRACE-FO,1.758269426e-12,1.3960286e-12,485134.44104999996,1080
2024-10-10 03:00:00,GRACE-FO,1.6885691057685185e-12,1.4161347e-12,484952.8931777778,1080
2024-10-10 06:00:00,GRACE-FO,1.6420999219259258e-12,1.30733445e-12,485064.5535962963,1080
2024-10-10 09:00:00,GRACE-FO,1.6230190091111112e-12,1.2607213499999999e-12,485517.555962963,1080
2024-10-10 12:00:00,GRACE-FO,1.682027652435185e-12,1.4241681e-12,485864.86006944446,1080
2024-10-10 15:00:00,GRACE-FO,2.3952608277314814e-12,2.5341607500000002e-12,485648.65343425923,1080
2024-10-10 18:00:00,GRACE-FO,3.190573983425926e-12,3.17060095e-12,484974.7317972222,1080
2024-10-10 21:00:00,GRACE-FO,3.7696190835185185e-12,3.5403426999999998e-12,484472.549437037,1080
2024-10-11 00:00:00,GRACE-FO,4.3416376565740736e-12,4.23260145e-12,484322.9643944444,1080
2024-10-11 03:00:00,GRACE-FO,3.96783396462963e-12,3.7587690500000004e-12,484567.471075926,1080
2024-10-11 06:00:00,GRACE-FO,3.620231073703704e-12,3.45684485e-12,484920.41687962966,1080
2024-10-11 09:00:00,GRACE-FO,3.238999316574074e-12,3.1876613999999998e-12,485073.5271444444,1080
2024-10-11 12:00:00,GRACE-FO,2.729372078611111e-12,2.7783867e-12,484883.37847962964,1080
2024-10-11 15:00:00,GRACE-FO,2.1181946874074072e-12,1.91814865e-12,484821.9449296296,1080
2024-10-11 18:00:00,GRACE-FO,1.6701562493425926e-12,1.46667895e-12,485122.85767407407,1080
2024-10-11 21:00:00,GRACE-FO,1.5354057669166667e-12,1.27409445e-12,485604.7124722222,1080
2024-10-12 00:00:00,GRACE-FO,1.4660705155185185e-12,1.1621959e-12,485695.26374814817,1080
2024-10-12 03:00:00,GRACE-FO,1.3958717398425926e-12,1.1699574e-12,485183.79050277773,1080
2024-10-12 06:00:00,GRACE-FO,1.3755537460555554e-12,1.0705388500000001e-12,484507.16928425926,1080
2024-10-12 09:00:00,GRACE-FO,1.4567926209907406e-12,1.4278456000000001e-12,484250.2932972222,1080
2024-10-12 12:00:00,GRACE-FO,1.5537984469074074e-12,1.4106266e-12,484403.29223055555,1080
2024-10-12 15:00:00,GRACE-FO,1.5636186830185184e-12,1.3435598e-12,484730.8645842592,1080
2024-10-12 18:00:00,GRACE-FO,1.5728500374722223e-12,1.3147528499999999e-12,484951.6337379629,1080
2024-10-12 21:00:00,GRACE-FO,1.5457443929722222e-12,1.27520565e-12,484892.85038333334,1080
2024-10-13 00:00:00,GRACE-FO,1.49439195975e-12,1.1494301e-12,484738.6252333333,1080
2024-10-13 03:00:00,GRACE-FO,1.3927558425092592e-12,1.07083085e-12,484860.45554444444,1080
2024-10-13 06:00:00,GRACE-FO,1.338220683361111e-12,9.9324131e-13,485290.58540277777,1080
2024-10-13 09:00:00,GRACE-FO,1.3167986360833335e-12,1.0350242000000002e-12,485629.81362499995,1080
2024-10-13 12:00:00,GRACE-FO,1.375079406787037e-12,1.0994878000000001e-12,485443.06720092596,1080
2024-10-13 15:00:00,GRACE-FO,1.3786827413055556e-12,1.0769459499999999e-12,484768.19478703703,1080
2024-10-13 18:00:00,GRACE-FO,1.3920042097037038e-12,1.1089118999999999e-12,484207.099912963,1080
2024-10-13 21:00:00,GRACE-FO,1.4121564784814813e-12,1.171481e-12,484269.5418666667,1080
2024-10-14 00:00:00,GRACE-FO,1.4421364033055556e-12,1.16022305e-12,484600.5148601852,1080
2024-10-14 03:00:00,GRACE-FO,1.4290941164444443e-12,1.17677755e-12,484868.1832518519,1080
2024-10-14 06:00:00,GRACE-FO,1.419718668e-12,1.10918025e-12,484857.54850185185,1080
2024-10-14 09:00:00,GRACE-FO,1.4119876645185186e-12,1.1119218999999999e-12,484715.23332962964,1080
2024-10-14 12:00:00,GRACE-FO,1.4247285034444446e-12,1.2023937999999999e-12,484687.7988453704,1080
2024-10-14 15:00:00,GRACE-FO,1.4115027668981482e-12,1.05093925e-12,485009.278512037,1080
2024-10-14 18:00:00,GRACE-FO,1.3881389349074075e-12,1.1336393e-12,485410.08673611115,1080
2024-10-14 21:00:00,GRACE-FO,1.434462431277778e-12,1.1892416e-12,485532.9160240741,1080
2024-10-15 00:00:00,GRACE-FO,1.5097969079444445e-12,1.1234539e-12,485052.86997962964,1080
2024-10-15 03:00:00,GRACE-FO,1.591069931574074e-12,1.1713343500000001e-12,484371.74703240744,1080
2024-10-15 06:00:00,GRACE-FO,1.6660697226203702e-12,1.58610545e-12,484094.8491888889,1080
2024-10-15 09:00:00,GRACE-FO,1.6692664801666666e-12,1.29796785e-12,484426.5602564815,1080
2024-10-15 12:00:00,GRACE-FO,1.687959621962963e-12,1.43776605e-12,484766.7091712963,1080
2024-10-15 15:00:00,GRACE-FO,1.7348361330185187e-12,1.72018125e-12,484842.40695462964,1080
2024-10-15 18:00:00,GRACE-FO,1.674035440462963e-12,1.3080612499999999e-12,484682.0020981481,1080
2024-10-15 21:00:00,GRACE-FO,1.6249466160648147e-12,1.43137235e-12,484569.2809462963,1080
2024-10-16 00:00:00,GRACE-FO,1.5966186851481482e-12,1.3225921e-12,484747.9186175926,1080
2024-10-16 03:00:00,GRACE-FO,1.5097301541481482e-12,1.1440887e-12,485150.24151481484,1080
2024-10-16 06:00:00,GRACE-FO,1.5148007772962962e-12,1.1872605e-12,485407.82327407406,1080
2024-10-16 09:00:00,GRACE-FO,1.6100757219629629e-12,1.34885895e-12,485229.50031111116,1080
2024-10-16 12:00:00,GRACE-FO,1.6704926482962963e-12,1.5028221e-12,484640.9120351852,1080
2024-10-16 15:00:00,GRACE-FO,1.7402207019166666e-12,1.70188765e-12,484121.82769444445,1080
2024-10-16 18:00:00,GRACE-FO,1.778568011240741e-12,1.49543555e-12,484141.4400064815,1080
2024-10-16 21:00:00,GRACE-FO,1.7379638879814817e-12,1.46969215e-12,484600.03833796293,1080
2024-10-17 00:00:00,GRACE-FO,1.6902542672222223e-12,1.4212922e-12,484843.07796203706,1080
2024-10-17 03:00:00,GRACE-FO,1.6231393015277776e-12,1.3861733999999999e-12,484713.54668425926,1080
2024-10-17 06:00:00,GRACE-FO,1.5843841917592594e-12,1.2257491e-12,484482.6543351852,1080
2024-10-17 09:00:00,GRACE-FO,1.5849116889814814e-12,1.3021755999999999e-12,484521.80288425926,1080
2024-10-17 12:00:00,GRACE-FO,1.515185742898148e-12,1.23906805e-12,484890.00509444444,1080
2024-10-17 15:00:00,GRACE-FO,1.4616466400092593e-12,1.1619746e-12,485265.4392537037,1080
2024-10-17 18:00:00,GRACE-FO,1.4550068632037038e-12,1.21894535e-12,485242.87852129625,1080
2024-10-17 21:00:00,GRACE-FO,1.5082439012499998e-12,1.2413019499999999e-12,484872.757987037,1080
2024-10-18 00:00:00,GRACE-FO,1.5939469329999999e-12,1.2045169e-12,484280.64988796297,1080
2024-10-18 03:00:00,GRACE-FO,1.6203197406203704e-12,1.3316804e-12,484040.4819824074,1080
2024-10-18 06:00:00,GRACE-FO,1.571947889425926e-12,1.2249418e-12,484313.05405277776,1080
2024-10-18 09:00:00,GRACE-FO,1.5812968151481482e-12,1.2520907e-12,484776.73537222226,1080
2024-10-18 12:00:00,GRACE-FO,1.6726528932407407e-12,1.4930847e-12,484772.5390981482,1080
2024-10-18 15:00:00,GRACE-FO,1.8337697834814815e-12,1.7718206e-12,484498.5850444444,1080
2024-10-18 18:00:00,GRACE-FO,1.7961295965740739e-12,1.3979373e-12,484358.23515,1080
2024-10-18 21:00:00,GRACE-FO,1.7928418073055555e-12,1.5935501e-12,484618.4689953704,1080
2024-10-19 00:00:00,GRACE-FO,1.7656740074537039e-12,1.49345755e-12,485038.5279712963,1080
2024-10-19 03:00:00,GRACE-FO,1.8072679413981483e-12,1.4932102e-12,485211.0816787037,1080
2024-10-19 06:00:00,GRACE-FO,1.8055637115092591e-12,1.47025815e-12,484939.64385925926,1080
2024-10-19 09:00:00,GRACE-FO,1.7420573651296296e-12,1.36406385e-12,484467.8006481481,1080
2024-10-19 12:00:00,GRACE-FO,1.7070340499351852e-12,1.4756475499999999e-12,484076.2626787037,1080
2024-10-19 15:00:00,GRACE-FO,1.7009887004999998e-12,1.4985807499999999e-12,484110.18412222224,1080
2024-10-19 18:00:00,GRACE-FO,1.7508028567592593e-12,1.5984667499999999e-12,484502.537737037,1080
2024-10-19 21:00:00,GRACE-FO,1.7949999515185183e-12,1.4491288e-12,484780.5027490741,1080
2024-10-20 00:00:00,GRACE-FO,1.755838550398148e-12,1.449238e-12,484603.1106083334,1080
2024-10-20 03:00:00,GRACE-FO,1.6378427818703705e-12,1.3255242e-12,484298.02177685185,1080
2024-10-20 06:00:00,GRACE-FO,1.5377568555e-12,1.14068285e-12,484322.4130324074,1080
2024-10-20 09:00:00,GRACE-FO,1.5033526355185185e-12,1.1173764e-12,484731.18718425924,1080
2024-10-20 12:00:00,GRACE-FO,1.4437197232777777e-12,1.1516675499999999e-12,485123.190887037,1080
2024-10-20 15:00:00,GRACE-FO,1.3690566773703704e-12,1.08713585e-12,485046.0569796296,1080
2024-10-20 18:00:00,GRACE-FO,1.4174497573888888e-12,1.0659351499999998e-12,484549.1445,1080
2024-10-20 21:00:00,GRACE-FO,1.4634593283425925e-12,1.0174531e-12,484171.33681481483,1080
2024-10-21 00:00:00,GRACE-FO,1.5172763838055554e-12,1.13395945e-12,484032.135625,1080
2024-10-21 03:00:00,GRACE-FO,1.5154011835462963e-12,1.1937631000000001e-12,484292.73897314817,1080
2024-10-21 06:00:00,GRACE-FO,1.5199935977685185e-12,1.23912405e-12,484634.64561666665,1080
2024-10-21 09:00:00,GRACE-FO,1.5788656959074073e-12,1.2416667e-12,484704.0450287037,1080
2024-10-21 12:00:00,GRACE-FO,1.5916364327962962e-12,1.21899595e-12,484364.9255157407,1080
2024-10-21 15:00:00,GRACE-FO,1.5557764179444444e-12,1.2305852e-12,484179.0208574074,1080
2024-10-21 18:00:00,GRACE-FO,1.5484623690185185e-12,1.14439495e-12,484411.3733981481,1080
2024-10-21 21:00:00,GRACE-FO,1.4956689098888889e-12,1.18947315e-12,484912.7533944445,1080
2024-10-22 00:00:00,GRACE-FO,1.509402985564815e-12,1.1370505e-12,485064.71416574076,1080
2024-10-22 03:00:00,GRACE-FO,1.5154915173148149e-12,1.218567e-12,484718.40969444445,1080
2024-10-22 06:00:00,GRACE-FO,1.6115756883333334e-12,1.2508382500000002e-12,484205.52697592595,1080
2024-10-22 09:00:00,GRACE-FO,1.7340887700833334e-12,1.3885255e-12,484025.70077870373,1080
2024-10-22 12:00:00,GRACE-FO,1.9074615427037037e-12,1.6301889000000001e-12,484142.77663703705,1080
2024-10-22 15:00:00,GRACE-FO,1.990515462777778e-12,1.75894605e-12,484462.19474351854,1080
2024-10-22 18:00:00,GRACE-FO,2.0218483937777776e-12,1.6196084e-12,484659.2666796296,1080
2024-10-22 21:00:00,GRACE-FO,1.991245637861111e-12,1.5951054999999999e-12,484495.3326814815,1080
2024-10-23 00:00:00,GRACE-FO,1.894421754472222e-12,1.59674505e-12,484175.8482787037,1080
2024-10-23 03:00:00,GRACE-FO,1.7787028165925927e-12,1.4510316499999999e-12,484153.8756555556,1080
2024-10-23 06:00:00,GRACE-FO,1.7108256899814815e-12,1.27816465e-12,484538.3124324074,1080
2024-10-23 09:00:00,GRACE-FO,1.7111446641111111e-12,1.31259955e-12,484940.09283518523,1080
2024-10-23 12:00:00,GRACE-FO,1.7510971363888889e-12,1.41915055e-12,484873.2136361111,1080
2024-10-23 15:00:00,GRACE-FO,1.7162858338148148e-12,1.324182e-12,484352.8596212963,1080
2024-10-23 18:00:00,GRACE-FO,1.786136052388889e-12,1.44317595e-12,483909.3154138889,1080
2024-10-23 21:00:00,GRACE-FO,1.8075381541296297e-12,1.4684924000000001e-12,484004.9034712963,1080
2024-10-24 00:00:00,GRACE-FO,1.835319071601852e-12,1.5804999e-12,484311.50348703703,1080
2024-10-24 03:00:00,GRACE-FO,1.892877252333333e-12,1.5382833e-12,484573.15739166667,1080
2024-10-24 06:00:00,GRACE-FO,2.04295714975e-12,1.6249245500000001e-12,484514.75544074073,1080
2024-10-24 09:00:00,GRACE-FO,2.0157708722685185e-12,1.66369125e-12,484243.5125925926,1080
2024-10-24 12:00:00,GRACE-FO,1.9730508698333334e-12,1.6370223e-12,484035.38971203705,1080
2024-10-24 15:00:00,GRACE-FO,1.9070358764166667e-12,1.4691510499999999e-12,484237.5048361111,1080
2024-10-24 18:00:00,GRACE-FO,1.839784148e-12,1.49657465e-12,484645.7176472222,1080
2024-10-24 21:00:00,GRACE-FO,1.8005268895185184e-12,1.43983795e-12,484888.30831666663,1080
2024-10-25 00:00:00,GRACE-FO,1.7923374075740742e-12,1.33395205e-12,484533.6131861111,1080
2024-10-25 03:00:00,GRACE-FO,1.7627346596944447e-12,1.3136417e-12,483990.4643407407,1080
2024-10-25 06:00:00,GRACE-FO,1.7902021776944445e-12,1.2627223499999998e-12,483800.8254962963,1080
2024-10-25 09:00:00,GRACE-FO,1.8204723929166666e-12,1.43770585e-12,484138.39609444444,1080
2024-10-25 12:00:00,GRACE-FO,1.8482502352777777e-12,1.4951284999999999e-12,484454.44331203704,1080
2024-10-25 15:00:00,GRACE-FO,1.815239570777778e-12,1.5138417000000001e-12,484528.39461944444,1080
2024-10-25 18:00:00,GRACE-FO,1.831520051259259e-12,1.51298055e-12,484310.7018555556,1080
2024-10-25 21:00:00,GRACE-FO,1.8610942810648145e-12,1.53250335e-12,484037.7119944444,1080
2024-10-26 00:00:00,GRACE-FO,1.8791746245555554e-12,1.4141291e-12,484020.02573703707,1080
2024-10-26 03:00:00,GRACE-FO,1.8186743100925926e-12,1.37162125e-12,484339.45711296296,1080
2024-10-26 06:00:00,GRACE-FO,1.8841990005000002e-12,1.5134643e-12,484682.9662037037,1080
2024-10-26 09:00:00,GRACE-FO,2.018851232925926e-12,1.5552565e-12,484661.75247685186,1080
2024-10-26 12:00:00,GRACE-FO,2.120743696361111e-12,1.7992449e-12,484190.036725,1080
2024-10-26 15:00:00,GRACE-FO,2.269339455925926e-12,2.2001091000000003e-12,483750.80629074073,1080
2024-10-26 18:00:00,GRACE-FO,2.5373242326111113e-12,2.56067125e-12,483821.4635787037,1080
2024-10-26 21:00:00,GRACE-FO,2.711224296388889e-12,2.2274176999999997e-12,484291.92617407406,1080
2024-10-27 00:00:00,GRACE-FO,2.8096868346296297e-12,2.3875195e-12,484536.94470555556,1080
2024-10-27 03:00:00,GRACE-FO,2.6262669885185184e-12,2.25014125e-12,484381.78619722225,1080
2024-10-27 06:00:00,GRACE-FO,2.502981084074074e-12,2.1081036e-12,484025.96993703704,1080
2024-10-27 09:00:00,GRACE-FO,2.418742670277778e-12,2.14033e-12,483874.40324814816,1080
2024-10-27 12:00:00,GRACE-FO,2.4041622325e-12,2.02100985e-12,484066.4582935185,1080
2024-10-27 15:00:00,GRACE-FO,2.4391809983333335e-12,2.21045515e-12,484425.76232037036,1080
2024-10-27 18:00:00,GRACE-FO,2.39635182825e-12,1.9176177e-12,484535.7387962963,1080
2024-10-27 21:00:00,GRACE-FO,2.3605083470370373e-12,1.87899605e-12,484329.36861481477,1080
2024-10-28 00:00:00,GRACE-FO,2.346141803148148e-12,1.8373221e-12,483816.7331351852,1080
2024-10-28 03:00:00,GRACE-FO,2.3652640080555556e-12,2.00403535e-12,483619.26354537037,1080
2024-10-28 06:00:00,GRACE-FO,2.5876433353703706e-12,2.3640476e-12,483932.1543222222,1080
2024-10-28 09:00:00,GRACE-FO,2.6554902485185185e-12,2.30237075e-12,484425.8132222222,1080
2024-10-28 12:00:00,GRACE-FO,2.6052329984259257e-12,2.37926295e-12,484435.15568981477,1080
2024-10-28 15:00:00,GRACE-FO,2.555707107314815e-12,2.2572952999999998e-12,484105.0298120371,1080
2024-10-28 18:00:00,GRACE-FO,2.5521084714814815e-12,1.981338e-12,483795.4744277778,1080
2024-10-28 21:00:00,GRACE-FO,2.530465437222222e-12,2.0185558e-12,483840.82570648147,1080
2024-10-29 00:00:00,GRACE-FO,2.4929706322222226e-12,2.0292950500000002e-12,484139.4972925926,1080
2024-10-29 03:00:00,GRACE-FO,2.3661479234259258e-12,1.8916400000000002e-12,484387.52421296295,1080
2024-10-29 06:00:00,GRACE-FO,2.358940854351852e-12,2.07981355e-12,484305.12661944446,1080
2024-10-29 09:00:00,GRACE-FO,2.3666213651666666e-12,1.9142145e-12,483953.81419351854,1080
2024-10-29 12:00:00,GRACE-FO,2.356941761388889e-12,1.82002505e-12,483583.9937472222,1080
2024-10-29 15:00:00,GRACE-FO,2.4267421771296297e-12,2.0238880000000002e-12,483639.27697592595,1080
2024-10-29 18:00:00,GRACE-FO,2.5856696754629627e-12,2.40538125e-12,484104.49107037036,1080
2024-10-29 21:00:00,GRACE-FO,2.5891711417592594e-12,2.2189014499999998e-12,484442.6791129629,1080
2024-10-30 00:00:00,GRACE-FO,2.6908412920370374e-12,2.2627050999999998e-12,484255.6679787037,1080
2024-10-30 03:00:00,GRACE-FO,2.5966275910185184e-12,2.1837003000000002e-12,483824.0452935185,1080
2024-10-30 06:00:00,GRACE-FO,2.5833502632407407e-12,2.1331297999999997e-12,483635.1462175926,1080
2024-10-30 09:00:00,GRACE-FO,2.6435792251851853e-12,2.0982732000000003e-12,483858.6766703704,1080
2024-10-30 12:00:00,GRACE-FO,2.5702414463888887e-12,2.1647389e-12,484206.662887963,1080
2024-10-30 15:00:00,GRACE-FO,2.5666210749074075e-12,2.22244945e-12,484260.33380555554,1080
2024-10-30 18:00:00,GRACE-FO,2.532767826388889e-12,1.99759105e-12,483945.3945287037,1080
2024-10-30 21:00:00,GRACE-FO,2.6052433469444443e-12,1.9627801500000003e-12,483632.0071907407,1080
2024-10-31 00:00:00,GRACE-FO,2.666384885462963e-12,2.0455195999999997e-12,483474.8677388889,1080
2024-10-31 03:00:00,GRACE-FO,2.6071255289814815e-12,2.0838197999999998e-12,483767.5174768519,1080
2024-10-31 06:00:00,GRACE-FO,2.574959400740741e-12,2.2369843e-12,484214.0045138889,1080
2024-10-31 09:00:00,GRACE-FO,2.580850819722222e-12,2.1792144e-12,484354.2644787037,1080
2024-10-31 12:00:00,GRACE-FO,2.605067241296296e-12,2.16665385e-12,483952.0943675926,1080
2024-10-31 15:00:00,GRACE-FO,2.5690154248148146e-12,2.3163148e-12,483571.61332685186,1080
2024-10-31 18:00:00,GRACE-FO,2.5806667274074073e-12,2.09379035e-12,483568.6602083333,1080
2024-10-31 21:00:00,GRACE-FO,2.7116404520370367e-12,2.2703876e-12,483936.51687592594,1080
